# Blender v2.76 (sub 0) OBJ File: ''
# www.blender.org
mtllib Scorpion.mtl
o rdmobj01
v -0.023426 1.753902 0.039932
v -0.018541 1.717647 0.041256
v -0.017601 1.756344 0.052414
v 0.000000 1.747432 0.054325
v 0.018541 1.717647 0.041256
v 0.007975 1.754329 0.054626
v 0.017601 1.756344 0.052414
v -0.045052 1.772335 -0.080101
v -0.062279 1.774655 -0.063866
v -0.058903 1.801083 -0.066383
v -0.067368 1.799496 -0.053165
v -0.069634 1.816097 -0.006495
v -0.073700 1.826595 -0.016365
v -0.070686 1.818844 -0.014474
v -0.072174 1.828792 -0.027811
v -0.075043 1.841976 -0.035870
v -0.070976 1.839108 -0.045803
v 0.089607 1.322460 0.095978
v 0.113281 1.395366 0.115524
v 0.107147 1.326671 0.092049
v 0.128891 1.395366 0.106949
v 0.161759 1.452450 0.104317
v 0.149017 1.454769 0.117081
v 0.202240 1.632046 0.093437
v 0.189759 1.640225 0.102806
v 0.219101 1.687863 0.076340
v 0.202515 1.686765 0.084381
v 0.232315 1.731870 0.052494
v 0.257691 1.778256 -0.001354
v 0.206146 1.755246 0.000029
v 0.260560 1.779172 -0.060387
v 0.256775 1.764768 -0.101021
v 0.204209 1.747067 -0.111359
v 0.241196 1.718869 -0.132080
v 0.194260 1.603909 -0.164810
v 0.182343 1.536586 -0.158035
v 0.212845 1.604946 -0.150925
v 0.201050 1.541378 -0.145065
v -0.147248 1.666745 -0.161667
v -0.131714 1.657009 -0.164780
v -0.148300 1.602047 -0.172211
v -0.081551 1.395366 0.129608
v -0.065590 1.322887 0.100449
v -0.089607 1.322460 0.095978
v -0.113281 1.395366 0.115524
v -0.201050 1.541378 -0.145065
v -0.169769 1.471065 -0.141419
v -0.182343 1.536586 -0.158035
v -0.205780 1.497311 -0.089806
v -0.184860 1.498441 -0.119385
v -0.138306 1.430874 -0.099716
v -0.146530 1.494106 -0.133026
v -0.208359 1.588070 -0.139008
v -0.183487 1.642819 -0.132188
v -0.135636 1.600735 -0.133485
v -0.128769 1.647152 -0.123055
v -0.193329 1.437679 -0.010114
v -0.197540 1.496456 0.003058
v -0.215363 1.483242 -0.035595
v -0.183380 1.452633 0.016329
v -0.160935 1.428432 0.031221
v -0.164200 1.464474 0.029085
v -0.153473 1.463375 0.063362
v 0.218659 1.722165 0.056194
v 0.184006 1.718686 0.061230
v 0.197098 1.732968 0.033226
v 0.203476 1.756162 -0.058052
v 0.149323 1.730588 -0.004992
v 0.151535 1.741940 -0.049923
v 0.199829 1.671445 -0.163208
v 0.142929 1.601650 -0.161942
v 0.149307 1.663632 -0.152115
v 0.169769 1.471065 -0.141419
v 0.151642 1.471584 -0.141129
v 0.142273 1.421841 -0.117096
v 0.155564 1.375240 -0.087364
v 0.132889 1.372127 -0.093071
v 0.025608 1.394604 0.145432
v 0.038940 1.447903 0.147156
v 0.028416 1.395366 0.135605
v 0.151108 1.699277 -0.141205
v 0.203263 1.714230 -0.154312
v 0.147248 1.666745 -0.161667
v 0.091019 1.739743 -0.053699
v 0.103027 1.717343 -0.102257
v 0.104691 1.736264 -0.055416
v 0.104218 1.489010 0.139282
v 0.108864 1.507717 0.142731
v 0.142655 1.493313 0.123245
v 0.147827 1.512631 0.126465
v 0.157685 1.567959 0.124039
v 0.167694 1.620357 0.120125
v 0.118607 1.561001 0.135788
v 0.126602 1.610500 0.127213
v 0.162049 1.568996 0.133286
v 0.171509 1.513699 0.125046
v 0.182633 1.570736 0.122139
v 0.193329 1.437679 -0.010114
v 0.215363 1.483242 -0.035595
v 0.197540 1.496487 0.003058
v 0.164200 1.464474 0.029085
v 0.153473 1.463375 0.063362
v 0.160935 1.428463 0.031221
v 0.183380 1.452633 0.016329
v 0.160675 1.394085 -0.021175
v 0.000000 1.303768 0.108131
v -0.025608 1.394604 0.145432
v -0.043465 1.393566 0.149384
v -0.189759 1.640225 0.102806
v -0.170548 1.636624 0.107864
v -0.167694 1.620357 0.120125
v -0.126602 1.610500 0.127213
v -0.157685 1.567959 0.124039
v -0.118607 1.561001 0.135788
v -0.108864 1.507717 0.142731
v -0.147843 1.714292 0.026331
v -0.149323 1.730588 -0.004992
v -0.098953 1.718015 -0.007771
v -0.151535 1.741941 -0.049923
v -0.104691 1.736264 -0.055416
v -0.084396 1.718013 -0.009583
v -0.091019 1.739743 -0.053699
v -0.260560 1.779172 -0.060387
v -0.256318 1.788388 -0.061481
v -0.255280 1.773496 -0.105171
v -0.232315 1.731870 0.052494
v -0.224701 1.690732 0.084396
v -0.233597 1.738034 0.059120
v -0.219101 1.687864 0.076340
v -0.173737 1.509030 0.104042
v -0.168945 1.450680 0.111351
v -0.181488 1.508266 0.110672
v -0.161759 1.452450 0.104317
v -0.146668 1.392132 0.102234
v -0.208817 1.695127 0.100853
v -0.205887 1.691098 0.093063
v -0.212815 1.729978 0.062698
v -0.215134 1.736997 0.068649
v -0.079476 1.737423 -0.092682
v -0.046494 1.725950 -0.103874
v -0.046841 1.731869 -0.112282
v 0.000000 1.725461 -0.105782
v 0.000000 1.731258 -0.114258
v 0.046494 1.725950 -0.103874
v 0.146668 1.392132 0.102234
v 0.168945 1.450680 0.111351
v 0.139435 1.389461 0.122780
v 0.208908 1.633267 0.101105
v 0.224701 1.690732 0.084396
v 0.200867 1.643856 0.119057
v 0.208817 1.695126 0.100853
v 0.190109 1.468105 -0.136383
v 0.160156 1.371883 -0.095642
v 0.173371 1.467953 -0.150528
v 0.015132 1.653714 0.072678
v 0.000000 1.614285 0.094276
v 0.016441 1.611478 0.114517
v 0.000000 1.656551 0.059147
v -0.015132 1.653714 0.072678
v -0.012745 1.672909 0.047352
v -0.048042 1.655850 0.072365
v -0.085838 1.682920 0.034420
v -0.091858 1.664670 0.067376
v 0.012763 1.562650 0.130539
v 0.036183 1.555508 0.139679
v 0.045609 1.604795 0.120957
v 0.096100 1.604154 0.119591
v 0.083245 1.550167 0.135026
v 0.000000 1.568203 0.121247
v 0.000000 1.541409 0.126282
v -0.012763 1.562650 0.130539
v -0.113953 1.523952 0.105286
v -0.157700 1.534817 0.096954
v -0.155945 1.497342 0.088318
v -0.042656 1.675900 0.047283
v -0.037083 1.687923 0.028187
v -0.082779 1.689327 0.006114
v 0.112419 1.321987 0.082703
v 0.122719 1.321544 0.072464
v 0.101876 1.374340 0.093109
v -0.079064 1.362698 0.100304
v -0.105553 1.403042 0.093598
v -0.101876 1.374340 0.093109
v -0.064408 1.465878 0.137482
v -0.058445 1.508482 0.136322
v -0.081772 1.477780 0.123314
v -0.020256 1.438748 0.144440
v -0.028868 1.394390 0.127671
v -0.004657 1.401104 0.130921
v 0.142060 1.430448 0.071968
v 0.105553 1.403042 0.093598
v 0.122353 1.385418 0.065491
v 0.143265 1.378323 0.032547
v 0.144700 1.347821 0.033409
v 0.115059 1.456021 0.105911
v 0.081421 1.438382 0.118523
v 0.080483 1.404599 0.105850
v -0.045368 1.688351 -0.129364
v -0.040405 1.728268 -0.101830
v 0.000000 1.685239 -0.128906
v -0.113365 1.681942 0.023598
v -0.111626 1.701595 0.006403
v -0.109856 1.690487 -0.001530
v -0.072861 1.852413 -0.049778
v -0.077858 1.849178 -0.032963
v -0.076904 1.839290 -0.025396
v -0.079475 1.846981 -0.021242
v -0.077278 1.835384 -0.016062
v -0.077988 1.843929 -0.004839
v -0.071442 1.821956 0.001423
v -0.069901 1.841304 0.006006
v 0.075043 1.841976 -0.035870
v 0.072861 1.852413 -0.049778
v 0.077858 1.849178 -0.032963
v 0.076904 1.839290 -0.025396
v 0.079475 1.846981 -0.021242
v 0.077278 1.835384 -0.016062
v 0.077988 1.843929 -0.004839
v 0.071442 1.821956 0.001423
v 0.069901 1.841304 0.006006
v -0.057816 1.728573 0.009444
v -0.051834 1.775448 0.017262
v -0.032612 1.763851 0.031513
v -0.038178 1.723141 0.025351
v -0.007975 1.754329 0.054626
v 0.000000 1.716305 0.048965
v 0.023426 1.753902 0.039932
v 0.038178 1.723141 0.025351
v 0.032612 1.763851 0.031513
v 0.057816 1.728573 0.009444
v 0.051834 1.775448 0.017262
v 0.064125 1.765378 -0.010542
v 0.061081 1.794246 0.008671
v -0.064125 1.765378 -0.010542
v -0.061081 1.794246 0.008671
v -0.070549 1.746212 -0.022182
v 0.058983 1.833675 -0.063026
v 0.058903 1.801083 -0.066383
v 0.035011 1.801266 -0.080872
v 0.070976 1.839108 -0.045803
v 0.067368 1.799496 -0.053165
v 0.068550 1.801937 -0.044373
v 0.067276 1.803159 -0.030132
v 0.072174 1.828792 -0.027811
v 0.070503 1.820186 -0.019968
v 0.073700 1.826595 -0.016365
v 0.070686 1.818844 -0.014474
v 0.069634 1.816158 -0.006495
v 0.067337 1.794674 -0.012728
v 0.067711 1.773983 -0.039310
v 0.062279 1.774655 -0.063866
v 0.045052 1.772335 -0.080101
v 0.023790 1.774349 -0.088562
v 0.021366 1.799557 -0.086227
v 0.000000 1.798886 -0.092384
v 0.000000 1.773068 -0.093132
v -0.023790 1.774349 -0.088562
v -0.021366 1.799557 -0.086227
v -0.035011 1.801266 -0.080872
v -0.067711 1.773983 -0.039310
v -0.068550 1.801937 -0.044373
v -0.067276 1.803159 -0.030132
v -0.067337 1.794674 -0.012728
v -0.070503 1.820186 -0.019968
v -0.058983 1.833675 -0.063026
v -0.038151 1.834591 -0.080963
v -0.019455 1.827084 -0.086807
v 0.000000 1.830867 -0.096207
v 0.019455 1.827084 -0.086807
v 0.038151 1.834591 -0.080963
v 0.063843 1.855831 -0.067177
v 0.061081 1.794246 0.008671
v 0.064125 1.765378 -0.010542
v 0.070549 1.746212 -0.022182
v 0.070549 1.746212 -0.022182
v -0.064125 1.765378 -0.010542
v -0.070549 1.746212 -0.022182
v -0.061081 1.794246 0.008671
v -0.063843 1.855831 -0.067177
v -0.045021 1.858761 -0.087303
v -0.025658 1.859066 -0.096359
v -0.016552 1.859249 -0.099770
v 0.000000 1.859249 -0.099770
v 0.016552 1.859249 -0.099770
v 0.025658 1.859066 -0.096359
v 0.045021 1.858761 -0.087303
v 0.038940 1.447903 0.147156
v 0.053673 1.449367 0.151337
v 0.028416 1.395366 0.135605
v 0.041527 1.395366 0.139557
v 0.000000 1.303768 0.108131
v 0.027876 1.324245 0.110695
v 0.081551 1.395366 0.129608
v 0.065590 1.322887 0.100449
v 0.120476 1.318279 0.085258
v 0.139572 1.395366 0.095566
v 0.173737 1.509030 0.104042
v 0.164795 1.514279 0.117294
v 0.185868 1.563839 0.099945
v 0.175736 1.570278 0.114532
v 0.204590 1.709714 -0.145187
v 0.225388 1.668576 -0.147537
v 0.183609 1.471340 -0.129120
v -0.086441 1.735593 -0.000663
v -0.104973 1.746518 -0.055470
v -0.095970 1.736692 -0.001016
v -0.095398 1.748105 -0.052471
v -0.103615 1.725400 -0.108620
v -0.082642 1.744442 -0.097977
v -0.089813 1.685544 -0.146301
v -0.045620 1.693416 -0.138290
v 0.000000 1.696347 -0.142609
v 0.045620 1.693416 -0.138290
v 0.046841 1.731869 -0.112282
v 0.089813 1.685544 -0.146301
v 0.082642 1.744442 -0.097977
v 0.103615 1.725400 -0.108620
v 0.095398 1.748105 -0.052471
v 0.104973 1.746518 -0.055470
v 0.086441 1.735593 -0.000663
v 0.095970 1.736691 -0.001016
v 0.142868 1.749021 -0.000730
v 0.149262 1.751951 -0.049725
v 0.155121 1.731198 -0.120102
v 0.131714 1.657009 -0.164780
v 0.148300 1.602047 -0.172211
v -0.149262 1.751951 -0.049725
v -0.142868 1.749021 -0.000730
v -0.155121 1.731198 -0.120102
v -0.151108 1.699277 -0.141205
v -0.053673 1.449367 0.151337
v -0.038940 1.447903 0.147156
v -0.028416 1.395366 0.135605
v -0.041527 1.395366 0.139557
v -0.027876 1.324245 0.110695
v -0.107147 1.326671 0.092049
v -0.128891 1.395366 0.106949
v -0.120476 1.318279 0.085258
v -0.139572 1.395366 0.095566
v -0.161759 1.452450 0.104317
v -0.149017 1.454769 0.117081
v -0.173737 1.509030 0.104042
v -0.164795 1.514279 0.117294
v -0.185868 1.563839 0.099945
v -0.175736 1.570278 0.114532
v -0.202240 1.632046 0.093437
v -0.219101 1.687864 0.076340
v -0.202515 1.686765 0.084381
v -0.232315 1.731870 0.052494
v -0.218659 1.722165 0.056194
v -0.257691 1.778257 -0.001354
v -0.206146 1.755246 0.000029
v -0.260560 1.779172 -0.060387
v -0.203476 1.756162 -0.058052
v -0.256775 1.764768 -0.101021
v -0.204209 1.747068 -0.111359
v -0.241196 1.718869 -0.132080
v -0.204590 1.709714 -0.145187
v -0.225388 1.668576 -0.147537
v -0.199829 1.671445 -0.163208
v -0.194260 1.603909 -0.164810
v -0.212845 1.604947 -0.150925
v -0.183609 1.471340 -0.129120
v -0.155564 1.375240 -0.087364
v -0.162324 1.396923 -0.058624
v -0.142975 1.575620 -0.147003
v -0.176880 1.698849 -0.115669
v -0.225952 1.639462 -0.135300
v -0.242554 1.623104 -0.115761
v -0.238419 1.586453 -0.117394
v -0.241669 1.583097 -0.059277
v -0.257355 1.608486 -0.072426
v -0.218842 1.563717 -0.007896
v -0.265077 1.604275 -0.010944
v -0.227265 1.591855 0.005280
v -0.177704 1.536954 0.006869
v -0.174073 1.558347 0.025391
v -0.148789 1.539120 0.086571
v -0.145981 1.498714 0.078079
v -0.160676 1.394085 -0.021175
v 0.084396 1.718013 -0.009583
v 0.097992 1.701657 0.024225
v 0.095131 1.679868 0.052509
v 0.075386 1.676082 0.061695
v 0.066521 1.641323 0.094727
v 0.086624 1.649990 0.091614
v 0.062058 1.616177 0.117195
v 0.082520 1.618954 0.116142
v 0.053806 1.555019 0.147385
v 0.079506 1.603969 0.128662
v 0.071747 1.555416 0.145859
v 0.047775 1.500423 0.151688
v 0.063820 1.503384 0.156128
v 0.060146 1.485226 0.151810
v 0.094841 1.451534 0.141403
v 0.131699 1.453976 0.126068
v 0.170548 1.636624 0.107864
v 0.177338 1.683896 0.092354
v 0.158020 1.723386 -0.114136
v 0.153672 1.693479 -0.133118
v 0.154633 1.538631 -0.162094
v 0.127594 1.319912 -0.059216
v 0.117981 1.320324 -0.074699
v -0.160156 1.371883 -0.095642
v -0.190109 1.468105 -0.136383
v -0.173371 1.467953 -0.150528
v -0.207413 1.539089 -0.152786
v -0.185715 1.534633 -0.167557
v -0.219071 1.603573 -0.158966
v -0.197510 1.602871 -0.174500
v -0.228836 1.668515 -0.156662
v -0.202088 1.673459 -0.173035
v -0.203263 1.714231 -0.154312
v -0.241471 1.723142 -0.140579
v -0.223923 1.764463 -0.116409
v -0.236084 1.782590 -0.058544
v -0.233231 1.781430 0.004415
v -0.253724 1.786863 0.000890
v -0.200867 1.643856 0.119057
v -0.208908 1.633267 0.101105
v -0.190415 1.570705 0.128220
v -0.194046 1.563717 0.106110
v -0.179337 1.512600 0.130982
v -0.162140 1.451351 0.131790
v -0.139435 1.389461 0.122780
v -0.120476 1.318279 0.085258
v -0.101028 1.303768 0.090744
v -0.116402 1.303768 0.082123
v 0.084396 1.718013 -0.009583
v 0.076141 1.683713 0.068199
v 0.085419 1.726682 -0.004504
v 0.075386 1.676082 0.061695
v 0.067131 1.647365 0.102814
v 0.066521 1.641323 0.094727
v 0.062058 1.616177 0.117195
v 0.060120 1.621059 0.125946
v 0.053806 1.555019 0.147385
v 0.052074 1.558102 0.156952
v 0.045460 1.501705 0.161591
v 0.047775 1.500423 0.151688
v 0.036186 1.447567 0.156998
v 0.233231 1.781430 0.004415
v 0.236084 1.782590 -0.058544
v 0.223923 1.764462 -0.116409
v 0.202088 1.673459 -0.173035
v 0.197510 1.602871 -0.174500
v 0.155487 1.537258 -0.172226
v 0.185715 1.534633 -0.167557
v 0.152420 1.468838 -0.150986
v 0.135376 1.368877 -0.102501
v 0.127594 1.319912 -0.059216
v 0.117981 1.320324 -0.074699
v 0.079476 1.737423 -0.092682
v 0.090248 1.686582 -0.130219
v 0.098953 1.718015 -0.007771
v 0.147843 1.714291 0.026331
v 0.143402 1.699461 0.052597
v 0.136338 1.666502 0.092529
v 0.129395 1.625790 0.113380
v 0.120316 1.660793 -0.148499
v 0.063713 1.504483 0.166336
v 0.060036 1.485042 0.162079
v 0.112167 1.509487 0.152451
v 0.107597 1.488308 0.148972
v 0.147034 1.492428 0.132523
v 0.152252 1.512630 0.135727
v 0.194550 1.642576 0.111588
v 0.169968 1.624111 0.129410
v 0.176438 1.641659 0.116814
v 0.126999 1.615047 0.136414
v 0.128632 1.631710 0.121758
v 0.080284 1.624935 0.124191
v 0.076645 1.608638 0.137360
v 0.070877 1.558224 0.155701
v 0.053333 1.448208 0.161591
v 0.043465 1.393566 0.149384
v 0.030596 1.329845 0.113800
v 0.028933 1.303768 0.105331
v 0.057865 1.303768 0.102539
v 0.067429 1.325054 0.104935
v 0.092354 1.323131 0.098686
v 0.101028 1.303768 0.090744
v 0.134720 1.392299 0.114822
v 0.115723 1.392498 0.124664
v 0.136093 1.452297 0.135300
v 0.154999 1.453335 0.125305
v 0.084419 1.657070 0.098717
v 0.093460 1.688107 0.058350
v 0.096253 1.710324 0.029375
v 0.097565 1.727414 -0.003782
v 0.144196 1.722897 0.030636
v 0.146103 1.739865 -0.002000
v 0.188782 1.741696 0.037373
v 0.228073 1.767636 0.002196
v 0.212815 1.729978 0.062698
v 0.187042 1.726621 0.067314
v 0.205887 1.691098 0.093063
v 0.182236 1.689389 0.101036
v 0.174073 1.558378 0.025391
v 0.227265 1.591855 0.005280
v 0.180115 1.573972 0.074890
v 0.148789 1.539120 0.086571
v 0.154129 1.563870 0.094002
v 0.144165 1.617092 0.097153
v 0.182297 1.635648 0.070252
v 0.121987 1.665707 0.059853
v 0.146088 1.673095 0.041889
v 0.113365 1.681942 0.023598
v 0.123146 1.692685 -0.008398
v 0.109856 1.690487 -0.001530
v 0.111633 1.719174 -0.023582
v 0.133881 1.722897 -0.029266
v 0.104355 1.713010 -0.071487
v 0.132645 1.727963 -0.073715
v 0.159699 1.724301 -0.070290
v 0.159256 1.717221 -0.042583
v 0.150757 1.698361 0.000579
v 0.163208 1.676022 0.038227
v 0.199051 1.656948 0.063332
v 0.219803 1.621944 0.050083
v 0.265076 1.604275 -0.010944
v 0.218842 1.563748 -0.007896
v 0.257355 1.608486 -0.072426
v 0.241669 1.583097 -0.059277
v 0.242554 1.623104 -0.115761
v 0.238419 1.586453 -0.117394
v 0.208359 1.588070 -0.139008
v 0.225952 1.639462 -0.135300
v 0.183487 1.642819 -0.132187
v 0.176880 1.698849 -0.115669
v 0.128769 1.647152 -0.123055
v 0.135635 1.600735 -0.133484
v 0.142975 1.575619 -0.147003
v 0.184860 1.498441 -0.119385
v 0.146530 1.494106 -0.133026
v 0.138306 1.430874 -0.099716
v 0.205780 1.497311 -0.089806
v 0.162323 1.396923 -0.058624
v 0.177704 1.536984 0.006869
v 0.145981 1.498714 0.078079
v -0.052074 1.558102 0.156952
v -0.060120 1.621059 0.125946
v -0.080284 1.624935 0.124191
v -0.084419 1.657071 0.098717
v -0.067131 1.647365 0.102814
v -0.093460 1.688108 0.058350
v -0.076141 1.683713 0.068199
v -0.085419 1.726682 -0.004504
v -0.096253 1.710324 0.029375
v -0.097565 1.727414 -0.003782
v -0.144196 1.722898 0.030636
v -0.146103 1.739865 -0.002000
v -0.188782 1.741697 0.037373
v -0.228073 1.767636 0.002196
v -0.187042 1.726621 0.067314
v -0.182236 1.689389 0.101036
v -0.176438 1.641659 0.116814
v -0.194550 1.642576 0.111588
v -0.171509 1.513699 0.125046
v -0.136093 1.452297 0.135300
v -0.147034 1.492428 0.132523
v -0.154999 1.453335 0.125305
v -0.134720 1.392299 0.114822
v -0.115723 1.392498 0.124664
v -0.092354 1.323131 0.098686
v -0.057865 1.303768 0.102539
v -0.067429 1.325054 0.104935
v -0.030596 1.329845 0.113800
v -0.028933 1.303768 0.105331
v -0.053333 1.448208 0.161591
v -0.036186 1.447567 0.156998
v -0.060036 1.485042 0.162079
v -0.063713 1.504483 0.166336
v -0.112167 1.509487 0.152451
v -0.107597 1.488308 0.148972
v -0.152252 1.512630 0.135727
v -0.182633 1.570736 0.122139
v -0.162049 1.568996 0.133286
v -0.169968 1.624111 0.129410
v -0.126999 1.615017 0.136414
v -0.128632 1.631710 0.121758
v -0.076645 1.608638 0.137360
v -0.070877 1.558224 0.155701
v -0.045460 1.501705 0.161591
v -0.132645 1.727963 -0.073716
v -0.104355 1.713010 -0.071487
v -0.121018 1.684688 -0.111061
v -0.147492 1.710690 -0.099892
v -0.159699 1.724301 -0.070290
v -0.127594 1.319912 -0.059216
v -0.132889 1.372127 -0.093071
v -0.117981 1.320324 -0.074699
v -0.142273 1.421841 -0.117096
v -0.151642 1.471584 -0.141129
v -0.154633 1.538631 -0.162094
v -0.142929 1.601650 -0.161942
v -0.149307 1.663633 -0.152115
v -0.153672 1.693479 -0.133118
v -0.158020 1.723386 -0.114136
v -0.197098 1.732968 0.033226
v -0.184006 1.718686 0.061230
v -0.177338 1.683896 0.092354
v -0.071747 1.555416 0.145859
v -0.063820 1.503384 0.156128
v -0.060146 1.485226 0.151810
v -0.104218 1.489010 0.139282
v -0.094841 1.451534 0.141403
v -0.131699 1.453976 0.126068
v -0.142655 1.493313 0.123245
v -0.147827 1.512631 0.126465
v -0.047775 1.500423 0.151688
v -0.053806 1.555019 0.147385
v -0.079506 1.603969 0.128662
v -0.129395 1.625790 0.113380
v -0.136338 1.666502 0.092529
v -0.143402 1.699461 0.052597
v -0.103027 1.717343 -0.102257
v -0.090248 1.686581 -0.130219
v -0.120316 1.660793 -0.148499
v -0.135376 1.368877 -0.102501
v -0.126785 1.372417 -0.096924
v -0.117981 1.320324 -0.074699
v -0.135025 1.421200 -0.120079
v -0.143250 1.469997 -0.143234
v -0.152420 1.468838 -0.150986
v -0.148636 1.535427 -0.162476
v -0.155487 1.537258 -0.172226
v -0.141327 1.599971 -0.163361
v -0.125962 1.649685 -0.156662
v -0.086014 1.675777 -0.142639
v -0.044132 1.684505 -0.133408
v 0.000000 1.688228 -0.136520
v 0.044132 1.684505 -0.133408
v 0.086014 1.675777 -0.142639
v 0.125961 1.649685 -0.156662
v 0.141327 1.599971 -0.163361
v 0.148636 1.535427 -0.162476
v 0.143250 1.469997 -0.143234
v 0.135025 1.421200 -0.120079
v 0.126785 1.372417 -0.096924
v -0.079476 1.737423 -0.092682
v -0.097992 1.701657 0.024225
v -0.095131 1.679868 0.052509
v -0.086624 1.649990 0.091614
v -0.082520 1.618954 0.116142
v -0.062058 1.616177 0.117195
v -0.066521 1.641323 0.094727
v -0.075386 1.676082 0.061695
v -0.219804 1.621914 0.050083
v -0.180115 1.573972 0.074890
v -0.199051 1.656918 0.063332
v -0.182297 1.635648 0.070252
v -0.146088 1.673095 0.041889
v -0.163208 1.676022 0.038227
v -0.150757 1.698361 0.000579
v -0.123146 1.692685 -0.008398
v -0.159256 1.717221 -0.042583
v -0.133881 1.722897 -0.029266
v -0.159699 1.724301 -0.070290
v -0.132645 1.727963 -0.073716
v -0.104355 1.713010 -0.071487
v -0.111633 1.719174 -0.023582
v -0.109856 1.690487 -0.001530
v -0.113365 1.681942 0.023598
v -0.121987 1.665707 0.059853
v -0.144165 1.617092 0.097153
v -0.154129 1.563870 0.094002
v -0.127594 1.319912 -0.059216
v -0.155564 1.375240 -0.087364
v -0.183609 1.471340 -0.129120
v -0.201050 1.541378 -0.145065
v -0.212845 1.604947 -0.150925
v -0.225388 1.668576 -0.147537
v -0.241196 1.718869 -0.132080
v -0.256775 1.764768 -0.101021
v -0.257691 1.778257 -0.001354
v -0.202240 1.632046 0.093437
v -0.185868 1.563839 0.099945
v -0.139572 1.395366 0.095566
v 0.121018 1.684688 -0.111061
v 0.147492 1.710690 -0.099892
v 0.159699 1.724301 -0.070290
v 0.132645 1.727963 -0.073715
v 0.104355 1.713010 -0.071487
v 0.155564 1.375240 -0.087364
v 0.183609 1.471340 -0.129120
v 0.201050 1.541378 -0.145065
v 0.207413 1.539089 -0.152786
v 0.219071 1.603573 -0.158966
v 0.212845 1.604946 -0.150925
v 0.228836 1.668515 -0.156662
v 0.225388 1.668576 -0.147537
v 0.241471 1.723142 -0.140579
v 0.241196 1.718869 -0.132080
v 0.256775 1.764768 -0.101021
v 0.255280 1.773496 -0.105171
v 0.260560 1.779172 -0.060387
v 0.256318 1.788388 -0.061481
v 0.257691 1.778256 -0.001354
v 0.253724 1.786862 0.000890
v 0.233597 1.738034 0.059120
v 0.232315 1.731870 0.052494
v 0.219101 1.687863 0.076340
v 0.202240 1.632046 0.093437
v 0.194046 1.563717 0.106110
v 0.185868 1.563839 0.099945
v 0.181488 1.508266 0.110672
v 0.173737 1.509030 0.104042
v 0.161759 1.452450 0.104317
v 0.139572 1.395366 0.095566
v 0.120476 1.318279 0.085258
v -0.084396 1.718013 -0.009583
v -0.091019 1.739743 -0.053699
v 0.079476 1.737423 -0.092682
v 0.091019 1.739743 -0.053699
v 0.162140 1.451351 0.131790
v 0.179337 1.512600 0.130982
v 0.190415 1.570705 0.128220
v 0.215134 1.736997 0.068649
v -0.028416 1.395366 0.135605
v -0.038940 1.447903 0.147156
v -0.047775 1.500423 0.151688
v -0.053806 1.555019 0.147385
v -0.062058 1.616177 0.117195
v -0.066521 1.641323 0.094727
v -0.075386 1.676082 0.061695
v 0.116402 1.303768 0.082123
v -0.122719 1.321544 0.072464
v -0.112419 1.321987 0.082703
v -0.089310 1.323742 0.087929
v -0.065193 1.324428 0.094254
v -0.054649 1.351787 0.111847
v -0.027876 1.324245 0.110695
v -0.016777 1.350261 0.116486
v 0.000000 1.303768 0.108131
v 0.012745 1.672909 0.047352
v 0.048042 1.655850 0.072365
v 0.042656 1.675900 0.047283
v 0.085838 1.682920 0.034420
v 0.091858 1.664670 0.067375
v 0.114189 1.695431 0.028721
v 0.123642 1.676999 0.068085
v 0.149506 1.622189 0.108422
v -0.114189 1.695431 0.028721
v -0.123642 1.676999 0.068085
v -0.149506 1.622189 0.108422
v -0.096100 1.604154 0.119591
v -0.045609 1.604795 0.120957
v -0.016441 1.611478 0.114517
v 0.128128 1.553769 0.113114
v 0.162613 1.561367 0.104874
v 0.157700 1.534817 0.096954
v 0.113953 1.523952 0.105286
v 0.155945 1.497342 0.088318
v 0.112496 1.507352 0.109444
v 0.110550 1.481168 0.108070
v 0.081772 1.477780 0.123314
v 0.076989 1.457761 0.121437
v 0.064408 1.465878 0.137482
v 0.056145 1.452573 0.130508
v 0.025061 1.452146 0.138947
v 0.031101 1.467526 0.147934
v 0.006864 1.465909 0.146469
v 0.000000 1.452695 0.141815
v 0.000000 1.440305 0.141251
v -0.025061 1.452146 0.138947
v -0.056145 1.452573 0.130508
v -0.060269 1.439298 0.132858
v -0.076989 1.457761 0.121437
v -0.031101 1.467526 0.147934
v -0.006864 1.465909 0.146469
v 0.000000 1.507321 0.136704
v 0.021460 1.514279 0.141403
v 0.058445 1.508482 0.136322
v 0.073426 1.519284 0.122162
v 0.040165 1.525998 0.127060
v 0.015959 1.540280 0.122749
v -0.036183 1.555508 0.139679
v -0.083245 1.550167 0.135026
v -0.128128 1.553769 0.113114
v -0.162613 1.561368 0.104874
v -0.112496 1.507352 0.109444
v -0.073426 1.519284 0.122162
v -0.040165 1.525998 0.127060
v -0.015959 1.540280 0.122749
v 0.000000 1.685238 0.043602
v 0.037083 1.687923 0.028187
v 0.082779 1.689327 0.006114
v 0.084602 1.722469 -0.022135
v 0.113853 1.730527 -0.016823
v 0.111626 1.701595 0.006403
v -0.113853 1.730527 -0.016823
v -0.084602 1.722469 -0.022135
v 0.089310 1.323742 0.087929
v 0.079064 1.362698 0.100304
v 0.065193 1.324428 0.094254
v 0.054649 1.351787 0.111847
v 0.027876 1.324245 0.110695
v 0.016777 1.350261 0.116486
v 0.000000 1.358166 0.111092
v -0.023525 1.372067 0.117112
v -0.049549 1.371258 0.111573
v -0.073845 1.383633 0.102944
v -0.122353 1.385418 0.065491
v -0.144700 1.347821 0.033409
v -0.148148 1.320293 0.035465
v -0.143906 1.321499 -0.011042
v -0.144364 1.342648 -0.010610
v -0.127594 1.319912 -0.059216
v -0.138123 1.361004 -0.057686
v -0.117981 1.320324 -0.074699
v -0.132889 1.372127 -0.093071
v -0.142273 1.421841 -0.117096
v -0.170533 1.387905 -0.063881
v -0.172959 1.387417 -0.020069
v -0.143265 1.378323 0.032547
v -0.174180 1.425107 0.035484
v -0.142060 1.430448 0.071968
v -0.165223 1.461972 0.071236
v -0.110222 1.425168 0.100266
v -0.115059 1.456021 0.105911
v -0.110550 1.481168 0.108070
v -0.021460 1.514279 0.141403
v -0.081421 1.438382 0.118523
v -0.065476 1.391857 0.118279
v 0.000000 1.380917 0.113930
v 0.004657 1.401104 0.130921
v 0.023525 1.372067 0.117112
v 0.028868 1.394390 0.127671
v 0.049549 1.371258 0.111573
v 0.065476 1.391857 0.118279
v 0.073845 1.383633 0.102944
v 0.110222 1.425168 0.100266
v 0.144364 1.342648 -0.010610
v 0.143906 1.321499 -0.011042
v 0.127594 1.319912 -0.059216
v 0.138123 1.361004 -0.057686
v 0.117981 1.320324 -0.074699
v 0.132889 1.372127 -0.093071
v 0.142273 1.421841 -0.117096
v 0.170533 1.387905 -0.063881
v 0.172959 1.387417 -0.020069
v 0.174180 1.425107 0.035484
v 0.165223 1.461972 0.071236
v 0.060269 1.439298 0.132858
v 0.020256 1.438748 0.144440
v 0.000000 1.738278 -0.094681
v 0.040405 1.728268 -0.101830
v 0.045368 1.688352 -0.129364
v 0.099312 1.705136 -0.109329
v 0.090248 1.686582 -0.130219
v 0.123390 1.693050 -0.121445
v 0.120316 1.660793 -0.148499
v 0.106926 1.726132 -0.073952
v 0.068718 1.734066 -0.082527
v 0.076187 1.745785 -0.054661
v 0.084602 1.722469 -0.022135
v 0.113853 1.730527 -0.016823
v -0.076187 1.745785 -0.054661
v -0.068718 1.734066 -0.082527
v -0.106926 1.726132 -0.073952
v -0.099312 1.705136 -0.109329
v -0.123390 1.693050 -0.121445
v -0.090248 1.686581 -0.130219
v -0.120316 1.660793 -0.148499
v -0.142975 1.575620 -0.147003
v -0.154633 1.538631 -0.162094
v -0.146530 1.494106 -0.133026
v -0.151642 1.471584 -0.141129
v -0.138306 1.430874 -0.099716
v -0.162324 1.396923 -0.058624
v -0.160676 1.394085 -0.021175
v -0.160935 1.428432 0.031221
v -0.153473 1.463375 0.063362
v -0.145981 1.498714 0.078079
v -0.148789 1.539120 0.086571
v -0.154129 1.563870 0.094002
v -0.144165 1.617092 0.097153
v -0.121987 1.665707 0.059853
v -0.111633 1.719174 -0.023582
v -0.154633 1.538631 -0.162094
v -0.142975 1.575620 -0.147003
v -0.142929 1.601650 -0.161942
v -0.135636 1.600735 -0.133485
v -0.128769 1.647152 -0.123055
v -0.121018 1.684688 -0.111061
v -0.104355 1.713010 -0.071487
v -0.111633 1.719174 -0.023582
v -0.113853 1.730527 -0.016823
v -0.084602 1.722469 -0.022135
v 0.154633 1.538631 -0.162094
v 0.142975 1.575619 -0.147003
v 0.146530 1.494106 -0.133026
v 0.151642 1.471584 -0.141129
v 0.138306 1.430874 -0.099716
v 0.162323 1.396923 -0.058624
v 0.160675 1.394085 -0.021175
v 0.160935 1.428463 0.031221
v 0.153473 1.463375 0.063362
v 0.145981 1.498714 0.078079
v 0.148789 1.539120 0.086571
v 0.154129 1.563870 0.094002
v 0.144165 1.617092 0.097153
v 0.121987 1.665707 0.059853
v 0.113365 1.681942 0.023598
v 0.109856 1.690487 -0.001530
v 0.111633 1.719174 -0.023582
v 0.154633 1.538631 -0.162094
v 0.142929 1.601650 -0.161942
v 0.142975 1.575619 -0.147003
v 0.135635 1.600735 -0.133484
v 0.128769 1.647152 -0.123055
v 0.121018 1.684688 -0.111061
v 0.104355 1.713010 -0.071487
v 0.111633 1.719174 -0.023582
v -0.080483 1.404599 0.105850
v 0.148148 1.320293 0.035465
vt 0.544678 0.921631
vt 0.542725 0.866211
vt 0.534668 0.925781
vt 0.517090 0.910400
vt 0.524902 0.922363
vt 0.925293 0.821777
vt 0.896973 0.826172
vt 0.901855 0.876953
vt 0.883057 0.874023
vt 0.825684 0.906006
vt 0.838379 0.926025
vt 0.835693 0.911133
vt 0.852051 0.930176
vt 0.861084 0.955566
vt 0.873291 0.950195
vt 0.149902 0.943115
vt 0.144043 0.847656
vt 0.177490 0.939209
vt 0.172119 0.848145
vt 0.179443 0.794678
vt 0.164551 0.792236
vt 0.158691 0.631836
vt 0.142090 0.624512
vt 0.155518 0.580078
vt 0.138428 0.581543
vt 0.151855 0.540527
vt 0.172363 0.484375
vt 0.130371 0.490723
vt 0.196289 0.433105
vt 0.215088 0.401611
vt 0.171631 0.386475
vt 0.203369 0.362061
vt 0.163086 0.263672
vt 0.153076 0.205811
vt 0.179199 0.264404
vt 0.168945 0.209961
vt 0.334961 0.374023
vt 0.351807 0.366455
vt 0.333984 0.314697
vt 0.110840 0.844971
vt 0.123047 0.937500
vt 0.142090 0.149902
vt 0.782715 0.134033
vt 0.829102 0.135254
vt 0.852295 0.055908
vt 0.896484 0.130127
vt 0.826172 0.243164
vt 0.839844 0.307129
vt 0.923828 0.259033
vt 0.924805 0.312500
vt 0.686768 0.062012
vt 0.670898 0.132812
vt 0.717529 0.116943
vt 0.655029 0.080078
vt 0.609131 0.051025
vt 0.617920 0.097900
vt 0.568604 0.093018
vt 0.139648 0.548584
vt 0.111084 0.555176
vt 0.117188 0.527588
vt 0.142822 0.434326
vt 0.071777 0.495850
vt 0.091309 0.435059
vt 0.167969 0.321533
vt 0.119385 0.261719
vt 0.124756 0.314697
vt 0.126709 0.150146
vt 0.118652 0.107666
vt 0.130127 0.067627
vt 0.110596 0.064941
vt 0.427490 0.863770
vt 0.431885 0.822266
vt 0.438477 0.863037
vt 0.331055 0.406738
vt 0.274658 0.406006
vt 0.038086 0.419434
vt 0.080322 0.372314
vt 0.050781 0.423584
vt 0.095703 0.759766
vt 0.093994 0.742676
vt 0.138672 0.756836
vt 0.136963 0.739014
vt 0.128418 0.689697
vt 0.120850 0.642822
vt 0.085693 0.695068
vt 0.079590 0.651123
vt 0.315918 0.736816
vt 0.306885 0.790527
vt 0.297363 0.736328
vt 0.700195 0.009521
vt 0.447998 0.968018
vt 0.410400 0.866211
vt 0.118164 0.628174
vt 0.071533 0.532227
vt 0.035889 0.484131
vt 0.022217 0.484619
vt 0.207275 0.490723
vt 0.217529 0.489746
vt 0.218750 0.458496
vt 0.234863 0.585937
vt 0.250977 0.638184
vt 0.242188 0.583008
vt 0.244385 0.642334
vt 0.288086 0.824707
vt 0.311279 0.874756
vt 0.295166 0.824463
vt 0.303955 0.875000
vt 0.335693 0.926758
vt 0.268799 0.631104
vt 0.275391 0.623779
vt 0.268066 0.583496
vt 0.260010 0.583008
vt 0.409180 0.464355
vt 0.445068 0.451416
vt 0.443359 0.441406
vt 0.493896 0.447510
vt 0.493896 0.439941
vt 0.347900 0.927979
vt 0.262451 0.687988
vt 0.277344 0.677002
vt 0.288330 0.166016
vt 0.300049 0.070557
vt 0.306885 0.165771
vt 0.534424 0.795898
vt 0.516113 0.767090
vt 0.531494 0.761475
vt 0.516113 0.802490
vt 0.539307 0.811523
vt 0.566650 0.797607
vt 0.613037 0.821533
vt 0.605713 0.803467
vt 0.526855 0.721680
vt 0.543945 0.715820
vt 0.555420 0.756104
vt 0.590820 0.755615
vt 0.577148 0.711426
vt 0.516113 0.727051
vt 0.516113 0.703613
vt 0.607178 0.690186
vt 0.629639 0.698975
vt 0.633545 0.668457
vt 0.570557 0.815918
vt 0.571533 0.832764
vt 0.634033 0.846436
vt 0.619141 0.525391
vt 0.630615 0.524902
vt 0.607422 0.568115
vt 0.589111 0.558594
vt 0.609131 0.591553
vt 0.564209 0.642822
vt 0.560791 0.677490
vt 0.580566 0.652344
vt 0.531494 0.620605
vt 0.540283 0.584473
vt 0.520020 0.589844
vt 0.638184 0.613770
vt 0.635254 0.577148
vt 0.665771 0.571289
vt 0.665283 0.546387
vt 0.607422 0.634766
vt 0.582275 0.620361
vt 0.587158 0.592773
vt 0.932617 0.655029
vt 0.934082 0.720703
vt 0.984375 0.651611
vt 0.668457 0.824951
vt 0.651367 0.847412
vt 0.663330 0.846436
vt 0.876953 0.975586
vt 0.857178 0.969482
vt 0.848877 0.950439
vt 0.844238 0.965332
vt 0.838379 0.942871
vt 0.826172 0.959229
vt 0.817383 0.917236
vt 0.811768 0.954346
vt 0.608643 0.888184
vt 0.587402 0.958496
vt 0.558594 0.938721
vt 0.574463 0.874023
vt 0.516602 0.864014
vt 0.625488 0.948242
vt 0.601563 0.990723
vt 0.636475 0.921875
vt 0.898438 0.939697
vt 0.936279 0.877441
vt 0.872559 0.878662
vt 0.855225 0.881104
vt 0.842285 0.913574
vt 0.832764 0.864746
vt 0.866699 0.824707
vt 0.953613 0.825684
vt 0.955566 0.874023
vt 0.984375 0.872803
vt 0.984375 0.823242
vt 0.932861 0.941406
vt 0.958252 0.927002
vt 0.984375 0.934326
vt 0.899170 0.982178
vt 0.804688 0.871826
vt 0.826660 0.821289
vt 0.841553 0.802734
vt 0.930420 0.987793
vt 0.954590 0.988525
vt 0.965576 0.988770
vt 0.984375 0.988770
vt 0.058350 0.797363
vt 0.070313 0.793701
vt 0.065674 0.842285
vt 0.076660 0.843262
vt 0.076172 0.958496
vt 0.090332 0.933594
vt 0.194824 0.946533
vt 0.184570 0.849121
vt 0.172363 0.743652
vt 0.159424 0.737549
vt 0.165771 0.694092
vt 0.151611 0.687256
vt 0.172119 0.354248
vt 0.189941 0.319092
vt 0.154053 0.149902
vt 0.400635 0.535156
vt 0.380615 0.489014
vt 0.390381 0.534912
vt 0.390869 0.491699
vt 0.382080 0.441895
vt 0.404785 0.455811
vt 0.396973 0.395752
vt 0.444580 0.405518
vt 0.493896 0.404297
vt 0.339844 0.533936
vt 0.332764 0.494385
vt 0.326660 0.435791
vt 0.745117 0.012939
vt 0.923584 0.223633
vt 0.826660 0.376953
vt 0.807373 0.306885
vt 0.797363 0.282471
vt 0.795166 0.241211
vt 0.746094 0.237061
vt 0.761719 0.267578
vt 0.684082 0.213867
vt 0.702393 0.262451
vt 0.668213 0.244873
vt 0.636475 0.181641
vt 0.618896 0.207275
vt 0.545898 0.184326
vt 0.553467 0.135498
vt 0.037109 0.534180
vt 0.037598 0.575928
vt 0.015381 0.581543
vt 0.020752 0.619141
vt 0.034668 0.610840
vt 0.026367 0.646484
vt 0.042725 0.643066
vt 0.038086 0.700195
vt 0.044678 0.656494
vt 0.052979 0.699463
vt 0.049805 0.747803
vt 0.062256 0.745605
vt 0.064697 0.761719
vt 0.104980 0.793945
vt 0.141357 0.792969
vt 0.109375 0.586670
vt 0.131836 0.373535
vt 0.128418 0.343750
vt 0.129395 0.207764
vt 0.105957 0.020264
vt 0.097900 0.020752
vt 0.270264 0.247314
vt 0.293701 0.243164
vt 0.256836 0.314941
vt 0.281006 0.314209
vt 0.247070 0.366699
vt 0.275879 0.372314
vt 0.233643 0.418701
vt 0.252441 0.448975
vt 0.239258 0.491211
vt 0.242432 0.535156
vt 0.220459 0.532471
vt 0.288086 0.754395
vt 0.279785 0.760742
vt 0.300537 0.813965
vt 0.319092 0.875244
vt 0.364014 0.966309
vt 0.377686 0.972656
vt 0.368896 0.987305
vt 0.406738 0.576904
vt 0.383301 0.625000
vt 0.394775 0.573242
vt 0.393066 0.627197
vt 0.390137 0.655518
vt 0.397949 0.661133
vt 0.403076 0.685791
vt 0.395264 0.679199
vt 0.413574 0.734375
vt 0.404297 0.730225
vt 0.412842 0.792236
vt 0.424072 0.777588
vt 0.420166 0.822266
vt 0.326172 0.246338
vt 0.329590 0.166748
vt 0.347900 0.066406
vt 0.319092 0.023682
vt 0.353027 0.022949
vt 0.039063 0.384277
vt 0.081299 0.338379
vt 0.074951 0.561279
vt 0.074707 0.599121
vt 0.077393 0.637451
vt 0.099854 0.312256
vt 0.396484 0.791016
vt 0.399414 0.802002
vt 0.354492 0.790039
vt 0.358154 0.804443
vt 0.326172 0.805420
vt 0.322021 0.788818
vt 0.284912 0.666992
vt 0.306152 0.682129
vt 0.300781 0.661133
vt 0.342285 0.687500
vt 0.340088 0.669189
vt 0.379883 0.674805
vt 0.383057 0.688232
vt 0.387695 0.729736
vt 0.402344 0.820557
vt 0.424072 0.942627
vt 0.425537 0.964111
vt 0.401123 0.965088
vt 0.393066 0.947510
vt 0.374756 0.946533
vt 0.343994 0.895264
vt 0.357422 0.893311
vt 0.340576 0.843994
vt 0.322510 0.843994
vt 0.376465 0.648193
vt 0.371094 0.622559
vt 0.366943 0.596191
vt 0.378418 0.568115
vt 0.327393 0.586670
vt 0.333496 0.553223
vt 0.290527 0.578369
vt 0.256592 0.542725
vt 0.291992 0.590820
vt 0.295898 0.621582
vt 0.584473 0.226074
vt 0.548096 0.213867
vt 0.540283 0.278076
vt 0.584961 0.296875
vt 0.545898 0.344238
vt 0.573486 0.355957
vt 0.554443 0.378418
vt 0.579834 0.413330
vt 0.563965 0.403809
vt 0.576660 0.449219
vt 0.593750 0.447998
vt 0.580811 0.490234
vt 0.604980 0.502441
vt 0.623047 0.489014
vt 0.611572 0.450439
vt 0.596436 0.400146
vt 0.600342 0.350586
vt 0.600586 0.318359
vt 0.634766 0.273682
vt 0.887939 0.429687
vt 0.952881 0.410645
vt 0.927490 0.364014
vt 0.875000 0.400635
vt 0.820557 0.423340
vt 0.358154 0.070068
vt 0.348877 0.119141
vt 0.339355 0.168213
vt 0.333496 0.243652
vt 0.345215 0.313721
vt 0.361084 0.359863
vt 0.402100 0.388916
vt 0.445557 0.398193
vt 0.493896 0.396484
vt 0.297852 0.056641
vt 0.278809 0.170166
vt 0.260254 0.250488
vt 0.244385 0.317383
vt 0.234619 0.369141
vt 0.222412 0.421143
vt 0.209717 0.460205
vt 0.210449 0.533936
vt 0.254639 0.689453
vt 0.271973 0.761475
vt 0.327881 0.925537
vt 0.403076 0.495117
vt 0.602783 0.526855
vt 0.581787 0.527344
vt 0.565674 0.549561
vt 0.542969 0.527344
vt 0.531738 0.548340
vt 0.516113 0.510498
vt 0.654541 0.828125
vt 0.637695 0.804932
vt 0.628174 0.765137
vt 0.610107 0.714355
vt 0.627441 0.720703
vt 0.604492 0.676514
vt 0.604004 0.655273
vt 0.578125 0.636230
vt 0.560791 0.631836
vt 0.535645 0.631592
vt 0.538818 0.644043
vt 0.521240 0.642822
vt 0.516113 0.632324
vt 0.516113 0.622070
vt 0.562988 0.621094
vt 0.516113 0.678955
vt 0.532715 0.682129
vt 0.572510 0.686279
vt 0.549561 0.691895
vt 0.530273 0.703369
vt 0.516113 0.821289
vt 0.649902 0.888672
vt 0.669678 0.881836
vt 0.516113 0.554932
vt 0.537598 0.566162
vt 0.561523 0.565430
vt 0.583984 0.575684
vt 0.664551 0.524658
vt 0.699707 0.524902
vt 0.699463 0.542236
vt 0.741211 0.523682
vt 0.737061 0.557129
vt 0.756348 0.523926
vt 0.762695 0.566162
vt 0.772217 0.606934
vt 0.733643 0.579102
vt 0.705322 0.578613
vt 0.669189 0.609619
vt 0.645752 0.639404
vt 0.607910 0.609619
vt 0.571533 0.582275
vt 0.516113 0.573486
vt 0.984375 0.735596
vt 0.857666 0.680664
vt 0.884766 0.653076
vt 0.846191 0.665527
vt 0.888184 0.621826
vt 0.821777 0.723633
vt 0.894287 0.733643
vt 0.858887 0.777100
vt 0.809814 0.778809
vt 0.782471 0.775635
vt 0.770264 0.732178
vt 0.786865 0.702148
vt 0.768311 0.666504
vt 0.779785 0.647461
vt 0.755859 0.617920
vt 0.732178 0.590576
vt 0.707031 0.589600
vt 0.677979 0.614990
vt 0.659180 0.642822
vt 0.647705 0.669922
vt 0.640137 0.702637
vt 0.639893 0.722412
vt 0.643799 0.771729
vt 0.649170 0.806641
vt 0.681396 0.879639
vt 0.855713 0.508545
vt 0.834473 0.546875
vt 0.861328 0.573730
vt 0.823730 0.574219
vt 0.821777 0.625000
vt 0.807861 0.667725
vt 0.799561 0.715820
vt 0.770264 0.767578
vn -0.776600 -0.061200 0.627000
vn -0.506500 -0.110900 0.855100
vn -0.590500 -0.210300 0.779100
vn 0.000000 -0.260200 0.965500
vn 0.506500 -0.110900 0.855100
vn 0.241200 -0.270200 0.932100
vn 0.590500 -0.210300 0.779100
vn -0.504400 0.257000 -0.824300
vn -0.844700 0.188000 -0.501100
vn -0.701400 0.071300 -0.709200
vn -0.942600 -0.021800 -0.333300
vn -0.960600 -0.266200 0.079500
vn -0.926000 -0.367200 -0.087700
vn -0.964800 -0.261400 -0.027900
vn -0.944700 -0.279200 -0.171900
vn -0.916500 -0.290200 -0.275300
vn -0.912900 -0.189500 -0.361400
vn -0.240300 0.368200 -0.898200
vn -0.414900 0.311700 -0.854800
vn -0.294000 0.311300 -0.903700
vn -0.565300 0.312400 -0.763400
vn 0.037600 0.056400 -0.997700
vn -0.563000 0.208700 -0.799600
vn 0.067900 -0.217400 -0.973700
vn -0.434700 -0.186500 -0.881000
vn 0.271300 -0.460700 -0.845100
vn -0.291200 -0.388400 -0.874300
vn 0.771400 -0.575000 -0.272700
vn 0.960800 -0.255300 0.107800
vn 0.373400 -0.885400 -0.276700
vn 0.956500 -0.288700 0.042900
vn 0.888100 -0.455100 0.064400
vn 0.225400 -0.823300 0.521000
vn 0.653800 -0.554600 0.514700
vn -0.299200 0.069500 0.951700
vn -0.364700 0.236400 0.900600
vn 0.133900 0.005100 0.991000
vn 0.131100 0.120000 0.984100
vn 0.138300 0.359200 -0.923000
vn 0.298900 0.088500 -0.950200
vn 0.431900 -0.031100 -0.901400
vn 0.295600 0.323300 -0.898900
vn 0.195500 0.402800 -0.894200
vn 0.240300 0.368200 -0.898200
vn 0.414900 0.311700 -0.854800
vn -0.129800 0.118300 0.984500
vn 0.309000 0.382100 0.870900
vn 0.364700 0.236400 0.900600
vn -0.808000 -0.421800 -0.411400
vn -0.548200 -0.401200 -0.733900
vn -0.947900 -0.049200 -0.314700
vn -0.937500 -0.153900 -0.312200
vn -0.322500 -0.123800 -0.938400
vn 0.085600 0.197300 -0.976600
vn -0.726400 0.321200 -0.607600
vn -0.592300 0.354600 -0.723500
vn -0.836800 -0.473700 0.274400
vn -0.688200 -0.040900 0.724400
vn -0.942900 -0.322600 0.083300
vn -0.740400 -0.185000 0.646200
vn -0.912500 0.385500 -0.137000
vn -0.815100 0.015900 0.579100
vn -0.878100 0.403100 -0.257700
vn 0.195400 -0.756100 -0.624600
vn 0.227600 -0.817400 -0.529100
vn 0.248000 -0.858500 -0.448900
vn 0.329800 -0.941800 0.064400
vn 0.302700 -0.901700 -0.308800
vn 0.221300 -0.975000 -0.019100
vn -0.157500 -0.236500 0.958800
vn 0.624800 0.060900 0.778400
vn 0.215200 -0.354900 0.909800
vn -0.309000 0.382100 0.870900
vn 0.541500 0.256500 0.800600
vn 0.645700 0.415200 0.640800
vn 0.410800 0.246700 0.877700
vn 0.706900 0.232600 0.668000
vn -0.834000 0.012400 0.551600
vn -0.491800 0.215800 -0.843600
vn -0.438800 0.331600 -0.835200
vn -0.202600 0.548500 -0.811200
vn -0.017400 0.486600 -0.873400
vn -0.138300 0.359200 -0.923000
vn -0.956900 -0.279800 0.077300
vn -0.039500 -0.803800 0.593600
vn -0.027400 -0.999600 0.005300
vn -0.340000 0.141800 -0.929700
vn -0.332600 0.105100 -0.937200
vn -0.392600 0.148100 -0.907700
vn -0.438400 0.149000 -0.886400
vn -0.394600 -0.003200 -0.918800
vn -0.333700 -0.268800 -0.903500
vn -0.231300 -0.102700 -0.967500
vn -0.029100 -0.434100 -0.900400
vn 0.491500 -0.014700 0.870700
vn -0.085800 0.039900 0.995500
vn -0.083200 0.115600 0.989800
vn 0.836800 -0.473700 0.274400
vn 0.942900 -0.322500 0.083300
vn 0.688100 -0.040900 0.724400
vn 0.815100 0.015900 0.579100
vn 0.877900 0.392200 -0.274600
vn 0.912900 0.384800 -0.136300
vn 0.740400 -0.185100 0.646200
vn 0.940200 0.326700 -0.096500
vn -0.000000 -0.240200 0.970700
vn 0.834000 0.012400 0.551600
vn 0.184400 -0.256800 0.948700
vn 0.434700 -0.186500 -0.881000
vn 0.082700 -0.460000 -0.884100
vn 0.333700 -0.268800 -0.903500
vn 0.029100 -0.434100 -0.900400
vn 0.394600 -0.003200 -0.918800
vn 0.231300 -0.102700 -0.967500
vn 0.332600 0.105100 -0.937200
vn -0.308900 -0.849900 -0.426800
vn -0.302700 -0.901700 -0.308800
vn -0.134700 -0.911700 -0.388100
vn -0.221300 -0.975000 -0.019100
vn 0.027300 -0.999600 0.005300
vn 0.742900 -0.549200 -0.382800
vn 0.956900 -0.279800 0.077300
vn -0.956500 -0.288700 0.042900
vn -0.396200 0.907200 -0.141500
vn -0.560900 0.668200 -0.488800
vn -0.771300 -0.575000 -0.272800
vn -0.974100 -0.135800 0.181000
vn -0.791000 0.321900 0.520300
vn -0.271300 -0.460700 -0.845100
vn 0.107900 -0.001200 -0.994200
vn -0.941100 -0.258500 -0.218000
vn -0.915000 -0.232900 -0.329500
vn -0.037600 0.056400 -0.997700
vn -0.917300 -0.286700 -0.276200
vn 0.206300 0.447500 0.870100
vn 0.517700 0.514700 0.683400
vn 0.639000 0.660500 0.394300
vn 0.459200 0.678900 0.572900
vn 0.824000 0.142600 0.548400
vn 0.239100 0.798600 0.552300
vn 0.123600 0.958200 -0.258100
vn 0.001200 0.824900 0.565200
vn 0.000800 0.982900 -0.184100
vn -0.240200 0.798900 0.551400
vn 0.917300 -0.286700 -0.276200
vn 0.941100 -0.258500 -0.218000
vn 0.077200 -0.250000 0.965200
vn 0.970700 -0.232400 -0.061400
vn 0.974000 -0.135800 0.181100
vn 0.091100 0.203000 0.974900
vn -0.206300 0.447500 0.870200
vn 0.956100 -0.286800 -0.060600
vn 0.847700 -0.489000 -0.205900
vn 0.313000 -0.382100 -0.869500
vn -0.261200 0.696100 0.668700
vn 0.000000 0.631900 0.775100
vn -0.349200 0.520600 0.779200
vn -0.000000 0.685600 0.728000
vn 0.261200 0.696100 0.668700
vn -0.066300 0.658900 0.749300
vn 0.033800 0.740400 0.671300
vn 0.189600 0.902500 0.386800
vn 0.161200 0.740300 0.652600
vn -0.347100 0.091800 0.933300
vn -0.171100 -0.053200 0.983800
vn -0.031400 0.514400 0.857000
vn 0.045900 0.455600 0.889000
vn 0.243000 -0.154000 0.957700
vn -0.000000 0.315000 0.949100
vn 0.000000 0.064800 0.997900
vn 0.347100 0.091800 0.933300
vn -0.373600 -0.142300 0.916600
vn -0.944000 -0.202600 0.260600
vn -0.962100 0.075700 0.262000
vn -0.003100 0.828700 0.559700
vn -0.353600 0.476800 0.804800
vn -0.048100 0.779800 0.624200
vn 0.526400 -0.062500 0.847900
vn 0.790000 0.058700 0.610300
vn 0.560800 -0.066900 0.825200
vn -0.390700 -0.134200 0.910700
vn -0.586900 -0.276400 0.761000
vn -0.560800 -0.066900 0.825200
vn -0.450500 -0.249900 0.857100
vn -0.345800 0.310200 0.885500
vn -0.536000 -0.050300 0.842700
vn -0.046100 0.023800 0.998700
vn -0.127500 -0.376200 0.917700
vn 0.450800 -0.367900 0.813300
vn 0.650800 -0.431100 0.625000
vn 0.586900 -0.276400 0.761000
vn 0.789700 -0.169200 0.589800
vn 0.858300 -0.268600 0.437300
vn 0.963000 0.078400 0.258000
vn 0.465600 -0.143800 0.873200
vn 0.512200 -0.168300 0.842200
vn 0.545000 -0.267800 0.794500
vn -0.027300 0.598500 -0.800700
vn -0.140700 0.515000 -0.845600
vn -0.000000 0.554300 -0.832300
vn -0.753300 0.647500 0.115400
vn -0.694200 0.604300 0.390900
vn -0.744700 0.590000 0.312100
vn -0.868400 -0.254500 -0.425600
vn -0.935700 -0.243500 -0.255400
vn -0.934200 -0.298000 -0.196100
vn -0.972800 -0.212200 -0.092600
vn -0.957500 -0.286700 -0.032300
vn -0.948000 -0.172700 0.267400
vn -0.945500 -0.292100 0.143600
vn -0.808000 -0.074100 0.584600
vn 0.916500 -0.290200 -0.275300
vn 0.868400 -0.254500 -0.425600
vn 0.935700 -0.243500 -0.255400
vn 0.934200 -0.298000 -0.196100
vn 0.972800 -0.212200 -0.092600
vn 0.957500 -0.286700 -0.032300
vn 0.948000 -0.172700 0.267400
vn 0.945400 -0.292900 0.142800
vn 0.808000 -0.074100 0.584600
vn -0.708600 0.160600 0.687100
vn -0.815600 -0.084000 0.572500
vn -0.645700 -0.034900 0.762800
vn -0.632500 0.002300 0.774600
vn -0.241200 -0.270200 0.932100
vn 0.000000 -0.169900 0.985500
vn 0.776600 -0.061200 0.627000
vn 0.632500 0.002300 0.774600
vn 0.645700 -0.034900 0.762800
vn 0.708600 0.160600 0.687100
vn 0.815600 -0.084000 0.572500
vn 0.955600 0.014000 0.294300
vn 0.931300 -0.181000 0.316200
vn -0.955600 0.014000 0.294300
vn -0.931200 -0.181100 0.316300
vn -0.905200 0.298500 0.302500
vn 0.733900 -0.109700 -0.670300
vn 0.701400 0.071300 -0.709200
vn 0.442700 0.066100 -0.894200
vn 0.912900 -0.189500 -0.361400
vn 0.942600 -0.021800 -0.333300
vn 0.998600 -0.050300 -0.016800
vn 0.997300 -0.072900 0.006100
vn 0.944700 -0.279200 -0.171900
vn 0.964800 -0.249300 -0.083500
vn 0.925900 -0.367400 -0.087500
vn 0.965000 -0.261000 -0.026600
vn 0.960400 -0.267100 0.079100
vn 0.985800 -0.103800 0.131800
vn 0.995400 0.095300 -0.007800
vn 0.831200 0.092700 -0.548200
vn 0.539200 0.236100 -0.808400
vn 0.244800 0.166000 -0.955200
vn 0.316600 0.061600 -0.946600
vn -0.000000 0.014800 -0.999900
vn 0.000000 0.037000 -0.999300
vn -0.244800 0.166000 -0.955200
vn -0.316600 0.061600 -0.946600
vn -0.442700 0.066100 -0.894200
vn -0.995400 0.095300 -0.007800
vn -0.998600 -0.050300 -0.016800
vn -0.997300 -0.072900 0.006100
vn -0.985800 -0.103900 0.131700
vn -0.964800 -0.249300 -0.083500
vn -0.733900 -0.109700 -0.670300
vn -0.517800 -0.215300 -0.828000
vn -0.360600 -0.162500 -0.918500
vn -0.000000 -0.213900 -0.976900
vn 0.360600 -0.162500 -0.918500
vn 0.517800 -0.215300 -0.828000
vn 0.732200 -0.299900 -0.611600
vn 0.905200 0.298500 0.302500
vn -0.732200 -0.299900 -0.611600
vn -0.532800 -0.353200 -0.769000
vn -0.362600 -0.331800 -0.870900
vn -0.225600 -0.261400 -0.938500
vn 0.000000 -0.124600 -0.992200
vn 0.225600 -0.261400 -0.938500
vn 0.362600 -0.331800 -0.870900
vn 0.532800 -0.353200 -0.769000
vn 0.013100 0.110300 -0.993800
vn 0.014400 0.266200 -0.963800
vn 0.000100 -0.240200 0.970700
vn -0.358600 0.887100 0.290500
vn -0.295600 0.323300 -0.898900
vn -0.195500 0.402800 -0.894200
vn 0.709300 -0.523200 0.472400
vn -0.051700 0.160400 -0.985700
vn -0.107900 -0.001200 -0.994200
vn -0.636700 0.139400 -0.758400
vn -0.146500 -0.054300 -0.987700
vn -0.631200 0.050100 -0.774000
vn 0.004500 -0.500300 0.865800
vn 0.324400 -0.295700 0.898500
vn 0.105200 0.278500 0.954600
vn 0.597800 0.389800 0.700500
vn 0.023900 0.992900 -0.116300
vn 0.071200 0.526100 0.847400
vn 0.342800 0.936800 0.069400
vn -0.036300 0.808600 -0.587300
vn 0.065700 0.975900 -0.207900
vn 0.195200 0.261200 -0.945300
vn 0.069600 0.094100 -0.993100
vn 0.000000 0.042300 -0.999100
vn -0.069600 0.094100 -0.993100
vn -0.124500 0.958200 -0.257700
vn -0.195200 0.261200 -0.945300
vn -0.065700 0.975900 -0.207900
vn 0.036300 0.808600 -0.587300
vn -0.342800 0.936800 0.069400
vn -0.023900 0.992900 -0.116300
vn -0.597800 0.389800 0.700500
vn -0.071100 0.526000 0.847500
vn -0.208100 0.611800 0.763200
vn -0.254700 0.961500 -0.103100
vn -0.268800 0.769900 -0.578700
vn -0.298800 0.088500 -0.950200
vn -0.431800 -0.031100 -0.901400
vn 0.254700 0.961500 -0.103100
vn 0.208000 0.611700 0.763200
vn 0.268800 0.769900 -0.578700
vn 0.202600 0.548500 -0.811200
vn -0.013100 0.110300 -0.993800
vn 0.491800 0.215800 -0.843600
vn 0.438800 0.331600 -0.835200
vn -0.014400 0.266200 -0.963800
vn -0.000100 -0.240200 0.970700
vn 0.358600 0.887100 0.290500
vn 0.294000 0.311300 -0.903700
vn 0.565300 0.312400 -0.763400
vn -0.709300 -0.523200 0.472400
vn 0.051700 0.160400 -0.985700
vn 0.563000 0.208700 -0.799600
vn 0.636700 0.139400 -0.758400
vn 0.146500 -0.054300 -0.987700
vn 0.631200 0.050100 -0.774000
vn -0.067900 -0.217400 -0.973700
vn 0.291200 -0.388400 -0.874300
vn -0.195400 -0.756100 -0.624600
vn -0.960800 -0.255300 0.107800
vn -0.373400 -0.885400 -0.276700
vn -0.329800 -0.941900 0.064400
vn -0.888100 -0.455100 0.064400
vn -0.225400 -0.823300 0.521000
vn -0.654600 -0.531900 0.537300
vn -0.004500 -0.500300 0.865800
vn -0.304900 -0.318500 0.897600
vn 0.157500 -0.236500 0.958800
vn 0.299200 0.069500 0.951700
vn -0.133300 0.007200 0.991100
vn -0.105200 0.278500 0.954600
vn -0.410800 0.246700 0.877700
vn -0.962700 0.226400 -0.147900
vn -0.885400 0.218800 -0.410100
vn 0.144500 0.469100 -0.871200
vn -0.236100 0.039100 -0.970900
vn -0.805500 -0.197500 -0.558700
vn -0.833800 -0.244300 -0.495000
vn -0.926200 -0.372900 0.055500
vn -0.704400 -0.651200 -0.282500
vn -0.728200 -0.395800 0.559500
vn -0.621200 -0.751700 0.221500
vn -0.556000 -0.590200 0.585300
vn -0.672000 -0.137100 0.727700
vn -0.766700 -0.511900 0.387500
vn -0.975600 -0.164800 -0.145100
vn -0.972200 0.119900 -0.201000
vn -0.940200 0.326700 -0.096500
vn -0.742800 -0.549100 -0.383000
vn 0.321500 -0.801600 -0.504100
vn 0.139300 -0.804200 -0.577700
vn -0.804700 -0.354900 -0.475900
vn -0.679300 -0.430400 -0.594400
vn 0.229200 -0.725000 -0.649500
vn -0.652600 -0.308300 -0.692100
vn 0.092000 -0.591400 -0.801100
vn -0.692700 -0.079800 -0.716800
vn 0.341900 -0.540100 -0.769000
vn -0.097700 -0.209900 -0.972800
vn -0.516200 0.060100 -0.854400
vn -0.018700 0.005100 -0.999800
vn -0.250700 0.191300 -0.949000
vn -0.318800 0.153800 -0.935300
vn -0.423800 0.170600 -0.889500
vn -0.082700 -0.460000 -0.884100
vn 0.000500 -0.509100 -0.860700
vn 0.278900 -0.759800 0.587300
vn 0.232600 -0.540500 0.808500
vn 0.449100 0.184300 0.874200
vn 0.904300 -0.244400 -0.350000
vn 0.770000 -0.423700 -0.477100
vn -0.847700 -0.489000 -0.205900
vn -0.956100 -0.286800 -0.060600
vn -0.313000 -0.382100 -0.869500
vn -0.968700 -0.215300 -0.123900
vn -0.358800 -0.234300 -0.903500
vn -0.973800 -0.161700 -0.160000
vn -0.297400 -0.066200 -0.952500
vn -0.914300 -0.071500 -0.398700
vn -0.179100 0.235600 -0.955200
vn 0.017400 0.486600 -0.873400
vn -0.732900 0.169800 -0.658800
vn 0.141600 0.801200 -0.581400
vn 0.303100 0.944900 -0.123800
vn 0.365000 0.845400 0.390000
vn -0.430200 0.837600 0.336700
vn -0.091100 0.203000 0.974900
vn -0.970700 -0.232400 -0.061400
vn -0.327800 0.010500 0.944700
vn -0.913700 -0.229700 -0.335200
vn -0.380000 -0.071800 0.922200
vn -0.246900 -0.136200 0.959400
vn -0.078100 -0.228600 0.970400
vn -0.325400 -0.341000 0.882000
vn -0.465000 -0.309700 0.829300
vn -0.554700 0.671000 0.492000
vn -0.897400 0.315700 0.308300
vn -0.742500 0.545500 0.388800
vn -0.751200 0.434000 0.497400
vn -0.708300 0.228600 0.667900
vn -0.825000 0.132200 0.549500
vn -0.840100 0.078600 0.536700
vn -0.365000 0.845400 0.390000
vn -0.303100 0.944900 -0.123800
vn -0.141600 0.801200 -0.581400
vn 0.179100 0.235600 -0.955200
vn 0.297400 -0.066200 -0.952500
vn -0.368400 -0.173500 -0.913300
vn 0.358800 -0.234300 -0.903500
vn -0.325000 -0.299300 -0.897100
vn -0.145100 -0.484200 -0.862800
vn 0.770000 -0.423700 -0.477000
vn -0.824000 0.142600 0.548400
vn 0.238000 0.849500 -0.470800
vn 0.134700 -0.911700 -0.388100
vn 0.308900 -0.849900 -0.426800
vn 0.361400 -0.796400 -0.484900
vn 0.247700 -0.633100 -0.733400
vn 0.055300 -0.563700 -0.824100
vn 0.792100 -0.052900 0.608100
vn -0.036400 -0.036400 0.998700
vn 0.174800 -0.221900 0.959300
vn 0.344900 -0.230500 0.909900
vn 0.326100 -0.221300 0.919100
vn 0.403500 -0.167700 0.899500
vn 0.457300 -0.189500 0.868900
vn -0.256000 0.334000 0.907200
vn 0.335400 0.318000 0.886800
vn 0.176600 0.477100 0.860900
vn -0.051400 0.650300 0.758000
vn -0.058400 0.662500 0.746800
vn -0.087500 0.601600 0.794000
vn -0.508900 0.588600 0.628100
vn 0.030200 0.232900 0.972000
vn -0.254200 -0.049000 0.965900
vn -0.184400 -0.256800 0.948700
vn 0.209500 -0.406100 0.889500
vn 0.091400 -0.312900 0.945400
vn 0.189700 -0.240700 0.951900
vn 0.215400 -0.204200 0.954900
vn 0.212700 -0.292900 0.932200
vn 0.325400 -0.341000 0.882000
vn -0.291300 -0.121100 0.948900
vn 0.423000 -0.376600 0.824200
vn 0.463800 -0.204500 0.862000
vn -0.134700 -0.004800 0.990900
vn -0.266600 0.753900 0.600500
vn 0.044600 0.816300 0.575900
vn -0.384200 0.786400 0.483800
vn -0.095000 0.411400 0.906500
vn -0.317400 0.848800 0.422900
vn -0.191100 0.461800 0.866200
vn -0.217400 0.882600 0.416800
vn -0.581300 0.389400 0.714500
vn -0.639000 0.660500 0.394300
vn 0.046000 0.749800 0.660100
vn -0.517700 0.514700 0.683400
vn 0.261200 0.425900 0.866200
vn 0.766600 -0.512100 0.387400
vn 0.556000 -0.590200 0.585300
vn 0.722800 -0.371600 0.582700
vn 0.975600 -0.164800 -0.145100
vn 0.997200 -0.033100 0.066900
vn 0.946500 0.303200 0.110200
vn 0.243000 0.309600 0.919300
vn 0.825100 0.549400 0.132100
vn 0.025400 0.828800 0.559000
vn 0.753300 0.647500 0.115400
vn 0.043800 0.797000 0.602400
vn 0.744700 0.590000 0.312100
vn 0.887300 0.407600 0.215700
vn 0.166500 0.839900 0.516500
vn 0.757100 0.648100 -0.082400
vn -0.192100 0.944700 -0.265600
vn 0.181000 0.967800 -0.175100
vn 0.282600 0.867400 0.409500
vn -0.280700 0.864100 0.417800
vn -0.017800 0.819900 0.572300
vn 0.122500 0.313300 0.941700
vn 0.672200 -0.297800 0.677800
vn 0.621100 -0.751800 0.221500
vn 0.728200 -0.396000 0.559400
vn 0.704400 -0.651200 -0.282400
vn 0.926200 -0.372900 0.055600
vn 0.805500 -0.197500 -0.558700
vn 0.833800 -0.244300 -0.495000
vn 0.322500 -0.123800 -0.938400
vn 0.236100 0.039100 -0.970900
vn -0.085700 0.197300 -0.976600
vn -0.144500 0.469100 -0.871200
vn 0.572800 0.387900 -0.722100
vn 0.726400 0.321200 -0.607600
vn 0.885400 0.218800 -0.410100
vn 0.548200 -0.401200 -0.733900
vn 0.937500 -0.153900 -0.312200
vn 0.947900 -0.049200 -0.314700
vn 0.808000 -0.421800 -0.411400
vn 0.962700 0.226400 -0.147900
vn 0.672000 -0.137200 0.727700
vn 0.968700 0.138300 -0.206000
vn 0.708300 0.228600 0.667900
vn 0.751200 0.434000 0.497400
vn 0.087300 0.601500 0.794100
vn 0.266600 0.753900 0.600500
vn 0.742500 0.545500 0.388800
vn -0.044600 0.816300 0.575900
vn 0.554800 0.671100 0.491800
vn 0.897400 0.315500 0.308400
vn 0.384100 0.786400 0.483800
vn 0.095000 0.411400 0.906500
vn 0.317400 0.848800 0.422900
vn 0.191100 0.461800 0.866100
vn 0.217400 0.882600 0.416800
vn 0.581300 0.389400 0.714500
vn -0.046000 0.749800 0.660100
vn -0.261200 0.425900 0.866200
vn -0.176600 0.477100 0.860900
vn 0.256000 0.334000 0.907200
vn 0.082100 0.038700 0.995900
vn -0.449500 -0.218600 0.866100
vn -0.364400 -0.132000 0.921900
vn 0.120800 -0.034100 0.992100
vn 0.281900 -0.111700 0.952900
vn -0.423000 -0.376600 0.824200
vn -0.212700 -0.292900 0.932200
vn -0.189700 -0.240700 0.951900
vn -0.215400 -0.204200 0.954900
vn -0.209500 -0.406100 0.889500
vn -0.091400 -0.312900 0.945400
vn 0.254200 -0.049000 0.965900
vn 0.840100 0.078600 0.536700
vn -0.174800 -0.221900 0.959300
vn 0.036400 -0.036400 0.998700
vn -0.344900 -0.230500 0.909900
vn -0.326100 -0.221300 0.919100
vn -0.456700 -0.190200 0.869100
vn 0.082700 0.116100 0.989800
vn -0.490500 -0.012900 0.871400
vn -0.335200 0.318100 0.886800
vn 0.051200 0.649700 0.758400
vn 0.058200 0.661900 0.747400
vn 0.508700 0.588700 0.628200
vn -0.030200 0.232900 0.972000
vn 0.825000 0.132200 0.549500
vn 0.192100 0.944800 -0.265600
vn -0.758100 0.641100 -0.119700
vn -0.791800 0.456900 -0.405300
vn 0.120700 0.718500 -0.685000
vn -0.181000 0.967800 -0.175100
vn -0.904300 -0.244400 -0.350000
vn -0.706900 0.232600 0.668000
vn -0.770000 -0.423700 -0.477100
vn -0.645700 0.415100 0.640900
vn -0.541500 0.256500 0.800600
vn -0.449100 0.184300 0.874200
vn -0.624800 0.060900 0.778400
vn -0.215200 -0.354900 0.909800
vn -0.232600 -0.540500 0.808500
vn -0.278900 -0.759700 0.587400
vn -0.248000 -0.858500 -0.448900
vn -0.227600 -0.817400 -0.529100
vn -0.000500 -0.509100 -0.860700
vn 0.097700 -0.209900 -0.972800
vn 0.018700 0.005100 -0.999800
vn 0.250700 0.191300 -0.949000
vn 0.340000 0.141800 -0.929700
vn 0.318800 0.153800 -0.935300
vn 0.423800 0.170600 -0.889500
vn 0.392600 0.148100 -0.907700
vn 0.438400 0.149000 -0.886400
vn 0.516200 0.060100 -0.854400
vn 0.692700 -0.079800 -0.716800
vn -0.341900 -0.540100 -0.769000
vn -0.055300 -0.563700 -0.824100
vn -0.247700 -0.633100 -0.733400
vn -0.361400 -0.796400 -0.484900
vn 0.039500 -0.803800 0.593600
vn -0.238000 0.849500 -0.470900
vn -0.811300 -0.070500 0.580300
vn 0.145100 -0.484200 -0.862800
vn 0.596700 -0.243200 -0.764700
vn -0.770000 -0.423700 -0.477000
vn 0.599100 -0.258600 -0.757800
vn 0.645300 -0.209600 -0.734600
vn 0.325000 -0.299300 -0.897100
vn 0.793700 -0.127600 -0.594700
vn 0.368400 -0.173500 -0.913300
vn 0.768300 -0.118100 -0.629000
vn 0.662200 -0.240900 -0.709600
vn 0.323000 -0.232600 -0.917400
vn 0.125200 -0.460500 -0.878800
vn 0.000000 -0.585000 -0.811000
vn -0.125200 -0.460500 -0.878800
vn -0.323100 -0.232600 -0.917300
vn -0.662100 -0.240800 -0.709600
vn -0.768300 -0.118100 -0.629000
vn -0.793700 -0.127600 -0.594700
vn -0.645300 -0.209600 -0.734600
vn -0.599100 -0.258600 -0.757800
vn -0.596700 -0.243200 -0.764700
vn -0.321500 -0.801600 -0.504100
vn -0.139300 -0.804200 -0.577700
vn -0.229200 -0.725000 -0.649500
vn -0.092000 -0.591400 -0.801100
vn 0.652600 -0.308100 -0.692200
vn 0.679300 -0.430400 -0.594400
vn 0.804700 -0.354600 -0.476100
vn -0.672300 -0.298000 0.677700
vn -0.722800 -0.371500 0.582800
vn -0.122800 0.313300 0.941700
vn -0.243100 0.309700 0.919200
vn -0.025500 0.828800 0.559000
vn 0.017700 0.819700 0.572500
vn 0.280700 0.864100 0.417800
vn -0.043800 0.797000 0.602400
vn -0.282600 0.867400 0.409500
vn -0.166500 0.839900 0.516500
vn 0.192100 0.944700 -0.265600
vn -0.887300 0.407600 0.215700
vn -0.825100 0.549400 0.132100
vn -0.946500 0.303200 0.110200
vn -0.997200 -0.033100 0.066900
vn -0.133300 0.007200 0.991000
vn -0.654500 -0.531900 0.537300
vn 0.778200 0.354000 -0.518800
vn -0.120700 0.718500 -0.685000
vn -0.192100 0.944800 -0.265600
vn 0.969200 -0.213400 -0.123200
vn 0.973700 -0.163400 -0.159000
vn 0.920800 -0.056200 -0.385900
vn 0.736100 0.149900 -0.660100
vn 0.560900 0.668200 -0.488800
vn 0.396200 0.907200 -0.141500
vn 0.430200 0.837600 0.336700
vn 0.791000 0.321900 0.520300
vn 0.913700 -0.229700 -0.335200
vn 0.915000 -0.232900 -0.329500
vn 0.256400 -0.128500 0.958000
vn 0.382400 -0.067900 0.921500
vn 0.327800 0.010500 0.944700
vn -0.459200 0.678900 0.572900
vn 0.652600 -0.308300 -0.692100
vn 0.465000 -0.309700 0.829300
vn -0.790000 0.058700 0.610300
vn -0.526400 -0.062500 0.847900
vn -0.249500 -0.190100 0.949500
vn -0.356500 -0.312500 0.880500
vn -0.335000 -0.160600 0.928400
vn 0.097300 -0.069200 0.992900
vn 0.066300 0.658900 0.749300
vn -0.033800 0.740400 0.671300
vn 0.003100 0.828700 0.559700
vn -0.189600 0.902500 0.386800
vn -0.161200 0.740300 0.652600
vn 0.550900 0.812000 0.192700
vn 0.546000 0.734000 0.403900
vn 0.756800 0.452900 0.471400
vn -0.550900 0.812000 0.192700
vn -0.546100 0.734000 0.403800
vn -0.756800 0.452900 0.471400
vn -0.045900 0.455600 0.889000
vn 0.031400 0.514400 0.857000
vn 0.349200 0.520600 0.779200
vn 0.349100 -0.227700 0.909000
vn 0.938700 -0.039400 0.342500
vn 0.944000 -0.202600 0.260600
vn 0.373600 -0.142300 0.916600
vn 0.956600 0.090200 0.277100
vn 0.413500 0.078000 0.907100
vn 0.427100 -0.056400 0.902400
vn 0.536000 -0.050300 0.842700
vn 0.510300 -0.140100 0.848500
vn 0.450500 -0.249900 0.857100
vn 0.331000 -0.154300 0.930900
vn 0.136900 -0.120500 0.983200
vn 0.142700 -0.179700 0.973300
vn -0.286600 -0.088900 0.953900
vn -0.000000 -0.149800 0.988700
vn -0.000000 -0.080500 0.996800
vn -0.136900 -0.120500 0.983200
vn -0.331000 -0.154300 0.930900
vn -0.381600 -0.022200 0.924100
vn -0.510300 -0.140100 0.848500
vn -0.142700 -0.179700 0.973300
vn 0.286600 -0.088900 0.953900
vn -0.000000 0.302200 0.953200
vn -0.031300 0.391600 0.919600
vn 0.345800 0.310200 0.885500
vn 0.354900 -0.050000 0.933600
vn 0.083000 0.192100 0.977900
vn -0.054800 0.005200 0.998500
vn 0.171100 -0.053200 0.983800
vn -0.243000 -0.154000 0.957700
vn -0.349100 -0.227700 0.909000
vn -0.938700 -0.039400 0.342500
vn -0.413500 0.078000 0.907100
vn -0.354900 -0.050000 0.933600
vn -0.083000 0.192100 0.977900
vn 0.054800 0.005200 0.998500
vn -0.000000 0.226100 0.974100
vn 0.353600 0.476800 0.804800
vn 0.048100 0.779800 0.624200
vn 0.378500 0.780600 0.497300
vn 0.577400 0.751100 0.320200
vn 0.694200 0.604300 0.390900
vn -0.577400 0.751100 0.320200
vn -0.378500 0.780600 0.497300
vn 0.249500 -0.190100 0.949500
vn 0.390700 -0.134200 0.910700
vn 0.356500 -0.312500 0.880500
vn 0.335000 -0.160600 0.928400
vn -0.097300 -0.069200 0.992900
vn -0.000000 -0.042800 0.999100
vn 0.015000 -0.252400 0.967500
vn -0.273500 -0.175400 0.945700
vn -0.478800 -0.219600 0.850000
vn -0.789700 -0.169200 0.589800
vn -0.963000 0.078400 0.258000
vn -0.956200 0.139000 0.257700
vn -0.983300 0.006800 -0.181700
vn -0.971400 -0.224700 -0.077000
vn -0.904300 -0.244500 -0.350000
vn -0.825700 -0.469700 -0.312400
vn -0.941100 -0.158700 -0.298500
vn -0.997500 0.036400 -0.061300
vn -0.858300 -0.268600 0.437300
vn -0.984900 0.173000 0.009900
vn -0.650800 -0.431100 0.625000
vn -0.979200 0.157700 0.127700
vn -0.496600 -0.289200 0.818400
vn -0.465600 -0.143800 0.873200
vn -0.427100 -0.056400 0.902400
vn 0.031300 0.391600 0.919600
vn -0.512200 -0.168300 0.842200
vn -0.490200 -0.387500 0.780800
vn -0.000000 -0.400900 0.916100
vn -0.450800 -0.367900 0.813300
vn -0.015000 -0.252400 0.967500
vn 0.127500 -0.376200 0.917700
vn 0.273500 -0.175400 0.945700
vn 0.490200 -0.387500 0.780800
vn 0.478800 -0.219600 0.850000
vn 0.496600 -0.289200 0.818400
vn 0.971400 -0.224700 -0.077000
vn 0.983300 0.006800 -0.181700
vn 0.904300 -0.244500 -0.350000
vn 0.825700 -0.469700 -0.312400
vn 0.645700 0.415100 0.640900
vn 0.941100 -0.158700 -0.298500
vn 0.997500 0.036400 -0.061300
vn 0.984900 0.172600 0.010300
vn 0.982800 0.134600 0.126400
vn 0.381600 -0.022200 0.924100
vn 0.046100 0.023800 0.998700
vn -0.000000 0.334300 -0.942500
vn 0.140700 0.515000 -0.845600
vn 0.027300 0.598500 -0.800700
vn 0.135200 0.770000 -0.623600
vn 0.787500 0.489800 -0.374000
vn 0.778600 0.608300 -0.154500
vn 0.428800 0.686800 -0.586900
vn 0.803000 0.585000 -0.114100
vn -0.826400 0.558400 -0.072300
vn -0.437200 0.660500 -0.610400
vn -0.783900 0.599500 -0.161500
vn -0.135200 0.770000 -0.623600
vn -0.744100 0.573100 -0.343400
vn -0.449100 0.184300 0.874300
vn -0.825000 0.549400 0.132100
vn -0.758100 0.641100 -0.119800
vn 0.449100 0.184300 0.874300
vn 0.825000 0.549400 0.132100
vn -0.545000 -0.267800 0.794500
vn 0.956200 0.139000 0.257700
usemtl torso.bmp
s 1
f 1/1/1 2/2/2 3/3/3
f 4/4/4 5/2/5 6/5/6
f 6/5/6 5/2/5 7/3/7
f 8/6/8 9/7/9 10/8/10
f 9/7/9 11/9/11 10/8/10
f 12/10/12 13/11/13 14/12/14
f 15/13/15 16/14/16 17/15/17
f 17/15/17 10/8/10 11/9/11
f 18/16/18 19/17/19 20/18/20
f 20/18/20 19/17/19 21/19/21
f 22/20/22 21/19/21 23/21/23
f 24/22/24 25/23/25 26/24/26
f 26/24/26 25/23/25 27/25/27
f 26/24/26 27/25/27 28/26/28
f 29/27/29 30/28/30 31/29/31
f 32/30/32 33/31/33 34/32/34
f 35/33/35 36/34/36 37/35/37
f 36/34/36 38/36/38 37/35/37
f 39/37/39 40/38/40 41/39/41
f 42/40/42 43/41/43 44/16/44
f 42/40/42 44/16/44 45/17/45
f 46/36/46 47/42/47 48/34/48
f 49/43/49 50/44/50 51/45/51
f 50/44/50 52/46/52 51/45/51
f 49/43/49 53/47/53 50/44/50
f 53/47/53 54/48/54 55/49/55
f 54/48/54 56/50/56 55/49/55
f 57/51/57 58/52/58 59/53/59
f 60/54/60 58/52/58 57/51/57
f 60/54/60 61/55/61 62/56/62
f 62/56/62 61/55/61 63/57/63
f 28/26/28 27/25/27 64/58/64
f 29/27/29 64/58/64 30/28/30
f 28/26/28 64/58/64 29/27/29
f 64/58/64 65/59/65 66/60/66
f 64/58/64 66/60/66 30/28/30
f 32/30/32 67/61/67 33/31/33
f 31/29/31 67/61/67 32/30/32
f 31/29/31 30/28/30 67/61/67
f 30/28/30 66/60/66 68/62/68
f 30/28/30 68/62/68 67/61/67
f 67/61/67 69/63/69 33/31/33
f 67/61/67 68/62/68 69/63/69
f 70/64/70 71/65/71 35/33/35
f 70/64/70 72/66/72 71/65/71
f 36/34/36 73/42/73 38/36/38
f 36/34/36 74/67/74 73/42/73
f 73/42/73 74/67/74 75/68/75
f 73/42/73 75/68/75 76/69/76
f 76/69/76 75/68/75 77/70/77
f 78/71/78 79/72/79 80/73/80
f 81/74/81 82/75/82 83/37/83
f 84/76/84 85/77/85 86/78/86
f 87/79/87 88/80/88 89/81/89
f 88/80/88 90/82/90 89/81/89
f 25/23/25 91/83/91 92/84/92
f 93/85/93 92/84/92 91/83/91
f 88/80/88 93/85/93 91/83/91
f 88/80/88 91/83/91 90/82/90
f 93/85/93 94/86/94 92/84/92
f 95/87/95 96/88/96 97/89/97
f 98/51/98 99/53/99 100/52/100
f 101/56/101 102/57/102 103/55/103
f 101/56/101 103/55/103 104/54/104
f 98/51/98 100/52/100 104/54/104
f 104/54/104 105/90/105 98/51/98
f 104/54/104 103/55/103 105/90/105
f 78/71/78 80/73/80 106/91/106
f 106/91/106 107/71/107 108/92/108
f 109/23/109 110/93/110 111/84/111
f 111/84/111 110/93/110 112/86/112
f 109/23/109 111/84/111 113/83/113
f 111/84/111 112/86/112 114/85/114
f 113/83/113 111/84/111 114/85/114
f 113/83/113 114/85/114 115/80/115
f 116/94/116 117/62/117 118/95/118
f 118/95/118 117/62/117 119/63/119
f 118/95/118 119/63/119 120/78/120
f 120/78/120 121/96/121 118/95/118
f 120/78/120 122/76/122 121/96/121
f 123/97/123 124/98/124 125/99/125
f 126/100/126 127/101/127 128/102/128
f 126/100/126 129/103/129 127/101/127
f 130/104/130 131/105/131 132/106/132
f 130/104/130 133/107/133 131/105/131
f 133/107/133 134/108/134 131/105/131
f 128/102/128 127/101/127 135/109/135
f 135/109/135 136/110/136 137/111/137
f 135/109/135 137/111/137 138/112/138
f 128/102/128 135/109/135 138/112/138
f 139/113/139 140/114/140 141/115/141
f 140/114/140 142/116/142 141/115/141
f 142/116/142 143/117/143 141/115/141
f 142/116/142 144/114/144 143/117/143
f 145/108/145 146/105/146 147/118/147
f 148/119/148 149/101/149 150/120/150
f 149/101/149 151/109/151 150/120/150
f 152/121/152 153/122/153 154/123/154
f 155/124/155 156/125/156 157/126/157
f 155/124/155 158/127/158 156/125/156
f 158/127/158 159/124/159 156/125/156
f 158/127/158 160/128/160 159/124/159
f 160/128/160 161/129/161 159/124/159
f 162/130/162 163/131/163 161/129/161
f 164/132/164 165/133/165 166/134/166
f 164/132/164 166/134/166 157/126/157
f 155/124/155 157/126/157 166/134/166
f 165/133/165 167/135/167 166/134/166
f 165/133/165 168/136/168 167/135/167
f 169/137/169 164/132/164 157/126/157
f 170/138/170 164/132/164 169/137/169
f 169/137/169 157/126/157 156/125/156
f 170/138/170 169/137/169 171/132/171
f 172/139/172 173/140/173 174/141/174
f 160/128/160 175/142/175 161/129/161
f 175/142/175 162/130/162 161/129/161
f 176/143/176 177/144/177 175/142/175
f 176/143/176 175/142/175 160/128/160
f 177/144/177 162/130/162 175/142/175
f 178/145/178 179/146/179 180/147/180
f 181/148/181 182/149/182 183/147/183
f 184/150/184 185/151/185 186/152/186
f 187/153/187 188/154/188 189/155/189
f 190/156/190 191/149/191 192/157/192
f 180/147/180 179/146/179 192/157/192
f 180/147/180 192/157/192 191/149/191
f 190/156/190 192/157/192 193/158/193
f 179/146/179 194/159/194 192/157/192
f 193/158/193 192/157/192 194/159/194
f 195/160/195 196/161/196 197/162/197
f 198/163/198 199/164/199 200/165/200
f 201/166/201 202/167/202 203/168/203
f 17/15/17 16/14/16 204/169/204
f 204/169/204 16/14/16 205/170/205
f 15/13/15 206/171/206 16/14/16
f 13/11/13 206/171/206 15/13/15
f 205/170/205 16/14/16 206/171/206
f 205/170/205 206/171/206 207/172/207
f 207/172/207 206/171/206 208/173/208
f 13/11/13 208/173/208 206/171/206
f 207/172/207 208/173/208 209/174/209
f 12/10/12 210/175/210 13/11/13
f 209/174/209 208/173/208 210/175/210
f 13/11/13 210/175/210 208/173/208
f 209/174/209 210/175/210 211/176/211
f 212/14/212 213/169/213 214/170/214
f 212/14/212 214/170/214 215/171/215
f 215/171/215 214/170/214 216/172/216
f 215/171/215 216/172/216 217/173/217
f 217/173/217 216/172/216 218/174/218
f 217/173/217 218/174/218 219/175/219
f 219/175/219 218/174/218 220/176/220
f 221/177/221 177/144/177 176/143/176
f 222/178/222 221/177/221 223/179/223
f 223/179/223 221/177/221 224/180/224
f 223/179/223 224/180/224 1/1/1
f 221/177/221 176/143/176 224/180/224
f 1/1/1 224/180/224 2/2/2
f 224/180/224 176/143/176 2/2/2
f 225/5/225 2/2/2 4/4/4
f 3/3/3 2/2/2 225/5/225
f 4/4/4 226/181/226 5/2/5
f 4/4/4 2/2/2 226/181/226
f 7/3/7 5/2/5 227/1/227
f 227/1/227 5/2/5 228/180/228
f 227/1/227 228/180/228 229/179/229
f 229/179/229 228/180/228 230/177/230
f 229/179/229 230/177/230 231/178/231
f 231/178/231 230/177/230 232/182/232
f 231/178/231 232/182/232 233/183/233
f 234/182/234 221/177/221 222/178/222
f 235/183/235 234/182/234 222/178/222
f 234/182/234 236/184/236 221/177/221
f 237/185/237 238/8/238 239/186/239
f 213/169/213 212/14/212 240/15/240
f 213/169/213 240/15/240 237/185/237
f 237/185/237 240/15/240 238/8/238
f 240/15/240 241/9/241 238/8/238
f 240/15/240 242/187/242 241/9/241
f 240/15/240 243/188/243 242/187/242
f 212/14/212 215/171/215 244/13/244
f 240/15/240 244/13/244 243/188/243
f 212/14/212 244/13/244 240/15/240
f 244/13/244 245/189/245 243/188/243
f 244/13/244 246/11/246 245/189/245
f 217/173/217 219/175/219 246/11/246
f 215/171/215 217/173/217 246/11/246
f 215/171/215 246/11/246 244/13/244
f 246/11/246 247/12/247 245/189/245
f 246/11/246 248/10/248 247/12/247
f 219/175/219 248/10/248 246/11/246
f 249/190/249 243/188/243 245/189/245
f 249/190/249 245/189/245 247/12/247
f 248/10/248 249/190/249 247/12/247
f 249/190/249 250/191/250 243/188/243
f 250/191/250 241/9/241 242/187/242
f 250/191/250 242/187/242 243/188/243
f 250/191/250 251/7/251 241/9/241
f 251/7/251 238/8/238 241/9/241
f 252/6/252 239/186/239 238/8/238
f 251/7/251 252/6/252 238/8/238
f 252/6/252 253/192/253 239/186/239
f 253/192/253 254/193/254 239/186/239
f 253/192/253 255/194/255 254/193/254
f 253/192/253 256/195/256 255/194/255
f 199/164/199 8/6/8 257/192/257
f 256/195/256 257/192/257 255/194/255
f 257/192/257 258/193/258 255/194/255
f 257/192/257 259/186/259 258/193/258
f 8/6/8 10/8/10 259/186/259
f 257/192/257 8/6/8 259/186/259
f 9/7/9 260/191/260 11/9/11
f 260/191/260 261/187/261 11/9/11
f 17/15/17 11/9/11 261/187/261
f 260/191/260 262/188/262 261/187/261
f 15/13/15 17/15/17 262/188/262
f 17/15/17 261/187/261 262/188/262
f 263/190/263 12/10/12 14/12/14
f 260/191/260 263/190/263 262/188/262
f 263/190/263 14/12/14 264/189/264
f 263/190/263 264/189/264 262/188/262
f 15/13/15 262/188/262 264/189/264
f 13/11/13 264/189/264 14/12/14
f 13/11/13 15/13/15 264/189/264
f 17/15/17 265/185/265 10/8/10
f 17/15/17 204/169/204 265/185/265
f 265/185/265 259/186/259 10/8/10
f 265/185/265 266/196/266 259/186/259
f 267/197/267 255/194/255 258/193/258
f 266/196/266 267/197/267 259/186/259
f 267/197/267 258/193/258 259/186/259
f 267/197/267 268/198/268 255/194/255
f 269/197/269 239/186/239 254/193/254
f 269/197/269 254/193/254 255/194/255
f 268/198/268 269/197/269 255/194/255
f 269/197/269 270/196/270 239/186/239
f 270/196/270 237/185/237 239/186/239
f 270/196/270 271/199/271 237/185/237
f 271/199/271 213/169/213 237/185/237
f 272/200/233 249/190/249 248/10/248
f 219/175/219 272/200/233 248/10/248
f 272/200/233 273/201/232 249/190/249
f 273/201/232 250/191/250 249/190/249
f 273/201/232 274/202/272 250/191/250
f 275/184/272 232/182/232 230/177/230
f 276/201/234 263/190/263 260/191/260
f 277/202/236 276/201/234 260/191/260
f 278/200/235 210/175/210 12/10/12
f 278/200/235 12/10/12 263/190/263
f 276/201/234 278/200/235 263/190/263
f 265/185/265 279/199/273 266/196/266
f 265/185/265 204/169/204 279/199/273
f 266/196/266 279/199/273 280/203/274
f 266/196/266 281/204/275 267/197/267
f 266/196/266 280/203/274 281/204/275
f 267/197/267 282/205/276 268/198/268
f 267/197/267 281/204/275 282/205/276
f 268/198/268 282/205/276 283/206/277
f 268/198/268 284/205/278 269/197/269
f 268/198/268 283/206/277 284/205/278
f 269/197/269 284/205/278 285/204/279
f 269/197/269 285/204/279 270/196/270
f 270/196/270 286/203/280 271/199/271
f 270/196/270 285/204/279 286/203/280
f 287/207/79 288/208/281 289/209/80
f 289/209/80 288/208/281 290/210/282
f 289/209/80 290/210/282 291/211/283
f 291/211/283 290/210/282 292/212/284
f 18/16/18 293/40/285 19/17/19
f 292/212/284 290/210/282 293/40/285
f 294/41/286 293/40/285 18/16/18
f 292/212/284 293/40/285 294/41/286
f 20/18/20 21/19/21 295/213/287
f 296/214/288 21/19/21 22/20/22
f 295/213/287 21/19/21 296/214/288
f 22/20/22 23/21/23 297/215/289
f 297/215/289 23/21/23 298/216/290
f 298/216/290 89/81/89 90/82/90
f 23/21/23 89/81/89 298/216/290
f 297/215/289 298/216/290 299/217/291
f 299/217/291 298/216/290 300/218/292
f 299/217/291 300/218/292 24/22/24
f 300/218/292 91/83/91 25/23/25
f 24/22/24 300/218/292 25/23/25
f 298/216/290 90/82/90 300/218/292
f 300/218/292 90/82/90 91/83/91
f 34/32/34 33/31/33 301/219/293
f 301/219/293 72/66/72 70/64/70
f 302/220/294 301/219/293 70/64/70
f 302/220/294 70/64/70 35/33/35
f 302/220/294 35/33/35 37/35/37
f 34/32/34 301/219/293 302/220/294
f 73/42/73 303/221/295 38/36/38
f 73/42/73 76/69/76 303/221/295
f 304/222/296 305/223/297 306/224/298
f 304/222/296 307/225/299 305/223/297
f 307/225/299 308/226/300 305/223/297
f 139/113/139 141/115/141 309/227/301
f 307/225/299 309/227/301 308/226/300
f 309/227/301 141/115/141 310/228/302
f 309/227/301 310/228/302 308/226/300
f 39/37/39 310/228/302 40/38/40
f 141/115/141 311/229/303 310/228/302
f 141/115/141 143/117/143 311/229/303
f 143/117/143 312/230/304 311/229/303
f 143/117/143 313/229/305 312/230/304
f 144/114/144 314/115/306 143/117/143
f 143/117/143 314/115/306 313/229/305
f 81/74/81 83/37/83 315/228/307
f 314/115/306 315/228/307 313/229/305
f 314/115/306 316/227/308 315/228/307
f 316/227/308 317/226/309 315/228/307
f 316/227/308 318/225/310 317/226/309
f 318/225/310 319/223/311 317/226/309
f 318/225/310 320/222/312 319/223/311
f 320/222/312 321/224/313 319/223/311
f 322/231/314 323/232/315 321/224/313
f 323/232/315 319/223/311 321/224/313
f 324/233/316 82/75/82 81/74/81
f 323/232/315 324/233/316 319/223/311
f 324/233/316 317/226/309 319/223/311
f 324/233/316 81/74/81 315/228/307
f 324/233/316 315/228/307 317/226/309
f 83/37/83 325/38/317 315/228/307
f 83/37/83 326/39/318 325/38/317
f 306/224/298 305/223/297 327/232/319
f 306/224/298 327/232/319 328/231/320
f 308/226/300 310/228/302 329/233/321
f 305/223/297 308/226/300 329/233/321
f 305/223/297 329/233/321 327/232/319
f 329/233/321 310/228/302 330/74/322
f 330/74/322 310/228/302 39/37/39
f 331/208/323 332/207/324 333/209/325
f 334/210/326 333/209/325 291/211/327
f 331/208/323 333/209/325 334/210/326
f 334/210/326 335/212/328 42/40/42
f 334/210/326 291/211/327 335/212/328
f 42/40/42 335/212/328 43/41/43
f 45/17/45 44/16/44 336/18/329
f 45/17/45 336/18/329 337/19/330
f 337/19/330 336/18/329 338/213/331
f 337/19/330 338/213/331 339/214/332
f 337/19/330 339/214/332 340/20/133
f 337/19/330 340/20/133 341/21/333
f 341/21/333 340/20/133 342/215/130
f 341/21/333 342/215/130 343/216/334
f 343/216/334 342/215/130 344/217/335
f 109/23/109 113/83/113 345/218/336
f 343/216/334 344/217/335 345/218/336
f 345/218/336 346/22/337 109/23/109
f 345/218/336 344/217/335 346/22/337
f 109/23/109 346/22/337 347/24/129
f 348/25/338 110/93/110 109/23/109
f 109/23/109 347/24/129 348/25/338
f 348/25/338 347/24/129 349/26/126
f 348/25/338 349/26/126 350/58/339
f 350/58/339 349/26/126 351/27/340
f 350/58/339 351/27/340 352/28/341
f 352/28/341 351/27/340 353/29/123
f 354/61/342 117/62/117 352/28/341
f 354/61/342 119/63/119 117/62/117
f 352/28/341 353/29/123 354/61/342
f 354/61/342 353/29/123 355/30/343
f 356/31/344 119/63/119 354/61/342
f 354/61/342 355/30/343 356/31/344
f 355/30/343 357/32/345 356/31/344
f 357/32/345 358/219/346 356/31/344
f 357/32/345 359/220/347 358/219/346
f 359/220/347 360/64/348 358/219/346
f 359/220/347 361/33/349 360/64/348
f 359/220/347 362/35/350 361/33/349
f 362/35/350 48/34/48 361/33/349
f 362/35/350 46/36/46 48/34/48
f 46/36/46 363/221/351 47/42/47
f 363/221/351 364/69/352 47/42/47
f 59/53/59 49/43/49 365/234/353
f 49/43/49 51/45/51 365/234/353
f 57/51/57 59/53/59 365/234/353
f 50/44/50 53/47/53 366/235/354
f 53/47/53 55/49/55 366/235/354
f 50/44/50 366/235/354 52/46/52
f 54/48/54 367/236/355 56/50/56
f 54/48/54 53/47/53 368/237/356
f 54/48/54 368/237/356 367/236/355
f 53/47/53 369/238/357 368/237/356
f 53/47/53 370/239/358 369/238/357
f 49/43/49 370/239/358 53/47/53
f 59/53/59 371/240/359 49/43/49
f 49/43/49 371/240/359 370/239/358
f 370/239/358 371/240/359 369/238/357
f 371/240/359 372/241/360 369/238/357
f 59/53/59 373/242/361 371/240/359
f 58/52/58 373/242/361 59/53/59
f 371/240/359 373/242/361 372/241/360
f 373/242/361 374/243/362 372/241/360
f 373/242/361 375/244/363 374/243/362
f 60/54/60 376/245/364 58/52/58
f 58/52/58 376/245/364 373/242/361
f 373/242/361 376/245/364 375/244/363
f 62/56/62 376/245/364 60/54/60
f 376/245/364 377/246/365 375/244/363
f 376/245/364 378/247/366 377/246/365
f 62/56/62 63/57/63 379/248/367
f 379/248/367 378/247/366 376/245/364
f 379/248/367 376/245/364 62/56/62
f 57/51/57 365/234/353 380/90/368
f 60/54/60 380/90/368 61/55/61
f 57/51/57 380/90/368 60/54/60
f 84/76/84 86/78/86 381/96/369
f 381/96/369 382/249/370 383/250/371
f 381/96/369 383/250/371 384/251/372
f 384/251/372 383/250/371 385/252/373
f 385/252/373 383/250/371 386/253/374
f 385/252/373 386/253/374 387/254/375
f 387/254/375 386/253/374 388/255/376
f 387/254/375 388/255/376 389/256/377
f 389/256/377 388/255/376 390/257/378
f 94/86/94 391/258/379 390/257/378
f 94/86/94 93/85/93 391/258/379
f 389/256/377 390/257/378 391/258/379
f 389/256/377 391/258/379 392/259/380
f 392/259/380 391/258/379 393/260/381
f 392/259/380 393/260/381 287/207/79
f 93/85/93 88/80/88 393/260/381
f 93/85/93 393/260/381 391/258/379
f 88/80/88 394/261/382 393/260/381
f 287/207/79 393/260/381 394/261/382
f 287/207/79 394/261/382 288/208/281
f 88/80/88 87/79/87 394/261/382
f 288/208/281 394/261/382 395/262/383
f 288/208/281 395/262/383 290/210/282
f 87/79/87 395/262/383 394/261/382
f 290/210/282 395/262/383 293/40/285
f 293/40/285 395/262/383 19/17/19
f 21/19/21 396/263/384 23/21/23
f 19/17/19 396/263/384 21/19/21
f 19/17/19 395/262/383 396/263/384
f 87/79/87 89/81/89 396/263/384
f 23/21/23 396/263/384 89/81/89
f 87/79/87 396/263/384 395/262/383
f 94/86/94 397/93/385 92/84/92
f 25/23/25 92/84/92 397/93/385
f 25/23/25 397/93/385 27/25/27
f 27/25/27 398/264/386 64/58/64
f 27/25/27 397/93/385 398/264/386
f 64/58/64 398/264/386 65/59/65
f 86/78/86 399/265/387 69/63/69
f 33/31/33 69/63/69 399/265/387
f 33/31/33 399/265/387 301/219/293
f 86/78/86 85/77/85 399/265/387
f 301/219/293 399/265/387 400/266/388
f 301/219/293 400/266/388 72/66/72
f 35/33/35 71/65/71 401/267/389
f 35/33/35 401/267/389 36/34/36
f 36/34/36 401/267/389 74/67/74
f 76/69/76 77/70/77 402/268/390
f 402/268/390 77/70/77 403/269/391
f 404/122/392 405/121/393 406/123/394
f 406/123/394 405/121/393 407/270/395
f 406/123/394 407/270/395 408/271/396
f 408/271/396 407/270/395 409/272/397
f 408/271/396 409/272/397 410/273/398
f 409/272/397 411/274/399 410/273/398
f 41/39/41 410/273/398 412/275/400
f 41/39/41 412/275/400 39/37/39
f 411/274/399 412/275/400 410/273/398
f 411/274/399 413/75/401 412/275/400
f 39/37/39 413/75/401 330/74/322
f 39/37/39 412/275/400 413/75/401
f 330/74/322 413/75/401 329/233/321
f 411/274/399 414/276/402 413/75/401
f 414/276/402 415/277/403 413/75/401
f 329/233/321 413/75/401 415/277/403
f 414/276/402 125/99/125 415/277/403
f 329/233/321 415/277/403 327/232/319
f 125/99/125 124/98/124 416/278/404
f 125/99/125 416/278/404 415/277/403
f 327/232/319 415/277/403 416/278/404
f 327/232/319 416/278/404 328/231/320
f 128/102/128 138/112/138 417/279/405
f 124/98/124 417/279/405 416/278/404
f 416/278/404 417/279/405 328/231/320
f 124/98/124 418/280/406 417/279/405
f 418/280/406 128/102/128 417/279/405
f 127/101/127 419/120/407 135/109/135
f 419/120/407 136/110/136 135/109/135
f 129/103/129 420/119/408 127/101/127
f 127/101/127 420/119/408 419/120/407
f 420/119/408 421/281/409 419/120/407
f 420/119/408 422/282/410 421/281/409
f 422/282/410 423/283/411 421/281/409
f 422/282/410 132/106/132 423/283/411
f 132/106/132 131/105/131 424/284/412
f 132/106/132 424/284/412 423/283/411
f 131/105/131 425/118/413 424/284/412
f 131/105/131 134/108/134 425/118/413
f 134/108/134 426/285/331 425/118/413
f 426/285/331 427/286/414 425/118/413
f 426/285/331 428/287/415 427/286/414
f 429/288/369 430/289/416 431/290/417
f 429/288/369 431/290/417 318/225/310
f 431/290/417 320/222/312 318/225/310
f 429/288/369 432/291/372 430/289/416
f 432/291/372 433/292/418 430/289/416
f 432/291/372 434/293/373 433/292/418
f 434/293/373 435/294/375 433/292/418
f 435/294/375 436/295/419 433/292/418
f 435/294/375 437/296/377 436/295/419
f 436/295/419 437/296/377 438/297/420
f 438/297/420 437/296/377 439/298/421
f 439/298/421 437/296/377 440/299/380
f 441/300/422 440/299/380 79/72/79
f 439/298/421 440/299/380 441/300/422
f 441/300/422 79/72/79 78/71/78
f 322/231/314 442/279/423 443/278/424
f 322/231/314 443/278/424 323/232/315
f 324/233/316 444/277/425 82/75/82
f 323/232/315 444/277/425 324/233/316
f 323/232/315 443/278/424 444/277/425
f 83/37/83 445/275/426 326/39/318
f 83/37/83 82/75/82 445/275/426
f 326/39/318 445/275/426 446/273/427
f 326/39/318 446/273/427 447/301/428
f 447/301/428 446/273/427 448/271/429
f 449/302/430 448/271/429 154/123/154
f 447/301/428 448/271/429 449/302/430
f 450/303/431 154/123/154 153/122/153
f 449/302/430 154/123/154 450/303/431
f 450/303/431 153/122/153 451/304/390
f 450/303/431 451/304/390 452/305/432
f 453/306/433 85/77/85 84/76/84
f 453/306/433 454/307/434 85/77/85
f 85/77/85 454/307/434 399/265/387
f 454/307/434 400/266/388 399/265/387
f 381/96/369 455/95/435 382/249/370
f 455/95/435 86/78/86 69/63/69
f 455/95/435 69/63/69 68/62/68
f 381/96/369 86/78/86 455/95/435
f 455/95/435 456/94/436 382/249/370
f 456/94/436 455/95/435 68/62/68
f 456/94/436 68/62/68 66/60/66
f 456/94/436 457/308/437 382/249/370
f 457/308/437 383/250/371 382/249/370
f 457/308/437 456/94/436 66/60/66
f 457/308/437 66/60/66 65/59/65
f 458/309/438 388/255/376 386/253/374
f 458/309/438 386/253/374 383/250/371
f 457/308/437 458/309/438 383/250/371
f 458/309/438 65/59/65 398/264/386
f 458/309/438 457/308/437 65/59/65
f 459/310/439 398/264/386 397/93/385
f 459/310/439 458/309/438 398/264/386
f 459/310/439 390/257/378 388/255/376
f 94/86/94 459/310/439 397/93/385
f 459/310/439 94/86/94 390/257/378
f 458/309/438 459/310/439 388/255/376
f 460/311/440 72/66/72 400/266/388
f 454/307/434 460/311/440 400/266/388
f 460/311/440 71/65/71 72/66/72
f 461/312/441 439/298/421 441/300/422
f 461/312/441 441/300/422 462/313/442
f 461/312/441 462/313/442 463/314/443
f 463/314/443 462/313/442 464/315/444
f 463/314/443 464/315/444 465/316/445
f 463/314/443 465/316/445 466/317/446
f 466/317/446 465/316/445 96/88/96
f 466/317/446 96/88/96 95/87/95
f 95/87/95 97/89/97 467/318/447
f 95/87/95 467/318/447 468/319/448
f 468/319/448 467/318/447 469/320/449
f 468/319/448 469/320/449 470/321/450
f 470/321/450 469/320/449 471/322/451
f 438/297/420 472/323/452 436/295/419
f 470/321/450 471/322/451 472/323/452
f 470/321/450 472/323/452 473/324/453
f 473/324/453 472/323/452 438/297/420
f 474/325/454 438/297/420 439/298/421
f 474/325/454 439/298/421 461/312/441
f 473/324/453 438/297/420 474/325/454
f 462/313/442 441/300/422 475/326/455
f 475/326/455 441/300/422 78/71/78
f 476/92/456 78/71/78 106/91/106
f 475/326/455 78/71/78 476/92/456
f 476/92/456 106/91/106 477/327/457
f 477/327/457 106/91/106 478/328/458
f 477/327/457 478/328/458 479/329/459
f 477/327/457 479/329/459 480/330/460
f 480/330/460 479/329/459 481/331/461
f 481/331/461 479/329/459 482/286/462
f 482/286/462 147/118/147 483/332/463
f 481/331/461 482/286/462 483/332/463
f 481/331/461 483/332/463 484/333/464
f 484/333/464 483/332/463 485/334/465
f 465/316/445 486/335/466 96/88/96
f 485/334/465 486/335/466 465/316/445
f 485/334/465 483/332/463 486/335/466
f 147/118/147 486/335/466 483/332/463
f 436/295/419 472/323/452 487/336/467
f 436/295/419 487/336/467 433/292/418
f 433/292/418 488/337/468 430/289/416
f 430/289/416 488/337/468 431/290/417
f 433/292/418 487/336/467 488/337/468
f 431/290/417 488/337/468 489/338/469
f 321/224/313 320/222/312 490/339/470
f 431/290/417 489/338/469 490/339/470
f 320/222/312 431/290/417 490/339/470
f 490/339/470 489/338/469 491/340/471
f 490/339/470 491/340/471 492/341/472
f 321/224/313 490/339/470 492/341/472
f 322/231/314 321/224/313 492/341/472
f 492/341/472 491/340/471 493/342/473
f 442/279/423 322/231/314 494/343/474
f 492/341/472 493/342/473 494/343/474
f 322/231/314 492/341/472 494/343/474
f 494/343/474 493/342/473 495/111/475
f 495/111/475 493/342/473 496/344/476
f 495/111/475 496/344/476 497/110/477
f 497/110/477 151/109/151 495/111/475
f 497/110/477 150/120/150 151/109/151
f 497/110/477 469/320/449 467/318/447
f 467/318/447 150/120/150 497/110/477
f 497/110/477 498/345/478 469/320/449
f 497/110/477 496/344/476 498/345/478
f 499/246/479 500/244/480 501/346/481
f 499/246/479 501/346/481 502/247/482
f 502/247/482 501/346/481 503/347/483
f 503/347/483 501/346/481 504/348/484
f 504/348/484 501/346/481 505/349/485
f 504/348/484 505/349/485 506/350/486
f 506/350/486 505/349/485 507/351/487
f 506/350/486 507/351/487 508/352/488
f 508/352/488 507/351/487 509/353/489
f 508/352/488 509/353/489 510/354/490
f 510/354/490 509/353/489 511/355/491
f 511/355/491 509/353/489 512/356/492
f 511/355/491 512/356/492 513/357/493
f 513/357/493 512/356/492 514/358/494
f 514/358/494 512/356/492 515/359/495
f 512/356/492 509/353/489 516/360/496
f 512/356/492 516/360/496 515/359/495
f 509/353/489 507/351/487 517/361/497
f 509/353/489 517/361/497 516/360/496
f 507/351/487 518/362/498 517/361/497
f 505/349/485 501/346/481 519/363/499
f 507/351/487 505/349/485 519/363/499
f 507/351/487 519/363/499 518/362/498
f 520/364/500 501/346/481 500/244/480
f 519/363/499 501/346/481 520/364/500
f 520/364/500 500/244/480 521/243/501
f 521/243/501 500/244/480 522/242/502
f 99/53/99 522/242/502 100/52/100
f 521/243/501 522/242/502 523/241/503
f 523/241/503 522/242/502 524/240/504
f 99/53/99 524/240/504 522/242/502
f 523/241/503 524/240/504 525/238/505
f 525/238/505 524/240/504 526/239/506
f 525/238/505 526/239/506 527/47/507
f 525/238/505 527/47/507 528/237/508
f 528/237/508 527/47/507 529/48/509
f 528/237/508 529/48/509 530/236/510
f 530/236/510 529/48/509 531/50/511
f 531/50/511 529/48/509 532/49/512
f 532/49/512 529/48/509 527/47/507
f 532/49/512 527/47/507 533/235/513
f 533/235/513 527/47/507 534/44/514
f 533/235/513 534/44/514 535/46/515
f 535/46/515 534/44/514 536/45/516
f 537/43/517 527/47/507 526/239/506
f 534/44/514 527/47/507 537/43/517
f 537/43/517 526/239/506 524/240/504
f 536/45/516 534/44/514 537/43/517
f 537/43/517 524/240/504 99/53/99
f 98/51/98 105/90/105 538/234/518
f 538/234/518 537/43/517 99/53/99
f 538/234/518 99/53/99 98/51/98
f 536/45/516 537/43/517 538/234/518
f 104/54/104 100/52/100 539/245/519
f 104/54/104 539/245/519 101/56/101
f 499/246/479 502/247/482 539/245/519
f 539/245/519 500/244/480 499/246/479
f 539/245/519 522/242/502 500/244/480
f 100/52/100 522/242/502 539/245/519
f 101/56/101 539/245/519 540/248/520
f 502/247/482 540/248/520 539/245/519
f 101/56/101 540/248/520 102/57/102
f 541/297/521 542/295/522 543/323/523
f 542/295/522 544/336/524 543/323/523
f 542/295/522 545/292/525 544/336/524
f 545/292/525 546/337/526 544/336/524
f 545/292/525 547/289/527 546/337/526
f 548/290/528 307/225/299 304/222/296
f 547/289/527 548/290/528 546/337/526
f 548/290/528 549/338/529 546/337/526
f 304/222/296 550/339/530 548/290/528
f 306/224/298 550/339/530 304/222/296
f 548/290/528 550/339/530 549/338/529
f 550/339/530 551/340/531 549/338/529
f 550/339/530 552/341/532 551/340/531
f 328/231/320 552/341/532 306/224/298
f 306/224/298 552/341/532 550/339/530
f 552/341/532 553/342/533 551/340/531
f 138/112/138 137/111/137 554/343/534
f 138/112/138 554/343/534 417/279/405
f 417/279/405 554/343/534 328/231/320
f 554/343/534 137/111/137 553/342/533
f 552/341/532 554/343/534 553/342/533
f 328/231/320 554/343/534 552/341/532
f 137/111/137 136/110/136 555/344/535
f 137/111/137 555/344/535 553/342/533
f 136/110/136 556/345/536 555/344/535
f 136/110/136 557/320/537 556/345/536
f 421/281/409 558/318/538 419/120/407
f 419/120/407 558/318/538 136/110/136
f 136/110/136 558/318/538 557/320/537
f 559/88/539 560/334/540 561/316/541
f 559/88/539 562/335/542 560/334/540
f 424/284/412 562/335/542 423/283/411
f 423/283/411 562/335/542 559/88/539
f 563/332/543 562/335/542 424/284/412
f 563/332/543 424/284/412 425/118/413
f 427/286/414 563/332/543 425/118/413
f 562/335/542 563/332/543 560/334/540
f 563/332/543 564/333/544 560/334/540
f 563/332/543 565/331/545 564/333/544
f 563/332/543 427/286/414 565/331/545
f 427/286/414 566/329/546 565/331/545
f 566/329/546 567/330/547 565/331/545
f 106/91/106 108/92/108 568/327/548
f 566/329/546 568/327/548 567/330/547
f 569/328/549 106/91/106 568/327/548
f 566/329/546 569/328/549 568/327/548
f 108/92/108 107/71/107 570/326/550
f 570/326/550 107/71/107 571/300/551
f 570/326/550 571/300/551 572/313/552
f 572/313/552 571/300/551 573/312/553
f 572/313/552 573/312/553 574/314/554
f 575/315/555 574/314/554 561/316/541
f 572/313/552 574/314/554 575/315/555
f 561/316/541 574/314/554 576/317/556
f 561/316/541 576/317/556 559/88/539
f 423/283/411 559/88/539 577/89/557
f 559/88/539 576/317/556 577/89/557
f 421/281/409 577/89/557 558/318/538
f 423/283/411 577/89/557 421/281/409
f 577/89/557 578/87/558 558/318/538
f 577/89/557 576/317/556 578/87/558
f 558/318/538 579/319/559 557/320/537
f 558/318/538 578/87/558 579/319/559
f 557/320/537 579/319/559 580/321/560
f 581/322/561 580/321/560 543/323/523
f 557/320/537 580/321/560 581/322/561
f 543/323/523 580/321/560 582/324/562
f 543/323/523 582/324/562 541/297/521
f 541/297/521 582/324/562 583/325/563
f 584/298/564 573/312/553 571/300/551
f 584/298/564 583/325/563 573/312/553
f 541/297/521 583/325/563 584/298/564
f 585/365/565 586/366/566 587/367/567
f 588/368/568 587/367/567 56/50/56
f 588/368/568 56/50/56 367/236/355
f 585/365/565 587/367/567 588/368/568
f 588/368/568 589/369/569 585/365/565
f 588/368/568 367/236/355 589/369/569
f 590/268/570 591/70/571 364/69/352
f 590/268/570 592/269/572 591/70/571
f 364/69/352 593/68/573 47/42/47
f 364/69/352 591/70/571 593/68/573
f 47/42/47 594/67/574 48/34/48
f 47/42/47 593/68/573 594/67/574
f 48/34/48 594/67/574 595/267/575
f 48/34/48 595/267/575 361/33/349
f 361/33/349 595/267/575 596/65/576
f 361/33/349 596/65/576 360/64/348
f 360/64/348 597/66/577 358/219/346
f 360/64/348 596/65/576 597/66/577
f 358/219/346 597/66/577 598/266/578
f 120/78/120 119/63/119 599/265/579
f 358/219/346 598/266/578 599/265/579
f 358/219/346 599/265/579 356/31/344
f 356/31/344 599/265/579 119/63/119
f 116/94/116 600/60/580 117/62/117
f 352/28/341 117/62/117 600/60/580
f 352/28/341 600/60/580 350/58/339
f 350/58/339 600/60/580 601/59/581
f 350/58/339 601/59/581 602/264/582
f 348/25/338 602/264/582 110/93/110
f 350/58/339 602/264/582 348/25/338
f 114/85/114 112/86/112 603/258/583
f 114/85/114 604/260/584 115/80/115
f 114/85/114 603/258/583 604/260/584
f 115/80/115 604/260/584 605/261/585
f 331/208/323 605/261/585 332/207/324
f 332/207/324 605/261/585 604/260/584
f 115/80/115 605/261/585 606/79/586
f 42/40/42 607/262/587 334/210/326
f 334/210/326 607/262/587 331/208/323
f 45/17/45 607/262/587 42/40/42
f 331/208/323 607/262/587 605/261/585
f 606/79/586 605/261/585 607/262/587
f 606/79/586 607/262/587 608/263/588
f 337/19/330 608/263/588 45/17/45
f 341/21/333 608/263/588 337/19/330
f 45/17/45 608/263/588 607/262/587
f 606/79/586 608/263/588 609/81/589
f 341/21/333 609/81/589 608/263/588
f 606/79/586 609/81/589 115/80/115
f 343/216/334 609/81/589 341/21/333
f 115/80/115 609/81/589 610/82/590
f 343/216/334 610/82/590 609/81/589
f 345/218/336 113/83/113 610/82/590
f 610/82/590 113/83/113 115/80/115
f 345/218/336 610/82/590 343/216/334
f 332/207/324 604/260/584 611/259/591
f 611/259/591 604/260/584 603/258/583
f 611/259/591 603/258/583 612/256/592
f 613/257/593 603/258/583 112/86/112
f 612/256/592 603/258/583 613/257/593
f 613/257/593 112/86/112 614/310/594
f 614/310/594 110/93/110 602/264/582
f 614/310/594 112/86/112 110/93/110
f 615/309/595 602/264/582 601/59/581
f 614/310/594 602/264/582 615/309/595
f 616/308/596 601/59/581 600/60/580
f 615/309/595 601/59/581 616/308/596
f 616/308/596 600/60/580 116/94/116
f 120/78/120 599/265/579 617/77/597
f 617/77/597 122/76/122 120/78/120
f 617/77/597 599/265/579 618/307/598
f 618/307/598 599/265/579 598/266/578
f 619/311/599 597/66/577 596/65/576
f 619/311/599 598/266/578 597/66/577
f 618/307/598 598/266/578 619/311/599
f 620/303/600 404/122/392 406/123/394
f 621/370/601 622/305/602 620/303/600
f 621/370/601 620/303/600 623/371/603
f 623/371/603 620/303/600 624/372/604
f 620/303/600 406/123/394 625/302/605
f 624/372/604 620/303/600 625/302/605
f 625/302/605 406/123/394 408/271/396
f 624/372/604 625/302/605 626/373/606
f 626/373/606 625/302/605 627/301/607
f 625/302/605 408/271/396 627/301/607
f 627/301/607 408/271/396 410/273/398
f 627/301/607 410/273/398 41/39/41
f 626/373/606 627/301/607 628/374/608
f 628/374/608 627/301/607 41/39/41
f 629/375/609 40/38/40 310/228/302
f 629/375/609 41/39/41 40/38/40
f 628/374/608 41/39/41 629/375/609
f 629/375/609 310/228/302 630/376/610
f 630/376/610 310/228/302 311/229/303
f 630/376/610 311/229/303 631/377/611
f 632/378/612 312/230/304 313/229/305
f 632/378/612 311/229/303 312/230/304
f 631/377/611 311/229/303 632/378/612
f 632/378/612 313/229/305 633/377/613
f 633/377/613 313/229/305 634/376/614
f 634/376/614 313/229/305 315/228/307
f 635/375/615 325/38/317 326/39/318
f 634/376/614 315/228/307 635/375/615
f 635/375/615 315/228/307 325/38/317
f 635/375/615 326/39/318 636/374/616
f 636/374/616 326/39/318 447/301/428
f 636/374/616 447/301/428 637/373/617
f 637/373/617 447/301/428 449/302/430
f 637/373/617 449/302/430 638/372/618
f 638/372/618 449/302/430 450/303/431
f 638/372/618 450/303/431 639/371/619
f 640/370/620 450/303/431 452/305/432
f 639/371/619 450/303/431 640/370/620
f 617/77/597 641/306/139 122/76/122
f 618/307/598 641/306/139 617/77/597
f 118/95/118 642/249/621 116/94/116
f 116/94/116 642/249/621 616/308/596
f 118/95/118 121/96/121 642/249/621
f 616/308/596 642/249/621 643/250/622
f 616/308/596 643/250/622 615/309/595
f 121/96/121 643/250/622 642/249/621
f 615/309/595 643/250/622 644/253/623
f 612/256/592 613/257/593 645/255/624
f 645/255/624 613/257/593 614/310/594
f 645/255/624 614/310/594 615/309/595
f 644/253/623 645/255/624 615/309/595
f 612/256/592 645/255/624 646/254/625
f 646/254/625 645/255/624 644/253/623
f 647/252/626 644/253/623 643/250/622
f 646/254/625 644/253/623 647/252/626
f 648/251/627 643/250/622 121/96/121
f 647/252/626 643/250/622 648/251/627
f 374/243/362 375/244/363 649/364/628
f 650/346/629 377/246/365 378/247/366
f 649/364/628 375/244/363 650/346/629
f 650/346/629 375/244/363 377/246/365
f 649/364/628 650/346/629 651/363/630
f 651/363/630 650/346/629 652/349/631
f 651/363/630 652/349/631 653/351/632
f 651/363/630 653/351/632 654/362/633
f 654/362/633 653/351/632 655/361/634
f 655/361/634 653/351/632 656/353/635
f 655/361/634 656/353/635 657/360/636
f 657/360/636 656/353/635 658/356/637
f 657/360/636 658/356/637 659/359/569
f 659/359/569 658/356/637 660/358/638
f 660/358/638 658/356/637 661/357/566
f 658/356/637 656/353/635 662/355/639
f 658/356/637 662/355/639 661/357/566
f 656/353/635 663/354/203 662/355/639
f 656/353/635 653/351/632 664/352/201
f 656/353/635 664/352/201 663/354/203
f 653/351/632 652/349/631 665/350/640
f 653/351/632 665/350/640 664/352/201
f 652/349/631 650/346/629 666/348/641
f 652/349/631 666/348/641 665/350/640
f 650/346/629 667/347/642 666/348/641
f 650/346/629 378/247/366 667/347/642
f 620/303/600 668/304/570 404/122/392
f 622/305/602 668/304/570 620/303/600
f 669/379/352 404/122/392 668/304/570
f 670/380/351 405/121/393 404/122/392
f 669/379/352 670/380/351 404/122/392
f 671/381/46 407/270/395 405/121/393
f 670/380/351 671/381/46 405/121/393
f 671/381/46 672/382/643 407/270/395
f 672/382/643 411/274/399 409/272/397
f 672/382/643 409/272/397 407/270/395
f 672/382/643 673/383/347 411/274/399
f 674/384/644 414/276/402 411/274/399
f 673/383/347 674/384/644 411/274/399
f 674/384/644 675/385/343 414/276/402
f 675/385/343 125/99/125 414/276/402
f 675/385/343 123/97/123 125/99/125
f 676/386/340 418/280/406 124/98/124
f 676/386/340 128/102/128 418/280/406
f 676/386/340 126/100/126 128/102/128
f 123/97/123 676/386/340 124/98/124
f 129/103/129 677/387/337 420/119/408
f 677/387/337 422/282/410 420/119/408
f 678/388/335 132/106/132 422/282/410
f 678/388/335 130/104/130 132/106/132
f 677/387/337 678/388/335 422/282/410
f 679/389/332 426/285/331 134/108/134
f 133/107/133 679/389/332 134/108/134
f 531/50/511 680/367/645 681/368/646
f 531/50/511 681/368/646 530/236/510
f 530/236/510 681/368/646 682/369/495
f 682/369/495 681/368/646 683/365/647
f 683/365/647 681/368/646 680/367/645
f 683/365/647 680/367/645 684/366/493
f 685/379/76 451/304/390 153/122/153
f 686/380/295 153/122/153 152/121/152
f 685/379/76 153/122/153 686/380/295
f 686/380/295 152/121/152 687/381/38
f 687/381/38 152/121/152 688/270/648
f 688/270/648 154/123/154 448/271/429
f 688/270/648 152/121/152 154/123/154
f 689/272/649 688/270/648 448/271/429
f 689/272/649 448/271/429 446/273/427
f 687/381/38 688/270/648 689/272/649
f 687/381/38 689/272/649 690/382/37
f 691/274/650 446/273/427 445/275/426
f 691/274/650 445/275/426 82/75/82
f 691/274/650 689/272/649 446/273/427
f 690/382/37 689/272/649 691/274/650
f 690/382/37 691/274/650 692/383/294
f 692/383/294 691/274/650 693/276/651
f 693/276/651 82/75/82 444/277/425
f 693/276/651 691/274/650 82/75/82
f 692/383/294 693/276/651 694/384/34
f 694/384/34 693/276/651 695/385/32
f 696/99/652 693/276/651 444/277/425
f 696/99/652 444/277/425 443/278/424
f 695/385/32 693/276/651 696/99/652
f 695/385/32 696/99/652 697/97/31
f 698/98/653 696/99/652 443/278/424
f 698/98/653 443/278/424 442/279/423
f 697/97/31 696/99/652 698/98/653
f 697/97/31 698/98/653 699/386/29
f 700/280/654 698/98/653 442/279/423
f 699/386/29 698/98/653 700/280/654
f 701/102/655 700/280/654 442/279/423
f 699/386/29 700/280/654 701/102/655
f 149/101/149 701/102/655 151/109/151
f 699/386/29 701/102/655 702/100/28
f 702/100/28 701/102/655 149/101/149
f 703/103/26 149/101/149 148/119/148
f 702/100/28 149/101/149 703/103/26
f 703/103/26 148/119/148 704/387/24
f 704/387/24 148/119/148 705/282/656
f 704/387/24 705/282/656 706/388/291
f 706/388/291 705/282/656 707/106/657
f 708/104/289 707/106/657 146/105/146
f 706/388/291 707/106/657 708/104/289
f 709/107/22 146/105/146 145/108/145
f 708/104/289 146/105/146 709/107/22
f 709/107/22 145/108/145 710/389/288
f 710/389/288 145/108/145 711/285/287
f 711/285/287 145/108/145 147/118/147
f 711/285/287 147/118/147 482/286/462
f 548/290/528 712/288/121 307/225/299
f 713/390/122 309/227/301 307/225/299
f 713/390/122 139/113/139 309/227/301
f 712/288/121 713/390/122 307/225/299
f 144/114/144 714/113/433 314/115/306
f 714/113/433 316/227/308 314/115/306
f 715/390/84 318/225/310 316/227/308
f 715/390/84 429/288/369 318/225/310
f 714/113/433 715/390/84 316/227/308
f 146/105/146 707/106/657 716/284/658
f 716/284/658 96/88/96 486/335/466
f 146/105/146 716/284/658 147/118/147
f 147/118/147 716/284/658 486/335/466
f 716/284/658 717/283/659 96/88/96
f 707/106/657 705/282/656 717/283/659
f 707/106/657 717/283/659 716/284/658
f 96/88/96 717/283/659 97/89/97
f 148/119/148 150/120/150 718/281/660
f 705/282/656 148/119/148 718/281/660
f 705/282/656 718/281/660 717/283/659
f 467/318/447 718/281/660 150/120/150
f 97/89/97 718/281/660 467/318/447
f 97/89/97 717/283/659 718/281/660
f 701/102/655 442/279/423 719/112/661
f 701/102/655 719/112/661 151/109/151
f 495/111/475 719/112/661 494/343/474
f 495/111/475 151/109/151 719/112/661
f 494/343/474 719/112/661 442/279/423
f 106/91/106 720/73/325 107/71/107
f 107/71/107 720/73/325 721/72/324
f 107/71/107 721/72/324 571/300/551
f 571/300/551 721/72/324 722/299/591
f 571/300/551 722/299/591 584/298/564
f 584/298/564 723/296/592 541/297/521
f 541/297/521 723/296/592 542/295/522
f 584/298/564 722/299/591 723/296/592
f 542/295/522 724/294/662 545/292/525
f 542/295/522 723/296/592 724/294/662
f 545/292/525 724/294/662 725/293/626
f 548/290/528 726/291/627 712/288/121
f 547/289/527 726/291/627 548/290/528
f 545/292/525 726/291/627 547/289/527
f 545/292/525 725/293/626 726/291/627
f 727/287/663 711/285/287 482/286/462
f 728/146/664 729/145/665 183/147/183
f 183/147/183 729/145/665 730/391/666
f 183/147/183 730/391/666 181/148/181
f 181/148/181 730/391/666 731/392/667
f 181/148/181 731/392/667 732/393/668
f 732/393/668 731/392/667 733/394/328
f 732/393/668 733/394/328 734/395/669
f 734/395/669 733/394/328 735/396/106
f 158/127/158 155/124/155 736/128/670
f 737/129/671 155/124/155 166/134/166
f 737/129/671 166/134/166 167/135/167
f 736/128/670 155/124/155 737/129/671
f 736/128/670 737/129/671 738/142/672
f 738/142/672 737/129/671 739/130/673
f 740/131/674 737/129/671 167/135/167
f 739/130/673 737/129/671 740/131/674
f 739/130/673 740/131/674 741/397/675
f 741/397/675 740/131/674 742/398/676
f 740/131/674 167/135/167 743/399/677
f 742/398/676 740/131/674 743/399/677
f 168/136/168 743/399/677 167/135/167
f 201/166/201 744/397/678 202/167/202
f 202/167/202 744/397/678 177/144/177
f 177/144/177 744/397/678 162/130/162
f 162/130/162 744/397/678 163/131/163
f 744/397/678 745/398/679 163/131/163
f 745/398/679 746/399/680 163/131/163
f 163/131/163 747/135/681 161/129/161
f 163/131/163 746/399/680 747/135/681
f 161/129/161 748/134/682 159/124/159
f 161/129/161 747/135/681 748/134/682
f 749/126/683 156/125/156 159/124/159
f 748/134/682 749/126/683 159/124/159
f 749/126/683 169/137/169 156/125/156
f 171/132/171 169/137/169 749/126/683
f 171/132/171 749/126/683 748/134/682
f 168/136/168 750/400/684 743/399/677
f 750/400/684 751/401/685 743/399/677
f 750/400/684 752/140/686 751/401/685
f 750/400/684 753/139/687 752/140/686
f 753/139/687 754/141/688 752/140/686
f 753/139/687 755/402/689 754/141/688
f 755/402/689 756/403/690 754/141/688
f 756/403/690 195/160/195 754/141/688
f 755/402/689 757/152/691 756/403/690
f 758/404/692 196/161/196 195/160/195
f 757/152/691 758/404/692 756/403/690
f 758/404/692 195/160/195 756/403/690
f 757/152/691 759/150/693 758/404/692
f 759/150/693 760/405/694 758/404/692
f 759/150/693 761/406/695 760/405/694
f 759/150/693 762/407/696 761/406/695
f 762/407/696 763/408/697 761/406/695
f 763/408/697 764/409/698 761/406/695
f 187/153/187 189/155/189 765/410/699
f 764/409/698 765/410/699 761/406/695
f 766/406/700 187/153/187 765/410/699
f 764/409/698 766/406/700 765/410/699
f 767/405/701 766/406/700 184/150/184
f 766/406/700 767/405/701 187/153/187
f 768/411/702 188/154/188 187/153/187
f 767/405/701 768/411/702 187/153/187
f 184/150/184 186/152/186 769/404/703
f 767/405/701 769/404/703 768/411/702
f 767/405/701 184/150/184 769/404/703
f 766/406/700 770/407/704 184/150/184
f 766/406/700 771/408/705 770/407/704
f 766/406/700 764/409/698 771/408/705
f 764/409/698 772/412/706 771/408/705
f 764/409/698 763/408/697 772/412/706
f 762/407/696 759/150/693 773/413/707
f 763/408/697 773/413/707 772/412/706
f 763/408/697 762/407/696 773/413/707
f 759/150/693 757/152/691 774/151/708
f 759/150/693 774/151/708 773/413/707
f 755/402/689 753/139/687 775/414/709
f 757/152/691 755/402/689 775/414/709
f 757/152/691 775/414/709 774/151/708
f 775/414/709 168/136/168 165/133/165
f 775/414/709 750/400/684 168/136/168
f 753/139/687 750/400/684 775/414/709
f 775/414/709 165/133/165 776/415/710
f 776/415/710 165/133/165 164/132/164
f 776/415/710 773/413/707 774/151/708
f 776/415/710 774/151/708 775/414/709
f 777/416/711 772/412/706 773/413/707
f 777/416/711 773/413/707 776/415/710
f 170/138/170 772/412/706 777/416/711
f 776/415/710 164/132/164 777/416/711
f 777/416/711 164/132/164 170/138/170
f 171/132/171 748/134/682 778/133/712
f 778/133/712 748/134/682 747/135/681
f 778/133/712 747/135/681 779/136/713
f 779/136/713 747/135/681 746/399/680
f 780/400/714 173/140/173 172/139/172
f 779/136/713 746/399/680 780/400/714
f 780/400/714 746/399/680 781/401/715
f 780/400/714 781/401/715 173/140/173
f 172/139/172 174/141/174 782/402/716
f 779/136/713 783/414/717 778/133/712
f 186/152/186 783/414/717 782/402/716
f 172/139/172 782/402/716 783/414/717
f 186/152/186 185/151/185 783/414/717
f 780/400/714 783/414/717 779/136/713
f 172/139/172 783/414/717 780/400/714
f 185/151/185 784/415/718 783/414/717
f 778/133/712 783/414/717 784/415/718
f 778/133/712 784/415/718 171/132/171
f 170/138/170 785/416/719 772/412/706
f 171/132/171 785/416/719 170/138/170
f 171/132/171 784/415/718 785/416/719
f 786/417/720 176/143/176 160/128/160
f 786/417/720 160/128/160 158/127/158
f 786/417/720 158/127/158 736/128/670
f 226/181/226 786/417/720 5/2/5
f 2/2/2 176/143/176 786/417/720
f 2/2/2 786/417/720 226/181/226
f 787/143/721 736/128/670 738/142/672
f 5/2/5 786/417/720 787/143/721
f 5/2/5 787/143/721 228/180/228
f 228/180/228 787/143/721 230/177/230
f 787/143/721 786/417/720 736/128/670
f 788/144/722 738/142/672 739/130/673
f 788/144/722 787/143/721 738/142/672
f 230/177/230 787/143/721 788/144/722
f 741/397/675 788/144/722 739/130/673
f 230/177/230 789/418/723 275/184/272
f 230/177/230 788/144/722 789/418/723
f 790/419/724 789/418/723 788/144/722
f 790/419/724 788/144/722 791/167/725
f 791/167/725 788/144/722 741/397/675
f 202/167/202 177/144/177 792/419/726
f 793/418/727 177/144/177 221/177/221
f 792/419/726 177/144/177 793/418/727
f 793/418/727 221/177/221 236/184/236
f 178/145/178 180/147/180 794/391/728
f 794/391/728 180/147/180 795/148/729
f 795/148/729 180/147/180 191/149/191
f 794/391/728 795/148/729 796/392/730
f 796/392/730 795/148/729 797/393/731
f 796/392/730 797/393/731 798/394/284
f 798/394/284 797/393/731 799/395/732
f 798/394/284 799/395/732 735/396/106
f 735/396/106 800/420/733 734/395/669
f 735/396/106 799/395/732 800/420/733
f 801/421/734 189/155/189 188/154/188
f 734/395/669 800/420/733 801/421/734
f 734/395/669 801/421/734 732/393/668
f 802/422/735 801/421/734 188/154/188
f 732/393/668 801/421/734 802/422/735
f 181/148/181 803/423/736 182/149/182
f 732/393/668 803/423/736 181/148/181
f 732/393/668 802/422/735 803/423/736
f 183/147/183 182/149/182 804/157/737
f 183/147/183 804/157/737 728/146/664
f 728/146/664 804/157/737 805/159/738
f 728/146/664 805/159/738 806/424/739
f 806/424/739 805/159/738 807/425/740
f 807/425/740 805/159/738 808/426/741
f 807/425/740 808/426/741 809/427/742
f 809/427/742 808/426/741 810/428/743
f 809/427/742 810/428/743 811/429/572
f 811/429/572 810/428/743 812/430/571
f 812/430/571 810/428/743 813/431/573
f 810/428/743 814/432/744 813/431/573
f 810/428/743 815/433/745 814/432/744
f 810/428/743 808/426/741 815/433/745
f 808/426/741 816/158/746 815/433/745
f 805/159/738 816/158/746 808/426/741
f 805/159/738 804/157/737 816/158/746
f 816/158/746 817/434/747 815/433/745
f 804/157/737 818/156/748 816/158/746
f 816/158/746 818/156/748 817/434/747
f 804/157/737 182/149/182 818/156/748
f 818/156/748 819/435/749 817/434/747
f 182/149/182 803/423/736 820/436/750
f 818/156/748 820/436/750 819/435/749
f 182/149/182 820/436/750 818/156/748
f 821/160/751 174/141/174 819/435/749
f 820/436/750 821/160/751 819/435/749
f 822/403/752 186/152/186 782/402/716
f 769/404/703 822/403/752 821/160/751
f 769/404/703 186/152/186 822/403/752
f 821/160/751 822/403/752 174/141/174
f 822/403/752 782/402/716 174/141/174
f 185/151/185 823/413/753 784/415/718
f 823/413/753 785/416/719 784/415/718
f 823/413/753 772/412/706 785/416/719
f 771/408/705 772/412/706 823/413/753
f 184/150/184 823/413/753 185/151/185
f 770/407/704 823/413/753 184/150/184
f 771/408/705 823/413/753 770/407/704
f 769/404/703 821/160/751 824/161/754
f 769/404/703 824/161/754 768/411/702
f 768/411/702 824/161/754 825/437/755
f 768/411/702 825/437/755 188/154/188
f 803/423/736 802/422/735 825/437/755
f 802/422/735 188/154/188 825/437/755
f 801/421/734 826/438/756 189/155/189
f 765/410/699 189/155/189 826/438/756
f 801/421/734 800/420/733 826/438/756
f 765/410/699 826/438/756 827/155/757
f 800/420/733 828/421/758 826/438/756
f 799/395/732 797/393/731 828/421/758
f 800/420/733 799/395/732 828/421/758
f 827/155/757 826/438/756 828/421/758
f 827/155/757 828/421/758 829/154/759
f 797/393/731 830/422/760 828/421/758
f 829/154/759 828/421/758 830/422/760
f 829/154/759 830/422/760 831/437/761
f 196/161/196 831/437/761 197/162/197
f 797/393/731 795/148/729 832/423/762
f 795/148/729 191/149/191 832/423/762
f 797/393/731 832/423/762 830/422/760
f 831/437/761 832/423/762 197/162/197
f 831/437/761 830/422/760 832/423/762
f 195/160/195 197/162/197 833/436/763
f 833/436/763 832/423/762 191/149/191
f 197/162/197 832/423/762 833/436/763
f 833/436/763 191/149/191 190/156/190
f 193/158/193 194/159/194 834/426/764
f 834/426/764 194/159/194 835/425/765
f 834/426/764 835/425/765 836/427/766
f 834/426/764 836/427/766 837/428/767
f 837/428/767 836/427/766 838/429/391
f 837/428/767 838/429/391 839/430/77
f 840/431/768 837/428/767 839/430/77
f 840/431/768 841/432/769 837/428/767
f 841/432/769 842/433/770 837/428/767
f 842/433/770 193/158/193 834/426/764
f 842/433/770 834/426/764 837/428/767
f 842/433/770 843/434/771 193/158/193
f 843/434/771 190/156/190 193/158/193
f 844/435/772 195/160/195 833/436/763
f 754/141/688 195/160/195 844/435/772
f 844/435/772 833/436/763 190/156/190
f 843/434/771 844/435/772 190/156/190
f 845/411/773 829/154/759 831/437/761
f 196/161/196 845/411/773 831/437/761
f 760/405/694 845/411/773 758/404/692
f 758/404/692 845/411/773 196/161/196
f 845/411/773 846/153/774 829/154/759
f 846/153/774 827/155/757 829/154/759
f 846/153/774 765/410/699 827/155/757
f 761/406/695 765/410/699 846/153/774
f 760/405/694 846/153/774 845/411/773
f 761/406/695 846/153/774 760/405/694
f 200/165/200 199/164/199 847/439/775
f 199/164/199 257/192/257 847/439/775
f 847/439/775 256/195/256 253/192/253
f 847/439/775 257/192/257 256/195/256
f 200/165/200 847/439/775 848/164/776
f 847/439/775 253/192/253 848/164/776
f 848/164/776 253/192/253 252/6/252
f 200/165/200 848/164/776 849/163/777
f 849/163/777 848/164/776 850/440/778
f 849/163/777 850/440/778 851/441/434
f 851/441/434 850/440/778 852/442/779
f 851/441/434 852/442/779 853/443/440
f 850/440/778 854/444/780 852/442/779
f 850/440/778 855/445/781 854/444/780
f 848/164/776 252/6/252 855/445/781
f 848/164/776 855/445/781 850/440/778
f 855/445/781 856/446/782 854/444/780
f 855/445/781 252/6/252 856/446/782
f 252/6/252 251/7/251 856/446/782
f 251/7/251 250/191/250 856/446/782
f 856/446/782 250/191/250 274/202/272
f 856/446/782 857/447/723 854/444/780
f 856/446/782 274/202/272 857/447/723
f 854/444/780 857/447/723 858/448/724
f 859/446/783 260/191/260 9/7/9
f 859/446/783 277/202/236 260/191/260
f 860/445/784 8/6/8 199/164/199
f 859/446/783 9/7/9 860/445/784
f 860/445/784 9/7/9 8/6/8
f 859/446/783 860/445/784 861/444/785
f 861/444/785 860/445/784 862/440/786
f 198/163/198 862/440/786 199/164/199
f 199/164/199 862/440/786 860/445/784
f 861/444/785 862/440/786 863/442/787
f 198/163/198 864/441/598 862/440/786
f 863/442/787 862/440/786 864/441/598
f 863/442/787 864/441/598 865/443/599
f 866/449/354 867/450/788 868/451/52
f 868/451/52 867/450/788 869/452/574
f 870/453/51 813/431/573 814/432/744
f 868/451/52 869/452/574 870/453/51
f 870/453/51 869/452/574 813/431/573
f 870/453/51 814/432/744 871/454/353
f 871/454/353 814/432/744 815/433/745
f 871/454/353 815/433/745 872/455/368
f 872/455/368 815/433/745 817/434/747
f 872/455/368 817/434/747 873/456/61
f 874/457/63 819/435/749 174/141/174
f 874/457/63 817/434/747 819/435/749
f 873/456/61 817/434/747 874/457/63
f 874/457/63 174/141/174 875/458/367
f 875/458/367 174/141/174 876/459/366
f 876/459/366 174/141/174 173/140/173
f 876/459/366 173/140/173 877/460/642
f 877/460/642 173/140/173 781/401/715
f 878/461/641 746/399/680 745/398/679
f 877/460/642 781/401/715 878/461/641
f 878/461/641 781/401/715 746/399/680
f 879/462/789 745/398/679 744/397/678
f 879/462/789 744/397/678 201/166/201
f 878/461/641 745/398/679 879/462/789
f 203/168/203 202/167/202 880/463/639
f 880/463/639 202/167/202 792/419/726
f 881/464/788 882/465/354 883/466/576
f 883/466/576 882/465/354 884/467/55
f 865/443/599 885/468/56 863/442/787
f 883/466/576 885/468/56 865/443/599
f 883/466/576 884/467/55 885/468/56
f 863/442/787 885/468/56 886/469/567
f 863/442/787 886/469/567 887/470/790
f 863/442/787 887/470/790 861/444/785
f 861/444/785 887/470/790 888/471/639
f 861/444/785 888/471/639 889/448/726
f 861/444/785 890/447/727 859/446/783
f 861/444/785 889/448/726 890/447/727
f 859/446/783 890/447/727 277/202/236
f 891/450/791 892/449/513 893/451/515
f 891/450/791 893/451/515 894/452/74
f 894/452/74 893/451/515 895/453/516
f 894/452/74 895/453/516 840/431/768
f 840/431/768 895/453/516 841/432/769
f 841/432/769 896/454/518 842/433/770
f 841/432/769 895/453/516 896/454/518
f 842/433/770 897/455/105 843/434/771
f 842/433/770 896/454/518 897/455/105
f 897/455/105 898/456/103 843/434/771
f 899/457/102 844/435/772 843/434/771
f 898/456/103 899/457/102 843/434/771
f 900/458/520 754/141/688 844/435/772
f 899/457/102 900/458/520 844/435/772
f 901/459/482 752/140/686 754/141/688
f 900/458/520 901/459/482 754/141/688
f 902/460/483 751/401/685 752/140/686
f 901/459/482 902/460/483 752/140/686
f 902/460/483 903/461/484 751/401/685
f 903/461/484 743/399/677 751/401/685
f 903/461/484 742/398/676 743/399/677
f 904/462/792 741/397/675 742/398/676
f 903/461/484 904/462/792 742/398/676
f 904/462/792 905/166/488 741/397/675
f 905/166/488 791/167/725 741/397/675
f 905/166/488 906/168/490 791/167/725
f 907/463/491 790/419/724 791/167/725
f 906/168/490 907/463/491 791/167/725
f 908/464/791 909/466/71 910/465/513
f 909/466/71 911/467/512 910/465/513
f 909/466/71 912/468/511 911/467/512
f 909/466/71 853/443/440 912/468/511
f 853/443/440 913/469/645 912/468/511
f 852/442/779 854/444/780 913/469/645
f 853/443/440 852/442/779 913/469/645
f 854/444/780 914/470/493 913/469/645
f 854/444/780 915/471/491 914/470/493
f 854/444/780 858/448/724 915/471/491
f 803/423/736 916/162/793 820/436/750
f 916/162/793 803/423/736 825/437/755
f 916/162/793 825/437/755 824/161/754
f 916/162/793 821/160/751 820/436/750
f 916/162/793 824/161/754 821/160/751
f 917/424/794 835/425/765 194/159/194
f 179/146/179 917/424/794 194/159/194
o rdmobj00
v 0.087036 1.390224 0.147873
v 0.053677 1.391796 0.156754
v 0.070709 1.334896 0.118027
v 0.132233 1.447964 0.145813
v 0.115723 1.392498 0.124664
v 0.136093 1.452297 0.135300
v 0.113068 1.390850 0.134567
v 0.053333 1.448208 0.161591
v 0.062973 1.444729 0.167679
v 0.069740 1.478908 0.169205
v 0.093689 1.333187 0.112755
v 0.100838 1.449093 0.160126
v 0.108284 1.481380 0.158127
v 0.141693 1.484432 0.144928
v 0.040192 1.338436 0.124962
v 0.147034 1.492428 0.132523
v 0.092354 1.323131 0.098686
v 0.107597 1.488308 0.148972
v 0.060036 1.485042 0.162079
v 0.067429 1.325054 0.104935
v 0.030596 1.329845 0.113800
v 0.043465 1.393566 0.149384
v -0.347656 1.687983 -0.127930
v -0.392578 1.739741 -0.098633
v -0.355469 1.729975 -0.101563
v -0.407227 1.751460 -0.078125
v -0.382813 1.749507 -0.050781
v -0.429688 1.753413 -0.058594
v -0.427734 1.744624 -0.025391
v -0.471680 1.739741 -0.032227
v -0.245117 1.765132 0.015625
v -0.187500 1.736811 -0.016602
v -0.247070 1.770991 -0.007813
v -0.180664 1.735835 -0.037109
v -0.249023 1.771968 -0.030273
v -0.188477 1.738764 -0.066406
v -0.244141 1.767085 -0.061523
v -0.245117 1.764155 -0.083008
v -0.287109 1.764155 -0.071289
v -0.251953 1.745600 -0.103516
v -0.348633 1.745600 -0.057617
v -0.334961 1.722163 -0.097656
v -0.272461 1.692866 -0.125977
v -0.302734 1.645014 -0.118164
v -0.217773 1.700679 -0.128906
v -0.201172 1.727046 -0.114258
v -0.168945 1.730952 -0.073242
v -0.191406 1.735835 -0.085938
v -0.171875 1.721186 -0.032227
v -0.189453 1.735835 0.012695
v -0.209961 1.710444 0.048828
v -0.250000 1.741694 0.043945
v -0.233398 1.698725 0.060547
v -0.543945 1.617671 -0.030273
v -0.510742 1.622554 -0.009766
v -0.542969 1.636225 0.006836
v -0.501953 1.628413 0.000977
v -0.473633 1.621577 -0.001953
v -0.476563 1.616694 -0.046875
v -0.452148 1.617671 -0.006836
v -0.424805 1.615718 -0.009766
v -0.432617 1.609858 -0.051758
v -0.380859 1.620600 -0.011719
v -0.376953 1.617671 -0.040039
v -0.264648 1.603999 -0.010742
v -0.377930 1.617671 -0.084961
v -0.407227 1.619624 -0.089844
v -0.347656 1.644038 -0.130859
v -0.394531 1.656733 -0.125000
v -0.394531 1.656733 -0.125000
v -0.347656 1.687983 -0.127930
v -0.347656 1.644038 -0.130859
v -0.401367 1.713374 -0.116211
v -0.347656 1.687983 -0.127930
v -0.394531 1.656733 -0.125000
v -0.401367 1.713374 -0.116211
v -0.416016 1.738764 -0.097656
v -0.437500 1.743647 -0.075195
v -0.474609 1.749507 -0.051758
v -0.492188 1.735835 -0.034180
v -0.498047 1.738764 -0.052734
v -0.529297 1.738764 -0.041016
v -0.536133 1.727046 -0.059570
v -0.500977 1.728022 -0.065430
v -0.512695 1.708491 -0.076172
v -0.536133 1.710444 -0.071289
v -0.538086 1.687007 -0.083008
v -0.511719 1.667475 -0.078125
v -0.539063 1.649897 -0.081055
v -0.366211 1.633296 0.027344
v -0.365234 1.656733 0.045898
v -0.453125 1.628413 0.026367
v -0.448242 1.647944 0.044922
v -0.444336 1.689936 0.045898
v -0.436523 1.620600 -0.082031
v -0.504883 1.626460 -0.067383
v -0.514648 1.612788 -0.035156
v -0.541992 1.628413 -0.055664
v -0.539063 1.649897 -0.081055
v -0.511719 1.667475 -0.078125
v -0.447266 1.673335 -0.097656
v -0.438477 1.701655 -0.095703
v -0.453125 1.724116 -0.085938
v -0.479492 1.728999 -0.070313
v -0.438477 1.701655 -0.095703
v -0.447266 1.673335 -0.097656
v -0.477539 1.631343 0.019531
v -0.473633 1.621577 -0.001953
v -0.501953 1.628413 0.000977
v -0.515625 1.635249 0.015625
v -0.479492 1.648921 0.034180
v -0.517578 1.646968 0.018555
v -0.474609 1.674311 0.038086
v -0.500000 1.679194 0.021484
v -0.496094 1.689936 0.021484
v -0.529297 1.738764 -0.041016
v -0.530273 1.742671 -0.013672
v -0.492188 1.735835 -0.034180
v -0.493164 1.735835 -0.004883
v -0.471680 1.739741 -0.032227
v -0.198242 1.656733 0.062500
v -0.284180 1.678218 0.043945
v -0.219727 1.621577 0.049805
v -0.269531 1.643061 0.031250
v -0.321289 1.681147 0.034180
v -0.291992 1.712397 0.048828
v -0.354492 1.693843 0.027344
v -0.293945 1.742671 0.037109
v -0.369141 1.711421 0.005859
v -0.303711 1.765132 0.000000
v -0.371094 1.725093 -0.017578
v -0.313477 1.766108 -0.033203
v -0.163086 1.675288 0.038086
v -0.150391 1.697749 0.000000
v -0.159180 1.716304 -0.041992
v -0.159180 1.724116 -0.069336
v -0.176758 1.698725 -0.115234
v -0.225586 1.639155 -0.134766
v -0.242188 1.622554 -0.115234
v -0.256836 1.607905 -0.072266
v -0.304688 1.609858 -0.096680
v -0.302734 1.645014 -0.118164
v -0.334961 1.722163 -0.097656
v -0.348633 1.745600 -0.057617
v -0.371094 1.725093 -0.017578
v -0.418945 1.722163 -0.005859
v -0.458008 1.724116 0.000000
v -0.487305 1.707514 0.011719
v -0.531250 1.720210 0.012695
v -0.496094 1.689936 0.021484
v -0.535156 1.696772 0.020508
v -0.500000 1.679194 0.021484
v -0.538086 1.674311 0.020508
v -0.517578 1.646968 0.018555
v -0.542969 1.636225 0.006836
v -0.515625 1.635249 0.015625
v -0.501953 1.628413 0.000977
v -0.371094 1.725093 -0.017578
v -0.418945 1.722163 -0.005859
v -0.369141 1.711421 0.005859
v -0.431641 1.721186 0.028320
v -0.365234 1.683100 0.037109
v -0.354492 1.693843 0.027344
v -0.321289 1.681147 0.034180
v -0.318359 1.659663 0.038086
v -0.269531 1.643061 0.031250
v -0.318359 1.638179 0.023438
v -0.460938 1.708491 0.034180
v -0.458984 1.723139 0.021484
v -0.458008 1.724116 0.000000
v -0.487305 1.707514 0.011719
v -0.452148 1.617671 -0.006836
v -0.424805 1.615718 -0.009766
v -0.380859 1.620600 -0.011719
v -0.264648 1.603999 -0.010742
v -0.557617 1.751460 -0.007813
v -0.627930 1.729975 0.030273
v -0.573242 1.730952 0.031250
v -0.626953 1.701655 0.044922
v -0.582031 1.701655 0.047852
v -0.673828 1.695796 0.031250
v -0.626953 1.667475 0.044922
v -0.671875 1.658686 0.032227
v -0.727539 1.691889 0.018555
v -0.726563 1.662593 0.016602
v -0.674805 1.723139 0.017578
v -0.725586 1.713374 0.005859
v -0.756836 1.690913 0.011719
v -0.764648 1.710444 -0.001953
v -0.556641 1.751460 -0.040039
v -0.574219 1.737788 -0.068359
v -0.636719 1.734858 -0.073242
v -0.614258 1.711421 -0.080078
v -0.669922 1.729975 -0.067383
v -0.669922 1.710444 -0.073242
v -0.725586 1.719233 -0.056641
v -0.668945 1.682124 -0.087891
v -0.615234 1.679194 -0.098633
v -0.615234 1.640132 -0.099609
v -0.574219 1.681147 -0.095703
v -0.575195 1.642085 -0.097656
v -0.665039 1.623530 0.015625
v -0.666992 1.614741 -0.038086
v -0.619141 1.605952 0.015625
v -0.617188 1.600093 -0.037109
v -0.617188 1.611811 -0.074219
v -0.670898 1.624507 -0.068359
v -0.668945 1.649897 -0.085938
v -0.726563 1.674311 -0.081055
v -0.729492 1.708491 -0.071289
v -0.762695 1.704585 -0.074219
v -0.764648 1.716304 -0.049805
v -0.575195 1.716304 -0.082031
v -0.544922 1.715327 -0.079102
v -0.542969 1.731929 -0.066406
v -0.535156 1.745600 -0.044922
v -0.535156 1.748530 -0.010742
v -0.535156 1.723139 0.019531
v -0.538086 1.696772 0.028320
v -0.541016 1.672358 0.029297
v -0.582031 1.667475 0.043945
v -0.546875 1.631343 0.012695
v -0.579102 1.607905 0.013672
v -0.619141 1.605952 0.015625
v -0.665039 1.623530 0.015625
v -0.729492 1.626460 0.001953
v -0.754883 1.662593 0.017578
v -0.763672 1.626460 0.000000
v -0.735352 1.654780 -0.063477
v -0.740234 1.645014 -0.067383
v -0.732422 1.644038 -0.072266
v -0.768555 1.642085 -0.070313
v -0.760742 1.645014 -0.066406
v -0.763672 1.652827 -0.062500
v -0.611328 1.639155 -0.088867
v -0.615234 1.640132 -0.099609
v -0.606445 1.640132 -0.091797
v -0.585938 1.641108 -0.091797
v -0.575195 1.642085 -0.097656
v -0.579102 1.642085 -0.087891
v -0.762695 1.704585 -0.074219
v -0.729492 1.708491 -0.071289
v -0.757813 1.699702 -0.068359
v -0.733398 1.702632 -0.067383
v -0.726563 1.674311 -0.081055
v -0.731445 1.677241 -0.073242
v -0.729492 1.708491 -0.071289
v -0.733398 1.702632 -0.067383
v -0.726563 1.674311 -0.081055
v -0.763672 1.671382 -0.078125
v -0.731445 1.677241 -0.073242
v -0.757813 1.675288 -0.071289
v -0.763672 1.671382 -0.078125
v -0.762695 1.704585 -0.074219
v -0.757813 1.675288 -0.071289
v -0.757813 1.699702 -0.068359
v -0.615234 1.679194 -0.098633
v -0.609375 1.682124 -0.089844
v -0.574219 1.681147 -0.095703
v -0.580078 1.683100 -0.087891
v -0.615234 1.679194 -0.098633
v -0.614258 1.711421 -0.080078
v -0.609375 1.682124 -0.089844
v -0.608398 1.704585 -0.076172
v -0.575195 1.716304 -0.082031
v -0.581055 1.708491 -0.078125
v -0.614258 1.711421 -0.080078
v -0.608398 1.704585 -0.076172
v -0.580078 1.683100 -0.087891
v -0.581055 1.708491 -0.078125
v -0.545898 1.688960 -0.091797
v -0.543945 1.646968 -0.087891
v -0.576172 1.615718 -0.073242
v -0.544922 1.621577 -0.059570
v -0.548828 1.610835 -0.030273
v -0.578125 1.600093 -0.037109
v -0.546875 1.631343 0.012695
v -0.579102 1.607905 0.013672
v -0.732422 1.644038 -0.072266
v -0.734375 1.632319 -0.037109
v -0.735352 1.654780 -0.063477
v -0.736328 1.640132 -0.035156
v -0.733398 1.642085 -0.005859
v -0.729492 1.626460 0.001953
v -0.733398 1.642085 -0.005859
v -0.729492 1.626460 0.001953
v -0.738281 1.633296 -0.000977
v -0.763672 1.626460 0.000000
v -0.757813 1.634272 -0.000977
v -0.761719 1.642085 -0.005859
v -0.583984 1.615718 0.006836
v -0.579102 1.607905 0.013672
v -0.589844 1.609858 0.008789
v -0.619141 1.605952 0.015625
v -0.611328 1.609858 0.008789
v -0.616211 1.614741 0.009766
v -0.768555 1.642085 -0.070313
v -0.763672 1.652827 -0.062500
v -0.767578 1.636225 -0.033203
v -0.763672 1.644038 -0.030273
v -0.761719 1.642085 -0.005859
v -0.763672 1.626460 0.000000
v -0.575195 1.642085 -0.097656
v -0.576172 1.615718 -0.073242
v -0.579102 1.642085 -0.087891
v -0.579102 1.619624 -0.069336
v -0.578125 1.600093 -0.037109
v -0.581055 1.604975 -0.036133
v -0.583984 1.615718 0.006836
v -0.579102 1.607905 0.013672
v -0.615234 1.640132 -0.099609
v -0.611328 1.639155 -0.088867
v -0.617188 1.611811 -0.074219
v -0.614258 1.615718 -0.071289
v -0.617188 1.600093 -0.037109
v -0.614258 1.605952 -0.036133
v -0.616211 1.614741 0.009766
v -0.619141 1.605952 0.015625
v -0.754883 1.662593 0.017578
v -0.726563 1.662593 0.016602
v -0.750000 1.666499 0.011719
v -0.729492 1.666499 0.011719
v -0.727539 1.691889 0.018555
v -0.731445 1.687007 0.012695
v -0.726563 1.662593 0.016602
v -0.729492 1.666499 0.011719
v -0.727539 1.691889 0.018555
v -0.756836 1.690913 0.011719
v -0.731445 1.687007 0.012695
v -0.751953 1.687007 0.007813
v -0.754883 1.662593 0.017578
v -0.750000 1.666499 0.011719
v -0.756836 1.690913 0.011719
v -0.751953 1.687007 0.007813
v -0.626953 1.667475 0.044922
v -0.582031 1.667475 0.043945
v -0.618164 1.674311 0.040039
v -0.588867 1.672358 0.039063
v -0.582031 1.701655 0.047852
v -0.590820 1.694819 0.041992
v -0.582031 1.667475 0.043945
v -0.588867 1.672358 0.039063
v -0.582031 1.701655 0.047852
v -0.626953 1.701655 0.044922
v -0.590820 1.694819 0.041992
v -0.620117 1.696772 0.040039
v -0.626953 1.667475 0.044922
v -0.618164 1.674311 0.040039
v -0.626953 1.701655 0.044922
v -0.620117 1.696772 0.040039
v -0.546875 1.631343 0.012695
v -0.548828 1.610835 -0.030273
v -0.542969 1.636225 0.006836
v -0.543945 1.617671 -0.030273
v -0.544922 1.621577 -0.059570
v -0.541992 1.628413 -0.055664
v -0.539063 1.649897 -0.081055
v -0.543945 1.646968 -0.087891
v -0.538086 1.687007 -0.083008
v -0.545898 1.688960 -0.091797
v -0.544922 1.715327 -0.079102
v -0.536133 1.710444 -0.071289
v -0.542969 1.731929 -0.066406
v -0.536133 1.727046 -0.059570
v -0.535156 1.745600 -0.044922
v -0.529297 1.738764 -0.041016
v -0.535156 1.748530 -0.010742
v -0.530273 1.742671 -0.013672
v -0.531250 1.720210 0.012695
v -0.535156 1.723139 0.019531
v -0.535156 1.696772 0.020508
v -0.538086 1.696772 0.028320
v -0.538086 1.674311 0.020508
v -0.541016 1.672358 0.029297
v -0.542969 1.636225 0.006836
v -0.546875 1.631343 0.012695
v -0.768555 1.642085 -0.070313
v -0.763672 1.671382 -0.078125
v -0.732422 1.644038 -0.072266
v -0.734375 1.632319 -0.037109
v -0.729492 1.626460 0.001953
v -0.736328 1.683100 -0.081055
v -0.737305 1.698725 -0.077148
v -0.731445 1.677241 -0.073242
v -0.733398 1.702632 -0.067383
v -0.753906 1.696772 -0.078125
v -0.753906 1.682124 -0.079102
v -0.757813 1.699702 -0.068359
v -0.757813 1.675288 -0.071289
v -0.740234 1.645014 -0.067383
v -0.735352 1.654780 -0.063477
v -0.741211 1.635249 -0.036133
v -0.736328 1.640132 -0.035156
v -0.733398 1.642085 -0.005859
v -0.738281 1.633296 -0.000977
v -0.733398 1.702632 -0.067383
v -0.737305 1.698725 -0.077148
v -0.757813 1.699702 -0.068359
v -0.753906 1.696772 -0.078125
v -0.736328 1.683100 -0.081055
v -0.753906 1.682124 -0.079102
v -0.731445 1.677241 -0.073242
v -0.757813 1.675288 -0.071289
v -0.740234 1.645014 -0.067383
v -0.741211 1.635249 -0.036133
v -0.760742 1.645014 -0.066406
v -0.759766 1.639155 -0.032227
v -0.738281 1.633296 -0.000977
v -0.757813 1.634272 -0.000977
v -0.760742 1.645014 -0.066406
v -0.759766 1.639155 -0.032227
v -0.763672 1.652827 -0.062500
v -0.763672 1.644038 -0.030273
v -0.761719 1.642085 -0.005859
v -0.757813 1.634272 -0.000977
v -0.735352 1.684077 0.020508
v -0.734375 1.670405 0.020508
v -0.731445 1.687007 0.012695
v -0.729492 1.666499 0.011719
v -0.748047 1.670405 0.020508
v -0.749023 1.684077 0.017578
v -0.750000 1.666499 0.011719
v -0.751953 1.687007 0.007813
v -0.580078 1.683100 -0.087891
v -0.609375 1.682124 -0.089844
v -0.585938 1.690913 -0.094727
v -0.604492 1.690913 -0.095703
v -0.603516 1.705561 -0.086914
v -0.585938 1.707514 -0.087891
v -0.581055 1.708491 -0.078125
v -0.608398 1.704585 -0.076172
v -0.604492 1.690913 -0.095703
v -0.609375 1.682124 -0.089844
v -0.603516 1.705561 -0.086914
v -0.608398 1.704585 -0.076172
v -0.585938 1.707514 -0.087891
v -0.581055 1.708491 -0.078125
v -0.585938 1.690913 -0.094727
v -0.580078 1.683100 -0.087891
v -0.585938 1.641108 -0.091797
v -0.579102 1.642085 -0.087891
v -0.583984 1.614741 -0.072266
v -0.579102 1.619624 -0.069336
v -0.585938 1.600093 -0.036133
v -0.581055 1.604975 -0.036133
v -0.583984 1.615718 0.006836
v -0.589844 1.609858 0.008789
v -0.729492 1.666499 0.011719
v -0.734375 1.670405 0.020508
v -0.750000 1.666499 0.011719
v -0.748047 1.670405 0.020508
v -0.735352 1.684077 0.020508
v -0.749023 1.684077 0.017578
v -0.731445 1.687007 0.012695
v -0.751953 1.687007 0.007813
v -0.585938 1.641108 -0.091797
v -0.583984 1.614741 -0.072266
v -0.606445 1.640132 -0.091797
v -0.608398 1.611811 -0.073242
v -0.585938 1.600093 -0.036133
v -0.608398 1.601069 -0.036133
v -0.589844 1.609858 0.008789
v -0.611328 1.609858 0.008789
v -0.606445 1.640132 -0.091797
v -0.608398 1.611811 -0.073242
v -0.611328 1.639155 -0.088867
v -0.614258 1.615718 -0.071289
v -0.608398 1.601069 -0.036133
v -0.614258 1.605952 -0.036133
v -0.616211 1.614741 0.009766
v -0.611328 1.609858 0.008789
v -0.764648 1.710444 -0.001953
v -0.750000 1.723139 -0.003906
v -0.764648 1.716304 -0.011719
v -0.623047 1.760249 -0.045898
v -0.648438 1.750483 -0.044922
v -0.628906 1.749507 -0.042969
v -0.654297 1.741694 -0.041992
v -0.720703 1.730952 -0.042969
v -0.725586 1.721186 -0.041016
v -0.750000 1.728022 -0.045898
v -0.764648 1.718257 -0.042969
v -0.556641 1.751460 -0.040039
v -0.572266 1.758296 -0.037109
v -0.557617 1.751460 -0.007813
v -0.573242 1.759272 -0.009766
v -0.556641 1.751460 -0.040039
v -0.636719 1.734858 -0.073242
v -0.572266 1.758296 -0.037109
v -0.640625 1.744624 -0.065430
v -0.636719 1.734858 -0.073242
v -0.669922 1.729975 -0.067383
v -0.640625 1.744624 -0.065430
v -0.667969 1.740718 -0.060547
v -0.716797 1.729975 -0.051758
v -0.725586 1.719233 -0.056641
v -0.750000 1.728022 -0.045898
v -0.764648 1.716304 -0.049805
v -0.764648 1.716304 -0.011719
v -0.750000 1.723139 -0.003906
v -0.725586 1.720210 -0.008789
v -0.720703 1.727046 -0.005859
v -0.654297 1.737788 -0.004883
v -0.648438 1.750483 0.000000
v -0.630859 1.747554 -0.003906
v -0.625000 1.757319 0.000000
v -0.627930 1.729975 0.030273
v -0.632813 1.740718 0.022461
v -0.674805 1.723139 0.017578
v -0.672852 1.734858 0.011719
v -0.716797 1.725093 0.001953
v -0.725586 1.713374 0.005859
v -0.750000 1.723139 -0.003906
v -0.764648 1.710444 -0.001953
v -0.557617 1.751460 -0.007813
v -0.573242 1.759272 -0.009766
v -0.627930 1.729975 0.030273
v -0.632813 1.740718 0.022461
v -0.630859 1.747554 -0.003906
v -0.625000 1.757319 0.000000
v -0.628906 1.749507 -0.042969
v -0.623047 1.760249 -0.045898
v -0.750000 1.723139 -0.003906
v -0.716797 1.725093 0.001953
v -0.720703 1.727046 -0.005859
v -0.648438 1.750483 0.000000
v -0.672852 1.734858 0.011719
v -0.632813 1.740718 0.022461
v -0.625000 1.757319 0.000000
v -0.573242 1.759272 -0.009766
v -0.623047 1.760249 -0.045898
v -0.572266 1.758296 -0.037109
v -0.640625 1.744624 -0.065430
v -0.667969 1.740718 -0.060547
v -0.648438 1.750483 -0.044922
v -0.716797 1.729975 -0.051758
v -0.720703 1.730952 -0.042969
v -0.750000 1.728022 -0.045898
v -0.764648 1.718257 -0.042969
v -0.750000 1.728022 -0.045898
v -0.764648 1.716304 -0.049805
v -0.588867 1.672358 0.039063
v -0.594727 1.676264 0.048828
v -0.618164 1.674311 0.040039
v -0.613281 1.677241 0.049805
v -0.595703 1.690913 0.050781
v -0.615234 1.691889 0.049805
v -0.590820 1.694819 0.041992
v -0.620117 1.696772 0.040039
v -0.588867 1.672358 0.039063
v -0.590820 1.694819 0.041992
v -0.594727 1.676264 0.048828
v -0.595703 1.690913 0.050781
v -0.620117 1.696772 0.040039
v -0.618164 1.674311 0.040039
v -0.615234 1.691889 0.049805
v -0.613281 1.677241 0.049805
v -0.764648 1.722163 -0.021484
v -0.725586 1.723139 -0.020508
v -0.750000 1.732905 -0.021484
v -0.716797 1.732905 -0.020508
v -0.655273 1.743647 -0.018555
v -0.656250 1.751460 -0.019531
v -0.764648 1.720210 -0.032227
v -0.750000 1.730952 -0.030273
v -0.725586 1.722163 -0.031250
v -0.716797 1.732905 -0.030273
v -0.764648 1.720210 -0.032227
v -0.764648 1.722163 -0.021484
v -0.750000 1.730952 -0.030273
v -0.750000 1.732905 -0.021484
v -0.655273 1.742671 -0.030273
v -0.656250 1.750483 -0.029297
v -0.655273 1.743647 -0.018555
v -0.656250 1.751460 -0.019531
v -0.725586 1.722163 -0.031250
v -0.716797 1.732905 -0.030273
v -0.655273 1.742671 -0.030273
v -0.656250 1.750483 -0.029297
v -0.764648 1.718257 -0.042969
v -0.764648 1.720210 -0.032227
v -0.725586 1.721186 -0.041016
v -0.725586 1.722163 -0.031250
v -0.654297 1.741694 -0.041992
v -0.655273 1.742671 -0.030273
v -0.628906 1.749507 -0.042969
v -0.655273 1.743647 -0.018555
v -0.630859 1.747554 -0.003906
v -0.654297 1.737788 -0.004883
v -0.725586 1.723139 -0.020508
v -0.725586 1.720210 -0.008789
v -0.764648 1.716304 -0.011719
v -0.764648 1.722163 -0.021484
v -0.750000 1.730952 -0.030273
v -0.750000 1.732905 -0.021484
v -0.716797 1.732905 -0.030273
v -0.716797 1.732905 -0.020508
v -0.656250 1.750483 -0.029297
v -0.656250 1.751460 -0.019531
v -0.895508 1.715327 -0.041016
v -0.891602 1.723139 -0.052734
v -0.923828 1.711421 -0.042969
v -0.923828 1.719233 -0.056641
v -0.950195 1.710444 -0.057617
v -0.952148 1.704585 -0.046875
v -0.968750 1.702632 -0.058594
v -0.966797 1.699702 -0.046875
v -0.983398 1.694819 -0.050781
v -0.985352 1.694819 -0.059570
v -0.981445 1.694819 -0.068359
v -0.981445 1.684077 -0.068359
v -0.966797 1.698725 -0.070313
v -0.966797 1.686030 -0.071289
v -0.951172 1.702632 -0.069336
v -0.949219 1.688960 -0.069336
v -0.922852 1.709468 -0.068359
v -0.921875 1.696772 -0.069336
v -0.890625 1.711421 -0.064453
v -0.881836 1.687983 -0.064453
v -0.870117 1.718257 -0.065430
v -0.889648 1.701655 -0.070313
v -0.885742 1.708491 -0.082031
v -0.909180 1.698725 -0.072266
v -0.907227 1.704585 -0.083984
v -0.931641 1.688960 -0.074219
v -0.931641 1.692866 -0.085938
v -0.954102 1.682124 -0.077148
v -0.958008 1.681147 -0.086914
v -0.953125 1.682124 -0.094727
v -0.931641 1.687983 -0.093750
v -0.907227 1.695796 -0.093750
v -0.879883 1.697749 -0.089844
v -0.862305 1.702632 -0.089844
v -0.863281 1.719233 -0.079102
v -0.834961 1.716304 -0.077148
v -0.837891 1.707514 -0.086914
v -0.868164 1.687007 -0.090820
v -0.906250 1.684077 -0.095703
v -0.927734 1.675288 -0.094727
v -0.941406 1.671382 -0.096680
v -0.952148 1.673335 -0.094727
v -0.957031 1.671382 -0.085938
v -0.954102 1.671382 -0.077148
v -0.943359 1.671382 -0.073242
v -0.932617 1.676264 -0.073242
v -0.908203 1.678218 -0.069336
v -0.881836 1.680171 -0.068359
v -0.876953 1.650874 0.040039
v -0.896484 1.652827 0.042969
v -0.898438 1.657710 0.060547
v -0.911133 1.653804 0.064453
v -0.917969 1.636225 0.068359
v -0.918945 1.645014 0.065430
v -0.920898 1.633296 0.056641
v -0.919922 1.645014 0.052734
v -0.909180 1.626460 0.042969
v -0.910156 1.651850 0.047852
v -0.896484 1.633296 0.037109
v -0.881836 1.636225 0.034180
v -0.866211 1.638179 0.033203
v -0.865234 1.653804 0.037109
v -0.878906 1.656733 0.061523
v -0.897461 1.641108 0.066406
v -0.913086 1.623530 0.066406
v -0.901367 1.620600 0.057617
v -0.874023 1.637202 0.065430
v -0.863281 1.657710 0.060547
v -0.834961 1.661616 0.056641
v -0.846680 1.662593 0.039063
v -0.846680 1.677241 0.036133
v -0.835938 1.683100 0.046875
v -0.861328 1.694819 0.033203
v -0.958984 1.707514 -0.035156
v -0.980469 1.701655 -0.037109
v -0.959961 1.715327 -0.024414
v -0.981445 1.706538 -0.025391
v -0.995117 1.696772 -0.035156
v -1.000977 1.697749 -0.026367
v -0.996094 1.698725 -0.015625
v -0.981445 1.701655 -0.012695
v -0.959961 1.708491 -0.012695
v -0.931641 1.716304 -0.008789
v -0.932617 1.723139 -0.023438
v -0.929688 1.708491 -0.036133
v -0.929688 1.698725 -0.036133
v -0.896484 1.718257 -0.033203
v -0.889648 1.688960 -0.037109
v -0.876953 1.719233 -0.036133
v -0.898438 1.727046 -0.021484
v -0.897461 1.720210 -0.006836
v -0.887695 1.695796 -0.001953
v -0.931641 1.698725 -0.006836
v -0.960938 1.693843 -0.010742
v -0.979492 1.690913 -0.012695
v -0.996094 1.688960 -0.015625
v -1.000977 1.687007 -0.025391
v -0.996094 1.688960 -0.036133
v -0.981445 1.688960 -0.038086
v -0.958984 1.692866 -0.037109
v -0.886719 1.696772 0.029297
v -0.864258 1.716304 0.030273
v -0.834961 1.710444 0.026367
v -0.803711 1.671382 0.041016
v -0.817383 1.636225 0.052734
v -0.836914 1.640132 0.062500
v -0.849609 1.621577 0.049805
v -0.862305 1.641108 0.061523
v -0.870117 1.624507 0.051758
v -0.883789 1.621577 0.055664
v -0.988281 1.700679 0.002930
v -0.974609 1.709468 0.010742
v -0.973633 1.705561 0.000000
v -0.958008 1.707514 0.000977
v -0.958008 1.714350 0.010742
v -0.927734 1.711421 0.001953
v -0.928711 1.719233 0.012695
v -0.892578 1.718257 0.001953
v -0.894531 1.723139 0.012695
v -0.865234 1.734858 0.013672
v -0.832031 1.721186 0.011719
v -0.798828 1.700679 0.019531
v -0.782227 1.675288 0.028320
v -0.777344 1.650874 0.029297
v -0.816406 1.616694 0.029297
v -0.833984 1.617671 0.041992
v -0.984375 1.684077 -0.058594
v -0.983398 1.684077 -0.049805
v -0.968750 1.686030 -0.044922
v -0.950195 1.689936 -0.044922
v -0.923828 1.691889 -0.041016
v -0.889648 1.688960 -0.037109
v -0.895508 1.715327 -0.041016
v -0.923828 1.711421 -0.042969
v -0.876953 1.719233 -0.036133
v -0.895508 1.715327 -0.041016
v -0.889648 1.688960 -0.037109
v -0.863281 1.729975 -0.048828
v -0.835938 1.719233 -0.062500
v -0.796875 1.699702 -0.082031
v -0.840820 1.686030 -0.091797
v -0.840820 1.675288 -0.083984
v -0.870117 1.676264 -0.078125
v -0.846680 1.671382 -0.064453
v -0.844727 1.673335 -0.047852
v -0.826172 1.648921 -0.058594
v -0.811523 1.644038 -0.065430
v -0.799805 1.653804 -0.080078
v -0.795898 1.670405 -0.085938
v -0.988281 1.689936 0.001953
v -0.992188 1.689936 0.010742
v -0.993164 1.700679 0.010742
v -0.987305 1.690913 0.021484
v -0.985352 1.702632 0.020508
v -0.973633 1.690913 0.024414
v -0.974609 1.705561 0.022461
v -0.958008 1.693843 0.025391
v -0.959961 1.707514 0.022461
v -0.927734 1.713374 0.026367
v -0.931641 1.695796 0.028320
v -0.892578 1.716304 0.025391
v -0.972656 1.690913 0.000000
v -0.954102 1.692866 0.000000
v -0.925781 1.695796 0.000000
v -0.887695 1.695796 -0.001953
v -0.887695 1.687007 0.011719
v -0.927734 1.688960 0.013672
v -0.887695 1.695796 -0.001953
v -0.925781 1.695796 0.000000
v -0.954102 1.692866 0.000000
v -0.956055 1.685054 0.012695
v -0.976563 1.683100 0.011719
v -0.972656 1.690913 0.000000
v -0.988281 1.689936 0.001953
v -0.992188 1.689936 0.010742
v -0.987305 1.690913 0.021484
v -0.973633 1.690913 0.024414
v -0.958008 1.693843 0.025391
v -0.931641 1.695796 0.028320
v -0.886719 1.696772 0.029297
v -0.861328 1.694819 0.033203
v -0.846680 1.677241 0.036133
v -0.846680 1.671382 0.017578
v -0.833008 1.645991 0.006836
v -0.846680 1.662593 0.039063
v -0.865234 1.653804 0.037109
v -0.848633 1.639155 0.025391
v -0.866211 1.638179 0.033203
v -0.906250 1.676264 -0.082031
v -0.928711 1.672358 -0.083984
v -0.942383 1.667475 -0.084961
v -0.957031 1.671382 -0.085938
v -0.954102 1.671382 -0.077148
v -0.943359 1.671382 -0.073242
v -0.932617 1.676264 -0.073242
v -0.908203 1.678218 -0.069336
v -0.881836 1.680171 -0.068359
v -0.878906 1.681147 -0.050781
v -0.874023 1.679194 -0.036133
v -0.889648 1.688960 -0.037109
v -0.883789 1.686030 -0.050781
v -0.923828 1.691889 -0.041016
v -0.921875 1.688960 -0.054688
v -0.949219 1.683100 -0.055664
v -0.950195 1.689936 -0.044922
v -0.968750 1.686030 -0.044922
v -0.968750 1.679194 -0.057617
v -0.983398 1.684077 -0.049805
v -0.984375 1.684077 -0.058594
v -0.981445 1.684077 -0.068359
v -0.966797 1.686030 -0.071289
v -0.949219 1.688960 -0.069336
v -0.921875 1.696772 -0.069336
v -0.881836 1.687983 -0.064453
v -0.816406 1.616694 0.029297
v -0.833984 1.617671 0.041992
v -0.849609 1.621577 0.049805
v -0.881836 1.636225 0.034180
v -0.870117 1.624507 0.051758
v -0.896484 1.633296 0.037109
v -0.883789 1.621577 0.055664
v -0.909180 1.626460 0.042969
v -0.901367 1.620600 0.057617
v -0.920898 1.633296 0.056641
v -0.913086 1.623530 0.066406
v -0.889648 1.687007 -0.019531
v -0.930664 1.690913 -0.021484
v -0.929688 1.698725 -0.036133
v -0.960938 1.687007 -0.023438
v -0.958984 1.692866 -0.037109
v -0.982422 1.682124 -0.024414
v -0.981445 1.688960 -0.038086
v -0.996094 1.688960 -0.036133
v -1.000977 1.687007 -0.025391
v -0.996094 1.688960 -0.015625
v -0.979492 1.690913 -0.012695
v -0.960938 1.693843 -0.010742
v -0.931641 1.698725 -0.006836
v -0.887695 1.695796 -0.001953
v -0.784180 1.728022 -0.056641
v -0.797852 1.741694 -0.048828
v -0.783203 1.734858 -0.023438
v -0.796875 1.746577 -0.025391
v -0.794922 1.737788 -0.008789
v -0.780273 1.722163 0.000000
v -0.784180 1.728022 -0.056641
v -0.832031 1.741694 -0.041992
v -0.797852 1.741694 -0.048828
v -0.831055 1.751460 -0.038086
v -0.862305 1.756343 -0.026367
v -0.875977 1.748530 -0.025391
v -0.780273 1.722163 0.000000
v -0.794922 1.737788 -0.008789
v -0.834961 1.740718 -0.008789
v -0.833008 1.750483 -0.014648
v -0.862305 1.756343 -0.026367
v -0.875977 1.748530 -0.025391
v -0.797852 1.741694 -0.048828
v -0.831055 1.751460 -0.038086
v -0.796875 1.746577 -0.025391
v -0.830078 1.752436 -0.026367
v -0.862305 1.756343 -0.026367
v -0.833008 1.750483 -0.014648
v -0.794922 1.737788 -0.008789
v -0.767578 1.636225 -0.033203
v -0.763672 1.626460 0.000000
v -0.796875 1.628413 -0.021484
v -0.815430 1.606929 0.027344
v -0.841797 1.637202 0.003906
v -0.818359 1.636225 -0.032227
v -0.853516 1.662593 -0.015625
v -0.858398 1.662593 0.002930
v -0.855469 1.660639 0.017578
v -0.887695 1.695796 -0.001953
v -0.878906 1.665522 -0.035156
v -0.850586 1.661616 -0.044922
v -0.833008 1.637202 -0.054688
v -0.811523 1.630366 -0.067383
v -0.811523 1.630366 -0.067383
v -0.767578 1.636225 -0.033203
v -0.796875 1.628413 -0.021484
v -0.794922 1.644038 -0.088867
v -0.767578 1.636225 -0.033203
v -0.811523 1.630366 -0.067383
v -0.794922 1.644038 -0.088867
v -0.768555 1.642085 -0.070313
v -0.790039 1.668452 -0.099609
v -0.763672 1.671382 -0.078125
v -0.762695 1.704585 -0.074219
v -0.793945 1.706538 -0.093750
v -0.764648 1.716304 -0.049805
v -0.784180 1.728022 -0.056641
v -0.764648 1.718257 -0.042969
v -0.764648 1.720210 -0.032227
v -0.783203 1.734858 -0.023438
v -0.764648 1.722163 -0.021484
v -0.764648 1.716304 -0.011719
v -0.780273 1.722163 0.000000
v -0.764648 1.710444 -0.001953
v -0.756836 1.690913 0.011719
v -0.827148 1.732905 0.017578
v -0.834961 1.740718 -0.008789
v -0.865234 1.747554 0.013672
v -0.882813 1.738764 -0.000977
v -0.900391 1.726069 -0.000977
v -0.902344 1.738764 -0.023438
v -0.875977 1.748530 -0.025391
v -0.879883 1.730952 -0.037109
v -0.832031 1.741694 -0.041992
v -0.864258 1.742671 -0.048828
v -0.834961 1.731929 -0.071289
v -0.815430 1.606929 0.027344
v -0.769531 1.646968 0.038086
v -0.816406 1.616694 0.029297
v -0.777344 1.650874 0.029297
v -0.777344 1.679194 0.041016
v -0.782227 1.675288 0.028320
v -0.793945 1.709468 0.030273
v -0.798828 1.700679 0.019531
v -0.827148 1.732905 0.017578
v -0.832031 1.721186 0.011719
v -0.865234 1.734858 0.013672
v -0.865234 1.747554 0.013672
v -0.900391 1.726069 -0.000977
v -0.892578 1.718257 0.001953
v -0.887695 1.695796 -0.001953
v -0.855469 1.660639 0.017578
v -0.887695 1.687007 0.011719
v -0.846680 1.671382 0.017578
v -0.833008 1.645991 0.006836
v -0.841797 1.637202 0.003906
v -0.816406 1.616694 0.029297
v -0.815430 1.606929 0.027344
v -0.892578 1.718257 0.001953
v -0.900391 1.726069 -0.000977
v -0.887695 1.695796 -0.001953
v -0.897461 1.720210 -0.006836
v -0.902344 1.738764 -0.023438
v -0.898438 1.727046 -0.021484
v -0.879883 1.730952 -0.037109
v -0.876953 1.719233 -0.036133
v -0.863281 1.729975 -0.048828
v -0.864258 1.742671 -0.048828
v -0.834961 1.731929 -0.071289
v -0.835938 1.719233 -0.062500
v -0.796875 1.699702 -0.082031
v -0.793945 1.706538 -0.093750
v -0.790039 1.668452 -0.099609
v -0.795898 1.670405 -0.085938
v -0.794922 1.644038 -0.088867
v -0.799805 1.653804 -0.080078
v -0.811523 1.644038 -0.065430
v -0.811523 1.630366 -0.067383
v -0.833008 1.637202 -0.054688
v -0.826172 1.648921 -0.058594
v -0.850586 1.661616 -0.044922
v -0.844727 1.673335 -0.047852
v -0.874023 1.679194 -0.036133
v -0.878906 1.665522 -0.035156
v -0.889648 1.687007 -0.019531
v -0.887695 1.695796 -0.001953
v -0.793945 1.709468 0.030273
v -0.777344 1.679194 0.041016
v -0.754883 1.662593 0.017578
v -0.769531 1.646968 0.038086
v -0.763672 1.626460 0.000000
v -0.815430 1.606929 0.027344
v 0.886719 1.696772 0.029297
v 0.864258 1.716304 0.030273
v 0.861328 1.694819 0.033203
v 0.834961 1.710444 0.026367
v 0.835938 1.683100 0.046875
v 0.803711 1.671382 0.041016
v 0.834961 1.661616 0.056641
v 0.817383 1.636225 0.052734
v 0.836914 1.640132 0.062500
v 0.862305 1.641108 0.061523
v 0.863281 1.657710 0.060547
v 0.874023 1.637202 0.065430
v 0.878906 1.656733 0.061523
v 0.897461 1.641108 0.066406
v 0.898438 1.657710 0.060547
v 0.917969 1.636225 0.068359
v 0.911133 1.653804 0.064453
v 0.918945 1.645014 0.065430
v 0.920898 1.633296 0.056641
v 0.913086 1.623530 0.066406
v 0.901367 1.620600 0.057617
v 0.883789 1.621577 0.055664
v 0.870117 1.624507 0.051758
v 0.849609 1.621577 0.049805
v 0.833984 1.617671 0.041992
v 0.816406 1.616694 0.029297
v 0.777344 1.650874 0.029297
v 0.782227 1.675288 0.028320
v 0.798828 1.700679 0.019531
v 0.832031 1.721186 0.011719
v 0.865234 1.734858 0.013672
v 0.894531 1.723139 0.012695
v 0.892578 1.718257 0.001953
v 0.928711 1.719233 0.012695
v 0.927734 1.711421 0.001953
v 0.958008 1.714350 0.010742
v 0.958008 1.707514 0.000977
v 0.974609 1.709468 0.010742
v 0.973633 1.705561 0.000000
v 0.988281 1.700679 0.002930
v 0.993164 1.700679 0.010742
v 0.985352 1.702632 0.020508
v 0.974609 1.705561 0.022461
v 0.959961 1.707514 0.022461
v 0.927734 1.713374 0.026367
v 0.892578 1.716304 0.025391
v 0.931641 1.695796 0.028320
v 0.958008 1.693843 0.025391
v 0.973633 1.690913 0.024414
v 0.987305 1.690913 0.021484
v 0.992188 1.689936 0.010742
v 0.988281 1.689936 0.001953
v 0.972656 1.690913 0.000000
v 0.954102 1.692866 0.000000
v 0.925781 1.695796 0.000000
v 0.887695 1.695796 -0.001953
v 0.881836 1.680171 -0.068359
v 0.906250 1.676264 -0.082031
v 0.908203 1.678218 -0.069336
v 0.928711 1.672358 -0.083984
v 0.932617 1.676264 -0.073242
v 0.943359 1.671382 -0.073242
v 0.942383 1.667475 -0.084961
v 0.954102 1.671382 -0.077148
v 0.957031 1.671382 -0.085938
v 0.952148 1.673335 -0.094727
v 0.941406 1.671382 -0.096680
v 0.927734 1.675288 -0.094727
v 0.906250 1.684077 -0.095703
v 0.907227 1.695796 -0.093750
v 0.879883 1.697749 -0.089844
v 0.907227 1.704585 -0.083984
v 0.885742 1.708491 -0.082031
v 0.909180 1.698725 -0.072266
v 0.931641 1.688960 -0.074219
v 0.931641 1.692866 -0.085938
v 0.954102 1.682124 -0.077148
v 0.958008 1.681147 -0.086914
v 0.953125 1.682124 -0.094727
v 0.931641 1.687983 -0.093750
v 0.957031 1.671382 -0.085938
v 0.954102 1.671382 -0.077148
v 0.943359 1.671382 -0.073242
v 0.932617 1.676264 -0.073242
v 0.908203 1.678218 -0.069336
v 0.889648 1.701655 -0.070313
v 0.870117 1.718257 -0.065430
v 0.863281 1.719233 -0.079102
v 0.834961 1.716304 -0.077148
v 0.837891 1.707514 -0.086914
v 0.796875 1.699702 -0.082031
v 0.840820 1.686030 -0.091797
v 0.795898 1.670405 -0.085938
v 0.799805 1.653804 -0.080078
v 0.840820 1.675288 -0.083984
v 0.811523 1.644038 -0.065430
v 0.826172 1.648921 -0.058594
v 0.846680 1.671382 -0.064453
v 0.844727 1.673335 -0.047852
v 0.870117 1.676264 -0.078125
v 0.868164 1.687007 -0.090820
v 0.862305 1.702632 -0.089844
v 0.878906 1.681147 -0.050781
v 0.881836 1.687983 -0.064453
v 0.883789 1.686030 -0.050781
v 0.921875 1.696772 -0.069336
v 0.921875 1.688960 -0.054688
v 0.949219 1.688960 -0.069336
v 0.949219 1.683100 -0.055664
v 0.968750 1.679194 -0.057617
v 0.966797 1.686030 -0.071289
v 0.981445 1.684077 -0.068359
v 0.984375 1.684077 -0.058594
v 0.983398 1.684077 -0.049805
v 0.968750 1.686030 -0.044922
v 0.950195 1.689936 -0.044922
v 0.923828 1.691889 -0.041016
v 0.889648 1.688960 -0.037109
v 0.874023 1.679194 -0.036133
v 0.889648 1.687007 -0.019531
v 0.930664 1.690913 -0.021484
v 0.929688 1.698725 -0.036133
v 0.960938 1.687007 -0.023438
v 0.958984 1.692866 -0.037109
v 0.982422 1.682124 -0.024414
v 0.981445 1.688960 -0.038086
v 0.996094 1.688960 -0.036133
v 1.000977 1.687007 -0.025391
v 0.996094 1.688960 -0.015625
v 0.979492 1.690913 -0.012695
v 0.960938 1.693843 -0.010742
v 0.931641 1.698725 -0.006836
v 0.887695 1.695796 -0.001953
v 0.835938 1.719233 -0.062500
v 0.863281 1.729975 -0.048828
v 0.891602 1.723139 -0.052734
v 0.876953 1.719233 -0.036133
v 0.895508 1.715327 -0.041016
v 0.889648 1.688960 -0.037109
v 0.923828 1.711421 -0.042969
v 0.923828 1.691889 -0.041016
v 0.952148 1.704585 -0.046875
v 0.950195 1.689936 -0.044922
v 0.966797 1.699702 -0.046875
v 0.968750 1.686030 -0.044922
v 0.983398 1.694819 -0.050781
v 0.983398 1.684077 -0.049805
v 0.985352 1.694819 -0.059570
v 0.984375 1.684077 -0.058594
v 0.981445 1.684077 -0.068359
v 0.865234 1.653804 0.037109
v 0.876953 1.650874 0.040039
v 0.866211 1.638179 0.033203
v 0.881836 1.636225 0.034180
v 0.896484 1.652827 0.042969
v 0.896484 1.633296 0.037109
v 0.910156 1.651850 0.047852
v 0.909180 1.626460 0.042969
v 0.919922 1.645014 0.052734
v 0.846680 1.662593 0.039063
v 0.846680 1.677241 0.036133
v 0.881836 1.687983 -0.064453
v 0.890625 1.711421 -0.064453
v 0.921875 1.696772 -0.069336
v 0.922852 1.709468 -0.068359
v 0.949219 1.688960 -0.069336
v 0.951172 1.702632 -0.069336
v 0.966797 1.686030 -0.071289
v 0.966797 1.698725 -0.070313
v 0.981445 1.694819 -0.068359
v 0.968750 1.702632 -0.058594
v 0.950195 1.710444 -0.057617
v 0.923828 1.719233 -0.056641
v 0.833008 1.645991 0.006836
v 0.848633 1.639155 0.025391
v 0.816406 1.616694 0.029297
v 0.833984 1.617671 0.041992
v 0.866211 1.638179 0.033203
v 0.849609 1.621577 0.049805
v 0.881836 1.636225 0.034180
v 0.870117 1.624507 0.051758
v 0.896484 1.633296 0.037109
v 0.883789 1.621577 0.055664
v 0.909180 1.626460 0.042969
v 0.901367 1.620600 0.057617
v 0.920898 1.633296 0.056641
v 0.913086 1.623530 0.066406
v 0.929688 1.698725 -0.036133
v 0.958984 1.707514 -0.035156
v 0.958984 1.692866 -0.037109
v 0.981445 1.688960 -0.038086
v 0.980469 1.701655 -0.037109
v 0.996094 1.688960 -0.036133
v 0.995117 1.696772 -0.035156
v 1.000977 1.697749 -0.026367
v 1.000977 1.687007 -0.025391
v 0.996094 1.698725 -0.015625
v 0.996094 1.688960 -0.015625
v 0.981445 1.701655 -0.012695
v 0.979492 1.690913 -0.012695
v 0.960938 1.693843 -0.010742
v 0.959961 1.708491 -0.012695
v 0.931641 1.698725 -0.006836
v 0.931641 1.716304 -0.008789
v 0.887695 1.695796 -0.001953
v 0.897461 1.720210 -0.006836
v 0.932617 1.723139 -0.023438
v 0.898438 1.727046 -0.021484
v 0.929688 1.708491 -0.036133
v 0.896484 1.718257 -0.033203
v 0.959961 1.715327 -0.024414
v 0.981445 1.706538 -0.025391
v 0.881836 1.680171 -0.068359
v 0.887695 1.687007 0.011719
v 0.887695 1.695796 -0.001953
v 0.927734 1.688960 0.013672
v 0.925781 1.695796 0.000000
v 0.954102 1.692866 0.000000
v 0.956055 1.685054 0.012695
v 0.976563 1.683100 0.011719
v 0.972656 1.690913 0.000000
v 0.988281 1.689936 0.001953
v 0.992188 1.689936 0.010742
v 0.987305 1.690913 0.021484
v 0.973633 1.690913 0.024414
v 0.958008 1.693843 0.025391
v 0.931641 1.695796 0.028320
v 0.886719 1.696772 0.029297
v 0.861328 1.694819 0.033203
v 0.846680 1.677241 0.036133
v 0.846680 1.671382 0.017578
v 0.846680 1.662593 0.039063
v 0.865234 1.653804 0.037109
v 0.784180 1.728022 -0.056641
v 0.797852 1.741694 -0.048828
v 0.832031 1.741694 -0.041992
v 0.831055 1.751460 -0.038086
v 0.862305 1.756343 -0.026367
v 0.875977 1.748530 -0.025391
v 0.784180 1.728022 -0.056641
v 0.783203 1.734858 -0.023438
v 0.797852 1.741694 -0.048828
v 0.796875 1.746577 -0.025391
v 0.794922 1.737788 -0.008789
v 0.780273 1.722163 0.000000
v 0.875977 1.748530 -0.025391
v 0.862305 1.756343 -0.026367
v 0.834961 1.740718 -0.008789
v 0.833008 1.750483 -0.014648
v 0.794922 1.737788 -0.008789
v 0.780273 1.722163 0.000000
v 0.794922 1.737788 -0.008789
v 0.833008 1.750483 -0.014648
v 0.796875 1.746577 -0.025391
v 0.830078 1.752436 -0.026367
v 0.862305 1.756343 -0.026367
v 0.831055 1.751460 -0.038086
v 0.797852 1.741694 -0.048828
v 0.793945 1.706538 -0.093750
v 0.784180 1.728022 -0.056641
v 0.834961 1.731929 -0.071289
v 0.832031 1.741694 -0.041992
v 0.864258 1.742671 -0.048828
v 0.879883 1.730952 -0.037109
v 0.875977 1.748530 -0.025391
v 0.902344 1.738764 -0.023438
v 0.882813 1.738764 -0.000977
v 0.900391 1.726069 -0.000977
v 0.865234 1.747554 0.013672
v 0.834961 1.740718 -0.008789
v 0.827148 1.732905 0.017578
v 0.780273 1.722163 0.000000
v 0.756836 1.690913 0.011719
v 0.764648 1.710444 -0.001953
v 0.764648 1.716304 -0.011719
v 0.783203 1.734858 -0.023438
v 0.764648 1.722163 -0.021484
v 0.764648 1.720210 -0.032227
v 0.764648 1.718257 -0.042969
v 0.764648 1.716304 -0.049805
v 0.762695 1.704585 -0.074219
v 0.790039 1.668452 -0.099609
v 0.763672 1.671382 -0.078125
v 0.768555 1.642085 -0.070313
v 0.794922 1.644038 -0.088867
v 0.767578 1.636225 -0.033203
v 0.811523 1.630366 -0.067383
v 0.796875 1.628413 -0.021484
v 0.818359 1.636225 -0.032227
v 0.833008 1.637202 -0.054688
v 0.850586 1.661616 -0.044922
v 0.853516 1.662593 -0.015625
v 0.878906 1.665522 -0.035156
v 0.887695 1.695796 -0.001953
v 0.858398 1.662593 0.002930
v 0.855469 1.660639 0.017578
v 0.841797 1.637202 0.003906
v 0.815430 1.606929 0.027344
v 0.763672 1.626460 0.000000
v 0.815430 1.606929 0.027344
v 0.841797 1.637202 0.003906
v 0.816406 1.616694 0.029297
v 0.833008 1.645991 0.006836
v 0.855469 1.660639 0.017578
v 0.846680 1.671382 0.017578
v 0.887695 1.687007 0.011719
v 0.887695 1.695796 -0.001953
v 0.887695 1.695796 -0.001953
v 0.878906 1.665522 -0.035156
v 0.889648 1.687007 -0.019531
v 0.874023 1.679194 -0.036133
v 0.850586 1.661616 -0.044922
v 0.844727 1.673335 -0.047852
v 0.826172 1.648921 -0.058594
v 0.833008 1.637202 -0.054688
v 0.811523 1.630366 -0.067383
v 0.811523 1.644038 -0.065430
v 0.794922 1.644038 -0.088867
v 0.799805 1.653804 -0.080078
v 0.790039 1.668452 -0.099609
v 0.795898 1.670405 -0.085938
v 0.796875 1.699702 -0.082031
v 0.793945 1.706538 -0.093750
v 0.834961 1.731929 -0.071289
v 0.835938 1.719233 -0.062500
v 0.863281 1.729975 -0.048828
v 0.864258 1.742671 -0.048828
v 0.879883 1.730952 -0.037109
v 0.876953 1.719233 -0.036133
v 0.898438 1.727046 -0.021484
v 0.902344 1.738764 -0.023438
v 0.897461 1.720210 -0.006836
v 0.900391 1.726069 -0.000977
v 0.887695 1.695796 -0.001953
v 0.892578 1.718257 0.001953
v 0.815430 1.606929 0.027344
v 0.816406 1.616694 0.029297
v 0.769531 1.646968 0.038086
v 0.777344 1.650874 0.029297
v 0.777344 1.679194 0.041016
v 0.782227 1.675288 0.028320
v 0.793945 1.709468 0.030273
v 0.798828 1.700679 0.019531
v 0.827148 1.732905 0.017578
v 0.832031 1.721186 0.011719
v 0.865234 1.734858 0.013672
v 0.865234 1.747554 0.013672
v 0.900391 1.726069 -0.000977
v 0.892578 1.718257 0.001953
v 0.793945 1.709468 0.030273
v 0.777344 1.679194 0.041016
v 0.754883 1.662593 0.017578
v 0.769531 1.646968 0.038086
v 0.763672 1.626460 0.000000
v 0.815430 1.606929 0.027344
v 0.575195 1.642085 -0.097656
v 0.574219 1.681147 -0.095703
v 0.615234 1.640132 -0.099609
v 0.615234 1.679194 -0.098633
v 0.668945 1.682124 -0.087891
v 0.614258 1.711421 -0.080078
v 0.669922 1.710444 -0.073242
v 0.575195 1.716304 -0.082031
v 0.574219 1.737788 -0.068359
v 0.544922 1.715327 -0.079102
v 0.542969 1.731929 -0.066406
v 0.556641 1.751460 -0.040039
v 0.535156 1.745600 -0.044922
v 0.557617 1.751460 -0.007813
v 0.535156 1.748530 -0.010742
v 0.535156 1.723139 0.019531
v 0.573242 1.730952 0.031250
v 0.538086 1.696772 0.028320
v 0.582031 1.701655 0.047852
v 0.541016 1.672358 0.029297
v 0.582031 1.667475 0.043945
v 0.546875 1.631343 0.012695
v 0.579102 1.607905 0.013672
v 0.619141 1.605952 0.015625
v 0.626953 1.667475 0.044922
v 0.665039 1.623530 0.015625
v 0.671875 1.658686 0.032227
v 0.729492 1.626460 0.001953
v 0.726563 1.662593 0.016602
v 0.754883 1.662593 0.017578
v 0.763672 1.626460 0.000000
v 0.627930 1.729975 0.030273
v 0.626953 1.701655 0.044922
v 0.674805 1.723139 0.017578
v 0.673828 1.695796 0.031250
v 0.727539 1.691889 0.018555
v 0.725586 1.713374 0.005859
v 0.756836 1.690913 0.011719
v 0.764648 1.710444 -0.001953
v 0.669922 1.729975 -0.067383
v 0.725586 1.719233 -0.056641
v 0.636719 1.734858 -0.073242
v 0.764648 1.718257 -0.042969
v 0.725586 1.721186 -0.041016
v 0.764648 1.720210 -0.032227
v 0.725586 1.722163 -0.031250
v 0.654297 1.741694 -0.041992
v 0.655273 1.742671 -0.030273
v 0.628906 1.749507 -0.042969
v 0.655273 1.743647 -0.018555
v 0.630859 1.747554 -0.003906
v 0.654297 1.737788 -0.004883
v 0.725586 1.723139 -0.020508
v 0.725586 1.720210 -0.008789
v 0.764648 1.716304 -0.011719
v 0.764648 1.722163 -0.021484
v 0.733398 1.642085 -0.005859
v 0.738281 1.633296 -0.000977
v 0.729492 1.626460 0.001953
v 0.763672 1.626460 0.000000
v 0.757813 1.634272 -0.000977
v 0.761719 1.642085 -0.005859
v 0.583984 1.615718 0.006836
v 0.589844 1.609858 0.008789
v 0.579102 1.607905 0.013672
v 0.619141 1.605952 0.015625
v 0.611328 1.609858 0.008789
v 0.616211 1.614741 0.009766
v 0.733398 1.702632 -0.067383
v 0.729492 1.708491 -0.071289
v 0.757813 1.699702 -0.068359
v 0.762695 1.704585 -0.074219
v 0.726563 1.674311 -0.081055
v 0.729492 1.708491 -0.071289
v 0.731445 1.677241 -0.073242
v 0.733398 1.702632 -0.067383
v 0.757813 1.675288 -0.071289
v 0.763672 1.671382 -0.078125
v 0.731445 1.677241 -0.073242
v 0.726563 1.674311 -0.081055
v 0.757813 1.699702 -0.068359
v 0.762695 1.704585 -0.074219
v 0.757813 1.675288 -0.071289
v 0.763672 1.671382 -0.078125
v 0.615234 1.679194 -0.098633
v 0.574219 1.681147 -0.095703
v 0.609375 1.682124 -0.089844
v 0.580078 1.683100 -0.087891
v 0.608398 1.704585 -0.076172
v 0.614258 1.711421 -0.080078
v 0.609375 1.682124 -0.089844
v 0.615234 1.679194 -0.098633
v 0.575195 1.716304 -0.082031
v 0.614258 1.711421 -0.080078
v 0.581055 1.708491 -0.078125
v 0.608398 1.704585 -0.076172
v 0.768555 1.642085 -0.070313
v 0.767578 1.636225 -0.033203
v 0.763672 1.652827 -0.062500
v 0.763672 1.644038 -0.030273
v 0.761719 1.642085 -0.005859
v 0.763672 1.626460 0.000000
v 0.735352 1.654780 -0.063477
v 0.732422 1.644038 -0.072266
v 0.740234 1.645014 -0.067383
v 0.768555 1.642085 -0.070313
v 0.760742 1.645014 -0.066406
v 0.763672 1.652827 -0.062500
v 0.611328 1.639155 -0.088867
v 0.606445 1.640132 -0.091797
v 0.615234 1.640132 -0.099609
v 0.585938 1.641108 -0.091797
v 0.575195 1.642085 -0.097656
v 0.579102 1.642085 -0.087891
v 0.580078 1.683100 -0.087891
v 0.581055 1.708491 -0.078125
v 0.545898 1.688960 -0.091797
v 0.543945 1.646968 -0.087891
v 0.576172 1.615718 -0.073242
v 0.544922 1.621577 -0.059570
v 0.548828 1.610835 -0.030273
v 0.578125 1.600093 -0.037109
v 0.546875 1.631343 0.012695
v 0.579102 1.607905 0.013672
v 0.732422 1.644038 -0.072266
v 0.735352 1.654780 -0.063477
v 0.734375 1.632319 -0.037109
v 0.736328 1.640132 -0.035156
v 0.733398 1.642085 -0.005859
v 0.729492 1.626460 0.001953
v 0.579102 1.607905 0.013672
v 0.578125 1.600093 -0.037109
v 0.583984 1.615718 0.006836
v 0.581055 1.604975 -0.036133
v 0.579102 1.619624 -0.069336
v 0.576172 1.615718 -0.073242
v 0.579102 1.642085 -0.087891
v 0.575195 1.642085 -0.097656
v 0.619141 1.605952 0.015625
v 0.616211 1.614741 0.009766
v 0.617188 1.600093 -0.037109
v 0.614258 1.605952 -0.036133
v 0.614258 1.615718 -0.071289
v 0.617188 1.611811 -0.074219
v 0.611328 1.639155 -0.088867
v 0.615234 1.640132 -0.099609
v 0.729492 1.666499 0.011719
v 0.726563 1.662593 0.016602
v 0.750000 1.666499 0.011719
v 0.754883 1.662593 0.017578
v 0.727539 1.691889 0.018555
v 0.726563 1.662593 0.016602
v 0.731445 1.687007 0.012695
v 0.729492 1.666499 0.011719
v 0.751953 1.687007 0.007813
v 0.756836 1.690913 0.011719
v 0.731445 1.687007 0.012695
v 0.727539 1.691889 0.018555
v 0.754883 1.662593 0.017578
v 0.756836 1.690913 0.011719
v 0.750000 1.666499 0.011719
v 0.751953 1.687007 0.007813
v 0.588867 1.672358 0.039063
v 0.582031 1.667475 0.043945
v 0.618164 1.674311 0.040039
v 0.626953 1.667475 0.044922
v 0.582031 1.701655 0.047852
v 0.582031 1.667475 0.043945
v 0.590820 1.694819 0.041992
v 0.588867 1.672358 0.039063
v 0.620117 1.696772 0.040039
v 0.626953 1.701655 0.044922
v 0.590820 1.694819 0.041992
v 0.582031 1.701655 0.047852
v 0.626953 1.667475 0.044922
v 0.626953 1.701655 0.044922
v 0.618164 1.674311 0.040039
v 0.620117 1.696772 0.040039
v 0.768555 1.642085 -0.070313
v 0.732422 1.644038 -0.072266
v 0.763672 1.671382 -0.078125
v 0.726563 1.674311 -0.081055
v 0.668945 1.649897 -0.085938
v 0.670898 1.624507 -0.068359
v 0.734375 1.632319 -0.037109
v 0.666992 1.614741 -0.038086
v 0.665039 1.623530 0.015625
v 0.729492 1.626460 0.001953
v 0.619141 1.605952 0.015625
v 0.617188 1.600093 -0.037109
v 0.617188 1.611811 -0.074219
v 0.729492 1.708491 -0.071289
v 0.762695 1.704585 -0.074219
v 0.764648 1.716304 -0.049805
v 0.542969 1.636225 0.006836
v 0.546875 1.631343 0.012695
v 0.538086 1.674311 0.020508
v 0.541016 1.672358 0.029297
v 0.538086 1.696772 0.028320
v 0.535156 1.696772 0.020508
v 0.535156 1.723139 0.019531
v 0.531250 1.720210 0.012695
v 0.535156 1.748530 -0.010742
v 0.530273 1.742671 -0.013672
v 0.529297 1.738764 -0.041016
v 0.535156 1.745600 -0.044922
v 0.542969 1.731929 -0.066406
v 0.536133 1.727046 -0.059570
v 0.536133 1.710444 -0.071289
v 0.544922 1.715327 -0.079102
v 0.538086 1.687007 -0.083008
v 0.545898 1.688960 -0.091797
v 0.539063 1.649897 -0.081055
v 0.543945 1.646968 -0.087891
v 0.544922 1.621577 -0.059570
v 0.541992 1.628413 -0.055664
v 0.548828 1.610835 -0.030273
v 0.543945 1.617671 -0.030273
v 0.542969 1.636225 0.006836
v 0.546875 1.631343 0.012695
v 0.733398 1.702632 -0.067383
v 0.757813 1.699702 -0.068359
v 0.737305 1.698725 -0.077148
v 0.753906 1.696772 -0.078125
v 0.736328 1.683100 -0.081055
v 0.753906 1.682124 -0.079102
v 0.731445 1.677241 -0.073242
v 0.757813 1.675288 -0.071289
v 0.740234 1.645014 -0.067383
v 0.760742 1.645014 -0.066406
v 0.741211 1.635249 -0.036133
v 0.759766 1.639155 -0.032227
v 0.738281 1.633296 -0.000977
v 0.757813 1.634272 -0.000977
v 0.738281 1.633296 -0.000977
v 0.733398 1.642085 -0.005859
v 0.741211 1.635249 -0.036133
v 0.736328 1.640132 -0.035156
v 0.735352 1.654780 -0.063477
v 0.740234 1.645014 -0.067383
v 0.736328 1.683100 -0.081055
v 0.731445 1.677241 -0.073242
v 0.737305 1.698725 -0.077148
v 0.733398 1.702632 -0.067383
v 0.753906 1.696772 -0.078125
v 0.757813 1.699702 -0.068359
v 0.753906 1.682124 -0.079102
v 0.757813 1.675288 -0.071289
v 0.757813 1.634272 -0.000977
v 0.759766 1.639155 -0.032227
v 0.761719 1.642085 -0.005859
v 0.763672 1.644038 -0.030273
v 0.763672 1.652827 -0.062500
v 0.760742 1.645014 -0.066406
v 0.729492 1.666499 0.011719
v 0.750000 1.666499 0.011719
v 0.734375 1.670405 0.020508
v 0.748047 1.670405 0.020508
v 0.735352 1.684077 0.020508
v 0.749023 1.684077 0.017578
v 0.731445 1.687007 0.012695
v 0.751953 1.687007 0.007813
v 0.604492 1.690913 -0.095703
v 0.603516 1.705561 -0.086914
v 0.609375 1.682124 -0.089844
v 0.608398 1.704585 -0.076172
v 0.585938 1.707514 -0.087891
v 0.585938 1.690913 -0.094727
v 0.581055 1.708491 -0.078125
v 0.580078 1.683100 -0.087891
v 0.585938 1.641108 -0.091797
v 0.606445 1.640132 -0.091797
v 0.583984 1.614741 -0.072266
v 0.608398 1.611811 -0.073242
v 0.585938 1.600093 -0.036133
v 0.608398 1.601069 -0.036133
v 0.589844 1.609858 0.008789
v 0.611328 1.609858 0.008789
v 0.606445 1.640132 -0.091797
v 0.611328 1.639155 -0.088867
v 0.608398 1.611811 -0.073242
v 0.614258 1.615718 -0.071289
v 0.608398 1.601069 -0.036133
v 0.614258 1.605952 -0.036133
v 0.616211 1.614741 0.009766
v 0.611328 1.609858 0.008789
v 0.735352 1.684077 0.020508
v 0.731445 1.687007 0.012695
v 0.734375 1.670405 0.020508
v 0.729492 1.666499 0.011719
v 0.748047 1.670405 0.020508
v 0.750000 1.666499 0.011719
v 0.749023 1.684077 0.017578
v 0.751953 1.687007 0.007813
v 0.580078 1.683100 -0.087891
v 0.585938 1.690913 -0.094727
v 0.609375 1.682124 -0.089844
v 0.604492 1.690913 -0.095703
v 0.603516 1.705561 -0.086914
v 0.585938 1.707514 -0.087891
v 0.581055 1.708491 -0.078125
v 0.608398 1.704585 -0.076172
v 0.585938 1.641108 -0.091797
v 0.583984 1.614741 -0.072266
v 0.579102 1.642085 -0.087891
v 0.579102 1.619624 -0.069336
v 0.585938 1.600093 -0.036133
v 0.581055 1.604975 -0.036133
v 0.583984 1.615718 0.006836
v 0.589844 1.609858 0.008789
v 0.764648 1.710444 -0.001953
v 0.764648 1.716304 -0.011719
v 0.750000 1.723139 -0.003906
v 0.764648 1.716304 -0.011719
v 0.725586 1.720210 -0.008789
v 0.750000 1.723139 -0.003906
v 0.720703 1.727046 -0.005859
v 0.654297 1.737788 -0.004883
v 0.648438 1.750483 0.000000
v 0.630859 1.747554 -0.003906
v 0.625000 1.757319 0.000000
v 0.764648 1.716304 -0.049805
v 0.725586 1.719233 -0.056641
v 0.750000 1.728022 -0.045898
v 0.716797 1.729975 -0.051758
v 0.669922 1.729975 -0.067383
v 0.667969 1.740718 -0.060547
v 0.640625 1.744624 -0.065430
v 0.636719 1.734858 -0.073242
v 0.623047 1.760249 -0.045898
v 0.628906 1.749507 -0.042969
v 0.648438 1.750483 -0.044922
v 0.654297 1.741694 -0.041992
v 0.720703 1.730952 -0.042969
v 0.725586 1.721186 -0.041016
v 0.750000 1.728022 -0.045898
v 0.764648 1.718257 -0.042969
v 0.573242 1.759272 -0.009766
v 0.572266 1.758296 -0.037109
v 0.557617 1.751460 -0.007813
v 0.556641 1.751460 -0.040039
v 0.632813 1.740718 0.022461
v 0.573242 1.759272 -0.009766
v 0.627930 1.729975 0.030273
v 0.557617 1.751460 -0.007813
v 0.764648 1.710444 -0.001953
v 0.750000 1.723139 -0.003906
v 0.725586 1.713374 0.005859
v 0.716797 1.725093 0.001953
v 0.674805 1.723139 0.017578
v 0.672852 1.734858 0.011719
v 0.632813 1.740718 0.022461
v 0.627930 1.729975 0.030273
v 0.640625 1.744624 -0.065430
v 0.636719 1.734858 -0.073242
v 0.572266 1.758296 -0.037109
v 0.556641 1.751460 -0.040039
v 0.630859 1.747554 -0.003906
v 0.628906 1.749507 -0.042969
v 0.625000 1.757319 0.000000
v 0.623047 1.760249 -0.045898
v 0.750000 1.728022 -0.045898
v 0.716797 1.729975 -0.051758
v 0.720703 1.730952 -0.042969
v 0.648438 1.750483 -0.044922
v 0.667969 1.740718 -0.060547
v 0.623047 1.760249 -0.045898
v 0.640625 1.744624 -0.065430
v 0.572266 1.758296 -0.037109
v 0.573242 1.759272 -0.009766
v 0.625000 1.757319 0.000000
v 0.632813 1.740718 0.022461
v 0.648438 1.750483 0.000000
v 0.672852 1.734858 0.011719
v 0.716797 1.725093 0.001953
v 0.720703 1.727046 -0.005859
v 0.750000 1.723139 -0.003906
v 0.764648 1.718257 -0.042969
v 0.764648 1.716304 -0.049805
v 0.750000 1.728022 -0.045898
v 0.595703 1.690913 0.050781
v 0.590820 1.694819 0.041992
v 0.594727 1.676264 0.048828
v 0.588867 1.672358 0.039063
v 0.613281 1.677241 0.049805
v 0.618164 1.674311 0.040039
v 0.615234 1.691889 0.049805
v 0.620117 1.696772 0.040039
v 0.764648 1.720210 -0.032227
v 0.725586 1.722163 -0.031250
v 0.750000 1.730952 -0.030273
v 0.716797 1.732905 -0.030273
v 0.750000 1.732905 -0.021484
v 0.764648 1.722163 -0.021484
v 0.750000 1.730952 -0.030273
v 0.764648 1.720210 -0.032227
v 0.655273 1.742671 -0.030273
v 0.655273 1.743647 -0.018555
v 0.656250 1.750483 -0.029297
v 0.656250 1.751460 -0.019531
v 0.725586 1.722163 -0.031250
v 0.655273 1.742671 -0.030273
v 0.716797 1.732905 -0.030273
v 0.656250 1.750483 -0.029297
v 0.750000 1.730952 -0.030273
v 0.716797 1.732905 -0.030273
v 0.750000 1.732905 -0.021484
v 0.716797 1.732905 -0.020508
v 0.656250 1.750483 -0.029297
v 0.656250 1.751460 -0.019531
v 0.588867 1.672358 0.039063
v 0.618164 1.674311 0.040039
v 0.594727 1.676264 0.048828
v 0.613281 1.677241 0.049805
v 0.595703 1.690913 0.050781
v 0.615234 1.691889 0.049805
v 0.590820 1.694819 0.041992
v 0.620117 1.696772 0.040039
v 0.764648 1.722163 -0.021484
v 0.750000 1.732905 -0.021484
v 0.725586 1.723139 -0.020508
v 0.716797 1.732905 -0.020508
v 0.655273 1.743647 -0.018555
v 0.656250 1.751460 -0.019531
v 0.251953 1.745600 -0.103516
v 0.245117 1.764155 -0.083008
v 0.287109 1.764155 -0.071289
v 0.191406 1.735835 -0.085938
v 0.188477 1.738764 -0.066406
v 0.201172 1.727046 -0.114258
v 0.168945 1.730952 -0.073242
v 0.217773 1.700679 -0.128906
v 0.272461 1.692866 -0.125977
v 0.334961 1.722163 -0.097656
v 0.302734 1.645014 -0.118164
v 0.347656 1.687983 -0.127930
v 0.347656 1.644038 -0.130859
v 0.304688 1.609858 -0.096680
v 0.377930 1.617671 -0.084961
v 0.264648 1.603999 -0.010742
v 0.256836 1.607905 -0.072266
v 0.242188 1.622554 -0.115234
v 0.225586 1.639155 -0.134766
v 0.176758 1.698725 -0.115234
v 0.159180 1.724116 -0.069336
v 0.159180 1.716304 -0.041992
v 0.171875 1.721186 -0.032227
v 0.150391 1.697749 0.000000
v 0.209961 1.710444 0.048828
v 0.198242 1.656733 0.062500
v 0.233398 1.698725 0.060547
v 0.269531 1.643061 0.031250
v 0.264648 1.603999 -0.010742
v 0.318359 1.638179 0.023438
v 0.366211 1.633296 0.027344
v 0.424805 1.615718 -0.009766
v 0.453125 1.628413 0.026367
v 0.452148 1.617671 -0.006836
v 0.473633 1.621577 -0.001953
v 0.477539 1.631343 0.019531
v 0.501953 1.628413 0.000977
v 0.542969 1.636225 0.006836
v 0.515625 1.635249 0.015625
v 0.517578 1.646968 0.018555
v 0.538086 1.674311 0.020508
v 0.487305 1.707514 0.011719
v 0.530273 1.742671 -0.013672
v 0.493164 1.735835 -0.004883
v 0.492188 1.735835 -0.034180
v 0.529297 1.738764 -0.041016
v 0.498047 1.738764 -0.052734
v 0.536133 1.727046 -0.059570
v 0.500977 1.728022 -0.065430
v 0.512695 1.708491 -0.076172
v 0.536133 1.710444 -0.071289
v 0.538086 1.687007 -0.083008
v 0.511719 1.667475 -0.078125
v 0.539063 1.649897 -0.081055
v 0.504883 1.626460 -0.067383
v 0.541992 1.628413 -0.055664
v 0.543945 1.617671 -0.030273
v 0.514648 1.612788 -0.035156
v 0.510742 1.622554 -0.009766
v 0.476563 1.616694 -0.046875
v 0.436523 1.620600 -0.082031
v 0.447266 1.673335 -0.097656
v 0.434570 1.701655 -0.095703
v 0.446289 1.724116 -0.085938
v 0.479492 1.728999 -0.070313
v 0.474609 1.749507 -0.051758
v 0.471680 1.739741 -0.032227
v 0.458008 1.718257 0.000000
v 0.458984 1.720210 0.021484
v 0.494141 1.693843 0.021484
v 0.460938 1.705561 0.037109
v 0.500000 1.679194 0.021484
v 0.474609 1.674311 0.038086
v 0.479492 1.648921 0.034180
v 0.448242 1.647944 0.044922
v 0.365234 1.656733 0.045898
v 0.318359 1.659663 0.038086
v 0.321289 1.681147 0.034180
v 0.284180 1.678218 0.043945
v 0.250000 1.741694 0.043945
v 0.245117 1.765132 0.015625
v 0.189453 1.735835 0.012695
v 0.244141 1.767085 -0.061523
v 0.313477 1.766108 -0.033203
v 0.249023 1.771968 -0.030273
v 0.348633 1.745600 -0.057617
v 0.180664 1.735835 -0.037109
v 0.187500 1.736811 -0.016602
v 0.291992 1.712397 0.048828
v 0.531250 1.720210 0.012695
v 0.535156 1.696772 0.020508
v 0.380859 1.620600 -0.011719
v 0.219727 1.621577 0.049805
v 0.163086 1.675288 0.038086
v 0.473633 1.621577 -0.001953
v 0.501953 1.628413 0.000977
v 0.452148 1.617671 -0.006836
v 0.424805 1.615718 -0.009766
v 0.432617 1.609858 -0.051758
v 0.380859 1.620600 -0.011719
v 0.376953 1.617671 -0.040039
v 0.407227 1.619624 -0.089844
v 0.394531 1.656733 -0.125000
v 0.401367 1.713374 -0.116211
v 0.392578 1.739741 -0.098633
v 0.407227 1.751460 -0.078125
v 0.437500 1.743647 -0.075195
v 0.429688 1.753413 -0.058594
v 0.382813 1.749507 -0.050781
v 0.427734 1.744624 -0.025391
v 0.371094 1.729975 -0.017578
v 0.418945 1.725093 -0.004883
v 0.432617 1.721186 0.029297
v 0.369141 1.711421 0.005859
v 0.303711 1.765132 0.000000
v 0.293945 1.742671 0.037109
v 0.444336 1.689936 0.045898
v 0.365234 1.683100 0.037109
v 0.354492 1.693843 0.027344
v 0.416016 1.738764 -0.097656
v 0.542969 1.636225 0.006836
v 0.247070 1.770991 -0.007813
v 0.355469 1.729975 -0.101563
v 0.157227 1.567866 0.144531
v 0.162109 1.613764 0.141602
v 0.123047 1.564936 0.159180
v 0.125977 1.606929 0.146484
v 0.081055 1.560054 0.162109
v 0.083984 1.602046 0.148438
v 0.076172 1.516108 0.170898
v 0.115234 1.520014 0.159180
v 0.149414 1.521968 0.145508
v 0.138672 1.727046 0.040039
v 0.100586 1.716304 0.039063
v 0.135742 1.714350 0.062500
v 0.098633 1.697749 0.064453
v 0.091797 1.665522 0.103516
v 0.131836 1.678218 0.107422
v 0.088867 1.638179 0.126953
v 0.127930 1.643061 0.125000
v 0.168945 1.650874 0.122070
v 0.171875 1.689936 0.105469
v 0.174805 1.728022 0.070313
v 0.176758 1.742671 0.044922
v -0.142578 1.469233 -0.142578
v -0.148438 1.534663 -0.162109
v -0.112305 1.493647 -0.164063
v -0.128906 1.537593 -0.163086
v -0.083984 1.562983 -0.157227
v -0.067383 1.503413 -0.172852
v -0.038086 1.568843 -0.155273
v -0.026367 1.506343 -0.172852
v 0.000000 1.569819 -0.155273
v 0.000000 1.507319 -0.170898
v 0.000000 1.450679 -0.178711
v -0.023438 1.449702 -0.178711
v -0.060547 1.445796 -0.173828
v -0.105469 1.439936 -0.147461
v -0.134766 1.420405 -0.119141
v -0.125977 1.371577 -0.096680
v -0.134766 1.420405 -0.119141
v -0.099609 1.385249 -0.130859
v -0.104492 1.451655 -0.125977
v -0.050781 1.394038 -0.142578
v -0.059570 1.465327 -0.134766
v -0.022461 1.469233 -0.139648
v 0.000000 1.397944 -0.147461
v 0.000000 1.470210 -0.139648
v 0.022461 1.469233 -0.139648
v 0.050781 1.394038 -0.142578
v 0.059570 1.465327 -0.134766
v 0.104492 1.451655 -0.125977
v 0.099609 1.385249 -0.130859
v 0.134766 1.420405 -0.119141
v 0.125977 1.371577 -0.096680
v 0.097656 1.325679 -0.110352
v 0.117188 1.319819 -0.074219
v 0.054688 1.336421 -0.130859
v 0.000000 1.338374 -0.134766
v -0.054688 1.336421 -0.130859
v -0.097656 1.325679 -0.110352
v -0.117188 1.319819 -0.074219
v 0.000000 1.687983 -0.135742
v 0.043945 1.684077 -0.132813
v 0.048828 1.658686 -0.166992
v 0.085938 1.675288 -0.142578
v 0.076172 1.645991 -0.172852
v 0.125000 1.648921 -0.156250
v 0.086914 1.604975 -0.191406
v 0.140625 1.599116 -0.163086
v 0.082031 1.554194 -0.200195
v 0.128906 1.542475 -0.175781
v 0.148438 1.534663 -0.162109
v -0.086914 1.604975 -0.191406
v -0.076172 1.645991 -0.172852
v -0.043945 1.607905 -0.199219
v -0.048828 1.658686 -0.166992
v 0.000000 1.659663 -0.167969
v 0.000000 1.607905 -0.200195
v 0.043945 1.607905 -0.199219
v 0.035156 1.557124 -0.203125
v 0.000000 1.558100 -0.205078
v -0.035156 1.557124 -0.203125
v -0.082031 1.554194 -0.200195
v -0.140625 1.599116 -0.163086
v -0.128906 1.542475 -0.175781
v -0.148438 1.534663 -0.162109
v -0.070313 1.334468 0.117188
v -0.086914 1.390132 0.147461
v -0.092773 1.332514 0.112305
v -0.112305 1.390132 0.133789
v -0.100586 1.448725 0.159180
v -0.131836 1.447749 0.145508
v -0.107422 1.480952 0.157227
v -0.141602 1.483882 0.144531
v -0.069336 1.478022 0.168945
v -0.062500 1.443843 0.166992
v -0.052734 1.391108 0.156250
v -0.040039 1.338374 0.124023
v -0.157227 1.567866 0.144531
v -0.123047 1.564936 0.159180
v -0.162109 1.613764 0.141602
v -0.125977 1.606929 0.146484
v -0.081055 1.560054 0.162109
v -0.083984 1.602046 0.148438
v -0.076172 1.516108 0.170898
v -0.115234 1.520014 0.159180
v -0.149414 1.521968 0.145508
v -0.171875 1.689936 0.105469
v -0.131836 1.678218 0.107422
v -0.174805 1.728022 0.070313
v -0.135742 1.714350 0.062500
v -0.091797 1.665522 0.103516
v -0.098633 1.697749 0.064453
v -0.100586 1.716304 0.039063
v -0.138672 1.727046 0.040039
v -0.176758 1.742671 0.044922
v 0.148438 1.534663 -0.162109
v 0.128906 1.537593 -0.163086
v 0.128906 1.542475 -0.175781
v 0.083008 1.566889 -0.178711
v 0.082031 1.554194 -0.200195
v 0.038086 1.570796 -0.183594
v 0.035156 1.557124 -0.203125
v 0.000000 1.571772 -0.185547
v 0.000000 1.558100 -0.205078
v -0.035156 1.557124 -0.203125
v -0.038086 1.570796 -0.183594
v -0.082031 1.554194 -0.200195
v -0.083008 1.566889 -0.178711
v -0.128906 1.542475 -0.175781
v -0.128906 1.537593 -0.163086
v -0.148438 1.534663 -0.162109
v 0.142578 1.469233 -0.142578
v 0.112305 1.493647 -0.164063
v 0.148438 1.534663 -0.162109
v 0.128906 1.537593 -0.163086
v 0.083984 1.562983 -0.157227
v 0.067383 1.503413 -0.172852
v 0.038086 1.568843 -0.155273
v 0.026367 1.506343 -0.172852
v 0.023438 1.449702 -0.178711
v 0.060547 1.445796 -0.173828
v 0.105469 1.439936 -0.147461
v 0.134766 1.420405 -0.119141
v -0.125000 1.648921 -0.156250
v -0.085938 1.675288 -0.142578
v -0.043945 1.684077 -0.132813
v 0.128906 1.537593 -0.163086
v 0.083984 1.562983 -0.157227
v 0.083008 1.566889 -0.178711
v 0.038086 1.568843 -0.155273
v 0.038086 1.570796 -0.183594
v 0.000000 1.569819 -0.155273
v 0.000000 1.571772 -0.185547
v -0.038086 1.570796 -0.183594
v -0.038086 1.568843 -0.155273
v -0.083008 1.566889 -0.178711
v -0.083984 1.562983 -0.157227
v -0.128906 1.537593 -0.163086
v -0.090820 1.319819 -0.094727
v -0.054688 1.334468 -0.115234
v -0.088867 1.333491 -0.087891
v -0.054688 1.341304 -0.109375
v -0.054688 1.341304 -0.109375
v -0.054688 1.334468 -0.115234
v 0.000000 1.343257 -0.116211
v 0.000000 1.335444 -0.121094
v 0.000000 1.335444 -0.121094
v 0.054688 1.334468 -0.115234
v 0.000000 1.343257 -0.116211
v 0.054688 1.341304 -0.109375
v 0.054688 1.341304 -0.109375
v 0.054688 1.334468 -0.115234
v 0.088867 1.333491 -0.087891
v 0.090820 1.319819 -0.094727
v 0.090820 1.319819 -0.094727
v 0.054688 1.319819 -0.099609
v 0.088867 1.333491 -0.087891
v 0.054688 1.341304 -0.093750
v 0.000000 1.319819 -0.093750
v 0.000000 1.342280 -0.087891
v -0.054688 1.341304 -0.093750
v -0.054688 1.319819 -0.099609
v -0.088867 1.333491 -0.087891
v -0.090820 1.319819 -0.094727
v -0.088867 1.333491 -0.087891
v -0.054688 1.341304 -0.109375
v -0.054688 1.341304 -0.093750
v 0.000000 1.343257 -0.116211
v 0.000000 1.342280 -0.087891
v 0.054688 1.341304 -0.093750
v 0.054688 1.341304 -0.109375
v 0.088867 1.333491 -0.087891
v -0.117188 1.319819 -0.074219
v -0.097656 1.325679 -0.110352
v -0.090820 1.319819 -0.094727
v -0.054688 1.334468 -0.115234
v -0.054688 1.336421 -0.130859
v 0.000000 1.335444 -0.121094
v 0.000000 1.338374 -0.134766
v 0.054688 1.336421 -0.130859
v 0.054688 1.334468 -0.115234
v 0.097656 1.325679 -0.110352
v 0.090820 1.319819 -0.094727
v 0.117188 1.319819 -0.074219
v 0.104492 1.451655 -0.125977
v 0.059570 1.465327 -0.134766
v 0.060547 1.463374 -0.158203
v 0.022461 1.469233 -0.139648
v 0.022461 1.467280 -0.166016
v 0.000000 1.470210 -0.139648
v 0.000000 1.467280 -0.167969
v -0.022461 1.467280 -0.166016
v -0.022461 1.469233 -0.139648
v -0.060547 1.465327 -0.156250
v -0.059570 1.465327 -0.134766
v -0.104492 1.451655 -0.125977
v -0.134766 1.420405 -0.119141
v -0.105469 1.439936 -0.147461
v -0.104492 1.451655 -0.125977
v -0.060547 1.465327 -0.156250
v -0.060547 1.445796 -0.173828
v -0.022461 1.467280 -0.166016
v -0.023438 1.449702 -0.178711
v 0.000000 1.467280 -0.167969
v 0.000000 1.450679 -0.178711
v 0.023438 1.449702 -0.178711
v 0.022461 1.467280 -0.166016
v 0.060547 1.445796 -0.173828
v 0.060547 1.463374 -0.158203
v 0.105469 1.439936 -0.147461
v 0.104492 1.451655 -0.125977
v 0.134766 1.420405 -0.119141
v -0.188477 1.740718 0.037109
v -0.176758 1.742671 0.044922
v -0.143555 1.722163 0.030273
v -0.138672 1.727046 0.040039
v -0.100586 1.716304 0.039063
v -0.095703 1.709468 0.029297
v -0.188477 1.740718 0.037109
v -0.186523 1.726069 0.066406
v -0.176758 1.742671 0.044922
v -0.174805 1.728022 0.070313
v -0.181641 1.688960 0.100586
v -0.171875 1.689936 0.105469
v -0.168945 1.650874 0.122070
v -0.175781 1.641108 0.116211
v -0.095703 1.709468 0.029297
v -0.100586 1.716304 0.039063
v -0.092773 1.687983 0.057617
v -0.098633 1.697749 0.064453
v -0.091797 1.665522 0.103516
v -0.083984 1.656733 0.098633
v -0.088867 1.638179 0.126953
v -0.080078 1.624507 0.124023
v -0.175781 1.641108 0.116211
v -0.127930 1.631343 0.121094
v -0.168945 1.650874 0.122070
v -0.127930 1.643061 0.125000
v -0.088867 1.638179 0.126953
v -0.080078 1.624507 0.124023
v -0.169922 1.623530 0.128906
v -0.162109 1.613764 0.141602
v -0.126953 1.614741 0.135742
v -0.125977 1.606929 0.146484
v -0.083984 1.602046 0.148438
v -0.076172 1.607905 0.136719
v -0.168945 1.650874 0.122070
v -0.127930 1.643061 0.125000
v -0.088867 1.638179 0.126953
v -0.169922 1.623530 0.128906
v -0.161133 1.568843 0.132813
v -0.162109 1.613764 0.141602
v -0.157227 1.567866 0.144531
v -0.149414 1.521968 0.145508
v -0.151367 1.512202 0.134766
v -0.076172 1.607905 0.136719
v -0.083984 1.602046 0.148438
v -0.070313 1.558100 0.155273
v -0.081055 1.560054 0.162109
v -0.076172 1.516108 0.170898
v -0.063477 1.504389 0.166016
v -0.151367 1.512202 0.134766
v -0.111328 1.509272 0.152344
v -0.149414 1.521968 0.145508
v -0.115234 1.520014 0.159180
v -0.076172 1.516108 0.170898
v -0.063477 1.504389 0.166016
v -0.146484 1.491694 0.131836
v -0.141602 1.483882 0.144531
v -0.107422 1.487788 0.148438
v -0.107422 1.480952 0.157227
v -0.069336 1.478022 0.168945
v -0.059570 1.484858 0.161133
v -0.146484 1.491694 0.131836
v -0.135742 1.451655 0.134766
v -0.141602 1.483882 0.144531
v -0.131836 1.447749 0.145508
v -0.115234 1.392085 0.124023
v -0.112305 1.390132 0.133789
v -0.092773 1.332514 0.112305
v -0.091797 1.322749 0.098633
v -0.059570 1.484858 0.161133
v -0.069336 1.478022 0.168945
v -0.052734 1.447749 0.161133
v -0.062500 1.443843 0.166992
v -0.052734 1.391108 0.156250
v -0.042969 1.393061 0.148438
v -0.040039 1.338374 0.124023
v -0.030273 1.329585 0.113281
v -0.091797 1.322749 0.098633
v -0.067383 1.324702 0.104492
v -0.092773 1.332514 0.112305
v -0.070313 1.334468 0.117188
v -0.040039 1.338374 0.124023
v -0.030273 1.329585 0.113281
v 0.188477 1.740718 0.037109
v 0.176758 1.742671 0.044922
v 0.186523 1.726069 0.066406
v 0.174805 1.728022 0.070313
v 0.181641 1.688960 0.100586
v 0.171875 1.689936 0.105469
v 0.168945 1.650874 0.122070
v 0.175781 1.641108 0.116211
v 0.188477 1.740718 0.037109
v 0.143555 1.722163 0.030273
v 0.176758 1.742671 0.044922
v 0.138672 1.727046 0.040039
v 0.100586 1.716304 0.039063
v 0.095703 1.709468 0.029297
v 0.175781 1.641108 0.116211
v 0.168945 1.650874 0.122070
v 0.127930 1.631343 0.121094
v 0.127930 1.643061 0.125000
v 0.088867 1.638179 0.126953
v 0.080078 1.624507 0.124023
v 0.095703 1.709468 0.029297
v 0.092773 1.687983 0.057617
v 0.100586 1.716304 0.039063
v 0.098633 1.697749 0.064453
v 0.091797 1.665522 0.103516
v 0.083984 1.656733 0.098633
v 0.088867 1.638179 0.126953
v 0.080078 1.624507 0.124023
v 0.169922 1.623530 0.128906
v 0.162109 1.613764 0.141602
v 0.161133 1.568843 0.132813
v 0.157227 1.567866 0.144531
v 0.149414 1.521968 0.145508
v 0.151367 1.512202 0.134766
v 0.169922 1.623530 0.128906
v 0.126953 1.614741 0.135742
v 0.162109 1.613764 0.141602
v 0.125977 1.606929 0.146484
v 0.083984 1.602046 0.148438
v 0.076172 1.607905 0.136719
v 0.151367 1.512202 0.134766
v 0.149414 1.521968 0.145508
v 0.111328 1.509272 0.152344
v 0.115234 1.520014 0.159180
v 0.076172 1.516108 0.170898
v 0.063477 1.504389 0.166016
v 0.076172 1.607905 0.136719
v 0.070313 1.558100 0.155273
v 0.083984 1.602046 0.148438
v 0.081055 1.560054 0.162109
v 0.076172 1.516108 0.170898
v 0.063477 1.504389 0.166016
vt 0.640381 0.197754
vt 0.557861 0.201660
vt 0.600098 0.061035
vt 0.751953 0.340332
vt 0.726807 0.203369
vt 0.772461 0.352051
vt 0.704590 0.199219
vt 0.557129 0.340820
vt 0.580811 0.332275
vt 0.597656 0.416504
vt 0.656738 0.056885
vt 0.674316 0.343018
vt 0.692871 0.422607
vt 0.775146 0.430176
vt 0.524658 0.069824
vt 0.792236 0.451904
vt 0.665283 0.032227
vt 0.691162 0.444092
vt 0.573486 0.431641
vt 0.591797 0.036865
vt 0.500977 0.048584
vt 0.532715 0.205811
vt 0.279785 0.791260
vt 0.242676 0.741455
vt 0.247803 0.779541
vt 0.226318 0.725586
vt 0.204590 0.750977
vt 0.211670 0.702637
vt 0.179199 0.705322
vt 0.186035 0.661621
vt 0.158691 0.888428
vt 0.173584 0.948975
vt 0.173584 0.886230
vt 0.191895 0.955566
vt 0.187012 0.884521
vt 0.216064 0.948242
vt 0.206787 0.888916
vt 0.219482 0.888428
vt 0.213867 0.845703
vt 0.236084 0.882812
vt 0.213623 0.780518
vt 0.250244 0.801514
vt 0.273193 0.866699
vt 0.299805 0.832520
vt 0.265869 0.922119
vt 0.247070 0.935791
vt 0.223389 0.968018
vt 0.229492 0.945557
vt 0.186279 0.966553
vt 0.151367 0.947021
vt 0.122314 0.928223
vt 0.137695 0.885498
vt 0.112305 0.905762
vt 0.366455 0.595215
vt 0.387451 0.631836
vt 0.402100 0.595703
vt 0.397217 0.639893
vt 0.393066 0.668945
vt 0.361572 0.666504
vt 0.389160 0.691162
vt 0.387939 0.718994
vt 0.358887 0.711914
vt 0.388672 0.763184
vt 0.365967 0.767822
vt 0.387695 0.882324
vt 0.335449 0.766602
vt 0.333008 0.736572
vt 0.304688 0.795166
vt 0.301270 0.746582
vt 0.265381 0.734863
vt 0.244385 0.717773
vt 0.229248 0.695557
vt 0.208252 0.658203
vt 0.188477 0.640869
vt 0.214600 0.634521
vt 0.200684 0.605225
vt 0.229492 0.599121
vt 0.238037 0.632812
vt 0.270752 0.622559
vt 0.255859 0.599121
vt 0.285156 0.598145
vt 0.318359 0.626953
vt 0.316895 0.598877
vt 0.059326 0.776855
vt 0.078857 0.776123
vt 0.053467 0.689209
vt 0.070068 0.692627
vt 0.096191 0.693604
vt 0.337646 0.707275
vt 0.346680 0.637695
vt 0.369629 0.628662
vt 0.344971 0.597412
vt 0.299805 0.691406
vt 0.274658 0.699219
vt 0.254883 0.681885
vt 0.239258 0.654541
vt 0.050781 0.665039
vt 0.034180 0.668945
vt 0.038086 0.639893
vt 0.048828 0.625488
vt 0.065186 0.660889
vt 0.055908 0.623047
vt 0.082764 0.663574
vt 0.080078 0.638184
vt 0.100098 0.639893
vt 0.168701 0.604736
vt 0.149902 0.640137
vt 0.089600 0.944580
vt 0.097412 0.856201
vt 0.067627 0.926514
vt 0.071289 0.873535
vt 0.096680 0.818115
vt 0.119629 0.845703
vt 0.109863 0.786865
vt 0.139160 0.841064
vt 0.127686 0.768066
vt 0.165771 0.829102
vt 0.166016 0.766602
vt 0.188721 0.819336
vt 0.102783 0.979248
vt 0.135986 0.989990
vt 0.198486 0.979736
vt 0.223877 0.978760
vt 0.262695 0.963623
vt 0.301025 0.918945
vt 0.315186 0.903564
vt 0.343018 0.889648
vt 0.331299 0.844482
vt 0.152100 0.715576
vt 0.146240 0.675537
vt 0.126221 0.647705
vt 0.131592 0.605957
vt 0.105225 0.603027
vt 0.081787 0.600342
vt 0.042969 0.595703
vt 0.121582 0.703125
vt 0.095459 0.773926
vt 0.081299 0.822998
vt 0.062500 0.824707
vt 0.104248 0.675537
vt 0.124268 0.676025
vt 0.030273 0.691162
vt 0.028809 0.718994
vt 0.029785 0.763184
vt 0.028564 0.882324
vt 0.173828 0.571533
vt 0.138672 0.496094
vt 0.138916 0.554687
vt 0.115479 0.497314
vt 0.115479 0.545410
vt 0.112061 0.447510
vt 0.086670 0.497070
vt 0.076416 0.449707
vt 0.112061 0.390381
vt 0.074219 0.391602
vt 0.141602 0.446533
vt 0.143799 0.392334
vt 0.109375 0.356201
vt 0.145020 0.347412
vt 0.198730 0.572754
vt 0.223877 0.553711
vt 0.228271 0.487305
vt 0.244141 0.510986
vt 0.227051 0.451904
vt 0.244141 0.451416
vt 0.226074 0.392334
vt 0.274170 0.452393
vt 0.279297 0.510010
vt 0.303467 0.509766
vt 0.277832 0.553223
vt 0.303467 0.552734
vt 0.401611 0.456543
vt 0.353271 0.454834
vt 0.397461 0.505615
vt 0.356689 0.505615
vt 0.330078 0.507812
vt 0.327881 0.450928
vt 0.302002 0.453125
vt 0.281982 0.391113
vt 0.245361 0.388184
vt 0.247803 0.349365
vt 0.218018 0.347412
vt 0.244141 0.552490
vt 0.243896 0.584717
vt 0.225586 0.586670
vt 0.204102 0.594971
vt 0.175781 0.595215
vt 0.140869 0.595215
vt 0.113770 0.592529
vt 0.089111 0.588623
vt 0.085938 0.545410
vt 0.044678 0.582764
vt 0.038574 0.550049
vt 0.038574 0.505615
vt 0.042480 0.456543
vt 0.034180 0.388428
vt 0.072266 0.357666
vt 0.031738 0.346436
vt 0.323730 0.381592
vt 0.318604 0.375977
vt 0.312500 0.385498
vt 0.315186 0.342773
vt 0.318604 0.355957
vt 0.323730 0.351318
vt 0.311279 0.513916
vt 0.308838 0.519043
vt 0.308838 0.540771
vt 0.311279 0.546631
vt 0.252686 0.357910
vt 0.248779 0.383789
vt 0.279053 0.385986
vt 0.283936 0.348877
vt 0.281250 0.357422
vt 0.274170 0.516602
vt 0.274170 0.547119
vt 0.248535 0.516602
vt 0.248535 0.547119
vt 0.270996 0.583984
vt 0.303467 0.585937
vt 0.330078 0.552734
vt 0.334473 0.584717
vt 0.360840 0.581055
vt 0.356445 0.550049
vt 0.403809 0.582764
vt 0.397461 0.550049
vt 0.350342 0.386719
vt 0.350342 0.382812
vt 0.386719 0.383789
vt 0.393066 0.388428
vt 0.386963 0.378418
vt 0.390869 0.346436
vt 0.386963 0.359619
vt 0.386963 0.354736
vt 0.391846 0.546631
vt 0.391846 0.541504
vt 0.391602 0.516846
vt 0.393799 0.511475
vt 0.354492 0.343994
vt 0.355469 0.353027
vt 0.330078 0.546631
vt 0.356689 0.546631
vt 0.330078 0.511475
vt 0.356689 0.511475
vt 0.076660 0.365967
vt 0.076172 0.388184
vt 0.107666 0.386475
vt 0.108887 0.364014
vt 0.089844 0.504639
vt 0.089844 0.538330
vt 0.111084 0.538330
vt 0.111084 0.504639
vt 0.273438 0.380615
vt 0.256348 0.379395
vt 0.258545 0.362549
vt 0.274414 0.362305
vt 0.350586 0.377197
vt 0.354980 0.357910
vt 0.101807 0.381836
vt 0.084717 0.382812
vt 0.085205 0.368408
vt 0.102051 0.367432
vt 0.267822 0.541504
vt 0.267822 0.522217
vt 0.252930 0.522217
vt 0.252930 0.541504
vt 0.330078 0.540771
vt 0.356934 0.541016
vt 0.330078 0.517334
vt 0.357178 0.516846
vt 0.161621 0.366699
vt 0.163086 0.347412
vt 0.205078 0.501465
vt 0.205078 0.474121
vt 0.200195 0.495117
vt 0.201416 0.468262
vt 0.209717 0.397461
vt 0.201416 0.392334
vt 0.213379 0.366699
vt 0.202881 0.347412
vt 0.195557 0.555664
vt 0.176270 0.554687
vt 0.218994 0.483398
vt 0.217285 0.453369
vt 0.215088 0.401855
vt 0.166504 0.392334
vt 0.163330 0.398682
vt 0.171387 0.468018
vt 0.167480 0.474609
vt 0.172852 0.495117
vt 0.169189 0.501465
vt 0.148438 0.490723
vt 0.152344 0.448730
vt 0.156006 0.401855
vt 0.094971 0.532227
vt 0.094971 0.510498
vt 0.105957 0.532227
vt 0.105957 0.510498
vt 0.176270 0.347412
vt 0.179443 0.392334
vt 0.184082 0.366699
vt 0.184082 0.401855
vt 0.179443 0.469971
vt 0.184082 0.466309
vt 0.192139 0.347412
vt 0.191162 0.366699
vt 0.196045 0.392334
vt 0.191162 0.401855
vt 0.196045 0.469971
vt 0.191162 0.466309
vt 0.188965 0.157715
vt 0.197266 0.162109
vt 0.190918 0.119629
vt 0.201172 0.119385
vt 0.202881 0.083496
vt 0.189453 0.081787
vt 0.204346 0.059814
vt 0.190186 0.061523
vt 0.195068 0.039307
vt 0.204834 0.037109
vt 0.215576 0.041748
vt 0.221436 0.038086
vt 0.217773 0.061035
vt 0.223877 0.060791
vt 0.216797 0.082275
vt 0.225586 0.085205
vt 0.216064 0.120117
vt 0.223389 0.123047
vt 0.211914 0.168457
vt 0.221191 0.166504
vt 0.215088 0.190918
vt 0.231445 0.159668
vt 0.245361 0.167725
vt 0.237793 0.134033
vt 0.252197 0.139160
vt 0.245361 0.104736
vt 0.259033 0.107910
vt 0.253906 0.076172
vt 0.265625 0.072510
vt 0.274170 0.082031
vt 0.268799 0.109863
vt 0.263672 0.141113
vt 0.253174 0.177002
vt 0.247070 0.201416
vt 0.228760 0.199951
vt 0.226074 0.238037
vt 0.238037 0.233887
vt 0.271484 0.198486
vt 0.275391 0.147461
vt 0.278564 0.117187
vt 0.278564 0.097168
vt 0.280273 0.080811
vt 0.269043 0.064941
vt 0.253662 0.068359
vt 0.243652 0.084717
vt 0.237549 0.098633
vt 0.229248 0.126709
vt 0.218262 0.140137
vt 0.075195 0.176758
vt 0.067871 0.152344
vt 0.046875 0.153809
vt 0.039307 0.136963
vt 0.024170 0.131592
vt 0.036865 0.126953
vt 0.052490 0.114014
vt 0.052002 0.123535
vt 0.065430 0.134766
vt 0.059570 0.135254
vt 0.075195 0.150146
vt 0.081299 0.169189
vt 0.082520 0.189697
vt 0.078857 0.192139
vt 0.049561 0.179199
vt 0.029785 0.157227
vt 0.011719 0.125000
vt 0.010254 0.160400
vt 0.036621 0.188232
vt 0.053467 0.199219
vt 0.064453 0.238525
vt 0.078857 0.210449
vt 0.082764 0.210937
vt 0.083984 0.237305
vt 0.090332 0.199951
vt 0.176025 0.071777
vt 0.178467 0.042969
vt 0.162354 0.071289
vt 0.163818 0.042236
vt 0.176025 0.023437
vt 0.164795 0.016602
vt 0.152100 0.022217
vt 0.148438 0.042480
vt 0.148193 0.071045
vt 0.144287 0.108887
vt 0.161865 0.107910
vt 0.171387 0.111328
vt 0.180664 0.111084
vt 0.169678 0.156738
vt 0.178955 0.163330
vt 0.190674 0.184082
vt 0.167236 0.175049
vt 0.147217 0.176514
vt 0.140381 0.172607
vt 0.139648 0.108643
vt 0.142578 0.069824
vt 0.143066 0.040527
vt 0.149170 0.016602
vt 0.165527 0.010742
vt 0.178955 0.020020
vt 0.183350 0.041992
vt 0.181396 0.071777
vt 0.089844 0.167236
vt 0.101807 0.214844
vt 0.102783 0.255615
vt 0.083252 0.280029
vt 0.049561 0.261963
vt 0.047607 0.235107
vt 0.028320 0.225342
vt 0.042480 0.203613
vt 0.023682 0.199707
vt 0.016602 0.182861
vt 0.129395 0.033447
vt 0.118896 0.051758
vt 0.131836 0.052002
vt 0.130859 0.073975
vt 0.119385 0.073242
vt 0.129883 0.114502
vt 0.116699 0.112305
vt 0.135986 0.178955
vt 0.116699 0.158936
vt 0.134766 0.224121
vt 0.127197 0.269775
vt 0.111084 0.301270
vt 0.092285 0.315918
vt 0.070068 0.323975
vt 0.041260 0.276123
vt 0.031250 0.244873
vt 0.207031 0.030518
vt 0.190186 0.035645
vt 0.185547 0.058594
vt 0.183350 0.080811
vt 0.181396 0.117676
vt 0.199951 0.200928
vt 0.218506 0.234863
vt 0.244141 0.294922
vt 0.268066 0.236084
vt 0.296387 0.243164
vt 0.303467 0.200439
vt 0.321533 0.234375
vt 0.333740 0.242432
vt 0.324463 0.269531
vt 0.319092 0.288330
vt 0.300781 0.303467
vt 0.277588 0.304199
vt 0.136963 0.030273
vt 0.120361 0.018311
vt 0.119873 0.026123
vt 0.102051 0.031250
vt 0.108154 0.037109
vt 0.097412 0.051758
vt 0.104980 0.051514
vt 0.096191 0.073242
vt 0.104736 0.071533
vt 0.100830 0.113281
vt 0.092285 0.107666
vt 0.101074 0.160156
vt 0.139160 0.052979
vt 0.137695 0.077637
vt 0.137451 0.115479
vt 0.410645 0.182617
vt 0.424561 0.115967
vt 0.398438 0.179443
vt 0.406738 0.118896
vt 0.407471 0.077393
vt 0.424316 0.074707
vt 0.423096 0.045654
vt 0.405518 0.050781
vt 0.409424 0.028564
vt 0.421387 0.022217
vt 0.435059 0.029053
vt 0.438721 0.049561
vt 0.439941 0.072998
vt 0.444336 0.110596
vt 0.445801 0.176514
vt 0.450439 0.204834
vt 0.446533 0.223877
vt 0.425781 0.235352
vt 0.429443 0.265869
vt 0.449707 0.224121
vt 0.456299 0.221680
vt 0.455322 0.237793
vt 0.465576 0.212158
vt 0.298584 0.148193
vt 0.296143 0.114990
vt 0.294189 0.094482
vt 0.292969 0.073730
vt 0.304932 0.077881
vt 0.309570 0.093262
vt 0.310791 0.109375
vt 0.315430 0.145264
vt 0.316650 0.191650
vt 0.336914 0.193604
vt 0.341797 0.200684
vt 0.357910 0.171631
vt 0.339355 0.179687
vt 0.351563 0.121338
vt 0.334473 0.124268
vt 0.333496 0.085937
vt 0.346680 0.083008
vt 0.346436 0.056641
vt 0.330322 0.057129
vt 0.340332 0.035400
vt 0.329102 0.033936
vt 0.316650 0.038818
vt 0.312988 0.059570
vt 0.315186 0.085449
vt 0.315674 0.125488
vt 0.321289 0.183350
vt 0.452637 0.281982
vt 0.477295 0.260010
vt 0.486572 0.236328
vt 0.466797 0.189453
vt 0.489502 0.206787
vt 0.470215 0.167969
vt 0.494629 0.187256
vt 0.478516 0.149414
vt 0.497803 0.161865
vt 0.496094 0.133301
vt 0.509033 0.144531
vt 0.379883 0.179199
vt 0.377686 0.112305
vt 0.359131 0.113037
vt 0.375488 0.068115
vt 0.357910 0.070801
vt 0.373535 0.036133
vt 0.355713 0.038818
vt 0.359131 0.016602
vt 0.372803 0.010254
vt 0.385986 0.017578
vt 0.388916 0.041260
vt 0.391602 0.068115
vt 0.396729 0.110352
vt 0.214111 0.321533
vt 0.201172 0.306885
vt 0.177246 0.322998
vt 0.179443 0.307861
vt 0.162842 0.310059
vt 0.147461 0.325928
vt 0.195068 0.266846
vt 0.190186 0.268311
vt 0.180664 0.232910
vt 0.179443 0.217041
vt 0.164551 0.263916
vt 0.171387 0.266113
vt 0.181152 0.269043
vt 0.369385 0.310791
vt 0.420654 0.285400
vt 0.407959 0.256348
vt 0.357422 0.286621
vt 0.376953 0.245117
vt 0.397949 0.232910
vt 0.407959 0.235107
vt 0.346924 0.213867
vt 0.341064 0.251465
vt 0.331299 0.274414
vt 0.320557 0.302002
vt 0.303711 0.309326
vt 0.282715 0.315186
vt 0.251465 0.311279
vt 0.140381 0.277832
vt 0.146240 0.229004
vt 0.156738 0.209717
vt 0.151367 0.189697
vt 0.177002 0.186035
vt 0.192627 0.205566
vt 0.200928 0.230957
vt 0.222412 0.267822
vt 0.040283 0.286377
vt 0.065674 0.338135
vt 0.090820 0.333008
vt 0.117676 0.315918
vt 0.962158 0.379883
vt 0.971680 0.466553
vt 0.897949 0.373535
vt 0.902100 0.454102
vt 0.817383 0.364502
vt 0.823242 0.445068
vt 0.807129 0.279541
vt 0.882813 0.287842
vt 0.948486 0.291504
vt 0.880127 0.230225
vt 0.799072 0.215576
vt 0.869873 0.188721
vt 0.786621 0.165527
vt 0.765869 0.079102
vt 0.850342 0.090332
vt 0.753662 0.023437
vt 0.835693 0.026611
vt 0.921631 0.033936
vt 0.936279 0.110596
vt 0.951416 0.195068
vt 0.959961 0.244141
vt 0.978027 0.733887
vt 0.986572 0.801025
vt 0.928711 0.759033
vt 0.955078 0.804443
vt 0.882813 0.829590
vt 0.856201 0.768799
vt 0.810303 0.835937
vt 0.790527 0.771729
vt 0.747803 0.837402
vt 0.747803 0.773193
vt 0.747803 0.714844
vt 0.785645 0.714111
vt 0.846191 0.709961
vt 0.917969 0.703125
vt 0.964844 0.683838
vt 0.972168 0.569824
vt 0.986572 0.625000
vt 0.925537 0.585205
vt 0.932861 0.660400
vt 0.838379 0.595215
vt 0.853760 0.675293
vt 0.788330 0.679932
vt 0.747803 0.598877
vt 0.747803 0.681396
vt 0.707275 0.679932
vt 0.657227 0.595215
vt 0.642090 0.675293
vt 0.562744 0.660400
vt 0.570313 0.585205
vt 0.509033 0.625000
vt 0.523682 0.569824
vt 0.574219 0.519531
vt 0.539063 0.510742
vt 0.650146 0.529541
vt 0.747803 0.531494
vt 0.845459 0.529541
vt 0.921387 0.519531
vt 0.956543 0.510742
vt 0.747803 0.997803
vt 0.677002 0.993896
vt 0.669189 0.967529
vt 0.609619 0.984863
vt 0.624023 0.954834
vt 0.545410 0.958008
vt 0.607910 0.913086
vt 0.520752 0.906982
vt 0.615967 0.860107
vt 0.539551 0.848389
vt 0.509033 0.840820
vt 0.887695 0.913086
vt 0.871582 0.954834
vt 0.819336 0.915283
vt 0.826660 0.967529
vt 0.747803 0.968506
vt 0.747803 0.915771
vt 0.676270 0.915283
vt 0.690186 0.863770
vt 0.747803 0.864014
vt 0.805420 0.863770
vt 0.879639 0.860107
vt 0.974854 0.906982
vt 0.956055 0.848389
vt 0.986572 0.840820
vt 0.540527 0.840820
vt 0.613770 0.850830
vt 0.686523 0.854492
vt 0.747803 0.855957
vt 0.809082 0.854492
vt 0.881836 0.850830
vt 0.955078 0.840820
vt 0.517578 0.733887
vt 0.567139 0.759033
vt 0.509033 0.801025
vt 0.540527 0.804443
vt 0.612793 0.829590
vt 0.639648 0.768799
vt 0.685303 0.835937
vt 0.705078 0.771729
vt 0.709961 0.714111
vt 0.649414 0.709961
vt 0.577637 0.703125
vt 0.531006 0.683838
vt 0.950195 0.958008
vt 0.885986 0.984863
vt 0.818848 0.993896
vt 0.612793 0.840820
vt 0.685303 0.840820
vt 0.747803 0.840820
vt 0.810303 0.840820
vt 0.882813 0.840820
vt 0.908936 0.510742
vt 0.845703 0.524414
vt 0.875000 0.515381
vt 0.844727 0.520996
vt 0.747803 0.521973
vt 0.747803 0.527100
vt 0.649902 0.524414
vt 0.647949 0.520996
vt 0.615479 0.515381
vt 0.586670 0.510742
vt 0.649658 0.510742
vt 0.647949 0.515381
vt 0.747803 0.510742
vt 0.747803 0.515381
vt 0.844971 0.515381
vt 0.845947 0.510742
vt 0.579590 0.683838
vt 0.651611 0.683838
vt 0.650635 0.698730
vt 0.711182 0.683838
vt 0.710449 0.699707
vt 0.747803 0.683838
vt 0.747803 0.700195
vt 0.785400 0.699707
vt 0.784668 0.683838
vt 0.845459 0.697510
vt 0.843994 0.683838
vt 0.916016 0.683838
vt 0.978271 0.256836
vt 0.873779 0.253906
vt 0.777588 0.231201
vt 0.975830 0.186768
vt 0.963135 0.106934
vt 0.934326 0.011230
vt 0.757813 0.152832
vt 0.743896 0.072021
vt 0.733154 0.006104
vt 0.833496 0.001221
vt 0.995361 0.491699
vt 0.904053 0.474365
vt 0.801270 0.462158
vt 0.980225 0.380127
vt 0.961670 0.270508
vt 0.790283 0.359619
vt 0.776855 0.255127
vt 0.875732 0.264648
vn 0.309900 -0.375000 0.873700
vn -0.196900 -0.308700 0.930600
vn 0.107600 -0.674700 0.730200
vn 0.726300 -0.260700 0.636000
vn 0.914300 -0.360200 0.185500
vn 0.932700 -0.279800 0.227600
vn 0.721800 -0.392100 0.570300
vn -0.541500 0.001300 0.840700
vn -0.173200 -0.101600 0.979600
vn -0.075800 0.368200 0.926700
vn 0.547000 -0.618700 0.563800
vn 0.321800 -0.152300 0.934500
vn 0.274200 0.419800 0.865200
vn 0.665300 0.273700 0.694600
vn -0.233900 -0.566400 0.790200
vn 0.751000 0.358600 0.554500
vn 0.380100 -0.769200 0.513700
vn 0.141300 0.796600 0.587700
vn -0.299900 0.481900 0.823300
vn 0.059400 -0.807300 0.587200
vn -0.176500 -0.700800 0.691200
vn -0.596400 -0.200400 0.777300
vn 0.211800 0.314000 -0.925500
vn 0.060400 0.773500 -0.630900
vn 0.279200 0.783000 -0.555900
vn -0.016200 0.938800 -0.344100
vn 0.195200 0.964400 0.178600
vn -0.095800 0.994200 -0.048300
vn -0.038700 0.832400 0.552800
vn -0.129000 0.900000 0.416300
vn 0.209300 0.876100 0.434400
vn 0.625200 0.772100 0.113800
vn 0.211800 0.969200 0.125400
vn 0.652200 0.748600 0.119200
vn 0.170200 0.984400 -0.044700
vn 0.403600 0.909400 -0.100400
vn 0.216700 0.968700 -0.121000
vn 0.153900 0.887600 -0.434100
vn -0.222500 0.872900 -0.434300
vn -0.041800 0.645700 -0.762500
vn -0.445000 0.865700 -0.229200
vn -0.287000 0.590200 -0.754500
vn -0.202400 0.171500 -0.964200
vn -0.092600 -0.326200 -0.940800
vn 0.149200 0.280900 -0.948100
vn 0.509800 0.449400 -0.733600
vn 0.548400 0.799600 -0.244800
vn 0.373200 0.865000 -0.335400
vn 0.675600 0.713800 0.184800
vn 0.571300 0.729900 0.375200
vn 0.388900 0.468900 0.793100
vn 0.106400 0.593700 0.797600
vn 0.001500 0.150300 0.988600
vn -0.169500 -0.984300 0.049200
vn -0.058800 -0.911700 0.406600
vn -0.220700 -0.688700 0.690600
vn -0.122600 -0.851300 0.510100
vn -0.108400 -0.979400 0.170200
vn -0.083700 -0.992000 -0.094100
vn -0.098200 -0.991600 0.084100
vn 0.014500 -0.993100 0.116000
vn -0.056900 -0.996100 -0.067800
vn 0.036400 -0.974300 0.222200
vn -0.009000 -0.998700 0.050600
vn -0.180600 -0.910700 0.371500
vn -0.031900 -0.960400 -0.276600
vn -0.120600 -0.841200 -0.527200
vn 0.006000 -0.380700 -0.924700
vn -0.307000 -0.230300 -0.923400
vn -0.234900 0.344000 -0.909100
vn -0.254800 0.712200 -0.654100
vn -0.287900 0.792100 -0.538200
vn -0.252700 0.962900 -0.094900
vn -0.193500 0.938200 0.286900
vn -0.202000 0.934500 -0.293000
vn -0.124700 0.934800 -0.332600
vn -0.152600 0.707200 -0.690400
vn -0.169800 0.672400 -0.720500
vn -0.121400 0.351200 -0.928400
vn -0.132700 0.518700 -0.844600
vn 0.104800 0.124400 -0.986700
vn 0.004400 0.039300 -0.999200
vn 0.141700 -0.055700 -0.988300
vn 0.101000 -0.818100 0.566200
vn 0.121100 -0.193700 0.973600
vn -0.108200 -0.817000 0.566500
vn -0.135700 -0.368600 0.919600
vn -0.098000 0.239900 0.965800
vn -0.252800 -0.739100 -0.624300
vn -0.132600 -0.703900 -0.697800
vn -0.047100 -0.998600 -0.023800
vn -0.202500 -0.841400 -0.501000
vn 0.013100 -0.489500 -0.871900
vn -0.031400 -0.267700 -0.963000
vn -0.419500 -0.165800 -0.892500
vn -0.479200 0.217400 -0.850300
vn -0.339600 0.422000 -0.840600
vn -0.274500 0.668900 -0.690800
vn -0.309100 0.182400 -0.933400
vn -0.299500 0.157800 -0.941000
vn -0.204000 -0.802200 0.561100
vn -0.159400 -0.923200 0.349800
vn -0.146000 -0.929400 0.338900
vn -0.257200 -0.626900 0.735500
vn -0.298600 -0.340200 0.891700
vn -0.399000 -0.140700 0.906100
vn -0.355700 0.075000 0.931600
vn -0.510200 0.194800 0.837700
vn -0.511500 0.342200 0.788200
vn 0.103000 0.985200 -0.137100
vn 0.133000 0.942300 0.307300
vn -0.007300 0.999500 -0.030100
vn 0.043100 0.829900 0.556200
vn 0.021600 0.943100 0.331700
vn 0.063400 0.059100 0.996200
vn -0.277800 -0.288300 0.916300
vn -0.380000 -0.398100 0.834900
vn -0.433700 -0.460400 0.774600
vn -0.266800 -0.235200 0.934600
vn -0.260100 0.109400 0.959400
vn -0.448700 0.305700 0.839800
vn -0.289300 0.595900 0.749200
vn -0.524500 0.619200 0.584400
vn -0.316000 0.889500 0.329900
vn -0.551500 0.767600 0.326600
vn -0.332900 0.942800 -0.018900
vn 0.550000 0.441900 0.708600
vn 0.688100 0.643100 0.336000
vn 0.504100 0.828800 0.242900
vn 0.592100 0.802200 -0.076200
vn 0.313200 0.568500 -0.760700
vn -0.267000 -0.159100 -0.950500
vn -0.352400 -0.576800 -0.736900
vn -0.034300 -0.952900 -0.301200
vn 0.096600 -0.858700 -0.503300
vn 0.340500 -0.205100 -0.917600
vn 0.386900 0.693700 -0.607600
vn 0.072600 0.977900 -0.195900
vn 0.190500 0.792800 0.579000
vn 0.049200 0.727800 0.684000
vn 0.136300 0.844200 0.518400
vn 0.087700 0.519200 0.850100
vn 0.158500 0.577200 0.801100
vn 0.052500 0.230300 0.971700
vn 0.003200 0.162900 0.986600
vn -0.021300 -0.021200 0.999500
vn -0.092600 -0.100600 0.990600
vn -0.217100 -0.225900 0.949600
vn -0.229900 -0.739200 0.633100
vn -0.122600 -0.851400 0.510100
vn 0.069100 0.864200 0.498400
vn 0.128300 0.980400 0.149800
vn 0.181500 0.835600 0.518500
vn 0.099000 0.829100 0.550300
vn 0.130800 0.492800 0.860300
vn -0.023200 0.685100 0.728100
vn 0.112100 0.256100 0.960100
vn 0.118000 -0.148700 0.981800
vn -0.216000 -0.651200 0.727500
vn -0.014000 -0.709000 0.705100
vn -0.327300 0.499900 0.801900
vn -0.275200 0.885200 0.375000
vn -0.167100 0.985200 0.037200
vn -0.544700 0.684700 0.484200
vn -0.064200 -0.950000 0.305500
vn 0.040100 -0.943200 0.329900
vn 0.187000 0.912200 0.364500
vn -0.145000 0.530000 0.835500
vn 0.166000 0.662000 0.730900
vn -0.205200 0.319100 0.925200
vn 0.221100 0.293700 0.930000
vn -0.268700 0.219000 0.938000
vn -0.154900 -0.276400 0.948500
vn -0.231400 -0.238600 0.943100
vn -0.256800 0.323200 0.910800
vn -0.186500 -0.266400 0.945700
vn -0.275100 0.436200 0.856800
vn -0.249200 0.508000 0.824500
vn -0.207600 0.507100 0.836500
vn -0.205500 0.504700 0.838500
vn 0.181300 0.936800 -0.299200
vn 0.050900 0.735500 -0.675600
vn -0.111500 0.255600 -0.960300
vn -0.066800 0.385400 -0.920300
vn -0.184100 0.256700 -0.948800
vn -0.142400 0.380500 -0.913800
vn -0.087200 0.790000 -0.606900
vn -0.163900 0.231800 -0.958900
vn -0.090800 0.176400 -0.980100
vn -0.142700 -0.206100 -0.968100
vn -0.078200 0.168900 -0.982500
vn 0.209200 -0.221700 -0.952400
vn -0.249600 -0.758400 0.602100
vn -0.272700 -0.959800 -0.067000
vn -0.162000 -0.707500 0.687900
vn -0.279100 -0.955500 -0.095600
vn -0.254600 -0.812200 -0.525000
vn -0.243200 -0.798400 -0.550900
vn -0.214200 -0.307300 -0.927200
vn -0.110600 -0.044000 -0.992900
vn -0.045500 0.673600 -0.737700
vn -0.116700 0.870200 -0.478700
vn -0.143100 0.887700 -0.437600
vn -0.113000 0.461000 -0.880200
vn 0.100400 0.485700 -0.868300
vn 0.159200 0.728700 -0.666000
vn 0.152900 0.930900 -0.331700
vn 0.159700 0.947400 0.277200
vn 0.321100 0.553400 0.768500
vn 0.390500 0.154800 0.907500
vn 0.374200 -0.206500 0.904100
vn 0.239800 -0.325200 0.914700
vn 0.416200 -0.612700 0.671900
vn 0.372100 -0.646900 0.665600
vn -0.105200 -0.772000 0.626900
vn -0.005300 -0.400000 0.916500
vn -0.051600 -0.426700 0.902900
vn 0.410000 -0.508000 0.757500
vn 0.201600 -0.838100 0.506900
vn 0.306800 -0.710800 0.633000
vn -0.112200 -0.696400 0.708800
vn -0.079600 -0.714600 0.695000
vn -0.228500 -0.502500 0.833800
vn 0.117600 -0.984200 -0.132300
vn 0.078200 -0.992900 -0.090100
vn 0.071700 -0.994200 -0.080700
vn 0.069400 -0.996900 -0.037100
vn 0.087700 -0.996100 -0.005400
vn 0.115400 -0.992200 0.046200
vn 0.144000 -0.697900 -0.701500
vn 0.114100 -0.625100 -0.772100
vn 0.139700 -0.687800 -0.712300
vn 0.103600 -0.598600 -0.794300
vn -0.830000 0.086300 -0.551000
vn -0.824100 0.086500 -0.559900
vn -0.783900 0.087400 -0.614700
vn -0.767100 0.087700 -0.635600
vn -0.103700 0.908300 -0.405300
vn -0.099700 0.900700 -0.422900
vn -0.103100 0.907100 -0.408100
vn -0.098300 0.898000 -0.428900
vn 0.741800 0.056800 -0.668200
vn 0.781700 0.068300 -0.619800
vn 0.749100 0.058800 -0.659800
vn 0.795100 0.072300 -0.602200
vn -0.023800 0.953100 -0.301800
vn -0.022900 0.954700 -0.296600
vn -0.017400 0.964100 -0.265100
vn -0.015300 0.967300 -0.253300
vn 0.734900 0.321500 -0.597100
vn 0.749500 0.318400 -0.580400
vn 0.737400 0.321000 -0.594300
vn 0.753800 0.317400 -0.575300
vn 0.012300 -0.454500 -0.890700
vn 0.011800 -0.458700 -0.888500
vn 0.008900 -0.482900 -0.875600
vn 0.007900 -0.491000 -0.871100
vn -0.750000 0.220400 -0.623600
vn -0.727900 0.221600 -0.648900
vn 0.093400 0.256400 -0.962100
vn 0.352100 -0.397500 -0.847300
vn 0.361100 -0.778800 -0.512900
vn 0.347900 -0.827700 -0.440400
vn 0.305000 -0.948400 0.086600
vn 0.420900 -0.905100 -0.060300
vn -0.978200 -0.174700 -0.112600
vn -0.974500 -0.224200 -0.013200
vn -0.977000 -0.179000 -0.116300
vn -0.970800 -0.239800 -0.011500
vn -0.973800 -0.206500 0.095000
vn -0.975900 -0.197800 0.092300
vn -0.061100 -0.458500 -0.886600
vn -0.002300 -0.396500 -0.918000
vn 0.001000 -0.373300 -0.927700
vn 0.139700 -0.257700 -0.956100
vn 0.168200 -0.245500 -0.954700
vn 0.345400 -0.367100 -0.863700
vn 0.267300 -0.534500 -0.801800
vn 0.174700 -0.719500 -0.672100
vn 0.098700 -0.824300 -0.557400
vn -0.258100 -0.689200 -0.677000
vn -0.188600 -0.744200 -0.640800
vn -0.509900 -0.353000 -0.784500
vn 0.928400 -0.362600 -0.081700
vn 0.925200 -0.369500 -0.086100
vn 0.921000 -0.371900 -0.115500
vn 0.904800 -0.411800 -0.108300
vn 0.962300 -0.220800 -0.158900
vn 0.968400 -0.184100 -0.168100
vn -0.886900 -0.295700 -0.354900
vn -0.883300 -0.355800 -0.305300
vn -0.886500 -0.296100 -0.355600
vn -0.881200 -0.370100 -0.294100
vn -0.864600 -0.492200 -0.100600
vn -0.861700 -0.501200 -0.079900
vn -0.867800 -0.493300 0.059700
vn -0.868900 -0.491400 0.058900
vn 0.861600 -0.370500 -0.347000
vn 0.861100 -0.370800 -0.347700
vn 0.856800 -0.443400 -0.263400
vn 0.858600 -0.442800 -0.258400
vn 0.898600 -0.438700 -0.007600
vn 0.893700 -0.448600 0.010400
vn 0.955000 -0.288100 0.070100
vn 0.959000 -0.275600 0.066100
vn 0.019500 0.824300 0.565800
vn 0.004800 0.792100 0.610300
vn 0.017200 0.819400 0.573000
vn 0.000000 0.780900 0.624600
vn -0.803900 -0.066200 0.591000
vn -0.813900 -0.070400 0.576800
vn -0.867500 -0.095300 0.488200
vn -0.887800 -0.105900 0.447900
vn -0.136300 -0.714600 0.686200
vn -0.142000 -0.767000 0.625700
vn -0.137200 -0.722700 0.677400
vn -0.143800 -0.783900 0.604100
vn 0.687000 0.192400 0.700800
vn 0.689000 0.192900 0.698600
vn 0.699300 0.195800 0.687400
vn 0.703700 0.197000 0.682700
vn 0.017900 0.565800 0.824300
vn 0.057300 0.706200 0.705600
vn 0.022200 0.581900 0.812900
vn 0.072000 0.753800 0.653200
vn -0.497900 -0.098500 0.861600
vn -0.519500 -0.106400 0.847800
vn -0.599800 -0.136500 0.788400
vn -0.644600 -0.153700 0.748900
vn -0.051500 -0.610900 0.790000
vn -0.082100 -0.726400 0.682300
vn -0.055000 -0.624700 0.778900
vn -0.093500 -0.766400 0.635500
vn 0.485700 -0.000000 0.874100
vn 0.502300 0.007000 0.864700
vn 0.566400 0.035000 0.823400
vn 0.605100 0.052600 0.794400
vn 0.884700 -0.374300 0.278000
vn 0.816800 -0.572400 0.071700
vn 0.884800 -0.376000 0.275200
vn 0.821900 -0.563800 0.081900
vn 0.918700 -0.370000 -0.138000
vn 0.935400 -0.333100 -0.118700
vn 0.844900 -0.253200 -0.471200
vn 0.828400 -0.248400 -0.502100
vn 0.756300 0.120100 -0.643100
vn 0.755200 0.123700 -0.643700
vn 0.726400 0.312500 -0.612100
vn 0.730800 0.314200 -0.606000
vn 0.765200 0.364700 -0.530600
vn 0.775400 0.365000 -0.515300
vn 0.801700 0.495000 -0.335000
vn 0.800100 0.537600 -0.266100
vn 0.807800 0.555300 0.197700
vn 0.796000 0.584100 0.158600
vn 0.880400 0.234100 0.412500
vn 0.892900 0.179800 0.412800
vn 0.930200 -0.045900 0.364200
vn 0.937300 -0.061400 0.343000
vn 0.944900 -0.158500 0.286500
vn 0.943400 -0.167000 0.286400
vn -0.038700 -0.251400 -0.967100
vn -0.045900 -0.259200 -0.964700
vn -0.168900 -0.522700 -0.835600
vn -0.199100 -0.966200 -0.163600
vn 0.887000 0.163400 -0.431800
vn 0.890000 0.165500 -0.424800
vn 0.888500 0.164500 -0.428400
vn 0.890800 0.166100 -0.422900
vn -0.925500 0.025200 -0.377800
vn -0.913800 0.043700 -0.403800
vn -0.919600 0.034700 -0.391200
vn -0.909900 0.049400 -0.411800
vn 0.905400 -0.412400 -0.100600
vn 0.885100 -0.447000 -0.129600
vn 0.756600 -0.635100 -0.155500
vn 0.713700 -0.680500 -0.166000
vn 0.832600 -0.546300 -0.091500
vn 0.845300 -0.525000 -0.099600
vn -0.099000 0.936900 -0.335200
vn -0.049600 0.727900 -0.683900
vn -0.094700 0.940800 -0.325500
vn -0.082800 0.658900 -0.747600
vn -0.033000 -0.437600 -0.898600
vn -0.053600 -0.460700 -0.885900
vn -0.010900 -0.788400 -0.615100
vn 0.007300 -0.754400 -0.656400
vn -0.014200 -0.954300 -0.298600
vn -0.186700 -0.973900 -0.129100
vn -0.089200 -0.963300 -0.253200
vn -0.196000 -0.974200 -0.112100
vn -0.107500 -0.988000 -0.111300
vn -0.049300 -0.987300 -0.151200
vn -0.940900 -0.337400 -0.031000
vn -0.819700 -0.568100 -0.073200
vn -0.929600 -0.365700 -0.045200
vn -0.791900 -0.607200 -0.065600
vn -0.879900 -0.475100 -0.012400
vn -0.890500 -0.454800 -0.015400
vn 0.883000 0.063100 0.465200
vn 0.883700 0.062400 0.463900
vn 0.883400 0.062700 0.464500
vn 0.883900 0.062100 0.463500
vn -0.973900 -0.021100 0.225800
vn -0.964100 -0.034100 0.263200
vn -0.969000 -0.028000 0.245600
vn -0.960200 -0.038800 0.276500
vn 0.072600 -0.625300 -0.777000
vn 0.053800 -0.590800 -0.805000
vn 0.031800 -0.187800 -0.981700
vn 0.052100 -0.125200 -0.990800
vn -0.098500 0.878600 -0.467300
vn -0.123100 0.860500 -0.494400
vn -0.122900 0.992300 -0.016800
vn -0.139500 0.989900 0.026500
vn -0.898800 0.268100 -0.346900
vn -0.893700 0.268400 -0.359500
vn -0.888900 0.268600 -0.371000
vn -0.885900 0.268700 -0.378200
vn 0.871000 0.187000 -0.454200
vn 0.863100 0.198800 -0.464300
vn 0.854500 0.211000 -0.474700
vn 0.849900 0.217400 -0.480100
vn 0.482800 -0.497900 -0.720400
vn 0.518800 -0.492100 -0.699100
vn 0.741300 -0.550800 -0.383500
vn 0.754800 -0.532600 -0.383000
vn 0.714000 -0.700200 0.000500
vn 0.706600 -0.706700 -0.035400
vn 0.722300 -0.659900 0.207100
vn 0.725400 -0.656800 0.205900
vn 0.000000 -0.913800 0.406100
vn 0.000000 -0.625100 0.780500
vn -0.062400 -0.526500 0.847900
vn -0.102300 0.643200 0.758900
vn -0.146800 0.729600 0.667900
vn -0.070300 0.946500 0.314800
vn -0.073000 0.949000 0.306700
vn 0.028300 -0.593600 -0.804200
vn 0.103800 -0.772800 -0.626100
vn 0.056900 -0.576600 -0.815000
vn 0.088400 -0.792500 -0.603400
vn -0.011200 -0.997900 -0.064400
vn -0.037300 -0.998700 -0.033300
vn -0.012100 -0.980400 0.196800
vn 0.000000 -0.981400 0.192000
vn -0.374400 -0.490000 -0.787300
vn -0.583800 -0.656600 -0.477500
vn -0.393000 -0.487600 -0.779600
vn -0.592900 -0.639900 -0.488900
vn -0.640200 -0.766800 -0.047400
vn -0.639500 -0.767400 -0.046400
vn -0.687500 -0.719700 0.097300
vn -0.694500 -0.713300 0.094300
vn -0.559200 0.710900 0.426500
vn -0.079900 0.302500 0.949800
vn -0.074900 0.351900 0.933100
vn -0.079100 0.311700 0.946900
vn -0.071600 0.353200 0.932800
vn -0.073000 0.234900 0.969300
vn -0.095200 0.260900 0.960700
vn -0.081900 0.368800 0.925900
vn -0.075000 0.388100 0.918600
vn 0.402700 0.915200 0.012200
vn 0.417100 0.908900 0.003500
vn 0.432400 0.901600 -0.005800
vn 0.448700 0.893500 -0.015900
vn 0.159500 0.673800 -0.721500
vn 0.171400 0.658400 -0.732900
vn 0.160500 0.672500 -0.722500
vn 0.172900 0.656500 -0.734300
vn -0.223000 0.553000 -0.802800
vn -0.245400 0.553100 -0.796100
vn -0.222900 0.552800 -0.803000
vn -0.240400 0.551800 -0.798600
vn -0.236600 0.554400 -0.797900
vn -0.202400 0.535200 -0.820100
vn -0.183900 0.513700 -0.838100
vn -0.185200 0.511300 -0.839200
vn -0.031200 0.780500 -0.624300
vn -0.041300 0.752200 -0.657600
vn -0.095300 0.494600 -0.863900
vn -0.072600 0.434100 -0.897900
vn -0.070000 0.387500 -0.919200
vn -0.108400 0.404300 -0.908200
vn -0.127800 0.426800 -0.895300
vn -0.126200 0.432800 -0.892600
vn -0.293900 0.471100 0.831600
vn -0.293700 0.470400 0.832100
vn -0.290400 0.468500 0.834400
vn -0.291000 0.466200 0.835500
vn -0.254800 0.470100 0.845100
vn -0.215400 0.440300 0.871600
vn -0.203600 0.389300 0.898300
vn -0.208700 0.379500 0.901300
vn 0.217200 0.622400 0.752000
vn 0.216100 0.623500 0.751400
vn 0.206800 0.633200 0.745900
vn 0.205200 0.634900 0.744900
vn -0.854400 0.519300 -0.016800
vn -0.859700 0.510600 -0.014700
vn -0.875300 0.483500 -0.008300
vn -0.878700 0.477400 -0.006900
vn -0.107300 0.950600 0.291300
vn -0.249500 0.898300 0.361600
vn -0.185400 0.927500 0.324600
vn -0.258900 0.815500 0.517600
vn -0.284100 0.818500 0.499400
vn -0.149800 0.815100 0.559600
vn -0.031100 0.895600 0.443800
vn 0.026100 0.992500 0.119200
vn 0.026600 0.899600 -0.435900
vn 0.062500 0.988000 -0.141300
vn -0.137800 0.830200 -0.540100
vn -0.258000 0.921400 -0.290700
vn -0.338400 0.928100 -0.155300
vn -0.204300 0.957900 -0.201800
vn -0.152400 0.972600 -0.175800
vn -0.083900 0.985600 -0.146800
vn -0.571200 0.789200 -0.225500
vn -0.051000 -0.937400 0.344400
vn -0.011900 -0.715500 0.698500
vn -0.040200 -0.947300 0.317700
vn -0.028300 -0.640700 0.767300
vn 0.019000 0.553700 0.832500
vn -0.002900 0.630300 0.776300
vn 0.026800 0.905500 0.423400
vn 0.031000 0.900100 0.434500
vn 0.858800 0.007900 0.512200
vn 0.868700 -0.000400 0.495400
vn 0.863300 0.004100 0.504600
vn 0.875300 -0.006200 0.483600
vn -0.906900 -0.078900 0.414000
vn -0.888100 -0.101100 0.448400
vn -0.898100 -0.089500 0.430600
vn -0.873900 -0.116500 0.471900
vn -0.025800 0.035200 0.999000
vn -0.030500 0.029100 0.999100
vn -0.026400 0.033900 0.999100
vn -0.036100 0.035100 0.998700
vn -0.051100 0.112000 0.992400
vn -0.052000 0.117400 0.991700
vn 0.016900 0.156600 -0.987500
vn 0.013300 0.146900 -0.989100
vn -0.001700 0.105800 -0.994400
vn -0.005600 0.095100 -0.995500
vn -0.572200 0.806900 -0.146700
vn -0.575100 0.803200 -0.155300
vn -0.578900 0.798100 -0.166700
vn -0.582100 0.793800 -0.176400
vn 0.992100 0.125400 -0.010400
vn 0.992200 0.124300 -0.011100
vn 0.992200 0.123800 -0.011500
vn 0.992400 0.122600 -0.012300
vn -0.016500 0.103900 -0.994400
vn -0.016600 0.104800 -0.994400
vn -0.019100 0.120300 -0.992600
vn -0.019300 0.121600 -0.992400
vn -0.064700 0.981800 -0.178500
vn -0.062000 0.984100 -0.166400
vn -0.161800 0.981200 -0.105100
vn -0.165500 0.981300 -0.098500
vn -0.287100 0.952300 -0.103000
vn -0.285300 0.953900 -0.093200
vn -0.234600 0.971800 -0.023400
vn -0.277400 0.935500 0.218800
vn -0.248300 0.955600 0.158900
vn -0.316600 0.867200 0.384400
vn -0.175500 0.945500 0.274100
vn -0.180900 0.954100 0.238500
vn -0.049800 0.883500 0.465900
vn -0.034300 0.857000 0.514200
vn -0.057300 0.974600 -0.216600
vn -0.047200 0.982800 -0.178400
vn -0.144900 0.989300 -0.018500
vn -0.143500 0.989600 -0.004800
vn -0.289300 0.953400 -0.086200
vn -0.290300 0.952200 -0.095300
vn -0.217700 0.535500 0.816000
vn -0.201300 0.972400 -0.117700
vn -0.196300 0.540100 0.818400
vn -0.192500 0.976300 -0.099000
vn -0.335700 0.940500 -0.052700
vn -0.246400 0.582900 0.774300
vn -0.338300 0.940100 -0.042500
vn -0.253100 0.601100 0.758000
vn -0.682900 0.476800 0.553500
vn -0.876300 0.473100 -0.090600
vn -0.571900 0.441900 -0.691200
vn -0.531400 -0.537000 -0.655100
vn -0.171700 0.564800 -0.807200
vn 0.024200 -0.485700 -0.873800
vn -0.114600 0.492100 -0.862900
vn 0.170700 -0.542400 -0.822600
vn -0.016400 0.459900 -0.887800
vn 0.085600 -0.416600 -0.905000
vn -0.021000 0.370600 -0.928600
vn -0.757200 -0.538100 0.370200
vn -0.231000 0.892200 -0.388000
vn -0.367100 0.538400 0.758600
vn -0.321500 0.864300 -0.386700
vn -0.255100 0.595400 0.761900
vn -0.231700 0.957000 -0.174500
vn -0.304500 0.561100 0.769700
vn -0.374200 0.920000 -0.116300
vn -0.614100 0.490800 0.618100
vn -0.901700 0.420900 -0.098900
vn -0.519200 0.464000 -0.717700
vn -0.140100 0.494100 -0.858000
vn -0.044600 0.486800 -0.872400
vn -0.004200 0.372200 -0.928100
vn -0.006400 0.300100 -0.953900
vn -0.089100 0.904400 -0.417200
vn 0.203200 0.889100 -0.410100
vn 0.120000 0.473400 -0.872600
vn 0.005900 -0.348000 -0.937500
vn 0.119200 -0.358300 -0.926000
vn 0.179400 -0.556600 -0.811200
vn 0.059500 -0.543500 -0.837300
vn -0.485600 -0.478700 -0.731500
vn -0.790400 -0.603900 -0.102600
vn -0.599100 -0.540500 0.590700
vn -0.017700 -0.524200 0.851400
vn 0.028300 -0.445500 0.894800
vn -0.044500 -0.585700 0.809300
vn -0.264200 -0.861300 0.434000
vn -0.174000 0.709600 -0.682800
vn -0.180300 0.725500 -0.664200
vn -0.114600 0.914100 0.389000
vn -0.254000 0.753800 0.606000
vn -0.555900 -0.070400 0.828300
vn -0.748500 0.377400 0.545300
vn -0.922500 -0.355200 -0.151300
vn -0.854700 0.344400 -0.388500
vn -0.455700 -0.579600 -0.675600
vn -0.446300 0.696700 -0.561600
vn -0.181300 -0.303800 -0.935300
vn -0.088700 -0.257400 -0.962200
vn -0.229900 -0.252100 -0.940000
vn -0.376800 0.719000 -0.584000
vn 0.004900 0.834400 0.551200
vn 0.067400 0.019800 0.997500
vn -0.303100 -0.780500 0.546800
vn -0.041500 -0.964200 0.261900
vn 0.239500 -0.282600 0.928900
vn 0.017100 0.781900 0.623200
vn 0.009900 0.437900 0.899000
vn -0.825500 0.563500 0.032900
vn -0.792400 -0.323800 0.517000
vn -0.148200 0.411400 0.899300
vn -0.279300 -0.054000 0.958700
vn -0.082000 0.501300 -0.861400
vn -0.182100 0.532400 -0.826700
vn -0.308200 0.949900 -0.051900
vn -0.349900 0.936400 -0.027600
vn -0.494700 0.486000 -0.720500
vn -0.865200 0.493800 -0.086900
vn -0.583000 0.480700 0.655000
vn -0.232000 0.518600 0.823000
vn -0.242500 0.553100 0.797000
vn -0.183400 0.575500 0.797000
vn -0.159800 0.968000 -0.193500
vn -0.009400 0.328800 -0.944300
vn -0.009100 -0.443100 -0.896400
vn -0.120300 0.513900 -0.849400
vn -0.394900 -0.918700 0.000100
vn -0.404600 0.900100 0.161900
vn -0.404500 0.900100 0.161900
vn -0.151000 0.957300 -0.246400
vn -0.110600 0.556000 0.823800
vn -0.118500 -0.522800 0.844200
vn -0.095400 -0.430400 0.897600
vn -0.008700 -0.467000 0.884200
vn -0.031800 -0.479700 0.876900
vn -0.505000 -0.461400 0.729500
vn -0.813200 -0.581600 0.021100
vn -0.506100 -0.420500 -0.753000
vn 0.011700 -0.497700 -0.867300
vn 0.135000 -0.493400 -0.859300
vn -0.107200 -0.435800 0.893600
vn -0.000900 0.445000 0.895600
vn 0.228000 0.615800 0.754200
vn 0.401000 0.326700 0.855900
vn 0.460800 -0.336800 0.821100
vn 0.195300 -0.180500 0.964000
vn -0.128700 -0.943300 0.306000
vn 0.170900 -0.221500 0.960100
vn 0.075600 -0.981500 0.176000
vn 0.173800 -0.965400 0.194500
vn -0.560900 0.460800 -0.687800
vn -0.283200 0.958400 -0.035000
vn -0.158000 0.559700 -0.813500
vn -0.071800 0.508100 -0.858300
vn -0.211600 0.974900 -0.069300
vn -0.068500 0.498600 -0.864100
vn -0.158100 0.983800 -0.085000
vn -0.162600 0.663900 -0.730000
vn -0.191000 0.980100 0.053800
vn -0.055200 0.767800 0.638400
vn 0.324900 0.730500 0.600700
vn 0.318900 0.564800 0.761100
vn 0.439500 0.315700 0.840900
vn 0.533700 -0.083200 0.841600
vn 0.154700 -0.976400 0.150400
vn -0.058300 -0.989000 0.135800
vn -0.798300 -0.598700 -0.065100
vn -0.640600 -0.512400 0.571900
vn -0.076800 -0.433000 0.898100
vn -0.013900 -0.414300 0.910000
vn -0.074800 -0.542900 0.836500
vn -0.394800 -0.918800 0.000200
vn -0.394700 -0.918800 0.000100
vn -0.114000 0.937000 -0.330100
vn 0.122700 0.954600 -0.271500
vn 0.220400 0.353500 -0.909100
vn -0.008000 -0.155100 -0.987900
vn -0.255400 -0.731100 -0.632700
vn -0.112400 -0.957400 -0.266100
vn -0.468700 -0.881900 -0.050100
vn -0.466300 -0.877000 0.115400
vn -0.579300 -0.734700 -0.352900
vn -0.368600 -0.705200 -0.605700
vn -0.167600 -0.543600 -0.822500
vn 0.079200 -0.142200 -0.986700
vn -0.514600 -0.473200 -0.715000
vn -0.843800 -0.536300 0.017600
vn -0.894700 0.446600 0.000700
vn -0.546800 -0.398800 0.736200
vn -0.499000 0.550600 0.669200
vn -0.081500 -0.440300 0.894100
vn -0.199300 0.623300 0.756200
vn -0.028200 -0.371200 0.928100
vn -0.159600 0.607400 0.778200
vn -0.119400 0.592500 0.796700
vn -0.022700 -0.450800 0.892300
vn -0.075800 0.602100 0.794800
vn -0.000400 -0.469600 -0.882900
vn 0.062000 -0.467700 -0.881700
vn 0.009100 -0.463100 -0.886300
vn -0.065000 -0.454100 -0.888600
vn -0.161400 -0.968400 0.189900
vn 0.050800 -0.998700 -0.000900
vn 0.105900 -0.994200 0.019900
vn -0.087600 -0.996200 -0.003100
vn -0.673700 -0.704700 0.222500
vn -0.708800 -0.355400 -0.609400
vn -0.502900 -0.477200 -0.720600
vn 0.156200 -0.975500 -0.155200
vn 0.230800 -0.971900 0.046800
vn 0.061600 -0.998000 -0.016500
vn -0.512500 -0.858600 -0.013900
vn -0.399800 -0.916300 -0.025500
vn -0.394800 -0.918800 0.000100
vn -0.473500 -0.871300 -0.128900
vn 0.081300 -0.986800 -0.139700
vn 0.175800 -0.982400 0.062800
vn 0.023400 -0.999600 0.017600
vn -0.200100 -0.970600 0.133600
vn -0.019800 -0.999400 0.027000
vn 0.168900 -0.983500 0.064500
vn 0.020100 -0.996900 0.075600
vn 0.645600 0.744000 -0.172200
vn 0.648500 0.740900 -0.174700
vn 0.636600 0.763000 0.111600
vn 0.648500 0.760800 0.024900
vn 0.590400 0.739000 0.324500
vn 0.591500 0.737700 0.325600
vn -0.184300 0.342200 -0.921400
vn -0.221300 0.377100 -0.899300
vn -0.184000 0.346500 -0.919800
vn -0.233700 0.381100 -0.894500
vn -0.276000 0.374100 -0.885400
vn -0.276500 0.373200 -0.885600
vn 0.037800 0.516600 0.855400
vn 0.037700 0.515700 0.855900
vn -0.078500 0.523100 0.848600
vn -0.107200 0.527200 0.843000
vn -0.233300 0.517700 0.823100
vn -0.235500 0.515100 0.824200
vn 0.213500 0.954600 -0.207800
vn 0.161000 0.979800 -0.118900
vn 0.219800 0.966500 0.132400
vn 0.148400 0.987600 0.050700
vn 0.120200 0.991200 0.055100
vn 0.152800 0.959600 0.236400
vn 0.223700 0.872000 0.435300
vn 0.182700 -0.958500 -0.219100
vn 0.457600 -0.887900 0.047300
vn -0.043200 -0.971600 -0.232800
vn 0.019000 -0.977600 -0.209800
vn -0.617400 -0.714200 -0.329800
vn -0.448000 -0.894000 -0.004700
vn -0.624100 -0.779400 -0.054700
vn -0.786000 -0.615200 -0.060500
vn -0.802500 -0.591100 0.081600
vn -0.645300 -0.727900 0.231900
vn -0.352000 -0.877400 0.326000
vn -0.473800 -0.876800 0.081700
vn -0.480100 -0.832400 0.276900
vn 0.080300 -0.990000 -0.116100
vn 0.182700 -0.958400 -0.219100
vn 0.410400 -0.724900 -0.553200
vn 0.291700 -0.843200 -0.451700
vn 0.587000 -0.127700 -0.799400
vn 0.635200 -0.100900 -0.765800
vn 0.468300 0.608900 -0.640300
vn 0.436700 0.578400 -0.689000
vn 0.516400 0.781700 -0.349800
vn 0.443500 0.792600 -0.418400
vn 0.537600 0.823800 -0.179700
vn 0.552300 0.817600 -0.162800
vn 0.564800 0.823000 0.061600
vn 0.540100 0.819100 0.193100
vn 0.539500 0.739000 0.403600
vn 0.473000 0.696700 0.539300
vn 0.553000 0.650600 0.520500
vn 0.631800 0.481000 0.607900
vn 0.350600 0.900900 0.255900
vn 0.211900 0.968500 0.130800
vn -0.042800 0.977500 -0.206700
vn -0.381800 0.898500 0.216600
vn -0.535100 0.740900 0.405800
vn -0.439100 0.898400 0.006300
vn -0.228100 0.930600 -0.286400
vn -0.259400 0.742500 -0.617500
vn 0.065100 0.951200 -0.301600
vn -0.055000 0.918900 0.390500
vn 0.159300 0.908900 -0.385400
vn -0.449300 -0.218200 0.866400
vn -0.673100 0.136100 0.726900
vn -0.464500 -0.145600 0.873500
vn -0.724900 0.158500 0.670400
vn -0.861600 -0.253900 0.439500
vn -0.869400 -0.239700 0.432100
vn -0.693500 -0.391400 0.604800
vn -0.660900 -0.371700 0.652000
vn -0.276700 -0.332900 0.901500
vn -0.253500 -0.346000 0.903300
vn -0.251200 -0.040000 0.967100
vn -0.236600 -0.000000 0.971600
vn -0.379400 -0.023900 0.924900
vn -0.377900 -0.030800 0.925300
vn -0.508100 -0.724500 -0.465700
vn 0.053200 -0.186800 0.980900
vn -0.560300 -0.758700 -0.332300
vn 0.090000 -0.073600 0.993200
vn -0.160600 -0.109500 0.980900
vn -0.299700 -0.079900 0.950700
vn -0.554700 -0.258100 0.791000
vn -0.926400 -0.369300 0.073000
vn -0.831000 -0.362100 0.422200
vn -0.926200 -0.365700 -0.092200
vn -0.792500 -0.350900 -0.498800
vn -0.828000 -0.337000 -0.448100
vn -0.586300 -0.200300 -0.785000
vn -0.587000 -0.211800 -0.781400
vn -0.593800 -0.114800 -0.796400
vn -0.599600 -0.046100 -0.798900
vn -0.574400 -0.417300 -0.704200
vn -0.551400 -0.445700 -0.705200
vn -0.840400 -0.316200 -0.440100
vn -0.842500 -0.346300 -0.412600
vn -0.925700 0.004600 -0.378300
vn -0.911100 0.018100 -0.411700
vn -0.853600 0.059300 -0.517500
vn -0.838500 0.067300 -0.540700
vn -0.657300 0.084200 -0.748900
vn -0.660100 0.106200 -0.743600
vn -0.472800 0.012000 -0.881100
vn -0.461600 -0.022500 -0.886800
vn -0.424300 -0.002600 -0.905500
vn -0.429800 -0.010800 -0.902900
vn -0.508300 0.105900 -0.854700
vn -0.561800 0.035500 -0.826500
vn -0.797000 -0.561100 0.223600
vn -0.681200 -0.621700 0.386500
vn 0.547300 0.772600 0.322000
vn 0.697600 0.328700 0.636600
vn 0.839500 -0.040100 0.541900
vn 0.775800 -0.346400 0.527400
vn 0.019000 -0.977600 -0.209700
vn 0.107200 -0.435800 0.893600
vn 0.000900 0.445000 0.895600
vn 0.279300 -0.054000 0.958700
vn -0.228000 0.615800 0.754200
vn 0.148200 0.411400 0.899300
vn -0.401000 0.326700 0.855900
vn -0.009900 0.437900 0.899000
vn -0.460800 -0.336800 0.821100
vn -0.195300 -0.180500 0.964000
vn -0.170900 -0.221500 0.960100
vn -0.017100 0.781900 0.623200
vn -0.239500 -0.282600 0.928900
vn -0.004900 0.834400 0.551200
vn -0.067400 0.019800 0.997500
vn 0.114600 0.914100 0.389000
vn 0.555900 -0.070400 0.828300
vn 0.254000 0.753800 0.606000
vn 0.748500 0.377400 0.545300
vn 0.922500 -0.355200 -0.151300
vn 0.303100 -0.780500 0.546800
vn 0.041500 -0.964200 0.261900
vn -0.173800 -0.965400 0.194500
vn -0.075600 -0.981500 0.176000
vn 0.128700 -0.943300 0.306000
vn 0.058300 -0.989000 0.135800
vn -0.154700 -0.976400 0.150400
vn -0.533700 -0.083200 0.841600
vn -0.439500 0.315700 0.840900
vn -0.318900 0.564800 0.761100
vn -0.324900 0.730500 0.600700
vn 0.055200 0.767800 0.638400
vn 0.191000 0.980100 0.053800
vn 0.162600 0.663900 -0.730000
vn 0.158100 0.983800 -0.085000
vn 0.068500 0.498600 -0.864100
vn 0.211600 0.974900 -0.069300
vn 0.071800 0.508100 -0.858300
vn 0.283200 0.958400 -0.035000
vn 0.158000 0.559600 -0.813500
vn 0.560900 0.460800 -0.687800
vn 0.894700 0.446600 0.000700
vn 0.499000 0.550600 0.669200
vn 0.199300 0.623300 0.756200
vn 0.159600 0.607400 0.778200
vn 0.119400 0.592500 0.796700
vn 0.075800 0.602100 0.794800
vn 0.022700 -0.450800 0.892300
vn 0.028200 -0.371200 0.928100
vn 0.081500 -0.440300 0.894100
vn 0.546800 -0.398800 0.736200
vn 0.843800 -0.536300 0.017600
vn 0.514600 -0.473200 -0.715000
vn 0.000400 -0.469600 -0.882900
vn -0.062000 -0.467700 -0.881700
vn -0.009100 -0.463100 -0.886300
vn 0.065000 -0.454100 -0.888600
vn 0.264200 -0.861300 0.434000
vn -0.156200 -0.975500 -0.155200
vn 0.044500 -0.585700 0.809300
vn -0.230800 -0.971900 0.046800
vn -0.028300 -0.445500 0.894800
vn 0.017700 -0.524200 0.851400
vn -0.061600 -0.998000 -0.016500
vn 0.599100 -0.540500 0.590700
vn 0.790400 -0.603900 -0.102600
vn 0.485600 -0.478700 -0.731500
vn -0.059500 -0.543500 -0.837300
vn -0.179400 -0.556600 -0.811200
vn -0.119200 -0.358300 -0.926000
vn 0.044600 0.486800 -0.872400
vn 0.004200 0.372200 -0.928100
vn 0.231700 0.957000 -0.174500
vn 0.321500 0.864300 -0.386700
vn 0.255100 0.595400 0.761900
vn 0.304500 0.561100 0.769700
vn 0.374200 0.920000 -0.116300
vn 0.614100 0.490800 0.618100
vn 0.901700 0.420900 -0.098900
vn 0.519200 0.464000 -0.717700
vn 0.140100 0.494100 -0.858000
vn 0.367100 0.538400 0.758600
vn 0.231000 0.892200 -0.388000
vn 0.089100 0.904400 -0.417200
vn -0.203100 0.889100 -0.410100
vn -0.120000 0.473400 -0.872600
vn -0.220400 0.353500 -0.909100
vn 0.008000 -0.155100 -0.987900
vn -0.079200 -0.142200 -0.986700
vn 0.167600 -0.543600 -0.822500
vn 0.255400 -0.731100 -0.632700
vn 0.368600 -0.705200 -0.605700
vn 0.579300 -0.734700 -0.352900
vn 0.468700 -0.881900 -0.050100
vn 0.466300 -0.877000 0.115400
vn 0.112400 -0.957400 -0.266100
vn -0.005900 -0.348000 -0.937500
vn 0.006400 0.300100 -0.953900
vn 0.512500 -0.858600 -0.013900
vn 0.757200 -0.538100 0.370200
vn 0.473500 -0.871300 -0.128800
vn -0.085600 -0.416600 -0.905000
vn -0.081300 -0.986800 -0.139700
vn -0.170700 -0.542400 -0.822600
vn -0.175800 -0.982400 0.062800
vn -0.023400 -0.999600 0.017600
vn -0.024200 -0.485700 -0.873800
vn 0.531400 -0.537000 -0.655100
vn 0.798300 -0.598700 -0.065100
vn 0.640600 -0.512400 0.572000
vn 0.076800 -0.433000 0.898100
vn 0.013900 -0.414300 0.910000
vn 0.074800 -0.542900 0.836500
vn 0.394800 -0.918800 0.000100
vn 0.399800 -0.916300 -0.025500
vn 0.200100 -0.970600 0.133600
vn 0.019800 -0.999400 0.027000
vn 0.009100 -0.443100 -0.896400
vn -0.168900 -0.983500 0.064500
vn -0.135000 -0.493400 -0.859300
vn -0.020100 -0.996900 0.075600
vn -0.011700 -0.497700 -0.867300
vn 0.506100 -0.420500 -0.753000
vn 0.813200 -0.581600 0.021100
vn 0.505000 -0.461400 0.729500
vn 0.031800 -0.479700 0.876900
vn 0.008700 -0.467000 0.884200
vn 0.095400 -0.430400 0.897600
vn 0.118500 -0.522800 0.844200
vn -0.122700 0.954600 -0.271500
vn 0.114000 0.937000 -0.330100
vn 0.201300 0.972400 -0.117700
vn 0.404600 0.900100 0.161900
vn 0.217700 0.535500 0.816000
vn 0.394900 -0.918700 0.000100
vn 0.196300 0.540100 0.818400
vn 0.246300 0.582900 0.774300
vn 0.253100 0.601100 0.758000
vn 0.682900 0.476800 0.553500
vn 0.640600 -0.512400 0.571900
vn 0.876300 0.473100 -0.090600
vn 0.376800 0.719000 -0.584000
vn 0.174000 0.709600 -0.682800
vn 0.229900 -0.252100 -0.940000
vn 0.088700 -0.257400 -0.962200
vn 0.180300 0.725500 -0.664200
vn 0.181300 -0.303800 -0.935300
vn 0.446300 0.696700 -0.561600
vn 0.455700 -0.579600 -0.675600
vn 0.854700 0.344400 -0.388500
vn 0.825500 0.563500 0.032900
vn 0.792400 -0.323800 0.517000
vn 0.021000 0.370600 -0.928600
vn 0.016400 0.459900 -0.887800
vn 0.114600 0.492100 -0.862900
vn 0.171700 0.564800 -0.807200
vn 0.571900 0.441900 -0.691200
vn 0.338300 0.940100 -0.042500
vn 0.335700 0.940500 -0.052700
vn 0.192500 0.976300 -0.099000
vn 0.708800 -0.355400 -0.609400
vn 0.502900 -0.477200 -0.720600
vn 0.082000 0.501300 -0.861400
vn 0.182100 0.532400 -0.826700
vn 0.494700 0.486000 -0.720500
vn 0.865200 0.493800 -0.086800
vn 0.583000 0.480700 0.655000
vn 0.232000 0.518600 0.823000
vn 0.242500 0.553100 0.797000
vn 0.183400 0.575500 0.797000
vn 0.110600 0.556000 0.823800
vn 0.159800 0.968000 -0.193500
vn 0.151000 0.957300 -0.246400
vn 0.009400 0.328800 -0.944300
vn 0.120300 0.513900 -0.849400
vn 0.308200 0.949900 -0.051900
vn 0.349900 0.936400 -0.027600
vn 0.161400 -0.968400 0.189900
vn -0.050800 -0.998700 -0.000900
vn -0.105900 -0.994200 0.019900
vn 0.087600 -0.996200 -0.003100
vn 0.673700 -0.704700 0.222500
vn 0.184300 0.342200 -0.921400
vn 0.184000 0.346500 -0.919800
vn 0.221300 0.377100 -0.899300
vn 0.233700 0.381100 -0.894500
vn 0.276000 0.374100 -0.885400
vn 0.276500 0.373200 -0.885600
vn -0.645600 0.744000 -0.172200
vn -0.636600 0.763000 0.111600
vn -0.648500 0.740900 -0.174700
vn -0.648500 0.760800 0.024900
vn -0.590400 0.739000 0.324500
vn -0.591500 0.737700 0.325600
vn 0.235500 0.515100 0.824200
vn 0.233300 0.517700 0.823100
vn 0.078500 0.523100 0.848600
vn 0.107200 0.527200 0.843000
vn -0.037700 0.515700 0.855900
vn -0.037800 0.516600 0.855400
vn -0.223700 0.872000 0.435300
vn -0.152800 0.959600 0.236400
vn -0.219800 0.966500 0.132400
vn -0.148400 0.987600 0.050700
vn -0.120200 0.991200 0.055100
vn -0.161000 0.979800 -0.118900
vn -0.213500 0.954600 -0.207800
vn -0.436700 0.578400 -0.689000
vn -0.443500 0.792600 -0.418400
vn -0.159300 0.908900 -0.385400
vn -0.065100 0.951200 -0.301600
vn 0.055000 0.918900 0.390500
vn 0.259400 0.742500 -0.617500
vn 0.228100 0.930600 -0.286400
vn 0.439100 0.898400 0.006300
vn 0.381800 0.898500 0.216600
vn 0.535100 0.740900 0.405800
vn 0.042800 0.977500 -0.206700
vn -0.211900 0.968500 0.130800
vn -0.350600 0.900900 0.255900
vn -0.473000 0.696700 0.539300
vn -0.631800 0.481000 0.607900
vn -0.553000 0.650600 0.520500
vn -0.539500 0.739000 0.403600
vn -0.564800 0.823000 0.061600
vn -0.540100 0.819100 0.193100
vn -0.552300 0.817600 -0.162800
vn -0.537600 0.823800 -0.179700
vn -0.516400 0.781700 -0.349800
vn -0.468300 0.608900 -0.640300
vn -0.587000 -0.127700 -0.799400
vn -0.635200 -0.100900 -0.765800
vn -0.291700 -0.843200 -0.451700
vn -0.410400 -0.724900 -0.553200
vn -0.182700 -0.958500 -0.219100
vn -0.080300 -0.990000 -0.116100
vn 0.043200 -0.971600 -0.232800
vn 0.448000 -0.894000 -0.004700
vn 0.480100 -0.832400 0.276900
vn 0.473800 -0.876800 0.081700
vn 0.624100 -0.779400 -0.054700
vn 0.352000 -0.877400 0.326000
vn 0.645300 -0.727900 0.231900
vn 0.786000 -0.615200 -0.060500
vn 0.802500 -0.591100 0.081600
vn 0.617400 -0.714200 -0.329800
vn -0.019000 -0.977600 -0.209800
vn -0.457600 -0.887900 0.047300
vn 0.449300 -0.218200 0.866300
vn 0.299700 -0.079900 0.950700
vn 0.464500 -0.145600 0.873500
vn 0.160600 -0.109500 0.980900
vn -0.053200 -0.186800 0.980900
vn -0.090000 -0.073600 0.993200
vn 0.560300 -0.758700 -0.332300
vn 0.508100 -0.724500 -0.465700
vn 0.681200 -0.621700 0.386500
vn 0.561800 0.035500 -0.826500
vn 0.797000 -0.561100 0.223600
vn 0.508300 0.105900 -0.854700
vn 0.424300 -0.002600 -0.905500
vn 0.429800 -0.010800 -0.902900
vn 0.480400 0.022800 -0.876700
vn 0.498500 0.001800 -0.866900
vn 0.645500 0.081500 -0.759400
vn 0.622800 0.114400 -0.774000
vn 0.852700 0.037100 -0.521100
vn 0.857700 0.056800 -0.511000
vn 0.918500 0.015200 -0.395100
vn 0.915600 0.047700 -0.399200
vn 0.840400 -0.316200 -0.440100
vn 0.842500 -0.346300 -0.412600
vn 0.574400 -0.417300 -0.704200
vn 0.551400 -0.445700 -0.705200
vn 0.593800 -0.114800 -0.796400
vn 0.599700 -0.046100 -0.798900
vn 0.586300 -0.200300 -0.785000
vn 0.587000 -0.211800 -0.781400
vn 0.828000 -0.337000 -0.448100
vn 0.792500 -0.350900 -0.498800
vn 0.926200 -0.365700 -0.092200
vn 0.926400 -0.369300 0.073000
vn 0.831000 -0.362100 0.422200
vn 0.554700 -0.258100 0.791000
vn 0.449300 -0.218200 0.866400
vn 0.673100 0.136100 0.726900
vn 0.724900 0.158500 0.670400
vn 0.861600 -0.253900 0.439500
vn 0.869400 -0.239700 0.432100
vn 0.693500 -0.391400 0.604800
vn 0.660900 -0.371700 0.652000
vn 0.276700 -0.332900 0.901500
vn 0.253500 -0.346000 0.903300
vn 0.251200 -0.040000 0.967100
vn 0.236600 -0.000000 0.971600
vn 0.379400 -0.023900 0.924900
vn 0.377900 -0.030800 0.925300
vn -0.547300 0.772600 0.322000
vn -0.697600 0.328700 0.636600
vn -0.839500 -0.040100 0.541900
vn -0.775800 -0.346400 0.527400
vn -0.019000 -0.977600 -0.209700
vn -0.209200 -0.221700 -0.952400
vn 0.078200 0.168900 -0.982500
vn 0.142700 -0.206100 -0.968100
vn 0.090800 0.176400 -0.980100
vn 0.163900 0.231800 -0.958900
vn 0.066800 0.385400 -0.920300
vn 0.142400 0.380500 -0.913800
vn 0.113000 0.461000 -0.880200
vn -0.050900 0.735500 -0.675600
vn -0.100400 0.485700 -0.868300
vn -0.159200 0.728700 -0.666000
vn -0.181300 0.936800 -0.299200
vn -0.152900 0.930900 -0.331700
vn -0.187000 0.912200 0.364500
vn -0.159700 0.947400 0.277200
vn -0.321100 0.553400 0.768500
vn -0.166000 0.662000 0.730900
vn -0.390500 0.154800 0.907500
vn -0.221100 0.293700 0.930000
vn -0.374200 -0.206500 0.904100
vn -0.239800 -0.325200 0.914700
vn -0.416200 -0.612700 0.671900
vn -0.372100 -0.646900 0.665600
vn 0.162000 -0.707500 0.687900
vn 0.154900 -0.276400 0.948500
vn 0.249600 -0.758400 0.602100
vn 0.231400 -0.238600 0.943100
vn 0.105200 -0.772000 0.626900
vn 0.186500 -0.266400 0.945700
vn 0.005300 -0.400000 0.916500
vn 0.051600 -0.426700 0.902900
vn 0.145000 0.530000 0.835500
vn 0.205200 0.319100 0.925200
vn 0.275100 0.436200 0.856800
vn 0.268700 0.219000 0.938000
vn 0.256800 0.323200 0.910800
vn 0.249200 0.508000 0.824500
vn 0.207600 0.507100 0.836500
vn 0.205500 0.504700 0.838500
vn 0.184100 0.256700 -0.948800
vn 0.087200 0.790000 -0.606900
vn 0.111500 0.255600 -0.960300
vn 0.064700 0.981800 -0.178500
vn 0.161800 0.981200 -0.105100
vn 0.062000 0.984100 -0.166400
vn 0.165500 0.981300 -0.098500
vn 0.287100 0.952300 -0.103000
vn 0.285300 0.953900 -0.093200
vn 0.234600 0.971800 -0.023400
vn 0.277400 0.935500 0.218800
vn 0.248300 0.955600 0.158900
vn 0.316600 0.867200 0.384400
vn 0.175500 0.945500 0.274100
vn 0.180900 0.954100 0.238500
vn 0.049800 0.883500 0.465900
vn 0.034300 0.857000 0.514200
vn 0.061100 -0.458500 -0.886600
vn -0.001000 -0.373300 -0.927700
vn 0.002300 -0.396500 -0.918000
vn -0.139700 -0.257700 -0.956100
vn -0.168200 -0.245500 -0.954700
vn -0.345400 -0.367100 -0.863700
vn -0.267300 -0.534500 -0.801800
vn -0.098700 -0.824300 -0.557400
vn -0.174700 -0.719500 -0.672100
vn 0.258100 -0.689200 -0.677000
vn 0.188600 -0.744200 -0.640800
vn 0.509900 -0.353000 -0.784500
vn -0.103600 -0.598600 -0.794300
vn -0.114100 -0.625100 -0.772100
vn -0.139700 -0.687800 -0.712300
vn -0.144000 -0.697900 -0.701500
vn 0.830000 0.086300 -0.551000
vn 0.783900 0.087400 -0.614700
vn 0.824100 0.086500 -0.559900
vn 0.767100 0.087700 -0.635600
vn 0.098300 0.898000 -0.428900
vn 0.099700 0.900700 -0.422900
vn 0.103100 0.907100 -0.408100
vn 0.103700 0.908300 -0.405300
vn -0.795100 0.072300 -0.602200
vn -0.781700 0.068300 -0.619800
vn -0.749100 0.058800 -0.659800
vn -0.741800 0.056800 -0.668200
vn 0.023800 0.953100 -0.301800
vn 0.017400 0.964100 -0.265100
vn 0.022900 0.954700 -0.296600
vn 0.015300 0.967300 -0.253300
vn -0.753800 0.317400 -0.575300
vn -0.749500 0.318400 -0.580400
vn -0.737400 0.321000 -0.594300
vn -0.734900 0.321500 -0.597100
vn -0.012300 -0.454500 -0.890700
vn -0.008900 -0.482900 -0.875600
vn -0.011800 -0.458700 -0.888500
vn -0.007900 -0.491000 -0.871100
vn -0.928400 -0.362600 -0.081700
vn -0.921000 -0.371900 -0.115500
vn -0.925200 -0.369500 -0.086100
vn -0.904800 -0.411800 -0.108300
vn -0.962300 -0.220800 -0.158900
vn -0.968400 -0.184100 -0.168100
vn -0.410000 -0.508000 0.757500
vn -0.306800 -0.710800 0.633000
vn -0.201600 -0.838100 0.506900
vn 0.112200 -0.696400 0.708800
vn 0.079600 -0.714600 0.695000
vn 0.228500 -0.502500 0.833800
vn -0.117600 -0.984200 -0.132300
vn -0.071700 -0.994200 -0.080700
vn -0.078200 -0.992900 -0.090100
vn -0.069400 -0.996900 -0.037100
vn -0.087700 -0.996100 -0.005400
vn -0.115400 -0.992200 0.046200
vn 0.750000 0.220400 -0.623600
vn 0.727900 0.221600 -0.648900
vn -0.093400 0.256400 -0.962100
vn -0.352100 -0.397500 -0.847300
vn -0.361100 -0.778800 -0.512900
vn -0.347900 -0.827700 -0.440400
vn -0.305000 -0.948400 0.086600
vn -0.420900 -0.905100 -0.060300
vn 0.978200 -0.174700 -0.112600
vn 0.977000 -0.179000 -0.116300
vn 0.974500 -0.224200 -0.013200
vn 0.970800 -0.239800 -0.011500
vn 0.973800 -0.206500 0.095000
vn 0.975900 -0.197800 0.092300
vn 0.868900 -0.491400 0.058900
vn 0.864600 -0.492200 -0.100600
vn 0.867800 -0.493300 0.059700
vn 0.861700 -0.501200 -0.079900
vn 0.881200 -0.370100 -0.294100
vn 0.883300 -0.355800 -0.305300
vn 0.886500 -0.296100 -0.355600
vn 0.886900 -0.295700 -0.354900
vn -0.959000 -0.275600 0.066100
vn -0.955000 -0.288100 0.070100
vn -0.898600 -0.438700 -0.007600
vn -0.893700 -0.448600 0.010400
vn -0.858600 -0.442800 -0.258400
vn -0.856800 -0.443400 -0.263400
vn -0.861100 -0.370800 -0.347700
vn -0.861600 -0.370500 -0.347000
vn -0.004800 0.792100 0.610300
vn -0.017200 0.819400 0.573000
vn -0.019500 0.824300 0.565800
vn 0.803900 -0.066200 0.591000
vn 0.867500 -0.095300 0.488200
vn 0.813900 -0.070400 0.576800
vn 0.887800 -0.105900 0.447900
vn 0.143800 -0.783900 0.604100
vn 0.142000 -0.767000 0.625700
vn 0.137200 -0.722700 0.677400
vn 0.136300 -0.714600 0.686200
vn -0.687000 0.192400 0.700800
vn -0.699300 0.195800 0.687400
vn -0.689000 0.192900 0.698600
vn -0.703700 0.197000 0.682700
vn -0.072000 0.753800 0.653200
vn -0.057300 0.706200 0.705700
vn -0.022200 0.581900 0.812900
vn -0.017900 0.565800 0.824400
vn 0.497900 -0.098500 0.861600
vn 0.599800 -0.136500 0.788400
vn 0.519500 -0.106400 0.847800
vn 0.644600 -0.153700 0.748900
vn 0.093500 -0.766400 0.635600
vn 0.082100 -0.726400 0.682300
vn 0.055000 -0.624700 0.778900
vn 0.051500 -0.611000 0.790000
vn -0.485700 -0.000000 0.874100
vn -0.566400 0.035000 0.823400
vn -0.502300 0.007000 0.864700
vn -0.605100 0.052600 0.794400
vn 0.038700 -0.251400 -0.967100
vn 0.168900 -0.522700 -0.835600
vn 0.045900 -0.259200 -0.964700
vn 0.110600 -0.044000 -0.992900
vn 0.214200 -0.307300 -0.927200
vn 0.243200 -0.798400 -0.550900
vn 0.199100 -0.966200 -0.163600
vn 0.272700 -0.959800 -0.067000
vn 0.279100 -0.955500 -0.095600
vn 0.254600 -0.812200 -0.525000
vn 0.045500 0.673600 -0.737700
vn 0.116700 0.870200 -0.478700
vn 0.143100 0.887700 -0.437600
vn -0.883000 -0.368400 0.290900
vn -0.890000 -0.361900 0.277200
vn -0.941700 -0.170300 0.290300
vn -0.945000 -0.175000 0.276200
vn -0.937300 -0.061400 0.343000
vn -0.930200 -0.045900 0.364200
vn -0.892900 0.179800 0.412800
vn -0.880400 0.234100 0.412500
vn -0.807800 0.555300 0.197700
vn -0.796000 0.584100 0.158600
vn -0.800400 0.537500 -0.265500
vn -0.801400 0.495700 -0.334600
vn -0.764900 0.364700 -0.531000
vn -0.775600 0.364000 -0.515700
vn -0.730800 0.314200 -0.606000
vn -0.726400 0.312500 -0.612100
vn -0.750900 0.108200 -0.651500
vn -0.760900 0.113500 -0.638800
vn -0.840200 -0.239100 -0.486800
vn -0.835800 -0.232600 -0.497300
vn -0.925400 -0.364300 -0.104400
vn -0.926200 -0.363200 -0.101700
vn -0.832200 -0.552200 0.050400
vn -0.813000 -0.580700 0.042100
vn 0.099000 0.936900 -0.335200
vn 0.094700 0.940800 -0.325500
vn 0.049600 0.727900 -0.683900
vn 0.082800 0.658900 -0.747600
vn 0.033000 -0.437600 -0.898600
vn 0.053600 -0.460700 -0.885900
vn 0.010900 -0.788400 -0.615100
vn -0.007300 -0.754400 -0.656400
vn 0.014200 -0.954300 -0.298600
vn 0.089200 -0.963300 -0.253200
vn 0.186700 -0.973900 -0.129100
vn 0.196000 -0.974200 -0.112100
vn 0.107500 -0.988000 -0.111300
vn 0.049300 -0.987300 -0.151200
vn -0.845300 -0.525000 -0.099600
vn -0.832600 -0.546300 -0.091500
vn -0.756600 -0.635100 -0.155500
vn -0.713700 -0.680500 -0.166000
vn -0.885100 -0.447000 -0.129600
vn -0.905400 -0.412400 -0.100600
vn -0.887000 0.163400 -0.431800
vn -0.888500 0.164500 -0.428400
vn -0.890000 0.165500 -0.424800
vn -0.890800 0.166100 -0.422900
vn 0.925500 0.025200 -0.377800
vn 0.919600 0.034700 -0.391200
vn 0.913800 0.043700 -0.403800
vn 0.909900 0.049400 -0.411800
vn 0.890500 -0.454800 -0.015400
vn 0.819700 -0.568100 -0.073200
vn 0.879900 -0.475100 -0.012400
vn 0.791900 -0.607200 -0.065600
vn 0.929600 -0.365700 -0.045200
vn 0.940900 -0.337400 -0.031000
vn 0.062400 -0.526500 0.847900
vn 0.102300 0.643200 0.758900
vn 0.146800 0.729600 0.667900
vn 0.070300 0.946500 0.314800
vn 0.073000 0.949000 0.306700
vn 0.898800 0.268100 -0.346900
vn 0.888900 0.268600 -0.371000
vn 0.893700 0.268400 -0.359500
vn 0.885900 0.268700 -0.378200
vn -0.871000 0.187000 -0.454200
vn -0.854500 0.211000 -0.474700
vn -0.863100 0.198800 -0.464300
vn -0.849900 0.217400 -0.480100
vn -0.028300 -0.593600 -0.804200
vn -0.056900 -0.576600 -0.815000
vn -0.103800 -0.772800 -0.626100
vn -0.088400 -0.792500 -0.603400
vn 0.011200 -0.997900 -0.064400
vn 0.037300 -0.998700 -0.033300
vn 0.012100 -0.980400 0.196800
vn 0.374400 -0.490000 -0.787300
vn 0.393000 -0.487600 -0.779600
vn 0.583800 -0.656600 -0.477500
vn 0.592900 -0.639900 -0.488900
vn 0.640200 -0.766800 -0.047400
vn 0.639500 -0.767400 -0.046400
vn 0.687500 -0.719700 0.097300
vn 0.694500 -0.713300 0.094300
vn -0.883000 0.063100 0.465200
vn -0.883400 0.062700 0.464500
vn -0.883700 0.062400 0.463900
vn -0.883900 0.062100 0.463500
vn 0.973900 -0.021100 0.225800
vn 0.969000 -0.028000 0.245600
vn 0.964100 -0.034100 0.263200
vn 0.960200 -0.038800 0.276500
vn -0.072600 -0.625300 -0.777000
vn -0.031800 -0.187800 -0.981700
vn -0.053800 -0.590800 -0.805000
vn -0.052100 -0.125200 -0.990800
vn 0.098500 0.878600 -0.467300
vn 0.123100 0.860500 -0.494400
vn 0.122900 0.992300 -0.016800
vn 0.139500 0.989900 0.026500
vn -0.482800 -0.497900 -0.720400
vn -0.741300 -0.550800 -0.383500
vn -0.518800 -0.492100 -0.699100
vn -0.754800 -0.532600 -0.383000
vn -0.714000 -0.700200 0.000500
vn -0.706600 -0.706700 -0.035400
vn -0.722300 -0.659900 0.207100
vn -0.725400 -0.656800 0.205900
vn 0.559200 0.710900 0.426500
vn 0.031200 0.780500 -0.624300
vn 0.095300 0.494600 -0.863900
vn 0.041300 0.752200 -0.657600
vn 0.072600 0.434100 -0.897900
vn 0.070000 0.387500 -0.919200
vn 0.108400 0.404300 -0.908200
vn 0.127800 0.426800 -0.895300
vn 0.126200 0.432800 -0.892600
vn 0.185200 0.511300 -0.839200
vn 0.202400 0.535200 -0.820100
vn 0.183900 0.513700 -0.838100
vn 0.236600 0.554400 -0.797900
vn 0.245400 0.553100 -0.796100
vn 0.240400 0.551800 -0.798600
vn 0.222900 0.552800 -0.803000
vn 0.223000 0.553000 -0.802800
vn 0.079900 0.302500 0.949800
vn 0.079100 0.311700 0.946900
vn 0.074900 0.351900 0.933100
vn 0.071600 0.353200 0.932800
vn 0.073000 0.234900 0.969300
vn 0.095200 0.260900 0.960700
vn 0.081900 0.368800 0.925900
vn 0.075000 0.388100 0.918600
vn -0.448700 0.893500 -0.015900
vn -0.417100 0.908900 0.003500
vn -0.432400 0.901600 -0.005800
vn -0.402700 0.915200 0.012200
vn -0.205200 0.634900 0.744900
vn -0.216100 0.623500 0.751400
vn -0.206800 0.633200 0.745900
vn -0.217200 0.622400 0.752000
vn 0.208700 0.379500 0.901300
vn 0.203600 0.389300 0.898300
vn 0.215400 0.440300 0.871600
vn 0.254700 0.470100 0.845100
vn 0.290400 0.468500 0.834400
vn 0.291000 0.466200 0.835500
vn 0.293700 0.470400 0.832100
vn 0.293900 0.471100 0.831600
vn -0.172900 0.656500 -0.734300
vn -0.171400 0.658400 -0.732900
vn -0.160500 0.672500 -0.722500
vn -0.159500 0.673800 -0.721500
vn 0.854400 0.519300 -0.016800
vn 0.875300 0.483500 -0.008300
vn 0.859700 0.510600 -0.014700
vn 0.878700 0.477400 -0.006900
vn 0.083900 0.985600 -0.146800
vn 0.204300 0.957900 -0.201800
vn 0.152400 0.972600 -0.175800
vn 0.338400 0.928100 -0.155300
vn 0.258000 0.921400 -0.290700
vn -0.026600 0.899600 -0.435900
vn 0.137800 0.830200 -0.540100
vn -0.062500 0.988000 -0.141300
vn -0.026100 0.992500 0.119200
vn 0.031100 0.895600 0.443800
vn 0.149800 0.815100 0.559600
vn 0.258900 0.815500 0.517600
vn 0.284100 0.818500 0.499400
vn 0.249500 0.898300 0.361600
vn 0.185400 0.927500 0.324600
vn 0.107300 0.950600 0.291300
vn 0.571200 0.789200 -0.225500
vn -0.875300 -0.006200 0.483600
vn -0.868700 -0.000400 0.495400
vn -0.863300 0.004100 0.504600
vn -0.858800 0.007900 0.512200
vn 0.873900 -0.116500 0.471900
vn 0.888100 -0.101100 0.448400
vn 0.898100 -0.089500 0.430600
vn 0.906900 -0.078900 0.414000
vn -0.016900 0.156600 -0.987500
vn 0.001700 0.105800 -0.994400
vn -0.013300 0.146900 -0.989100
vn 0.005600 0.095100 -0.995500
vn 0.582100 0.793800 -0.176400
vn 0.575100 0.803200 -0.155300
vn 0.578900 0.798100 -0.166700
vn 0.572200 0.806900 -0.146700
vn -0.992100 0.125400 -0.010400
vn -0.992200 0.123800 -0.011500
vn -0.992200 0.124300 -0.011100
vn -0.992400 0.122600 -0.012300
vn 0.016500 0.103900 -0.994400
vn 0.019100 0.120300 -0.992600
vn 0.016600 0.104800 -0.994400
vn 0.019300 0.121600 -0.992400
vn 0.057300 0.974600 -0.216600
vn 0.144900 0.989300 -0.018500
vn 0.047200 0.982800 -0.178400
vn 0.143500 0.989600 -0.004800
vn 0.289300 0.953400 -0.086200
vn 0.290300 0.952200 -0.095300
vn 0.051000 -0.937400 0.344400
vn 0.040200 -0.947300 0.317700
vn 0.011900 -0.715500 0.698500
vn 0.028300 -0.640700 0.767300
vn -0.019000 0.553700 0.832500
vn 0.002900 0.630300 0.776300
vn -0.026800 0.905500 0.423400
vn -0.031000 0.900100 0.434500
vn 0.025800 0.035200 0.999000
vn 0.026400 0.033900 0.999100
vn 0.030500 0.029100 0.999100
vn 0.036100 0.035100 0.998700
vn 0.051100 0.112000 0.992400
vn 0.052000 0.117400 0.991700
vn 0.041800 0.645700 -0.762500
vn -0.153900 0.887600 -0.434100
vn 0.222500 0.872900 -0.434300
vn -0.373200 0.865000 -0.335400
vn -0.403600 0.909400 -0.100400
vn -0.509800 0.449400 -0.733600
vn -0.548400 0.799600 -0.244800
vn -0.149200 0.280900 -0.948100
vn 0.202400 0.171500 -0.964200
vn -0.070300 0.687500 -0.722800
vn -0.103600 -0.279100 -0.954700
vn -0.211800 0.314000 -0.925500
vn -0.006000 -0.380700 -0.924700
vn -0.096600 -0.858700 -0.503300
vn 0.031900 -0.960400 -0.276600
vn 0.180600 -0.910700 0.371500
vn 0.034300 -0.952900 -0.301200
vn 0.352400 -0.576800 -0.736900
vn 0.267000 -0.159100 -0.950500
vn -0.313200 0.568500 -0.760700
vn -0.592100 0.802200 -0.076200
vn -0.504100 0.828800 0.242900
vn -0.675600 0.713800 0.184800
vn -0.688100 0.643100 0.336000
vn -0.388900 0.468900 0.793100
vn -0.063400 0.059100 0.996200
vn -0.001500 0.150300 0.988600
vn 0.314500 -0.573900 0.756100
vn 0.014000 -0.709000 0.705100
vn -0.101000 -0.818100 0.566200
vn -0.027100 -0.974900 0.221000
vn 0.108200 -0.817000 0.566500
vn 0.082400 -0.978100 0.191400
vn 0.135400 -0.954900 0.264100
vn 0.204000 -0.802200 0.561100
vn 0.132300 -0.885800 0.444800
vn 0.220700 -0.688700 0.690600
vn 0.242900 -0.690500 0.681300
vn 0.292500 -0.192300 0.936700
vn 0.092600 -0.100600 0.990600
vn 0.130100 0.685600 0.716300
vn -0.133000 0.942300 0.307300
vn -0.083800 0.823800 0.560600
vn 0.098500 0.987300 0.124400
vn 0.030300 0.966700 -0.254100
vn 0.202000 0.934500 -0.293000
vn 0.152600 0.707200 -0.690400
vn 0.169800 0.672400 -0.720500
vn 0.113900 0.349500 -0.930000
vn 0.132700 0.518700 -0.844600
vn -0.104800 0.124400 -0.986700
vn 0.007700 -0.091000 -0.995800
vn -0.056500 -0.356500 -0.932600
vn 0.132600 -0.703900 -0.697800
vn 0.202500 -0.841400 -0.501000
vn 0.169500 -0.984300 0.049200
vn 0.047100 -0.998600 -0.023800
vn 0.058800 -0.911700 0.406600
vn 0.083700 -0.992000 -0.094100
vn 0.252800 -0.739100 -0.624300
vn 0.391700 -0.045800 -0.919000
vn 0.462100 0.249800 -0.850900
vn 0.361200 0.383100 -0.850100
vn 0.261500 0.649400 -0.714100
vn 0.252700 0.962900 -0.094900
vn 0.055500 0.912500 0.405200
vn 0.074900 0.944300 0.320600
vn 0.316100 0.902000 0.294200
vn 0.239000 0.346100 0.907300
vn 0.326300 0.490400 0.808100
vn 0.280900 0.102800 0.954200
vn 0.362100 0.062500 0.930000
vn 0.298600 -0.340200 0.891700
vn 0.115900 -0.355100 0.927600
vn -0.080900 -0.166700 0.982700
vn -0.118000 -0.148700 0.981800
vn 0.098200 -0.010800 0.995100
vn 0.277800 -0.288300 0.916300
vn -0.106400 0.593700 0.797600
vn -0.209300 0.876100 0.434400
vn -0.571300 0.729900 0.375200
vn -0.216700 0.968700 -0.121000
vn 0.314500 0.948800 -0.031200
vn -0.170200 0.984400 -0.044700
vn 0.216300 0.941900 -0.257000
vn -0.652200 0.748600 0.119200
vn -0.625200 0.772100 0.113800
vn 0.260100 0.109400 0.959400
vn -0.147700 0.587100 0.795900
vn 0.013400 0.155500 0.987700
vn -0.036400 -0.974300 0.222200
vn 0.380100 -0.398100 0.834900
vn -0.550000 0.441900 0.708600
vn 0.082400 -0.978000 0.191400
vn 0.056900 -0.996100 -0.067800
vn 0.009000 -0.998700 0.050600
vn 0.120600 -0.841200 -0.527200
vn 0.307000 -0.230300 -0.923400
vn 0.247800 0.345200 -0.905200
vn -0.060400 0.773500 -0.630900
vn 0.016200 0.938800 -0.344100
vn 0.299600 0.764700 -0.570500
vn 0.095800 0.994200 -0.048300
vn -0.178600 0.974100 0.138500
vn 0.050300 0.858300 0.510700
vn 0.120400 0.874600 0.469700
vn 0.055200 0.926800 0.371600
vn -0.036600 0.814300 0.579300
vn 0.065500 0.739000 0.670500
vn 0.304700 0.891500 0.335200
vn 0.289300 0.595900 0.749200
vn 0.059000 0.199200 0.978200
vn -0.098000 0.470100 0.877100
vn 0.205200 0.553500 0.807200
vn 0.281200 0.699400 -0.657200
vn -0.211800 0.969200 0.125400
vn -0.279200 0.783000 -0.555900
vn 0.390600 -0.015200 0.920400
vn 0.225600 0.165200 0.960100
vn 0.220400 0.109100 0.969300
vn 0.052000 0.290100 0.955600
vn 0.035400 0.237500 0.970700
vn 0.008300 0.309000 0.951000
vn 0.176400 0.066300 0.982100
vn 0.331300 -0.052500 0.942000
vn 0.373200 -0.043800 0.926700
vn -0.325100 0.838200 0.437900
vn -0.295700 0.807200 0.510900
vn -0.332100 0.792700 0.511200
vn -0.313200 0.766100 0.561300
vn -0.286500 0.693900 0.660600
vn -0.196500 0.624100 0.756200
vn -0.150000 0.558800 0.815600
vn -0.026500 0.437500 0.898800
vn -0.008900 0.391700 0.920100
vn -0.118600 0.583200 0.803600
vn -0.343400 0.777700 0.526500
vn -0.388700 0.810700 0.437800
vn -0.396900 -0.348400 -0.849200
vn -0.193100 -0.123800 -0.973300
vn -0.269700 -0.127400 -0.954500
vn 0.021900 0.030500 -0.999300
vn -0.027500 0.194000 -0.980600
vn -0.115500 0.134300 -0.984200
vn -0.004000 0.264500 -0.964400
vn 0.017100 0.188100 -0.982000
vn 0.000000 0.262900 -0.964800
vn 0.000000 0.191600 -0.981500
vn 0.000000 0.112000 -0.993700
vn -0.043900 0.071600 -0.996500
vn -0.239300 -0.091900 -0.966600
vn -0.431300 -0.362700 -0.826100
vn -0.452100 -0.443700 -0.773700
vn -0.713300 -0.330400 -0.618100
vn -0.423900 -0.124900 -0.897100
vn -0.425100 -0.180000 -0.887100
vn -0.240000 0.063600 -0.968700
vn -0.150900 -0.056700 -0.986900
vn -0.175700 0.085800 -0.980700
vn -0.074200 0.095100 -0.992700
vn 0.000000 -0.055900 -0.998400
vn 0.000000 0.107500 -0.994200
vn 0.074200 0.095100 -0.992700
vn 0.150900 -0.056700 -0.986900
vn 0.175700 0.085800 -0.980700
vn 0.240000 0.063600 -0.968700
vn 0.425100 -0.180000 -0.887100
vn 0.423900 -0.124900 -0.897100
vn 0.713300 -0.330400 -0.618100
vn 0.628700 -0.324200 -0.706800
vn 0.800000 -0.348000 -0.488900
vn 0.190100 -0.234000 -0.953500
vn -0.000000 -0.201200 -0.979500
vn -0.190100 -0.234000 -0.953500
vn -0.628700 -0.324200 -0.706800
vn -0.800000 -0.348000 -0.488900
vn 0.000000 0.778900 -0.627100
vn 0.077900 0.805600 -0.587300
vn 0.070000 0.669900 -0.739200
vn 0.135100 0.723700 -0.676700
vn 0.177300 0.562400 -0.807600
vn 0.331800 0.463300 -0.821700
vn 0.305700 0.254800 -0.917400
vn 0.491200 0.164100 -0.855400
vn 0.280700 0.135300 -0.950200
vn 0.534000 0.078200 -0.841800
vn 0.588200 0.059100 -0.806600
vn -0.305700 0.254800 -0.917400
vn -0.177300 0.562400 -0.807600
vn -0.097300 0.291700 -0.951600
vn -0.070000 0.669900 -0.739200
vn 0.000000 0.648400 -0.761300
vn 0.000000 0.313300 -0.949700
vn 0.097300 0.291700 -0.951600
vn 0.078300 0.097500 -0.992100
vn 0.000000 0.097600 -0.995200
vn -0.078300 0.097500 -0.992100
vn -0.280700 0.135300 -0.950200
vn -0.491200 0.164100 -0.855400
vn -0.534000 0.078200 -0.841800
vn -0.588200 0.059100 -0.806600
vn -0.143200 -0.518500 0.843000
vn -0.315400 -0.372200 0.872900
vn -0.214500 -0.492700 0.843300
vn -0.430100 -0.356200 0.829500
vn -0.323300 -0.151100 0.934200
vn -0.377800 -0.162600 0.911500
vn -0.342900 -0.031800 0.938800
vn -0.352600 -0.070100 0.933100
vn -0.248800 -0.056800 0.966900
vn -0.222200 -0.182000 0.957900
vn -0.207600 -0.389600 0.897300
vn -0.118900 -0.538400 0.834200
vn -0.390600 -0.015200 0.920400
vn -0.220400 0.109100 0.969300
vn -0.225600 0.165200 0.960100
vn -0.052000 0.290100 0.955600
vn -0.035400 0.237500 0.970700
vn -0.008300 0.309000 0.951000
vn -0.176400 0.066300 0.982100
vn -0.331300 -0.052500 0.942000
vn -0.373200 -0.043800 0.926700
vn 0.118600 0.583200 0.803600
vn 0.196500 0.624100 0.756200
vn 0.343400 0.777700 0.526500
vn 0.332100 0.792700 0.511200
vn 0.286500 0.693900 0.660600
vn 0.313200 0.766100 0.561300
vn 0.295700 0.807200 0.510900
vn 0.325100 0.838200 0.437900
vn 0.388700 0.810700 0.437800
vn -0.121200 -0.926500 -0.356300
vn -0.246800 -0.904500 -0.347800
vn -0.361600 -0.904300 -0.226700
vn -0.301900 -0.842700 0.445800
vn -0.259400 -0.818500 0.512500
vn -0.077600 -0.819600 0.567700
vn -0.067800 -0.813300 0.577900
vn -0.000000 -0.817900 0.575400
vn 0.000000 -0.819200 0.573500
vn 0.067800 -0.813300 0.577900
vn 0.077600 -0.819600 0.567700
vn 0.259400 -0.818500 0.512500
vn 0.301900 -0.842700 0.445800
vn 0.361600 -0.904300 -0.226700
vn 0.246800 -0.904500 -0.347800
vn 0.121200 -0.926500 -0.356300
vn 0.396900 -0.348400 -0.849200
vn 0.269700 -0.127400 -0.954500
vn 0.193100 -0.123800 -0.973300
vn -0.021900 0.030500 -0.999300
vn 0.027500 0.194000 -0.980600
vn 0.115500 0.134300 -0.984200
vn 0.004000 0.264500 -0.964400
vn -0.017100 0.188100 -0.982000
vn 0.043900 0.071600 -0.996500
vn 0.239300 -0.091900 -0.966600
vn 0.431300 -0.362700 -0.826100
vn 0.452100 -0.443700 -0.773700
vn -0.331800 0.463400 -0.821700
vn -0.135100 0.723700 -0.676700
vn -0.077900 0.805600 -0.587300
vn -0.500800 -0.855300 -0.132800
vn -0.325000 -0.933000 -0.154900
vn -0.274400 -0.951700 -0.138000
vn -0.059700 -0.994700 -0.083500
vn -0.050100 -0.996400 -0.067700
vn 0.000000 -0.997800 -0.066200
vn 0.000000 -0.997900 -0.064400
vn 0.050100 -0.996400 -0.067700
vn 0.059700 -0.994700 -0.083500
vn 0.274400 -0.951700 -0.138000
vn 0.325000 -0.933000 -0.154900
vn 0.500800 -0.855300 -0.132800
vn 0.571200 -0.430900 0.698600
vn 0.540900 -0.524600 0.657400
vn 0.566700 -0.446500 0.692400
vn 0.530600 -0.551600 0.643600
vn 0.117300 -0.646300 0.754000
vn 0.115700 -0.634700 0.764000
vn 0.101700 -0.540000 0.835500
vn 0.099800 -0.527300 0.843800
vn -0.099800 -0.527300 0.843800
vn -0.115700 -0.634700 0.764000
vn -0.101700 -0.540000 0.835500
vn -0.117300 -0.646300 0.754000
vn -0.530600 -0.551600 0.643600
vn -0.540900 -0.524600 0.657400
vn -0.566700 -0.446500 0.692400
vn -0.571200 -0.430900 0.698600
vn 0.119100 0.457600 -0.881200
vn 0.046000 0.289900 -0.955900
vn 0.153300 0.393700 -0.906400
vn 0.048300 0.261300 -0.964000
vn 0.000000 0.255000 -0.966900
vn 0.000000 0.252400 -0.967600
vn -0.048300 0.261300 -0.964000
vn -0.046000 0.289900 -0.955900
vn -0.153300 0.393700 -0.906400
vn -0.119100 0.457600 -0.881200
vn 0.222800 -0.974900 0.000000
vn 0.106500 -0.994300 0.000000
vn 0.129400 -0.991600 -0.005000
vn 0.000000 -0.999600 -0.028200
vn 0.000000 -0.999400 -0.034500
vn -0.129400 -0.991600 -0.005000
vn -0.106500 -0.994300 0.000000
vn -0.222800 -0.974900 0.000000
vn -0.205100 -0.942500 -0.263700
vn 0.026000 -0.945600 -0.324300
vn -0.057400 -0.942800 -0.328500
vn 0.107200 -0.981900 -0.156100
vn 0.079100 -0.988100 -0.131600
vn 0.000000 -0.980800 -0.195100
vn 0.000000 -0.977800 -0.209600
vn -0.079100 -0.988100 -0.131600
vn -0.107200 -0.981900 -0.156100
vn -0.026000 -0.945600 -0.324300
vn 0.057400 -0.942800 -0.328500
vn 0.205100 -0.942500 -0.263700
vn -0.302400 -0.950800 0.066600
vn -0.215400 -0.973900 0.072200
vn -0.185600 -0.979900 0.072900
vn -0.081000 -0.993900 0.074400
vn -0.065900 -0.994400 0.082900
vn 0.000000 -0.996200 0.086900
vn 0.000000 -0.994700 0.102900
vn 0.044200 -0.995600 0.083100
vn 0.062800 -0.996200 0.060800
vn 0.164800 -0.986300 0.010700
vn 0.203900 -0.979000 -0.009300
vn 0.288800 -0.957300 -0.013100
vn 0.716000 -0.626000 0.308900
vn 0.591900 -0.694500 0.409100
vn 0.622300 -0.698700 0.352800
vn 0.366700 -0.654400 0.661300
vn 0.324300 -0.619700 0.714700
vn 0.130000 -0.600200 0.789300
vn 0.109900 -0.576600 0.809600
vn 0.000000 -0.564700 0.825300
vn 0.000000 -0.543300 0.839600
vn -0.109900 -0.576600 0.809600
vn -0.127300 -0.598100 0.791300
vn -0.323900 -0.616200 0.717900
vn -0.362400 -0.650800 0.667200
vn -0.587200 -0.699600 0.407100
vn -0.619200 -0.700900 0.354100
vn -0.716000 -0.626000 0.308900
vn 0.241800 0.792000 -0.560600
vn 0.244400 0.793600 -0.557200
vn 0.241100 0.814400 -0.527900
vn 0.238000 0.815900 -0.526900
vn 0.215400 0.844600 -0.490200
vn 0.214900 0.847300 -0.485700
vn -0.419000 0.800700 0.428300
vn -0.338200 0.736000 0.586400
vn -0.394700 0.805100 0.442800
vn -0.331200 0.708000 0.623800
vn -0.450400 0.477300 0.754500
vn -0.435400 0.446900 0.781500
vn -0.713900 0.148100 0.684400
vn -0.742100 0.124200 0.658700
vn 0.907100 0.375300 0.190900
vn 0.904900 0.377900 0.195900
vn 0.889800 0.410000 0.200400
vn 0.895500 0.398100 0.198900
vn 0.799400 0.506300 0.323600
vn 0.790300 0.495900 0.359800
vn 0.798700 0.430900 0.420000
vn 0.802400 0.426300 0.417600
vn -0.175500 -0.413200 0.893600
vn -0.110500 -0.318500 0.941500
vn -0.169000 -0.399900 0.900800
vn -0.108400 -0.314400 0.943100
vn -0.095500 -0.274400 0.956900
vn -0.096900 -0.267700 0.958600
vn 0.074000 0.811900 0.579000
vn 0.074000 0.811600 0.579500
vn 0.074800 0.814900 0.574800
vn 0.070200 0.809800 0.582500
vn 0.100600 0.852900 0.512300
vn 0.106100 0.859300 0.500300
vn 0.008900 0.391700 0.920100
vn 0.026500 0.437500 0.898800
vn 0.150000 0.558800 0.815600
vn -0.881800 -0.108900 0.458900
vn -0.940100 -0.115900 0.320600
vn -0.890900 -0.105800 0.441600
vn -0.944700 -0.121300 0.304800
vn -0.939400 -0.151600 0.307500
vn -0.939200 -0.151300 0.308300
vn 0.707600 0.318300 0.630800
vn 0.689300 0.315800 0.652000
vn 0.563900 0.259100 0.784200
vn 0.551600 0.259600 0.792600
vn 0.530500 0.229600 0.816000
vn 0.527400 0.230700 0.817700
vn -0.340800 -0.664000 0.665600
vn -0.305600 -0.598300 0.740700
vn -0.339000 -0.651700 0.678500
vn -0.309900 -0.588100 0.747100
vn -0.276500 -0.604900 0.746700
vn -0.274800 -0.608000 0.744800
vn -0.157000 0.813000 0.560700
vn -0.157200 0.808500 0.567100
vn -0.143600 0.787000 0.600000
vn -0.139700 0.781600 0.607900
vn -0.106600 0.806200 0.582000
vn -0.103900 0.809200 0.578300
vn -0.946600 -0.238000 0.217500
vn -0.930100 -0.286900 0.229500
vn -0.945100 -0.239300 0.222500
vn -0.923900 -0.311300 0.222700
vn -0.909100 -0.365200 0.200300
vn -0.909200 -0.365500 0.199600
vn -0.901400 -0.380500 0.206700
vn -0.901200 -0.380600 0.207500
vn 0.574900 0.105900 0.811400
vn 0.561500 0.095800 0.821900
vn 0.532800 0.000400 0.846200
vn 0.518900 -0.015200 0.854700
vn 0.629200 -0.160900 0.760400
vn 0.633100 -0.193300 0.749500
vn 0.567500 -0.310100 0.762700
vn 0.562000 -0.311900 0.766100
vn -0.073200 -0.814000 0.576200
vn -0.051500 -0.799700 0.598100
vn -0.068800 -0.808300 0.584800
vn -0.046900 -0.797000 0.602200
vn -0.038900 -0.792200 0.609000
vn -0.040500 -0.791000 0.610400
vn 0.419000 0.800700 0.428300
vn 0.394700 0.805100 0.442800
vn 0.338200 0.736000 0.586400
vn 0.331200 0.708000 0.623800
vn 0.450400 0.477300 0.754500
vn 0.435400 0.446900 0.781500
vn 0.713900 0.148100 0.684400
vn 0.742100 0.124200 0.658700
vn -0.241800 0.792000 -0.560600
vn -0.241100 0.814400 -0.527900
vn -0.244400 0.793600 -0.557200
vn -0.238000 0.815900 -0.526900
vn -0.215400 0.844600 -0.490200
vn -0.214900 0.847300 -0.485700
vn 0.175500 -0.413200 0.893600
vn 0.169000 -0.399900 0.900800
vn 0.110500 -0.318500 0.941500
vn 0.108400 -0.314400 0.943100
vn 0.095500 -0.274400 0.956900
vn 0.096900 -0.267700 0.958600
vn -0.907100 0.375300 0.190900
vn -0.889800 0.410000 0.200400
vn -0.904900 0.377900 0.195900
vn -0.895500 0.398100 0.198900
vn -0.799400 0.506300 0.323600
vn -0.790300 0.495900 0.359800
vn -0.798700 0.430900 0.420000
vn -0.802400 0.426300 0.417600
vn 0.881800 -0.108900 0.458900
vn 0.890900 -0.105800 0.441600
vn 0.940100 -0.115900 0.320600
vn 0.944700 -0.121300 0.304800
vn 0.939400 -0.151600 0.307500
vn 0.939200 -0.151300 0.308300
vn -0.074000 0.811900 0.579000
vn -0.074800 0.814900 0.574800
vn -0.074000 0.811600 0.579500
vn -0.070200 0.809800 0.582500
vn -0.100600 0.852900 0.512300
vn -0.106100 0.859300 0.500300
vn 0.340800 -0.664000 0.665600
vn 0.339000 -0.651700 0.678500
vn 0.305600 -0.598300 0.740700
vn 0.309900 -0.588100 0.747100
vn 0.276500 -0.604900 0.746700
vn 0.274800 -0.608000 0.744800
vn -0.707600 0.318300 0.630800
vn -0.563900 0.259100 0.784200
vn -0.689300 0.315800 0.652000
vn -0.551600 0.259600 0.792600
vn -0.530500 0.229600 0.816000
vn -0.527400 0.230700 0.817700
usemtl arm.bmp
s 1
f 918/472/795 919/473/796 920/474/797
f 921/475/798 922/476/799 923/477/800
f 921/475/798 924/478/801 922/476/799
f 925/479/802 919/473/796 926/480/803
f 918/472/795 926/480/803 919/473/796
f 925/479/802 926/480/803 927/481/804
f 924/478/801 928/482/805 922/476/799
f 918/472/795 928/482/805 924/478/801
f 920/474/797 928/482/805 918/472/795
f 929/483/806 924/478/801 921/475/798
f 929/483/806 927/481/804 926/480/803
f 929/483/806 926/480/803 918/472/795
f 918/472/795 924/478/801 929/483/806
f 929/483/806 921/475/798 930/484/807
f 930/484/807 927/481/804 929/483/806
f 931/485/808 921/475/798 923/477/800
f 930/484/807 921/475/798 931/485/808
f 920/474/797 919/473/796 932/486/809
f 931/485/808 923/477/800 933/487/810
f 928/482/805 934/488/811 922/476/799
f 935/489/812 930/484/807 931/485/808
f 935/489/812 927/481/804 930/484/807
f 933/487/810 935/489/812 931/485/808
f 936/490/813 925/479/802 927/481/804
f 935/489/812 936/490/813 927/481/804
f 928/482/805 937/491/814 934/488/811
f 920/474/797 932/486/809 937/491/814
f 928/482/805 920/474/797 937/491/814
f 932/486/809 938/492/815 937/491/814
f 925/479/802 939/493/816 919/473/796
f 939/493/816 932/486/809 919/473/796
f 939/493/816 938/492/815 932/486/809
f 940/494/817 941/495/818 942/496/819
f 941/495/818 943/497/820 942/496/819
f 942/496/819 943/497/820 944/498/821
f 943/497/820 945/499/822 944/498/821
f 944/498/821 945/499/822 946/500/823
f 945/499/822 947/501/824 946/500/823
f 948/502/825 949/503/826 950/504/827
f 949/503/826 951/505/828 950/504/827
f 950/504/827 951/505/828 952/506/829
f 951/505/828 953/507/830 952/506/829
f 952/506/829 953/507/830 954/508/831
f 953/507/830 955/509/832 954/508/831
f 954/508/831 955/509/832 956/510/833
f 955/509/832 957/511/834 956/510/833
f 956/510/833 957/511/834 958/512/835
f 957/511/834 959/513/836 958/512/835
f 959/513/836 957/511/834 960/514/837
f 961/515/838 959/513/836 960/514/837
f 960/514/837 957/511/834 962/516/839
f 957/511/834 963/517/840 962/516/839
f 962/516/839 963/517/840 964/518/841
f 953/507/830 951/505/828 964/518/841
f 965/519/842 957/511/834 955/509/832
f 955/509/832 953/507/830 965/519/842
f 965/519/842 953/507/830 964/518/841
f 963/517/840 957/511/834 965/519/842
f 964/518/841 963/517/840 965/519/842
f 951/505/828 949/503/826 966/520/843
f 964/518/841 951/505/828 966/520/843
f 949/503/826 948/502/825 967/521/844
f 966/520/843 949/503/826 967/521/844
f 967/521/844 948/502/825 968/522/845
f 948/502/825 969/523/846 968/522/845
f 968/522/845 969/523/846 970/524/847
f 971/525/848 972/526/849 973/527/850
f 973/527/850 972/526/849 974/528/851
f 974/528/851 972/526/849 975/529/852
f 972/526/849 976/530/853 975/529/852
f 975/529/852 976/530/853 977/531/854
f 977/531/854 976/530/853 978/532/855
f 976/530/853 979/533/856 978/532/855
f 978/532/855 979/533/856 980/534/857
f 979/533/856 981/535/858 980/534/857
f 980/534/857 981/535/858 982/536/859
f 981/535/858 979/533/856 983/537/860
f 982/536/859 981/535/858 983/537/860
f 979/533/856 984/538/861 983/537/860
f 983/537/860 984/538/861 985/539/862
f 984/538/861 986/540/863 985/539/862
f 987/539/863 988/540/817 989/494/862
f 990/540/864 991/541/817 992/494/863
f 940/494/817 993/541/864 941/495/818
f 993/541/864 994/542/865 941/495/818
f 994/542/865 995/543/866 941/495/818
f 941/495/818 995/543/866 943/497/820
f 943/497/820 995/543/866 945/499/822
f 945/499/822 996/544/867 947/501/824
f 995/543/866 996/544/867 945/499/822
f 947/501/824 996/544/867 997/545/868
f 996/544/867 998/546/869 997/545/868
f 997/545/868 998/546/869 999/547/870
f 999/547/870 998/546/869 1000/548/871
f 998/546/869 1001/549/872 1000/548/871
f 1001/549/872 1002/550/873 1000/548/871
f 1000/548/871 1002/550/873 1003/551/874
f 1003/551/874 1002/550/873 1004/552/875
f 1002/550/873 1005/553/876 1004/552/875
f 1004/552/875 1005/553/876 1006/554/877
f 1007/555/878 1008/556/879 1009/557/880
f 1009/557/880 1008/556/879 1010/558/881
f 1008/556/879 1011/559/882 1010/558/881
f 984/538/861 979/533/856 1012/560/883
f 979/533/856 976/530/853 1012/560/883
f 986/540/863 984/538/861 1012/560/883
f 1012/560/883 976/530/853 1013/561/884
f 1013/561/884 976/530/853 1014/562/885
f 976/530/853 972/526/849 1014/562/885
f 972/526/849 971/525/848 1014/562/885
f 1014/562/885 971/525/848 1013/561/884
f 971/525/848 1015/563/886 1013/561/884
f 1013/561/884 1015/563/886 1016/554/887
f 1013/561/884 1017/553/888 1012/560/883
f 1016/554/887 1017/553/888 1013/561/884
f 1017/553/888 1018/564/889 1012/560/883
f 1012/560/883 1018/564/889 986/540/863
f 986/540/863 1018/564/889 993/541/864
f 993/541/864 1019/565/890 994/542/865
f 1018/564/889 1019/565/890 993/541/864
f 1019/565/890 1020/566/891 994/542/865
f 994/542/865 1020/566/891 995/543/866
f 1002/550/873 1020/566/891 1005/553/876
f 1021/567/892 998/546/869 996/544/867
f 998/546/869 1021/567/892 1001/549/872
f 1001/549/872 1021/567/892 1002/550/873
f 1021/567/892 1020/566/891 1002/550/873
f 995/543/866 1021/567/892 996/544/867
f 1020/566/891 1021/567/892 995/543/866
f 1020/566/891 1022/565/893 1005/553/876
f 1005/553/876 1022/565/893 1023/564/894
f 1010/558/881 1024/568/895 1009/557/880
f 1024/568/895 1025/569/896 1009/557/880
f 1025/569/896 1024/568/895 1026/570/897
f 1026/570/897 1024/568/895 1027/571/898
f 1011/559/882 1028/572/899 1010/558/881
f 1024/568/895 1028/572/899 1027/571/898
f 1028/572/899 1024/568/895 1010/558/881
f 1027/571/898 1028/572/899 1029/573/900
f 1030/574/901 1028/572/899 1011/559/882
f 1028/572/899 1030/574/901 1029/573/900
f 1029/573/900 1030/574/901 1031/575/902
f 1030/574/901 1032/576/903 1031/575/902
f 1033/547/904 1034/577/905 1035/545/906
f 1034/577/905 1036/578/907 1035/545/906
f 1035/545/906 1036/578/907 1037/501/908
f 970/524/847 1038/579/909 968/522/845
f 1039/580/910 1038/579/909 970/524/847
f 1038/579/909 1039/580/910 1040/581/911
f 1040/581/911 1039/580/910 1041/582/912
f 1041/582/912 1039/580/910 1042/583/913
f 969/523/846 1043/584/914 970/524/847
f 1039/580/910 1043/584/914 1042/583/913
f 1043/584/914 1039/580/910 970/524/847
f 1042/583/913 1043/584/914 1044/585/915
f 1043/584/914 1045/586/916 1044/585/915
f 1045/586/916 1043/584/914 969/523/846
f 948/502/825 1045/586/916 969/523/846
f 1044/585/915 1045/586/916 1046/587/917
f 1047/588/918 1045/586/916 948/502/825
f 950/504/827 1047/588/918 948/502/825
f 952/506/829 1047/588/918 950/504/827
f 1045/586/916 1047/588/918 1046/587/917
f 1046/587/917 1047/588/918 1048/589/919
f 1049/590/920 956/510/833 958/512/835
f 956/510/833 1049/590/920 954/508/831
f 954/508/831 1049/590/920 952/506/829
f 1049/590/920 1047/588/918 952/506/829
f 1048/589/919 1049/590/920 958/512/835
f 1047/588/918 1049/590/920 1048/589/919
f 1038/579/909 1050/591/921 968/522/845
f 968/522/845 1050/591/921 967/521/844
f 967/521/844 1051/592/922 966/520/843
f 1050/591/921 1051/592/922 967/521/844
f 1051/592/922 1052/593/923 966/520/843
f 966/520/843 1052/593/923 964/518/841
f 1052/593/923 1053/594/924 964/518/841
f 1053/594/924 1054/595/925 964/518/841
f 964/518/841 1054/595/925 962/516/839
f 962/516/839 1055/596/926 960/514/837
f 1054/595/925 1055/596/926 962/516/839
f 960/514/837 1056/597/927 961/515/838
f 1055/596/926 1056/597/927 960/514/837
f 1056/597/927 1057/598/928 961/515/838
f 1057/598/928 982/536/859 1058/599/929
f 961/515/838 1057/598/928 1058/599/929
f 983/537/860 985/539/862 1058/599/929
f 1058/599/929 982/536/859 983/537/860
f 1058/599/929 985/539/862 1059/515/930
f 985/539/862 940/494/817 1059/515/930
f 942/496/819 944/498/821 1060/513/931
f 940/494/817 942/496/819 1060/513/931
f 1059/515/930 940/494/817 1060/513/931
f 1060/513/931 944/498/821 1061/512/932
f 1061/512/932 944/498/821 1062/589/933
f 944/498/821 946/500/823 1062/589/933
f 946/500/823 1037/501/908 1063/600/934
f 1062/589/933 946/500/823 1063/600/934
f 1063/600/934 1037/501/908 1064/601/935
f 1037/501/908 1036/578/907 1064/601/935
f 1064/601/935 1036/578/907 1065/602/936
f 1036/578/907 1034/577/905 1065/602/936
f 1034/577/905 1066/603/937 1065/602/936
f 1065/602/936 1066/603/937 1067/576/938
f 1066/603/937 1068/604/939 1067/576/938
f 1067/576/938 1068/604/939 1069/575/940
f 1068/604/939 1070/605/941 1069/575/940
f 1069/575/940 1070/605/941 1071/573/942
f 1070/605/941 1072/606/850 1071/573/942
f 1071/573/942 1072/606/850 1073/571/943
f 1072/606/850 1074/570/944 1073/571/943
f 1075/589/945 1076/600/946 1077/587/947
f 1076/600/946 1078/607/948 1077/587/947
f 1078/607/948 1079/608/949 1077/587/947
f 1079/608/949 1078/607/948 1011/559/882
f 1008/556/879 1079/608/949 1011/559/882
f 1077/587/947 1079/608/949 1080/585/950
f 1080/585/950 1079/608/949 1081/583/951
f 1082/609/952 1079/608/949 1008/556/879
f 1007/555/878 1082/609/952 1008/556/879
f 1079/608/949 1082/609/952 1081/583/951
f 1081/583/951 1082/609/952 1083/582/953
f 1082/609/952 1084/610/954 1083/582/953
f 1084/610/954 1082/609/952 1007/555/878
f 1011/559/882 1078/607/948 1085/611/955
f 1085/611/955 1030/574/901 1011/559/882
f 1032/576/903 1030/574/901 1085/611/955
f 1078/607/948 1076/600/946 1086/612/956
f 1086/612/956 1032/576/903 1085/611/955
f 1085/611/955 1078/607/948 1086/612/956
f 1086/612/956 1076/600/946 1087/601/957
f 1087/601/957 1088/602/958 1086/612/956
f 1088/602/958 1032/576/903 1086/612/956
f 1009/557/880 1025/569/896 1089/613/959
f 1009/557/880 1090/614/960 1007/555/878
f 1089/613/959 1090/614/960 1009/557/880
f 1007/555/878 1091/615/857 1084/610/954
f 1090/614/960 1091/615/857 1007/555/878
f 1091/615/857 1092/616/859 1084/610/954
f 1084/610/954 1092/616/859 1083/582/953
f 1092/616/859 1040/581/911 1083/582/953
f 1093/617/961 1094/618/962 1095/619/963
f 1094/618/962 1096/620/964 1095/619/963
f 1095/619/963 1096/620/964 1097/621/965
f 1096/620/964 1098/622/966 1099/623/967
f 1099/623/967 1098/622/966 1100/624/968
f 1098/622/966 1101/625/969 1100/624/968
f 1100/624/968 1101/625/969 1102/626/970
f 1096/620/964 1103/627/971 1098/622/966
f 1098/622/966 1103/627/971 1101/625/969
f 1094/618/962 1103/627/971 1096/620/964
f 1103/627/971 1104/628/972 1101/625/969
f 1101/625/969 1104/628/972 1105/629/973
f 1104/628/972 1106/630/974 1105/629/973
f 1107/631/975 1108/632/976 1109/633/977
f 1108/632/976 1110/634/978 1109/633/977
f 1109/633/977 1110/634/978 1111/635/979
f 1111/635/979 1110/634/978 1112/636/980
f 1113/637/981 1111/635/979 1112/636/980
f 1112/636/980 1110/634/978 1114/638/982
f 1110/634/978 1115/639/983 1114/638/982
f 1114/638/982 1115/639/983 1116/640/984
f 1115/639/983 1117/641/985 1116/640/984
f 1116/640/984 1117/641/985 1118/642/986
f 1119/643/987 1120/644/988 1121/645/989
f 1121/645/989 1120/644/988 1122/646/990
f 1122/646/990 1120/644/988 1123/647/991
f 1123/647/991 1124/648/992 1116/640/984
f 1120/644/988 1124/648/992 1123/647/991
f 1116/640/984 1125/649/993 1114/638/982
f 1124/648/992 1125/649/993 1116/640/984
f 1114/638/982 1126/650/994 1112/636/980
f 1125/649/993 1126/650/994 1114/638/982
f 1126/650/994 1127/651/995 1112/636/980
f 1112/636/980 1127/651/995 1113/637/981
f 1127/651/995 1128/652/996 1113/637/981
f 1113/637/981 1128/652/996 1129/653/997
f 1110/634/978 1108/632/976 1130/654/998
f 1130/654/998 1108/632/976 1131/655/999
f 1130/654/998 1131/655/999 1117/641/985
f 1131/655/999 1108/632/976 1132/656/1000
f 1108/632/976 1107/631/975 1132/656/1000
f 1132/656/1000 1107/631/975 1133/657/1001
f 1107/631/975 1093/617/961 1133/657/1001
f 1133/657/1001 1093/617/961 1134/658/1002
f 1093/617/961 1095/619/963 1135/659/1003
f 1134/658/1002 1093/617/961 1135/659/1003
f 1095/619/963 1097/621/965 1136/660/1004
f 1135/659/1003 1095/619/963 1136/660/1004
f 1136/660/1004 1097/621/965 1137/661/1005
f 1097/621/965 1138/662/1006 1137/661/1005
f 1137/661/1005 1138/662/1006 1139/663/1007
f 1138/662/1006 1140/664/1008 1139/663/1007
f 1138/662/1006 1099/623/967 1141/665/989
f 1140/664/1008 1138/662/1006 1141/665/989
f 1141/665/989 1099/623/967 1142/666/987
f 1099/623/967 1100/624/968 1142/666/987
f 1142/666/987 1100/624/968 1143/667/1009
f 1100/624/968 1102/626/970 1143/667/1009
f 1102/626/970 1144/668/1010 1143/667/1009
f 1143/667/1009 1144/668/1010 1145/669/1011
f 1146/670/1012 1147/671/1013 1148/672/1014
f 1148/672/1014 1147/671/1013 1149/673/1015
f 1147/671/1013 1150/674/1016 1149/673/1015
f 1149/673/1015 1150/674/1016 1151/675/1017
f 1152/676/1018 1153/640/1019 1154/677/1020
f 1154/677/1020 1153/640/1019 1155/678/1021
f 1153/640/1019 1156/642/1022 1155/678/1021
f 1155/678/1021 1156/642/1022 1157/679/1023
f 1158/652/1024 1159/651/1025 1160/680/1026
f 1160/680/1026 1159/651/1025 1161/681/1027
f 1162/650/1028 1163/682/1029 1164/651/1030
f 1164/651/1030 1163/682/1029 1165/681/1031
f 1166/650/1032 1167/683/1033 1168/682/1034
f 1168/682/1034 1167/683/1033 1169/684/1035
f 1170/683/1036 1171/652/1037 1172/684/1038
f 1172/684/1038 1171/652/1037 1173/680/1039
f 1174/639/1040 1175/685/1041 1176/641/1042
f 1176/641/1042 1175/685/1041 1177/686/1043
f 1178/639/1044 1179/634/1045 1180/685/1046
f 1180/685/1046 1179/634/1045 1181/687/1047
f 1182/654/1048 1183/688/1049 1184/634/1050
f 1184/634/1050 1183/688/1049 1185/687/1051
f 1186/686/1052 1130/654/998 1117/641/985
f 1187/688/1053 1130/654/998 1186/686/1052
f 1131/655/999 1188/689/1054 1117/641/985
f 1117/641/985 1188/689/1054 1118/642/986
f 1188/689/1054 1189/690/1055 1118/642/986
f 1118/642/986 1189/690/1055 1190/691/1056
f 1189/690/1055 1191/692/1057 1190/691/1056
f 1191/692/1057 1192/693/1058 1190/691/1056
f 1190/691/1056 1192/693/1058 1193/694/1059
f 1192/693/1058 1194/695/1007 1193/694/1059
f 1193/694/1059 1194/695/1007 1195/696/1008
f 1196/672/1060 1197/697/1061 1198/670/1062
f 1198/670/1062 1197/697/1061 1199/698/1063
f 1199/698/1063 1197/697/1061 1200/699/1064
f 1197/697/1061 1201/700/1065 1200/699/1064
f 1202/699/1066 1203/700/1067 1204/701/1068
f 1203/700/1067 1205/702/1069 1204/701/1068
f 1204/701/1068 1205/702/1069 1206/703/1070
f 1205/702/1069 1207/704/1071 1206/703/1070
f 1208/705/1072 1209/696/1073 1210/706/1074
f 1209/696/1073 1211/645/1075 1210/706/1074
f 1210/706/1074 1211/645/1075 1212/707/1076
f 1211/645/1075 1213/708/1077 1212/707/1076
f 1214/673/1078 1215/675/1079 1216/709/1080
f 1215/675/1079 1217/710/1081 1216/709/1080
f 1217/710/1081 1218/704/1082 1216/709/1080
f 1216/709/1080 1218/704/1082 1219/702/1083
f 1220/642/1084 1221/691/1085 1222/679/1086
f 1222/679/1086 1221/691/1085 1223/711/1087
f 1221/691/1085 1224/694/1088 1223/711/1087
f 1223/711/1087 1224/694/1088 1225/712/1089
f 1225/712/1089 1224/694/1088 1226/705/1090
f 1224/694/1088 1227/696/1091 1226/705/1090
f 1228/640/1092 1229/676/1093 1230/647/1094
f 1229/676/1093 1231/713/1095 1230/647/1094
f 1230/647/1094 1231/713/1095 1232/646/1096
f 1231/713/1095 1233/714/1097 1232/646/1096
f 1233/714/1097 1234/708/1098 1232/646/1096
f 1232/646/1096 1234/708/1098 1235/645/1099
f 1236/668/1100 1237/626/1101 1238/715/1102
f 1238/715/1102 1237/626/1101 1239/716/1103
f 1240/625/1104 1241/717/1105 1242/626/1106
f 1242/626/1106 1241/717/1105 1243/716/1107
f 1244/625/1108 1245/629/1109 1246/717/1110
f 1246/717/1110 1245/629/1109 1247/718/1111
f 1248/668/1112 1249/715/1113 1250/629/1114
f 1250/629/1114 1249/715/1113 1251/718/1115
f 1252/623/1116 1253/662/1117 1254/719/1118
f 1254/719/1118 1253/662/1117 1255/720/1119
f 1256/621/1120 1257/721/1121 1258/662/1122
f 1258/662/1122 1257/721/1121 1259/720/1123
f 1260/621/1124 1261/620/1125 1262/721/1126
f 1262/721/1126 1261/620/1125 1263/722/1127
f 1264/623/1128 1265/719/1129 1266/620/1130
f 1266/620/1130 1265/719/1129 1267/722/1131
f 1268/695/1132 1269/693/1133 1270/527/1134
f 1270/527/1134 1269/693/1133 1271/525/1135
f 1269/693/1133 1272/692/1136 1271/525/1135
f 1271/525/1135 1272/692/1136 1273/563/1137
f 1273/563/1137 1272/692/1136 1274/554/1138
f 1272/692/1136 1275/690/1139 1274/554/1138
f 1274/554/1138 1275/690/1139 1276/552/1140
f 1275/690/1139 1277/689/1141 1276/552/1140
f 1277/689/1141 1278/655/1142 1276/552/1140
f 1276/552/1140 1278/655/1142 1279/551/1143
f 1278/655/1142 1280/656/1144 1279/551/1143
f 1279/551/1143 1280/656/1144 1281/548/1145
f 1280/656/1144 1282/657/1146 1281/548/1145
f 1281/548/1145 1282/657/1146 1283/547/1147
f 1282/657/1146 1284/658/1148 1283/547/1147
f 1283/547/1147 1284/658/1148 1285/577/1149
f 1285/577/1149 1284/658/1148 1286/603/1150
f 1284/658/1148 1287/659/1151 1286/603/1150
f 1286/603/1150 1287/659/1151 1288/604/1152
f 1287/659/1151 1289/660/1153 1288/604/1152
f 1288/604/1152 1289/660/1153 1290/605/1154
f 1289/660/1153 1291/661/1155 1290/605/1154
f 1290/605/1154 1291/661/1155 1292/606/1134
f 1291/661/1155 1293/663/1132 1292/606/1134
f 1294/673/1156 1295/683/1157 1296/672/1158
f 1295/683/1157 1126/650/994 1296/672/1158
f 1296/672/1158 1126/650/994 1125/649/993
f 1125/649/993 1124/648/992 1296/672/1158
f 1124/648/992 1120/644/988 1297/697/1159
f 1120/644/988 1119/643/987 1297/697/1159
f 1296/672/1158 1124/648/992 1297/697/1159
f 1297/697/1159 1119/643/987 1298/700/1009
f 1299/723/1160 1300/724/1161 1301/682/1162
f 1300/724/1161 1302/681/1163 1301/682/1162
f 1303/725/1164 1304/726/1165 1305/680/1166
f 1304/726/1165 1306/684/1167 1305/680/1166
f 1307/671/1168 1308/670/1169 1309/727/1170
f 1308/670/1169 1310/698/1171 1309/727/1170
f 1310/698/1171 1311/699/1172 1309/727/1170
f 1309/727/1170 1311/699/1172 1312/701/1173
f 1313/681/1174 1314/724/1175 1315/680/1176
f 1315/680/1176 1314/724/1175 1316/725/1177
f 1314/724/1175 1317/723/1178 1316/725/1177
f 1316/725/1177 1317/723/1178 1318/726/1179
f 1317/723/1178 1319/682/1180 1318/726/1179
f 1318/726/1179 1319/682/1180 1320/684/1181
f 1321/671/1182 1322/727/1183 1323/674/1184
f 1323/674/1184 1322/727/1183 1324/728/1185
f 1322/727/1183 1325/701/1186 1324/728/1185
f 1324/728/1185 1325/701/1186 1326/703/1187
f 1327/674/1188 1328/728/1189 1329/675/1190
f 1329/675/1190 1328/728/1189 1330/710/1191
f 1330/710/1191 1328/728/1189 1331/704/1192
f 1328/728/1189 1332/703/1193 1331/704/1192
f 1333/729/1194 1334/730/1195 1335/717/1196
f 1334/730/1195 1336/716/1197 1335/717/1196
f 1337/731/1198 1338/732/1199 1339/715/1200
f 1338/732/1199 1340/718/1201 1339/715/1200
f 1341/686/1202 1342/685/1203 1343/733/1204
f 1342/685/1203 1344/734/1205 1343/733/1204
f 1344/734/1205 1345/735/1206 1343/733/1204
f 1343/733/1204 1345/735/1206 1346/736/1207
f 1346/736/1207 1345/735/1206 1347/688/1208
f 1345/735/1206 1348/687/1209 1347/688/1208
f 1349/734/1210 1350/685/1211 1351/735/1212
f 1350/685/1211 1352/687/1213 1351/735/1212
f 1353/736/1214 1354/688/1215 1355/733/1216
f 1354/688/1215 1356/686/1217 1355/733/1216
f 1357/678/1218 1358/679/1219 1359/737/1220
f 1358/679/1219 1360/711/1221 1359/737/1220
f 1359/737/1220 1360/711/1221 1361/738/1222
f 1360/711/1221 1362/712/1223 1361/738/1222
f 1362/712/1223 1363/705/1224 1361/738/1222
f 1361/738/1222 1363/705/1224 1364/706/1225
f 1365/716/1226 1366/730/1227 1367/715/1226
f 1367/715/1226 1366/730/1227 1368/731/1228
f 1366/730/1227 1369/729/1229 1368/731/1228
f 1368/731/1228 1369/729/1229 1370/732/1230
f 1369/729/1229 1371/717/1231 1370/732/1230
f 1370/732/1230 1371/717/1231 1372/718/1232
f 1373/678/1233 1374/737/1234 1375/677/1235
f 1375/677/1235 1374/737/1234 1376/739/1236
f 1374/737/1234 1377/738/1237 1376/739/1236
f 1376/739/1236 1377/738/1237 1378/740/1238
f 1377/738/1237 1379/706/1239 1378/740/1238
f 1378/740/1238 1379/706/1239 1380/707/1240
f 1381/677/1241 1382/739/1242 1383/676/1243
f 1383/676/1243 1382/739/1242 1384/713/1244
f 1382/739/1242 1385/740/1245 1384/713/1244
f 1384/713/1244 1385/740/1245 1386/714/1246
f 1386/714/1246 1385/740/1245 1387/708/1247
f 1385/740/1245 1388/707/1248 1387/708/1247
f 1389/630/1249 1390/741/1249 1391/742/1249
f 1392/743/1250 1393/744/1251 1394/745/1252
f 1394/745/1252 1393/744/1251 1395/746/1253
f 1393/744/1251 1396/747/1254 1395/746/1253
f 1395/746/1253 1396/747/1254 1397/748/1255
f 1396/747/1254 1398/749/1256 1397/748/1255
f 1397/748/1255 1398/749/1256 1399/750/1257
f 1400/631/1258 1401/751/1259 1402/617/1260
f 1402/617/1260 1401/751/1259 1403/752/1261
f 1404/631/1262 1405/633/1263 1406/751/1264
f 1406/751/1264 1405/633/1263 1407/753/1265
f 1408/633/1266 1409/635/1267 1410/753/1268
f 1410/753/1268 1409/635/1267 1411/754/1269
f 1411/754/1269 1409/635/1267 1412/755/1270
f 1409/635/1267 1413/637/1271 1412/755/1270
f 1412/755/1270 1413/637/1271 1414/749/1272
f 1413/637/1271 1415/653/1273 1414/749/1272
f 1416/742/1274 1417/741/1275 1418/756/1276
f 1417/741/1275 1419/757/1277 1418/756/1276
f 1418/756/1276 1419/757/1277 1420/758/1278
f 1419/757/1277 1421/759/1279 1420/758/1278
f 1420/758/1278 1421/759/1279 1422/760/1280
f 1421/759/1279 1423/761/1281 1422/760/1280
f 1424/618/1282 1425/762/1283 1426/627/1284
f 1425/762/1283 1427/763/1285 1426/627/1284
f 1427/763/1285 1428/764/1286 1426/627/1284
f 1426/627/1284 1428/764/1286 1429/628/1287
f 1428/764/1286 1430/741/1288 1429/628/1287
f 1429/628/1287 1430/741/1288 1431/630/1289
f 1432/617/1290 1433/752/1291 1434/618/1292
f 1434/618/1292 1433/752/1291 1435/762/1293
f 1436/760/1294 1437/761/1295 1438/745/1296
f 1438/745/1296 1437/761/1295 1439/743/1297
f 1440/741/1298 1441/764/1299 1442/757/1300
f 1442/757/1300 1441/764/1299 1443/759/1301
f 1441/764/1299 1444/763/1302 1443/759/1301
f 1444/763/1302 1445/762/1303 1443/759/1301
f 1443/759/1301 1445/762/1303 1446/761/1304
f 1445/762/1303 1447/752/1305 1446/761/1304
f 1446/761/1304 1447/752/1305 1448/743/1306
f 1447/752/1305 1449/751/1307 1448/743/1306
f 1448/743/1306 1449/751/1307 1450/753/1308
f 1450/753/1308 1451/754/1309 1448/743/1306
f 1448/743/1306 1451/754/1309 1452/744/1310
f 1451/754/1309 1453/755/1311 1452/744/1310
f 1452/744/1310 1453/755/1311 1454/747/1312
f 1453/755/1311 1455/749/1313 1454/747/1312
f 1456/750/1314 1457/749/1314 1458/653/1314
f 1459/720/1315 1460/765/1316 1461/719/1317
f 1461/719/1317 1460/765/1316 1462/766/1318
f 1460/765/1316 1463/767/1319 1462/766/1318
f 1462/766/1318 1463/767/1319 1464/768/1320
f 1463/767/1319 1465/721/1321 1464/768/1320
f 1464/768/1320 1465/721/1321 1466/722/1322
f 1467/720/1323 1468/721/1324 1469/765/1325
f 1469/765/1325 1468/721/1324 1470/767/1326
f 1471/722/1327 1472/719/1328 1473/768/1329
f 1473/768/1329 1472/719/1328 1474/766/1330
f 1475/769/1331 1476/770/1332 1477/771/1333
f 1477/771/1333 1476/770/1332 1478/772/1334
f 1476/770/1332 1479/773/1335 1478/772/1334
f 1478/772/1334 1479/773/1335 1480/774/1336
f 1481/775/1337 1482/776/1338 1483/777/1339
f 1483/777/1339 1482/776/1338 1484/778/1340
f 1485/775/1341 1486/769/1342 1487/776/1343
f 1487/776/1343 1486/769/1342 1488/771/1344
f 1489/779/1345 1490/780/1346 1491/773/1347
f 1491/773/1347 1490/780/1346 1492/774/1348
f 1493/777/1349 1494/778/1350 1495/779/1351
f 1495/779/1351 1494/778/1350 1496/780/1352
f 1497/750/1353 1498/775/1354 1499/748/1355
f 1498/775/1354 1500/777/1356 1499/748/1355
f 1499/748/1355 1500/777/1356 1501/746/1357
f 1500/777/1356 1502/779/1358 1501/746/1357
f 1501/746/1357 1502/779/1358 1503/745/1359
f 1502/779/1358 1504/773/1360 1503/745/1359
f 1503/745/1359 1504/773/1360 1505/760/1361
f 1505/760/1361 1504/773/1360 1506/758/1362
f 1504/773/1360 1507/770/1363 1506/758/1362
f 1506/758/1362 1507/770/1363 1508/756/1364
f 1508/756/1364 1507/770/1363 1509/742/1365
f 1507/770/1363 1510/769/1366 1509/742/1365
f 1511/776/1367 1512/771/1368 1513/778/1369
f 1512/771/1368 1514/772/1370 1513/778/1369
f 1513/778/1369 1514/772/1370 1515/780/1371
f 1514/772/1370 1516/774/1372 1515/780/1371
f 1517/781/1373 1518/782/1374 1519/783/1375
f 1518/782/1374 1520/784/1376 1519/783/1375
f 1520/784/1376 1521/785/1377 1519/783/1375
f 1519/783/1375 1521/785/1377 1522/786/1378
f 1521/785/1377 1523/787/1379 1522/786/1378
f 1522/786/1378 1523/787/1379 1524/788/1380
f 1523/787/1379 1525/789/1381 1524/788/1380
f 1525/789/1381 1523/787/1379 1526/790/1382
f 1523/787/1379 1527/791/1383 1526/790/1382
f 1526/790/1382 1527/791/1383 1528/792/1384
f 1527/791/1383 1529/793/1385 1528/792/1384
f 1523/787/1379 1529/793/1385 1527/791/1383
f 1528/792/1384 1529/793/1385 1530/794/1386
f 1531/795/1387 1529/793/1385 1523/787/1379
f 1521/785/1377 1531/795/1387 1523/787/1379
f 1520/784/1376 1531/795/1387 1521/785/1377
f 1529/793/1385 1531/795/1387 1530/794/1386
f 1530/794/1386 1531/795/1387 1532/796/1388
f 1531/795/1387 1533/797/1389 1532/796/1388
f 1518/782/1374 1533/797/1389 1520/784/1376
f 1533/797/1389 1531/795/1387 1520/784/1376
f 1532/796/1388 1533/797/1389 1534/798/1390
f 1535/799/1391 1533/797/1389 1518/782/1374
f 1533/797/1389 1535/799/1391 1534/798/1390
f 1534/798/1390 1535/799/1391 1536/800/1392
f 1535/799/1391 1537/801/1393 1536/800/1392
f 1537/801/1393 1535/799/1391 1518/782/1374
f 1536/800/1392 1537/801/1393 1538/802/1394
f 1537/801/1393 1539/803/1395 1538/802/1394
f 1538/802/1394 1539/803/1395 1540/804/1396
f 1539/803/1395 1541/805/1397 1540/804/1396
f 1540/804/1396 1541/805/1397 1542/806/1398
f 1541/805/1397 1543/807/1399 1542/806/1398
f 1542/806/1398 1543/807/1399 1544/808/1400
f 1543/807/1399 1545/809/1401 1544/808/1400
f 1545/809/1401 1543/807/1399 1546/810/1402
f 1543/807/1399 1541/805/1397 1547/811/1403
f 1546/810/1402 1543/807/1399 1547/811/1403
f 1547/811/1403 1541/805/1397 1548/812/1404
f 1548/812/1404 1541/805/1397 1549/813/1405
f 1541/805/1397 1539/803/1395 1549/813/1405
f 1549/813/1405 1539/803/1395 1550/814/1406
f 1550/814/1406 1539/803/1395 1551/815/1407
f 1539/803/1395 1537/801/1393 1551/815/1407
f 1551/815/1407 1537/801/1393 1552/816/1408
f 1552/816/1408 1553/817/1409 1551/815/1407
f 1551/815/1407 1553/817/1409 1550/814/1406
f 1550/814/1406 1554/818/1410 1549/813/1405
f 1553/817/1409 1554/818/1410 1550/814/1406
f 1549/813/1405 1555/819/1411 1548/812/1404
f 1554/818/1410 1555/819/1411 1549/813/1405
f 1548/812/1404 1556/820/1412 1547/811/1403
f 1547/811/1403 1556/820/1412 1546/810/1402
f 1555/819/1411 1556/820/1412 1548/812/1404
f 1556/820/1412 1557/821/1413 1546/810/1402
f 1546/810/1402 1558/822/1414 1545/809/1401
f 1557/821/1413 1558/822/1414 1546/810/1402
f 1558/822/1414 1559/823/1415 1545/809/1401
f 1559/823/1415 1560/824/1416 1545/809/1401
f 1545/809/1401 1560/824/1416 1544/808/1400
f 1560/824/1416 1561/825/1417 1544/808/1400
f 1561/825/1417 1562/826/1418 1544/808/1400
f 1544/808/1400 1562/826/1418 1542/806/1398
f 1542/806/1398 1563/827/1419 1540/804/1396
f 1538/802/1394 1563/827/1419 1536/800/1392
f 1562/826/1418 1563/827/1419 1542/806/1398
f 1563/827/1419 1538/802/1394 1540/804/1396
f 1563/827/1419 1564/828/1420 1536/800/1392
f 1565/829/1421 1566/830/1422 1567/831/1423
f 1566/830/1422 1568/832/1424 1567/831/1423
f 1567/831/1423 1568/832/1424 1569/833/1425
f 1568/832/1424 1570/834/1426 1569/833/1425
f 1569/833/1425 1570/834/1426 1571/835/1427
f 1570/834/1426 1572/836/1428 1571/835/1427
f 1568/832/1424 1572/836/1428 1570/834/1426
f 1571/835/1427 1572/836/1428 1573/837/1429
f 1574/838/1430 1572/836/1428 1568/832/1424
f 1572/836/1428 1574/838/1430 1573/837/1429
f 1566/830/1422 1574/838/1430 1568/832/1424
f 1573/837/1429 1574/838/1430 1575/839/1431
f 1574/838/1430 1566/830/1422 1575/839/1431
f 1566/830/1422 1565/829/1421 1576/840/1432
f 1575/839/1431 1566/830/1422 1576/840/1432
f 1576/840/1432 1565/829/1421 1577/841/1433
f 1565/829/1421 1578/842/1434 1577/841/1433
f 1578/842/1434 1565/829/1421 1579/843/1435
f 1565/829/1421 1567/831/1423 1579/843/1435
f 1567/831/1423 1569/833/1425 1580/844/1436
f 1579/843/1435 1567/831/1423 1580/844/1436
f 1569/833/1425 1571/835/1427 1581/845/1437
f 1580/844/1436 1569/833/1425 1581/845/1437
f 1581/845/1437 1582/846/1438 1580/844/1436
f 1580/844/1436 1583/847/1439 1579/843/1435
f 1582/846/1438 1583/847/1439 1580/844/1436
f 1579/843/1435 1584/848/1440 1578/842/1434
f 1583/847/1439 1584/848/1440 1579/843/1435
f 1584/848/1440 1585/849/1441 1578/842/1434
f 1578/842/1434 1585/849/1441 1586/850/1442
f 1586/850/1442 1585/849/1441 1587/851/1443
f 1585/849/1441 1588/852/1444 1587/851/1443
f 1587/851/1443 1588/852/1444 1589/853/1445
f 1590/854/1446 1591/855/1447 1592/856/1448
f 1592/856/1448 1591/855/1447 1593/857/1449
f 1591/855/1447 1594/858/1450 1593/857/1449
f 1593/857/1449 1594/858/1450 1595/859/1451
f 1595/859/1451 1596/860/1452 1593/857/1449
f 1596/860/1452 1597/861/1453 1593/857/1449
f 1597/861/1453 1598/862/1454 1593/857/1449
f 1593/857/1449 1598/862/1454 1592/856/1448
f 1598/862/1454 1599/863/1455 1592/856/1448
f 1599/863/1455 1600/864/1456 1592/856/1448
f 1592/856/1448 1600/864/1456 1590/854/1446
f 1600/864/1456 1601/865/1457 1590/854/1446
f 1590/854/1446 1601/865/1457 1602/866/1458
f 1601/865/1457 1603/867/1459 1602/866/1458
f 1602/866/1458 1603/867/1459 1604/868/1460
f 1517/781/1373 1605/869/1461 1518/782/1374
f 1603/867/1459 1605/869/1462 1604/868/1460
f 1601/865/1457 1600/864/1456 1606/870/1463
f 1605/869/1462 1603/867/1459 1606/870/1463
f 1603/867/1459 1601/865/1457 1606/870/1463
f 1600/864/1456 1599/863/1455 1607/871/1464
f 1606/870/1463 1600/864/1456 1607/871/1464
f 1607/871/1464 1599/863/1455 1608/872/1465
f 1599/863/1455 1598/862/1454 1609/873/1466
f 1608/872/1465 1599/863/1455 1609/873/1466
f 1609/873/1466 1598/862/1454 1610/874/1467
f 1598/862/1454 1597/861/1453 1610/874/1467
f 1610/874/1467 1597/861/1453 1611/875/1468
f 1597/861/1453 1596/860/1452 1612/876/1469
f 1611/875/1468 1597/861/1453 1612/876/1469
f 1612/876/1469 1596/860/1452 1613/877/1470
f 1596/860/1452 1595/859/1451 1613/877/1470
f 1594/858/1450 1591/855/1447 1614/878/1471
f 1613/877/1470 1595/859/1451 1614/878/1471
f 1595/859/1451 1594/858/1450 1614/878/1471
f 1591/855/1447 1590/854/1446 1615/879/1472
f 1614/878/1471 1591/855/1447 1615/879/1472
f 1615/879/1472 1590/854/1446 1616/880/1473
f 1590/854/1446 1602/866/1458 1616/880/1473
f 1617/881/1474 1589/853/1445 1618/882/1475
f 1589/853/1445 1588/852/1444 1619/883/1476
f 1618/882/1475 1589/853/1445 1619/883/1476
f 1619/883/1476 1588/852/1444 1620/884/1477
f 1588/852/1444 1585/849/1441 1620/884/1477
f 1620/884/1477 1585/849/1441 1621/885/1478
f 1585/849/1441 1622/886/1479 1621/885/1478
f 1621/885/1478 1622/886/1479 1623/887/1480
f 1584/848/1440 1624/888/1481 1585/849/1441
f 1583/847/1439 1624/888/1481 1584/848/1440
f 1624/888/1481 1622/886/1479 1585/849/1441
f 1622/886/1479 1624/888/1481 1623/887/1480
f 1623/887/1480 1624/888/1481 1625/889/1482
f 1582/846/1438 1626/890/1483 1583/847/1439
f 1626/890/1483 1624/888/1481 1583/847/1439
f 1624/888/1481 1626/890/1483 1625/889/1482
f 1627/891/1484 1628/892/1485 1629/893/1486
f 1629/893/1486 1628/892/1485 1630/894/1487
f 1628/892/1485 1631/895/1488 1630/894/1487
f 1630/894/1487 1631/895/1488 1632/896/1489
f 1631/895/1488 1633/897/1490 1632/896/1489
f 1632/896/1489 1633/897/1490 1634/898/1491
f 1633/897/1490 1635/899/1492 1634/898/1491
f 1635/899/1492 1618/882/1475 1636/900/1493
f 1618/882/1475 1619/883/1476 1636/900/1493
f 1634/898/1491 1635/899/1492 1636/900/1493
f 1636/900/1493 1619/883/1476 1637/901/1494
f 1619/883/1476 1620/884/1477 1638/902/1495
f 1637/901/1494 1619/883/1476 1638/902/1495
f 1638/902/1495 1620/884/1477 1639/903/1496
f 1620/884/1477 1621/885/1478 1640/904/1497
f 1639/903/1496 1620/884/1477 1640/904/1497
f 1640/904/1497 1621/885/1478 1641/905/1498
f 1621/885/1478 1623/887/1480 1642/906/1499
f 1641/905/1498 1621/885/1478 1642/906/1499
f 1528/792/1384 1643/907/1500 1526/790/1382
f 1526/790/1382 1644/908/1501 1525/789/1381
f 1643/907/1500 1644/908/1501 1526/790/1382
f 1644/908/1501 1645/909/1502 1525/789/1381
f 1525/789/1381 1645/909/1502 1524/788/1380
f 1645/909/1502 1646/910/1503 1524/788/1380
f 1524/788/1380 1646/910/1503 1522/786/1378
f 1647/911/1504 1604/868/1460 1519/783/1375
f 1522/786/1378 1647/911/1504 1519/783/1375
f 1646/910/1503 1647/911/1504 1522/786/1378
f 1648/783/1505 1649/868/1373 1650/781/1375
f 1651/868/1462 1652/869/1373 1653/781/1506
f 1605/869/1461 1654/912/1507 1518/782/1374
f 1518/782/1374 1654/912/1507 1537/801/1393
f 1537/801/1393 1655/913/1508 1552/816/1408
f 1654/912/1507 1655/913/1508 1537/801/1393
f 1552/816/1408 1656/914/1509 1553/817/1409
f 1655/913/1508 1656/914/1509 1552/816/1408
f 1656/914/1509 1657/915/1510 1553/817/1409
f 1553/817/1409 1657/915/1510 1554/818/1410
f 1657/915/1510 1658/916/1511 1554/818/1410
f 1554/818/1410 1658/916/1511 1659/917/1512
f 1658/916/1511 1660/918/1513 1659/917/1512
f 1659/917/1512 1660/918/1513 1661/919/1514
f 1660/918/1513 1658/916/1511 1662/920/1515
f 1661/919/1514 1660/918/1513 1662/920/1515
f 1662/920/1515 1658/916/1511 1663/921/1516
f 1663/921/1516 1658/916/1511 1664/922/1517
f 1658/916/1511 1657/915/1510 1664/922/1517
f 1657/915/1510 1656/914/1509 1665/923/1518
f 1664/922/1517 1657/915/1510 1665/923/1518
f 1627/891/1484 1629/893/1486 1666/924/1519
f 1666/924/1519 1667/925/1520 1668/926/1521
f 1668/926/1521 1627/891/1484 1666/924/1519
f 1628/892/1485 1627/891/1484 1668/926/1521
f 1667/925/1520 1669/927/1522 1668/926/1521
f 1668/926/1521 1669/927/1522 1670/928/1523
f 1670/928/1523 1628/892/1485 1668/926/1521
f 1669/927/1522 1671/929/1524 1670/928/1523
f 1670/928/1523 1671/929/1524 1672/930/1525
f 1628/892/1485 1670/928/1523 1672/930/1525
f 1671/929/1524 1673/931/1526 1672/930/1525
f 1674/932/1527 1628/892/1485 1672/930/1525
f 1631/895/1488 1628/892/1485 1674/932/1527
f 1633/897/1490 1631/895/1488 1674/932/1527
f 1672/930/1525 1673/931/1526 1674/932/1527
f 1675/933/1528 1633/897/1490 1674/932/1527
f 1674/932/1527 1673/931/1526 1675/933/1528
f 1635/899/1492 1633/897/1490 1675/933/1528
f 1673/931/1526 1676/934/1529 1675/933/1528
f 1676/934/1529 1617/881/1474 1675/933/1528
f 1677/935/1530 1635/899/1492 1675/933/1528
f 1675/933/1528 1617/881/1474 1677/935/1530
f 1618/882/1475 1635/899/1492 1677/935/1530
f 1617/881/1474 1618/882/1475 1677/935/1530
f 1629/893/1486 1630/894/1487 1678/936/1531
f 1666/924/1519 1629/893/1486 1678/936/1531
f 1678/936/1531 1630/894/1487 1679/937/1532
f 1679/937/1532 1630/894/1487 1680/938/1533
f 1630/894/1487 1632/896/1489 1680/938/1533
f 1632/896/1489 1634/898/1491 1680/938/1533
f 1680/938/1533 1634/898/1491 1681/872/1534
f 1682/939/1535 1683/940/1536 1684/941/1534
f 1684/941/1534 1683/940/1536 1685/942/1533
f 1685/942/1533 1683/940/1536 1686/943/1532
f 1683/940/1536 1687/944/1537 1686/943/1532
f 1687/944/1537 1688/945/1538 1686/943/1532
f 1686/943/1532 1688/945/1538 1689/946/1531
f 1688/945/1538 1690/947/1519 1689/946/1531
f 1690/947/1519 1688/945/1538 1691/948/1520
f 1691/948/1520 1688/945/1538 1692/949/1522
f 1688/945/1538 1687/944/1537 1693/950/1524
f 1692/949/1522 1688/945/1538 1693/950/1524
f 1693/950/1524 1687/944/1537 1694/951/1526
f 1687/944/1537 1683/940/1536 1695/952/1529
f 1694/951/1526 1687/944/1537 1695/952/1529
f 1683/940/1536 1682/939/1535 1696/953/1474
f 1695/952/1529 1683/940/1536 1696/953/1474
f 1696/953/1474 1682/939/1535 1697/954/1445
f 1697/954/1445 1682/939/1535 1698/955/1443
f 1682/939/1535 1699/956/1539 1698/955/1443
f 1699/956/1539 1700/957/1540 1698/955/1443
f 1698/955/1443 1700/957/1540 1701/958/1442
f 1701/958/1442 1700/957/1540 1702/959/1434
f 1700/957/1540 1703/960/1541 1702/959/1434
f 1702/959/1434 1703/960/1541 1704/961/1433
f 1659/917/1512 1705/962/1542 1554/818/1410
f 1554/818/1410 1705/962/1542 1555/819/1411
f 1555/819/1411 1705/962/1542 1556/820/1412
f 1556/820/1412 1706/963/1543 1557/821/1413
f 1705/962/1542 1706/963/1543 1556/820/1412
f 1557/821/1413 1707/964/1544 1558/822/1414
f 1706/963/1543 1707/964/1544 1557/821/1413
f 1707/964/1544 1708/965/1415 1558/822/1414
f 1708/965/1415 1707/964/1544 1709/966/1416
f 1709/966/1416 1707/964/1544 1710/967/1417
f 1707/964/1544 1706/963/1543 1710/967/1417
f 1710/967/1417 1706/963/1543 1711/968/1418
f 1706/963/1543 1705/962/1542 1712/969/1419
f 1711/968/1418 1706/963/1543 1712/969/1419
f 1705/962/1542 1659/917/1512 1713/970/1420
f 1659/917/1512 1661/919/1514 1713/970/1420
f 1712/969/1419 1705/962/1542 1713/970/1420
f 1713/970/1420 1661/919/1514 1714/971/1545
f 1661/919/1514 1715/972/1546 1714/971/1545
f 1715/972/1546 1716/973/1547 1714/971/1545
f 1714/971/1545 1716/973/1547 1717/974/1548
f 1716/973/1547 1718/975/1504 1717/974/1548
f 1717/974/1548 1718/975/1504 1719/976/1549
f 1719/976/1549 1718/975/1504 1720/977/1550
f 1718/975/1504 1721/978/1503 1720/977/1550
f 1721/978/1503 1722/979/1502 1720/977/1550
f 1720/977/1550 1722/979/1502 1723/980/1551
f 1722/979/1502 1724/981/1501 1723/980/1551
f 1723/980/1551 1724/981/1501 1725/982/1500
f 1725/982/1500 1726/983/1384 1723/980/1551
f 1726/983/1384 1727/984/1386 1723/980/1551
f 1727/984/1386 1728/985/1388 1723/980/1551
f 1723/980/1551 1728/985/1388 1720/977/1550
f 1720/977/1550 1728/985/1388 1719/976/1549
f 1719/976/1549 1729/986/1390 1717/974/1548
f 1728/985/1388 1729/986/1390 1719/976/1549
f 1717/974/1548 1730/987/1392 1714/971/1545
f 1730/987/1392 1713/970/1420 1714/971/1545
f 1729/986/1390 1730/987/1392 1717/974/1548
f 1700/957/1540 1731/988/1498 1703/960/1541
f 1731/988/1498 1732/989/1499 1703/960/1541
f 1703/960/1541 1732/989/1499 1704/961/1433
f 1732/989/1499 1733/990/1480 1704/961/1433
f 1704/961/1433 1733/990/1480 1734/991/1432
f 1733/990/1480 1735/992/1482 1734/991/1432
f 1734/991/1432 1735/992/1482 1736/993/1431
f 1735/992/1482 1737/994/1483 1736/993/1431
f 1736/993/1431 1737/994/1483 1738/995/1429
f 1737/994/1483 1739/996/1438 1738/995/1429
f 1738/995/1429 1739/996/1438 1740/997/1427
f 1739/996/1438 1741/998/1437 1740/997/1427
f 1715/972/1546 1742/999/1552 1716/973/1547
f 1742/999/1552 1743/1000/1553 1716/973/1547
f 1716/973/1547 1743/1000/1553 1744/1001/1458
f 1743/1000/1553 1745/1002/1554 1744/1001/1458
f 1744/1001/1458 1745/1002/1554 1746/1003/1473
f 1745/1002/1554 1747/1004/1555 1746/1003/1473
f 1746/1003/1473 1747/1004/1555 1748/1005/1472
f 1747/1004/1555 1749/1006/1471 1748/1005/1472
f 1749/1006/1471 1747/1004/1555 1750/1007/1470
f 1750/1007/1470 1747/1004/1555 1751/1008/1469
f 1747/1004/1555 1745/1002/1554 1752/1009/1468
f 1751/1008/1469 1747/1004/1555 1752/1009/1468
f 1745/1002/1554 1743/1000/1553 1753/1010/1467
f 1752/1009/1468 1745/1002/1554 1753/1010/1467
f 1753/1010/1467 1743/1000/1553 1754/1011/1466
f 1743/1000/1553 1742/999/1552 1755/941/1465
f 1754/1011/1466 1743/1000/1553 1755/941/1465
f 1756/1012/1556 1757/1013/1557 1758/1014/1558
f 1757/1013/1557 1759/1015/1559 1758/1014/1558
f 1759/1015/1559 1760/1016/1560 1758/1014/1558
f 1758/1014/1558 1760/1016/1560 1761/1017/1561
f 1762/1012/1562 1763/1018/1563 1764/1013/1564
f 1764/1013/1564 1763/1018/1563 1765/1019/1565
f 1765/1019/1565 1763/1018/1563 1766/1020/1566
f 1763/1018/1563 1767/1021/1567 1766/1020/1566
f 1768/1017/1568 1769/1016/1569 1770/1022/1570
f 1769/1016/1569 1771/1023/1571 1770/1022/1570
f 1771/1023/1571 1772/1020/1572 1770/1022/1570
f 1770/1022/1570 1772/1020/1572 1773/1021/1573
f 1774/1013/1574 1775/1019/1575 1776/1015/1576
f 1776/1015/1576 1775/1019/1575 1777/1024/1577
f 1775/1019/1575 1778/1020/1578 1777/1024/1577
f 1777/1024/1577 1779/1023/1579 1776/1015/1576
f 1778/1020/1578 1779/1023/1579 1777/1024/1577
f 1779/1023/1579 1780/1016/1580 1776/1015/1576
f 1781/709/1581 1782/702/1582 1783/1025/1583
f 1782/702/1582 1784/1026/1584 1783/1025/1583
f 1784/1026/1584 1785/1027/1585 1783/1025/1583
f 1783/1025/1583 1785/1027/1585 1786/1028/1586
f 1785/1027/1585 1787/1029/1587 1786/1028/1586
f 1787/1029/1587 1785/1027/1585 1788/1030/1588
f 1785/1027/1585 1789/1031/1589 1788/1030/1588
f 1788/1030/1588 1790/941/1590 1787/1029/1587
f 1789/1031/1589 1790/941/1590 1788/1030/1588
f 1790/941/1590 1791/1032/1591 1787/1029/1587
f 1787/1029/1587 1792/1033/1592 1786/1028/1586
f 1791/1032/1591 1792/1033/1592 1787/1029/1587
f 1792/1033/1592 1793/1034/1593 1786/1028/1586
f 1786/1028/1586 1794/1035/1594 1783/1025/1583
f 1793/1034/1593 1794/1035/1594 1786/1028/1586
f 1795/1025/1594 1796/1035/1595 1797/709/1583
f 1798/1035/1596 1799/1036/1595 1800/709/1594
f 1781/709/1595 1801/1036/1596 1802/673/1597
f 1801/1036/1596 1803/1037/1598 1802/673/1597
f 1802/673/1597 1803/1037/1598 1804/683/1599
f 1804/683/1599 1803/1037/1598 1805/652/1600
f 1803/1037/1598 1806/1038/1601 1805/652/1600
f 1805/652/1600 1806/1038/1601 1807/653/1602
f 1806/1038/1601 1808/1012/1603 1807/653/1602
f 1807/653/1602 1808/1012/1603 1809/750/1604
f 1809/750/1604 1808/1012/1603 1810/775/1605
f 1808/1012/1603 1811/1014/1606 1810/775/1605
f 1810/775/1605 1811/1014/1606 1812/769/1607
f 1812/769/1607 1811/1014/1606 1813/742/1608
f 1811/1014/1606 1814/1017/1609 1813/742/1608
f 1813/742/1608 1814/1017/1609 1815/630/1610
f 1814/1017/1609 1816/629/1611 1815/630/1610
f 1816/629/1611 1814/1017/1609 1817/1039/1612
f 1814/1017/1609 1818/1022/1613 1817/1039/1612
f 1817/1039/1612 1818/1022/1613 1819/1040/1614
f 1818/1022/1613 1820/1041/1615 1819/1040/1614
f 1819/1040/1614 1820/1041/1615 1821/1042/1616
f 1821/1042/1616 1820/1041/1615 1822/1043/1617
f 1820/1041/1615 1823/1021/1618 1822/1043/1617
f 1818/1022/1613 1823/1021/1618 1820/1041/1615
f 1822/1043/1617 1823/1021/1618 1824/1044/1619
f 1823/1021/1618 1825/1018/1620 1824/1044/1619
f 1824/1044/1619 1825/1018/1620 1826/1045/1621
f 1827/1046/1622 1808/1012/1603 1806/1038/1601
f 1825/1018/1620 1808/1012/1603 1827/1046/1622
f 1826/1045/1621 1825/1018/1620 1827/1046/1622
f 1828/1047/1623 1829/1048/1624 1830/905/1625
f 1830/905/1625 1829/1048/1624 1831/904/1626
f 1829/1048/1624 1832/1049/1627 1831/904/1626
f 1831/904/1626 1832/1049/1627 1833/903/1628
f 1832/1049/1627 1834/1050/1629 1833/903/1628
f 1833/903/1628 1834/1050/1629 1835/902/1630
f 1834/1050/1629 1836/1039/1631 1835/902/1630
f 1835/902/1630 1836/1039/1631 1837/901/1632
f 1837/901/1632 1836/1039/1631 1838/900/1633
f 1836/1039/1631 1839/1040/1634 1838/900/1633
f 1839/1040/1634 1840/1042/1635 1838/900/1633
f 1838/900/1633 1840/1042/1635 1841/898/1636
f 1842/941/1637 1843/1031/1638 1844/939/1639
f 1844/939/1639 1843/1031/1638 1845/956/1640
f 1845/956/1640 1843/1031/1638 1846/957/1641
f 1843/1031/1638 1847/1027/1642 1846/957/1641
f 1846/957/1641 1847/1027/1642 1848/988/1625
f 1847/1027/1642 1849/1026/1623 1848/988/1625
f 1850/898/1643 1851/1042/1644 1852/872/1645
f 1852/872/1645 1851/1042/1644 1853/871/1646
f 1851/1042/1644 1854/1043/1647 1853/871/1646
f 1853/871/1646 1854/1043/1647 1855/870/1648
f 1854/1043/1647 1856/1044/1649 1855/870/1648
f 1855/870/1648 1856/1044/1649 1857/869/1650
f 1857/869/1650 1856/1044/1649 1858/912/1651
f 1856/1044/1649 1859/1045/1652 1858/912/1651
f 1859/1045/1652 1860/1046/1653 1858/912/1651
f 1858/912/1651 1860/1046/1653 1861/913/1654
f 1861/913/1654 1860/1046/1653 1862/914/1655
f 1860/1046/1653 1863/1038/1656 1862/914/1655
f 1863/1038/1656 1864/1037/1657 1862/914/1655
f 1862/914/1655 1864/1037/1657 1865/923/1658
f 1864/1037/1657 1866/1036/1659 1865/923/1658
f 1865/923/1658 1866/1036/1659 1867/922/1660
f 1867/922/1660 1866/1036/1659 1868/921/1661
f 1866/1036/1659 1869/1035/1662 1868/921/1661
f 1869/1035/1662 1870/1034/1663 1868/921/1661
f 1868/921/1661 1870/1034/1663 1871/920/1664
f 1870/1034/1663 1872/1033/1665 1871/920/1664
f 1871/920/1664 1872/1033/1665 1873/919/1666
f 1873/919/1666 1872/1033/1665 1874/972/1667
f 1872/1033/1665 1875/1032/1668 1874/972/1667
f 1874/972/1667 1875/1032/1668 1876/999/1669
f 1875/1032/1668 1877/941/1670 1876/999/1669
f 1817/1039/1612 1878/1050/1671 1816/629/1611
f 1878/1050/1671 1879/1049/1672 1816/629/1611
f 1816/629/1611 1879/1049/1672 1880/668/1673
f 1879/1049/1672 1881/1048/1674 1880/668/1673
f 1880/668/1673 1881/1048/1674 1882/669/1582
f 1881/1048/1674 1883/1047/1675 1882/669/1582
f 1884/881/1676 1885/882/1677 1886/853/1678
f 1885/882/1677 1887/883/1679 1886/853/1678
f 1886/853/1678 1887/883/1679 1888/852/1680
f 1887/883/1679 1889/884/1681 1888/852/1680
f 1888/852/1680 1889/884/1681 1890/849/1682
f 1889/884/1681 1891/885/1683 1890/849/1682
f 1890/849/1682 1891/885/1683 1892/886/1684
f 1892/886/1684 1893/888/1685 1890/849/1682
f 1890/849/1682 1893/888/1685 1894/848/1686
f 1893/888/1685 1895/847/1687 1894/848/1686
f 1894/848/1686 1895/847/1687 1896/843/1688
f 1895/847/1687 1897/844/1689 1896/843/1688
f 1896/843/1688 1897/844/1689 1898/831/1690
f 1897/844/1689 1899/833/1691 1898/831/1690
f 1898/831/1690 1899/833/1691 1900/832/1692
f 1899/833/1691 1901/834/1693 1900/832/1692
f 1901/834/1693 1899/833/1691 1902/835/1694
f 1899/833/1691 1897/844/1689 1903/845/1695
f 1902/835/1694 1899/833/1691 1903/845/1695
f 1897/844/1689 1895/847/1687 1904/846/1696
f 1903/845/1695 1897/844/1689 1904/846/1696
f 1904/846/1696 1895/847/1687 1905/890/1697
f 1895/847/1687 1893/888/1685 1905/890/1697
f 1905/890/1697 1893/888/1685 1906/889/1698
f 1893/888/1685 1892/886/1684 1907/887/1699
f 1892/886/1684 1891/885/1683 1907/887/1699
f 1906/889/1698 1893/888/1685 1907/887/1699
f 1907/887/1699 1891/885/1683 1908/906/1700
f 1891/885/1683 1909/905/1701 1908/906/1700
f 1891/885/1683 1889/884/1681 1910/904/1702
f 1909/905/1701 1891/885/1683 1910/904/1702
f 1910/904/1702 1889/884/1681 1911/903/1703
f 1889/884/1681 1887/883/1679 1912/902/1704
f 1911/903/1703 1889/884/1681 1912/902/1704
f 1912/902/1704 1887/883/1679 1913/901/1705
f 1913/901/1705 1887/883/1679 1914/900/1706
f 1887/883/1679 1885/882/1677 1914/900/1706
f 1885/882/1677 1915/899/1707 1914/900/1706
f 1914/900/1706 1915/899/1707 1916/898/1708
f 1915/899/1707 1917/897/1709 1916/898/1708
f 1916/898/1708 1917/897/1709 1918/896/1710
f 1917/897/1709 1919/895/1711 1918/896/1710
f 1918/896/1710 1919/895/1711 1920/894/1712
f 1919/895/1711 1921/892/1713 1920/894/1712
f 1920/894/1712 1921/892/1713 1922/893/1714
f 1921/892/1713 1923/891/1715 1922/893/1714
f 1923/891/1715 1921/892/1713 1924/926/1716
f 1924/926/1716 1921/892/1713 1925/928/1717
f 1921/892/1713 1926/930/1718 1925/928/1717
f 1921/892/1713 1919/895/1711 1927/932/1719
f 1919/895/1711 1917/897/1709 1927/932/1719
f 1926/930/1718 1921/892/1713 1927/932/1719
f 1917/897/1709 1915/899/1707 1928/933/1720
f 1927/932/1719 1917/897/1709 1928/933/1720
f 1928/933/1720 1915/899/1707 1929/935/1721
f 1915/899/1707 1885/882/1677 1929/935/1721
f 1885/882/1677 1884/881/1676 1929/935/1721
f 1929/935/1721 1884/881/1676 1928/933/1720
f 1884/881/1676 1930/934/1722 1928/933/1720
f 1928/933/1720 1931/931/1723 1927/932/1719
f 1927/932/1719 1931/931/1723 1926/930/1718
f 1930/934/1722 1931/931/1723 1928/933/1720
f 1926/930/1718 1932/929/1724 1925/928/1717
f 1931/931/1723 1932/929/1724 1926/930/1718
f 1932/929/1724 1933/927/1725 1925/928/1717
f 1925/928/1717 1933/927/1725 1924/926/1716
f 1933/927/1725 1934/925/1726 1924/926/1716
f 1924/926/1716 1935/924/1727 1923/891/1715
f 1923/891/1715 1935/924/1727 1922/893/1714
f 1934/925/1726 1935/924/1727 1924/926/1716
f 1935/924/1727 1936/936/1728 1922/893/1714
f 1922/893/1714 1936/936/1728 1920/894/1712
f 1936/936/1728 1937/937/1729 1920/894/1712
f 1920/894/1712 1938/938/1730 1918/896/1710
f 1918/896/1710 1938/938/1730 1916/898/1708
f 1937/937/1729 1938/938/1730 1920/894/1712
f 1938/938/1730 1939/872/1731 1916/898/1708
f 1940/970/1732 1941/962/1733 1942/969/1734
f 1941/962/1733 1943/963/1735 1942/969/1734
f 1942/969/1734 1943/963/1735 1944/968/1736
f 1944/968/1736 1943/963/1735 1945/967/1737
f 1943/963/1735 1946/964/1738 1945/967/1737
f 1945/967/1737 1946/964/1738 1947/966/1739
f 1946/964/1738 1948/965/1740 1947/966/1739
f 1948/965/1740 1946/964/1738 1949/822/1741
f 1949/822/1741 1946/964/1738 1950/821/1742
f 1946/964/1738 1943/963/1735 1950/821/1742
f 1943/963/1735 1941/962/1733 1951/820/1743
f 1950/821/1742 1943/963/1735 1951/820/1743
f 1941/962/1733 1952/819/1744 1951/820/1743
f 1951/820/1743 1952/819/1744 1953/812/1745
f 1952/819/1744 1954/813/1746 1953/812/1745
f 1953/812/1745 1954/813/1746 1955/805/1747
f 1954/813/1746 1956/803/1748 1955/805/1747
f 1955/805/1747 1956/803/1748 1957/804/1749
f 1957/804/1749 1958/806/1750 1955/805/1747
f 1955/805/1747 1958/806/1750 1959/807/1751
f 1958/806/1750 1960/808/1752 1959/807/1751
f 1959/807/1751 1960/808/1752 1961/809/1753
f 1961/809/1753 1962/810/1754 1959/807/1751
f 1962/810/1754 1961/809/1753 1949/822/1741
f 1950/821/1742 1962/810/1754 1949/822/1741
f 1951/820/1743 1962/810/1754 1950/821/1742
f 1953/812/1745 1963/811/1755 1951/820/1743
f 1963/811/1755 1962/810/1754 1951/820/1743
f 1963/811/1755 1953/812/1745 1955/805/1747
f 1959/807/1751 1963/811/1755 1955/805/1747
f 1962/810/1754 1963/811/1755 1959/807/1751
f 1949/822/1741 1961/809/1753 1964/823/1740
f 1961/809/1753 1960/808/1752 1965/824/1739
f 1964/823/1740 1961/809/1753 1965/824/1739
f 1965/824/1739 1960/808/1752 1966/825/1737
f 1966/825/1737 1960/808/1752 1967/826/1736
f 1960/808/1752 1958/806/1750 1967/826/1736
f 1958/806/1750 1957/804/1749 1968/827/1734
f 1967/826/1736 1958/806/1750 1968/827/1734
f 1957/804/1749 1956/803/1748 1969/802/1756
f 1968/827/1734 1957/804/1749 1969/802/1756
f 1969/802/1756 1956/803/1748 1970/801/1757
f 1956/803/1748 1971/815/1758 1970/801/1757
f 1970/801/1757 1971/815/1758 1972/816/1759
f 1971/815/1758 1973/817/1760 1972/816/1759
f 1972/816/1759 1973/817/1760 1974/914/1761
f 1973/817/1760 1975/915/1762 1974/914/1761
f 1974/914/1761 1975/915/1762 1976/923/1763
f 1976/923/1763 1975/915/1762 1977/922/1764
f 1975/915/1762 1978/916/1765 1977/922/1764
f 1977/922/1764 1978/916/1765 1979/921/1766
f 1979/921/1766 1978/916/1765 1980/920/1767
f 1978/916/1765 1981/918/1768 1980/920/1767
f 1980/920/1767 1981/918/1768 1982/919/1769
f 1982/919/1769 1981/918/1768 1983/917/1770
f 1981/918/1768 1978/916/1765 1983/917/1770
f 1983/917/1770 1940/970/1732 1982/919/1769
f 1941/962/1733 1940/970/1732 1983/917/1770
f 1983/917/1770 1978/916/1765 1984/818/1771
f 1975/915/1762 1973/817/1760 1984/818/1771
f 1978/916/1765 1975/915/1762 1984/818/1771
f 1984/818/1771 1941/962/1733 1983/917/1770
f 1952/819/1744 1941/962/1733 1984/818/1771
f 1954/813/1746 1952/819/1744 1984/818/1771
f 1956/803/1748 1954/813/1746 1985/814/1772
f 1985/814/1772 1971/815/1758 1956/803/1748
f 1973/817/1760 1971/815/1758 1985/814/1772
f 1984/818/1771 1973/817/1760 1985/814/1772
f 1985/814/1772 1954/813/1746 1984/818/1771
f 1982/919/1769 1940/970/1732 1986/971/1773
f 1940/970/1732 1987/987/1774 1986/971/1773
f 1986/971/1773 1987/987/1774 1988/974/1775
f 1987/987/1774 1989/986/1776 1988/974/1775
f 1988/974/1775 1989/986/1776 1990/976/1777
f 1989/986/1776 1991/985/1778 1990/976/1777
f 1990/976/1777 1991/985/1778 1992/977/1779
f 1992/977/1779 1991/985/1778 1993/980/1780
f 1991/985/1778 1994/984/1781 1993/980/1780
f 1993/980/1780 1994/984/1781 1995/983/1782
f 1995/983/1782 1996/982/1783 1993/980/1780
f 1996/982/1783 1997/981/1784 1993/980/1780
f 1993/980/1780 1998/979/1785 1992/977/1779
f 1997/981/1784 1998/979/1785 1993/980/1780
f 1998/979/1785 1999/978/1786 1992/977/1779
f 1999/978/1786 2000/975/1787 1992/977/1779
f 1992/977/1779 2000/975/1787 1990/976/1777
f 1990/976/1777 2000/975/1787 1988/974/1775
f 1988/974/1775 2001/973/1788 1986/971/1773
f 2000/975/1787 2001/973/1788 1988/974/1775
f 1986/971/1773 2002/972/1789 1982/919/1769
f 2001/973/1788 2002/972/1789 1986/971/1773
f 2002/972/1789 2001/973/1788 2003/999/1790
f 2003/999/1790 2001/973/1788 2004/1000/1791
f 2001/973/1788 2005/1001/1792 2004/1000/1791
f 2004/1000/1791 2005/1001/1792 2006/1002/1793
f 2005/1001/1792 2007/1003/1794 2006/1002/1793
f 2006/1002/1793 2007/1003/1794 2008/1004/1795
f 2007/1003/1794 2009/1005/1796 2008/1004/1795
f 2008/1004/1795 2009/1005/1796 2010/1006/1797
f 2010/1006/1797 2011/1007/1798 2008/1004/1795
f 2011/1007/1798 2012/1008/1799 2008/1004/1795
f 2008/1004/1795 2013/1009/1800 2006/1002/1793
f 2012/1008/1799 2013/1009/1800 2008/1004/1795
f 2013/1009/1800 2014/1010/1801 2006/1002/1793
f 2006/1002/1793 2014/1010/1801 2004/1000/1791
f 2014/1010/1801 2015/1011/1802 2004/1000/1791
f 2004/1000/1791 2016/941/1803 2003/999/1790
f 2015/1011/1802 2016/941/1803 2004/1000/1791
f 1972/816/1759 2017/913/1804 1970/801/1757
f 1974/914/1761 2017/913/1804 1972/816/1759
f 2017/913/1804 2018/912/1805 1970/801/1757
f 1970/801/1757 2018/912/1805 2019/782/1806
f 2018/912/1805 2020/869/1807 2019/782/1806
f 2019/782/1806 2020/869/1807 2021/781/1808
f 2020/869/1807 2022/868/1809 2021/781/1808
f 2021/781/1808 2022/868/1809 2023/783/1810
f 2023/783/1810 2019/782/1806 2021/781/1808
f 2022/868/1809 2024/911/1787 2023/783/1810
f 2023/783/1810 2024/911/1787 2025/786/1811
f 2024/911/1787 2026/910/1786 2025/786/1811
f 2025/786/1811 2026/910/1786 2027/788/1812
f 2026/910/1786 2028/909/1785 2027/788/1812
f 2027/788/1812 2028/909/1785 2029/789/1813
f 2028/909/1785 2030/908/1814 2029/789/1813
f 2029/789/1813 2030/908/1814 2031/790/1815
f 2030/908/1814 2032/907/1783 2031/790/1815
f 2031/790/1815 2032/907/1783 2033/792/1782
f 1894/848/1686 2034/842/1816 1890/849/1682
f 1896/843/1688 2034/842/1816 1894/848/1686
f 2035/829/1817 2034/842/1816 1896/843/1688
f 1898/831/1690 2035/829/1817 1896/843/1688
f 2034/842/1816 2035/829/1817 2036/841/1818
f 2036/841/1818 2035/829/1817 2037/840/1819
f 2035/829/1817 2038/830/1820 2037/840/1819
f 1900/832/1692 2038/830/1820 1898/831/1690
f 2038/830/1820 2035/829/1817 1898/831/1690
f 2037/840/1819 2038/830/1820 2039/839/1821
f 2038/830/1820 2040/838/1822 2039/839/1821
f 2040/838/1822 2038/830/1820 1900/832/1692
f 2039/839/1821 2040/838/1822 2041/837/1823
f 2040/838/1822 2042/836/1824 2041/837/1823
f 2042/836/1824 2040/838/1822 1900/832/1692
f 1901/834/1693 2042/836/1824 1900/832/1692
f 2042/836/1824 1901/834/1693 1902/835/1694
f 2041/837/1823 2042/836/1824 1902/835/1694
f 2034/842/1816 2043/850/1825 1890/849/1682
f 2044/851/1826 1886/853/1678 1888/852/1680
f 1890/849/1682 2044/851/1826 1888/852/1680
f 2043/850/1825 2044/851/1826 1890/849/1682
f 1970/801/1757 2045/800/1774 1969/802/1756
f 1969/802/1756 2045/800/1774 1968/827/1734
f 2046/799/1827 2045/800/1774 1970/801/1757
f 2019/782/1806 2046/799/1827 1970/801/1757
f 2045/800/1774 2046/799/1827 2047/798/1776
f 2048/797/1828 2046/799/1827 2019/782/1806
f 2046/799/1827 2048/797/1828 2047/798/1776
f 2047/798/1776 2048/797/1828 2049/796/1778
f 2048/797/1828 2050/795/1829 2049/796/1778
f 2049/796/1778 2050/795/1829 2051/794/1781
f 2050/795/1829 2052/793/1830 2051/794/1781
f 2051/794/1781 2052/793/1830 2033/792/1782
f 2052/793/1830 2053/791/1831 2033/792/1782
f 2033/792/1782 2053/791/1831 2031/790/1815
f 2027/788/1812 2054/787/1832 2025/786/1811
f 2054/787/1832 2027/788/1812 2029/789/1813
f 2053/791/1831 2054/787/1832 2031/790/1815
f 2031/790/1815 2054/787/1832 2029/789/1813
f 2052/793/1830 2050/795/1829 2054/787/1832
f 2053/791/1831 2052/793/1830 2054/787/1832
f 2054/787/1832 2050/795/1829 2055/785/1833
f 2025/786/1811 2055/785/1833 2023/783/1810
f 2054/787/1832 2055/785/1833 2025/786/1811
f 2055/785/1833 2056/784/1834 2023/783/1810
f 2056/784/1834 2019/782/1806 2023/783/1810
f 2056/784/1834 2048/797/1828 2019/782/1806
f 2050/795/1829 2048/797/1828 2056/784/1834
f 2055/785/1833 2050/795/1829 2056/784/1834
f 2057/957/1835 2058/960/1836 2059/988/1701
f 2059/988/1701 2058/960/1836 2060/989/1700
f 2058/960/1836 2061/961/1818 2060/989/1700
f 2060/989/1700 2061/961/1818 2062/990/1699
f 2061/961/1818 2063/991/1819 2062/990/1699
f 2062/990/1699 2063/991/1819 2064/992/1698
f 2063/991/1819 2065/993/1821 2064/992/1698
f 2064/992/1698 2065/993/1821 2066/994/1697
f 2065/993/1821 2067/995/1823 2066/994/1697
f 2066/994/1697 2067/995/1823 2068/996/1696
f 2067/995/1823 2069/997/1694 2068/996/1696
f 2068/996/1696 2069/997/1694 2070/998/1695
f 2071/866/1792 2072/854/1837 2073/880/1794
f 2073/880/1794 2072/854/1837 2074/879/1796
f 2072/854/1837 2075/855/1838 2074/879/1796
f 2074/879/1796 2075/855/1838 2076/878/1797
f 2075/855/1838 2077/858/1839 2076/878/1797
f 2077/858/1839 2078/859/1840 2076/878/1797
f 2076/878/1797 2078/859/1840 2079/877/1798
f 2078/859/1840 2080/860/1841 2079/877/1798
f 2079/877/1798 2080/860/1841 2081/876/1799
f 2080/860/1841 2082/861/1842 2081/876/1799
f 2081/876/1799 2082/861/1842 2083/875/1800
f 2083/875/1800 2082/861/1842 2084/874/1801
f 2082/861/1842 2085/862/1843 2084/874/1801
f 2084/874/1801 2085/862/1843 2086/873/1802
f 2085/862/1843 2087/863/1844 2086/873/1802
f 2086/873/1802 2087/863/1844 2088/872/1803
f 2088/872/1803 2087/863/1844 2089/871/1845
f 2087/863/1844 2090/864/1846 2089/871/1845
f 2089/871/1845 2090/864/1846 2091/870/1847
f 2071/866/1792 2092/865/1848 2072/854/1837
f 2090/864/1846 2092/865/1848 2091/870/1847
f 2092/865/1848 2090/864/1846 2072/854/1837
f 2093/867/1849 2092/865/1848 2071/866/1792
f 2091/870/1847 2093/867/1849 2020/869/1807
f 2093/867/1849 2022/868/1809 2020/869/1807
f 2022/868/1809 2093/867/1849 2071/866/1792
f 2092/865/1848 2093/867/1849 2091/870/1847
f 2072/854/1837 2090/864/1846 2094/856/1850
f 2087/863/1844 2085/862/1843 2094/856/1850
f 2090/864/1846 2087/863/1844 2094/856/1850
f 2075/855/1838 2072/854/1837 2094/856/1850
f 2085/862/1843 2082/861/1842 2095/857/1851
f 2080/860/1841 2078/859/1840 2095/857/1851
f 2095/857/1851 2075/855/1838 2094/856/1850
f 2077/858/1839 2075/855/1838 2095/857/1851
f 2078/859/1840 2077/858/1839 2095/857/1851
f 2095/857/1851 2082/861/1842 2080/860/1841
f 2094/856/1850 2085/862/1843 2095/857/1851
f 2045/800/1774 2096/828/1732 1968/827/1734
f 2097/939/1852 2098/941/1731 2099/940/1853
f 2098/941/1731 2100/942/1730 2099/940/1853
f 2100/942/1730 2101/943/1729 2099/940/1853
f 2099/940/1853 2101/943/1729 2102/944/1854
f 2102/944/1854 2101/943/1729 2103/945/1855
f 2101/943/1729 2104/946/1728 2103/945/1855
f 2103/945/1855 2104/946/1728 2105/947/1727
f 2105/947/1727 2106/948/1726 2103/945/1855
f 2106/948/1726 2107/949/1725 2103/945/1855
f 2103/945/1855 2108/950/1724 2102/944/1854
f 2107/949/1725 2108/950/1724 2103/945/1855
f 2108/950/1724 2109/951/1723 2102/944/1854
f 2109/951/1723 2110/952/1722 2102/944/1854
f 2102/944/1854 2110/952/1722 2099/940/1853
f 2099/940/1853 2111/953/1676 2097/939/1852
f 2110/952/1722 2111/953/1676 2099/940/1853
f 2111/953/1676 2112/954/1678 2097/939/1852
f 2112/954/1678 2113/955/1826 2097/939/1852
f 2097/939/1852 2113/955/1826 2114/956/1856
f 2114/956/1856 2113/955/1826 2057/957/1835
f 2113/955/1826 2115/958/1825 2057/957/1835
f 2057/957/1835 2116/959/1816 2058/960/1836
f 2116/959/1816 2061/961/1818 2058/960/1836
f 2115/958/1825 2116/959/1816 2057/957/1835
f 2117/1012/1857 2118/1013/1858 2119/1018/1859
f 2118/1013/1858 2120/1019/1860 2119/1018/1859
f 2120/1019/1860 2121/1020/1861 2119/1018/1859
f 2119/1018/1859 2121/1020/1861 2122/1021/1862
f 2123/1012/1863 2124/1014/1864 2125/1013/1865
f 2125/1013/1865 2124/1014/1864 2126/1015/1866
f 2126/1015/1866 2124/1014/1864 2127/1016/1867
f 2124/1014/1864 2128/1017/1868 2127/1016/1867
f 2129/1021/1869 2130/1020/1870 2131/1022/1871
f 2130/1020/1870 2132/1023/1872 2131/1022/1871
f 2132/1023/1872 2133/1016/1873 2131/1022/1871
f 2131/1022/1871 2133/1016/1873 2134/1017/1874
f 2135/1016/1875 2136/1023/1876 2137/1015/1877
f 2137/1015/1877 2136/1023/1876 2138/1024/1878
f 2136/1023/1876 2139/1020/1879 2138/1024/1878
f 2138/1024/1878 2140/1019/1880 2137/1015/1877
f 2139/1020/1879 2140/1019/1880 2138/1024/1878
f 2140/1019/1880 2141/1013/1881 2137/1015/1877
f 2142/1038/1882 2143/1012/1883 2144/1046/1884
f 2143/1012/1883 2145/1018/1885 2144/1046/1884
f 2144/1046/1884 2145/1018/1885 2146/1045/1886
f 2146/1045/1886 2145/1018/1885 2147/1044/1887
f 2145/1018/1885 2148/1021/1888 2147/1044/1887
f 2147/1044/1887 2148/1021/1888 2149/1043/1889
f 2148/1021/1888 2150/1041/1890 2149/1043/1889
f 2149/1043/1889 2150/1041/1890 2151/1042/1891
f 2151/1042/1891 2150/1041/1890 2152/1040/1892
f 2150/1041/1890 2153/1022/1893 2152/1040/1892
f 2153/1022/1893 2150/1041/1890 2148/1021/1888
f 2152/1040/1892 2153/1022/1893 2154/1039/1894
f 2153/1022/1893 2155/1017/1895 2154/1039/1894
f 2154/1039/1894 2155/1017/1895 2156/629/1896
f 2155/1017/1895 2157/630/1897 2156/629/1896
f 2157/630/1897 2155/1017/1895 2158/742/1898
f 2155/1017/1895 2159/1014/1899 2158/742/1898
f 2158/742/1898 2159/1014/1899 2160/769/1900
f 2159/1014/1899 2143/1012/1883 2161/775/1901
f 2160/769/1900 2159/1014/1899 2161/775/1901
f 2161/775/1901 2143/1012/1883 2162/750/1902
f 2143/1012/1883 2142/1038/1882 2163/653/1903
f 2162/750/1902 2143/1012/1883 2163/653/1903
f 2163/653/1903 2142/1038/1882 2164/652/1904
f 2142/1038/1882 2165/1037/1905 2164/652/1904
f 2164/652/1904 2165/1037/1905 2166/683/1906
f 2166/683/1906 2165/1037/1905 2167/673/1907
f 2165/1037/1905 2168/1036/1908 2167/673/1907
f 2167/673/1907 2168/1036/1908 2169/709/1909
f 2168/1036/1908 2170/1035/1910 2169/709/1909
f 2169/709/1909 2170/1035/1910 2171/1025/1911
f 2171/1025/1911 2170/1035/1910 2172/1028/1912
f 2170/1035/1910 2173/1034/1913 2172/1028/1912
f 2173/1034/1913 2174/1033/1914 2172/1028/1912
f 2172/1028/1912 2174/1033/1914 2175/1029/1915
f 2174/1033/1914 2176/1032/1916 2175/1029/1915
f 2176/1032/1916 2177/941/1917 2175/1029/1915
f 2175/1029/1915 2177/941/1917 2178/1030/1918
f 2177/941/1917 2179/1031/1919 2178/1030/1918
f 2178/1030/1918 2180/1027/1920 2175/1029/1915
f 2180/1027/1920 2172/1028/1912 2175/1029/1915
f 2172/1028/1912 2180/1027/1920 2171/1025/1911
f 2179/1031/1919 2180/1027/1920 2178/1030/1918
f 2180/1027/1920 2181/1026/1921 2171/1025/1911
f 2171/1025/1911 2182/702/1922 2169/709/1909
f 2181/1026/1921 2182/702/1922 2171/1025/1911
f 2183/1026/1923 2184/1027/1924 2185/988/1925
f 2185/988/1925 2184/1027/1924 2186/957/1926
f 2184/1027/1924 2187/1031/1927 2186/957/1926
f 2186/957/1926 2187/1031/1927 2188/956/1928
f 2188/956/1928 2187/1031/1927 2189/939/1929
f 2187/1031/1927 2190/941/1930 2189/939/1929
f 2191/941/1931 2192/1032/1932 2193/999/1933
f 2193/999/1933 2192/1032/1932 2194/972/1934
f 2192/1032/1932 2195/1033/1935 2194/972/1934
f 2194/972/1934 2195/1033/1935 2196/919/1936
f 2196/919/1936 2195/1033/1935 2197/920/1937
f 2195/1033/1935 2198/1034/1938 2197/920/1937
f 2198/1034/1938 2199/1035/1939 2197/920/1937
f 2197/920/1937 2199/1035/1939 2200/921/1940
f 2199/1035/1939 2201/1036/1941 2200/921/1940
f 2200/921/1940 2201/1036/1941 2202/922/1942
f 2201/1036/1941 2203/1037/1943 2202/922/1942
f 2202/922/1942 2203/1037/1943 2204/923/1944
f 2204/923/1944 2203/1037/1943 2205/914/1945
f 2203/1037/1943 2206/1038/1946 2205/914/1945
f 2206/1038/1946 2207/1046/1947 2205/914/1945
f 2205/914/1945 2207/1046/1947 2208/913/1948
f 2208/913/1948 2207/1046/1947 2209/912/1949
f 2207/1046/1947 2210/1045/1950 2209/912/1949
f 2210/1045/1950 2211/1044/1951 2209/912/1949
f 2209/912/1949 2211/1044/1951 2212/869/1952
f 2212/869/1952 2211/1044/1951 2213/870/1953
f 2211/1044/1951 2214/1043/1954 2213/870/1953
f 2213/870/1953 2214/1043/1954 2215/871/1955
f 2214/1043/1954 2216/1042/1956 2215/871/1955
f 2215/871/1955 2216/1042/1956 2217/872/1957
f 2216/1042/1956 2218/898/1958 2217/872/1957
f 2219/1047/1959 2220/905/1925 2221/1048/1960
f 2220/905/1925 2222/904/1961 2221/1048/1960
f 2221/1048/1960 2222/904/1961 2223/1049/1962
f 2222/904/1961 2224/903/1963 2223/1049/1962
f 2223/1049/1962 2224/903/1963 2225/1050/1964
f 2224/903/1963 2226/902/1965 2225/1050/1964
f 2225/1050/1964 2226/902/1965 2227/1039/1966
f 2226/902/1965 2228/901/1967 2227/1039/1966
f 2228/901/1967 2229/900/1968 2227/1039/1966
f 2227/1039/1966 2229/900/1968 2230/1040/1969
f 2230/1040/1969 2229/900/1968 2231/1042/1970
f 2229/900/1968 2232/898/1971 2231/1042/1970
f 2154/1039/1894 2156/629/1896 2233/1050/1972
f 2233/1050/1972 2156/629/1896 2234/1049/1973
f 2156/629/1896 2235/668/1974 2234/1049/1973
f 2234/1049/1973 2235/668/1974 2236/1048/1975
f 2235/668/1974 2237/669/1922 2236/1048/1975
f 2236/1048/1975 2237/669/1922 2238/1047/1976
f 2239/642/1977 2240/641/1978 2241/640/1979
f 2240/641/1978 2242/639/1980 2241/640/1979
f 2241/640/1979 2242/639/1980 2243/638/1981
f 2242/639/1980 2244/634/1982 2243/638/1981
f 2243/638/1981 2244/634/1982 2245/636/1983
f 2244/634/1982 2246/654/1984 2247/632/1985
f 2246/654/1984 2248/655/1986 2247/632/1985
f 2246/654/1984 2240/641/1978 2248/655/1986
f 2248/655/1986 2249/656/1987 2247/632/1985
f 2247/632/1985 2249/656/1987 2250/631/1988
f 2249/656/1987 2251/657/1989 2250/631/1988
f 2250/631/1988 2251/657/1989 2252/617/1990
f 2251/657/1989 2253/658/1991 2252/617/1990
f 2253/658/1991 2254/659/1992 2252/617/1990
f 2252/617/1990 2254/659/1992 2255/619/1993
f 2254/659/1992 2256/660/1994 2255/619/1993
f 2255/619/1993 2256/660/1994 2257/621/1995
f 2256/660/1994 2258/661/1996 2257/621/1995
f 2257/621/1995 2258/661/1996 2259/662/1997
f 2258/661/1996 2260/663/1998 2259/662/1997
f 2259/662/1997 2260/663/1998 2261/664/1999
f 2261/664/1999 2262/665/2000 2259/662/1997
f 2259/662/1997 2262/665/2000 2263/623/2001
f 2262/665/2000 2264/666/2002 2263/623/2001
f 2263/623/2001 2264/666/2002 2265/624/2003
f 2264/666/2002 2266/667/2004 2265/624/2003
f 2265/624/2003 2266/667/2004 2267/626/2005
f 2267/626/2005 2266/667/2004 2268/668/2006
f 2266/667/2004 2269/669/2007 2268/668/2006
f 2252/617/1990 2255/619/1993 2270/618/2008
f 2255/619/1993 2257/621/1995 2271/620/2009
f 2270/618/2008 2255/619/1993 2271/620/2009
f 2270/618/2008 2271/620/2009 2272/627/2010
f 2263/623/2001 2265/624/2003 2273/622/2011
f 2271/620/2009 2273/622/2011 2272/627/2010
f 2271/620/2009 2263/623/2001 2273/622/2011
f 2273/622/2011 2274/625/2012 2272/627/2010
f 2273/622/2011 2265/624/2003 2274/625/2012
f 2265/624/2003 2267/626/2005 2274/625/2012
f 2272/627/2010 2274/625/2012 2275/628/2013
f 2274/625/2012 2276/629/2014 2275/628/2013
f 2275/628/2013 2276/629/2014 2277/630/2015
f 2245/636/1983 2244/634/1982 2278/635/2016
f 2279/637/2017 2245/636/1983 2278/635/2016
f 2244/634/1982 2247/632/1985 2280/633/2018
f 2278/635/2016 2244/634/1982 2280/633/2018
f 2280/633/2018 2247/632/1985 2250/631/1988
f 2281/750/2019 2282/748/2020 2283/775/2021
f 2283/775/2021 2282/748/2020 2284/777/2022
f 2282/748/2020 2285/746/2023 2284/777/2022
f 2284/777/2022 2285/746/2023 2286/779/2024
f 2285/746/2023 2287/745/2025 2286/779/2024
f 2286/779/2024 2287/745/2025 2288/773/2026
f 2287/745/2025 2289/760/2027 2288/773/2026
f 2289/760/2027 2290/758/2028 2288/773/2026
f 2288/773/2026 2290/758/2028 2291/770/2029
f 2290/758/2028 2292/756/2030 2291/770/2029
f 2292/756/2030 2293/742/2031 2291/770/2029
f 2291/770/2029 2293/742/2031 2294/769/2032
f 2295/699/2033 2296/701/2034 2297/700/2035
f 2297/700/2035 2296/701/2034 2298/702/2036
f 2296/701/2034 2299/703/2037 2298/702/2036
f 2298/702/2036 2299/703/2037 2300/704/2038
f 2301/705/2039 2302/706/2040 2303/696/2041
f 2303/696/2041 2302/706/2040 2304/645/2042
f 2302/706/2040 2305/707/2043 2304/645/2042
f 2304/645/2042 2305/707/2043 2306/708/2044
f 2307/681/2045 2308/651/2046 2309/680/2047
f 2309/680/2047 2308/651/2046 2310/652/2048
f 2311/650/2049 2312/651/2050 2313/682/2051
f 2313/682/2051 2312/651/2050 2314/681/2052
f 2315/684/2053 2316/683/2054 2317/682/2055
f 2317/682/2055 2316/683/2054 2318/650/2056
f 2319/680/2057 2320/652/2058 2321/684/2059
f 2321/684/2059 2320/652/2058 2322/683/2060
f 2323/639/2061 2324/641/2062 2325/685/2063
f 2325/685/2063 2324/641/2062 2326/686/2064
f 2327/687/2065 2328/634/2066 2329/685/2067
f 2329/685/2067 2328/634/2066 2330/639/2068
f 2331/654/2069 2332/634/2070 2333/688/2071
f 2333/688/2071 2332/634/2070 2334/687/2072
f 2335/673/2073 2336/709/2074 2337/675/2075
f 2337/675/2075 2336/709/2074 2338/710/2076
f 2338/710/2076 2336/709/2074 2339/704/2077
f 2336/709/2074 2340/702/2078 2339/704/2077
f 2341/670/2079 2342/672/2080 2343/671/2081
f 2342/672/2080 2344/673/2082 2343/671/2081
f 2343/671/2081 2344/673/2082 2345/674/2083
f 2344/673/2082 2346/675/2084 2345/674/2083
f 2347/676/2085 2348/677/2086 2349/640/2087
f 2348/677/2086 2350/678/2088 2349/640/2087
f 2349/640/2087 2350/678/2088 2351/642/2089
f 2350/678/2088 2352/679/2090 2351/642/2089
f 2353/686/2091 2240/641/1978 2246/654/1984
f 2354/688/2092 2353/686/2091 2246/654/1984
f 2248/655/1986 2240/641/1978 2355/689/2093
f 2240/641/1978 2239/642/1977 2355/689/2093
f 2355/689/2093 2239/642/1977 2356/690/2094
f 2239/642/1977 2357/691/2095 2356/690/2094
f 2356/690/2094 2357/691/2095 2358/692/2096
f 2358/692/2096 2357/691/2095 2359/693/2097
f 2357/691/2095 2360/694/2098 2359/693/2097
f 2359/693/2097 2360/694/2098 2361/695/1998
f 2360/694/2098 2362/696/1999 2361/695/1998
f 2363/672/2099 2364/670/2100 2365/697/2101
f 2364/670/2100 2366/698/2102 2365/697/2101
f 2366/698/2102 2367/699/2103 2365/697/2101
f 2365/697/2101 2367/699/2103 2368/700/2104
f 2369/696/2105 2370/694/2106 2371/705/2107
f 2371/705/2107 2370/694/2106 2372/712/2108
f 2372/712/2108 2370/694/2106 2373/711/2109
f 2370/694/2106 2374/691/2110 2373/711/2109
f 2373/711/2109 2374/691/2110 2375/679/2111
f 2374/691/2110 2376/642/2112 2375/679/2111
f 2377/645/2113 2378/708/2114 2379/646/2115
f 2378/708/2114 2380/714/2116 2379/646/2115
f 2380/714/2116 2381/713/2117 2379/646/2115
f 2379/646/2115 2381/713/2117 2382/647/2118
f 2381/713/2117 2383/676/2119 2382/647/2118
f 2382/647/2118 2383/676/2119 2384/640/2120
f 2385/716/1103 2386/626/2121 2387/715/2122
f 2387/715/2122 2386/626/2121 2388/668/2123
f 2389/625/2124 2390/626/2125 2391/717/2126
f 2391/717/2126 2390/626/2125 2392/716/2127
f 2393/718/2128 2394/629/2129 2395/717/2130
f 2395/717/2130 2394/629/2129 2396/625/2131
f 2397/668/2132 2398/629/2133 2399/715/2134
f 2399/715/2134 2398/629/2133 2400/718/2135
f 2401/720/2136 2402/662/2137 2403/719/2138
f 2403/719/2138 2402/662/2137 2404/623/2139
f 2405/621/2140 2406/662/2141 2407/721/2142
f 2407/721/2142 2406/662/2141 2408/720/2143
f 2409/722/2144 2410/620/2145 2411/721/2146
f 2411/721/2146 2410/620/2145 2412/621/2147
f 2413/623/2148 2414/620/2149 2415/719/2150
f 2415/719/2150 2414/620/2149 2416/722/2151
f 2417/673/2152 2418/672/2153 2419/683/2154
f 2419/683/2154 2418/672/2153 2420/650/2155
f 2243/638/1981 2245/636/1983 2420/650/2155
f 2241/640/1979 2243/638/1981 2421/649/2156
f 2421/649/2156 2243/638/1981 2420/650/2155
f 2418/672/2153 2421/649/2156 2420/650/2155
f 2421/649/2156 2418/672/2153 2422/648/2157
f 2422/648/2157 2241/640/1979 2421/649/2156
f 2418/672/2153 2423/697/2158 2422/648/2157
f 2422/648/2157 2423/697/2158 2424/644/2159
f 2424/644/2159 2423/697/2158 2425/643/2002
f 2423/697/2158 2426/700/2004 2425/643/2002
f 2425/643/2002 2427/645/2000 2424/644/2159
f 2427/645/2000 2428/646/2160 2424/644/2159
f 2428/646/2160 2429/647/2161 2424/644/2159
f 2429/647/2161 2241/640/1979 2422/648/2157
f 2424/644/2159 2429/647/2161 2422/648/2157
f 2245/636/1983 2279/637/2017 2430/651/2162
f 2420/650/2155 2245/636/1983 2430/651/2162
f 2430/651/2162 2279/637/2017 2431/652/2163
f 2279/637/2017 2432/653/2164 2431/652/2163
f 2433/606/2165 2434/663/2166 2435/605/2167
f 2434/663/2166 2436/661/2168 2435/605/2167
f 2436/661/2168 2437/660/2169 2435/605/2167
f 2435/605/2167 2437/660/2169 2438/604/2170
f 2437/660/2169 2439/659/2171 2438/604/2170
f 2438/604/2170 2439/659/2171 2440/603/2172
f 2439/659/2171 2441/658/2173 2440/603/2172
f 2440/603/2172 2441/658/2173 2442/577/2174
f 2442/577/2174 2441/658/2173 2443/547/2175
f 2441/658/2173 2444/657/2176 2443/547/2175
f 2444/657/2176 2445/656/2177 2443/547/2175
f 2443/547/2175 2445/656/2177 2446/548/2178
f 2446/548/2178 2445/656/2177 2447/551/2179
f 2445/656/2177 2448/655/2180 2447/551/2179
f 2447/551/2179 2448/655/2180 2449/552/2181
f 2448/655/2180 2450/689/2182 2449/552/2181
f 2449/552/2181 2450/689/2182 2451/554/2183
f 2450/689/2182 2452/690/2184 2451/554/2183
f 2452/690/2184 2453/692/2185 2451/554/2183
f 2451/554/2183 2453/692/2185 2454/563/2186
f 2453/692/2185 2455/693/2187 2454/563/2186
f 2454/563/2186 2455/693/2187 2456/525/2188
f 2456/525/2188 2455/693/2187 2457/527/2165
f 2455/693/2187 2458/695/2166 2457/527/2165
f 2459/681/2189 2460/680/2190 2461/724/2191
f 2460/680/2190 2462/725/2192 2461/724/2191
f 2461/724/2191 2462/725/2192 2463/723/2193
f 2462/725/2192 2464/726/2194 2463/723/2193
f 2463/723/2193 2464/726/2194 2465/682/2195
f 2464/726/2194 2466/684/2196 2465/682/2195
f 2467/671/2197 2468/674/2198 2469/727/2199
f 2468/674/2198 2470/728/2200 2469/727/2199
f 2469/727/2199 2470/728/2200 2471/701/2201
f 2470/728/2200 2472/703/2202 2471/701/2201
f 2473/701/2203 2474/699/2204 2475/727/2205
f 2474/699/2204 2476/698/2206 2475/727/2205
f 2476/698/2206 2477/670/2207 2475/727/2205
f 2475/727/2205 2477/670/2207 2478/671/2208
f 2479/723/2209 2480/682/2210 2481/724/2211
f 2481/724/2211 2480/682/2210 2482/681/2212
f 2483/725/2213 2484/680/2214 2485/726/2215
f 2485/726/2215 2484/680/2214 2486/684/2216
f 2487/703/2217 2488/728/2218 2489/704/2219
f 2489/704/2219 2488/728/2218 2490/710/2220
f 2490/710/2220 2488/728/2218 2491/675/2221
f 2488/728/2218 2492/674/2222 2491/675/2221
f 2493/716/1226 2494/715/1226 2495/730/1227
f 2494/715/1226 2496/731/2223 2495/730/1227
f 2495/730/1227 2496/731/2223 2497/729/2224
f 2496/731/2223 2498/732/2225 2497/729/2224
f 2497/729/2224 2498/732/2225 2499/717/2226
f 2498/732/2225 2500/718/2227 2499/717/2226
f 2501/734/2228 2502/735/2229 2503/685/2230
f 2502/735/2229 2504/687/2231 2503/685/2230
f 2505/736/2232 2506/733/2233 2507/688/2234
f 2506/733/2233 2508/686/2235 2507/688/2234
f 2509/678/2236 2510/677/2237 2511/737/2238
f 2510/677/2237 2512/739/2239 2511/737/2238
f 2511/737/2238 2512/739/2239 2513/738/2240
f 2512/739/2239 2514/740/2241 2513/738/2240
f 2513/738/2240 2514/740/2241 2515/706/2242
f 2514/740/2241 2516/707/1240 2515/706/2242
f 2517/677/2243 2518/676/2244 2519/739/2245
f 2518/676/2244 2520/713/2246 2519/739/2245
f 2519/739/2245 2520/713/2246 2521/740/2247
f 2520/713/2246 2522/714/2248 2521/740/2247
f 2522/714/2248 2523/708/2249 2521/740/2247
f 2521/740/2247 2523/708/2249 2524/707/2250
f 2525/729/2251 2526/717/2252 2527/730/2253
f 2527/730/2253 2526/717/2252 2528/716/2254
f 2529/731/2255 2530/715/2256 2531/732/2257
f 2531/732/2257 2530/715/2256 2532/718/2258
f 2533/686/2259 2534/733/2260 2535/685/2261
f 2535/685/2261 2534/733/2260 2536/734/2262
f 2536/734/2262 2534/733/2260 2537/735/2263
f 2534/733/2260 2538/736/2264 2537/735/2263
f 2538/736/2264 2539/688/2265 2537/735/2263
f 2537/735/2263 2539/688/2265 2540/687/2266
f 2541/678/2267 2542/737/2268 2543/679/2269
f 2543/679/2269 2542/737/2268 2544/711/2270
f 2542/737/2268 2545/738/2271 2544/711/2270
f 2544/711/2270 2545/738/2271 2546/712/2272
f 2546/712/2272 2545/738/2271 2547/705/2273
f 2545/738/2271 2548/706/2274 2547/705/2273
f 2549/630/2275 2550/742/2275 2551/741/2275
f 2552/742/2276 2553/756/2277 2554/741/2278
f 2554/741/2278 2553/756/2277 2555/757/2279
f 2553/756/2277 2556/758/2280 2555/757/2279
f 2555/757/2279 2556/758/2280 2557/759/2281
f 2556/758/2280 2558/760/2282 2557/759/2281
f 2557/759/2281 2558/760/2282 2559/761/2283
f 2560/653/2284 2561/637/2285 2562/749/2286
f 2562/749/2286 2561/637/2285 2563/755/2287
f 2561/637/2285 2564/635/2288 2563/755/2287
f 2563/755/2287 2564/635/2288 2565/754/2289
f 2565/754/2289 2564/635/2288 2566/753/2290
f 2564/635/2288 2567/633/2291 2566/753/2290
f 2568/743/2292 2569/745/2293 2570/744/2294
f 2569/745/2293 2571/746/2295 2570/744/2294
f 2570/744/2294 2571/746/2295 2572/747/2296
f 2571/746/2295 2573/748/2297 2572/747/2296
f 2572/747/2296 2573/748/2297 2574/749/2298
f 2573/748/2297 2575/750/2299 2574/749/2298
f 2576/752/2300 2577/751/2301 2578/617/2302
f 2577/751/2301 2579/631/2303 2578/617/2302
f 2580/762/2304 2581/752/2305 2582/618/2306
f 2581/752/2305 2583/617/2307 2582/618/2306
f 2584/630/2308 2585/741/2309 2586/628/2310
f 2585/741/2309 2587/764/2311 2586/628/2310
f 2586/628/2310 2587/764/2311 2588/627/2312
f 2587/764/2311 2589/763/2313 2588/627/2312
f 2589/763/2313 2590/762/2314 2588/627/2312
f 2588/627/2312 2590/762/2314 2591/618/2315
f 2592/753/2316 2593/633/2317 2594/751/2318
f 2594/751/2318 2593/633/2317 2595/631/2319
f 2596/760/2320 2597/745/2321 2598/761/2322
f 2598/761/2322 2597/745/2321 2599/743/2323
f 2600/749/2324 2601/755/2325 2602/747/2326
f 2602/747/2326 2601/755/2325 2603/744/2327
f 2601/755/2325 2604/754/2328 2603/744/2327
f 2603/744/2327 2604/754/2328 2605/743/2329
f 2604/754/2328 2606/753/2330 2605/743/2329
f 2605/743/2329 2606/753/2330 2607/751/2331
f 2607/751/2331 2608/752/2332 2605/743/2329
f 2605/743/2329 2608/752/2332 2609/761/2333
f 2608/752/2332 2610/762/2334 2609/761/2333
f 2609/761/2333 2610/762/2334 2611/759/2335
f 2610/762/2334 2612/763/2336 2611/759/2335
f 2612/763/2336 2613/764/2337 2611/759/2335
f 2611/759/2335 2613/764/2337 2614/757/2338
f 2613/764/2337 2615/741/2339 2614/757/2338
f 2616/750/2340 2617/653/2340 2618/749/2340
f 2619/767/2341 2620/721/2342 2621/765/2343
f 2621/765/2343 2620/721/2342 2622/720/2344
f 2623/766/2345 2624/719/2346 2625/768/2347
f 2625/768/2347 2624/719/2346 2626/722/2348
f 2627/775/2349 2628/777/2350 2629/776/2351
f 2629/776/2351 2628/777/2350 2630/778/2352
f 2631/771/2353 2632/769/2354 2633/776/2355
f 2633/776/2355 2632/769/2354 2634/775/2356
f 2635/779/2357 2636/773/2358 2637/780/2359
f 2637/780/2359 2636/773/2358 2638/774/2360
f 2639/777/2361 2640/779/2362 2641/778/2363
f 2641/778/2363 2640/779/2362 2642/780/2364
f 2643/776/2365 2644/778/2366 2645/771/2367
f 2645/771/2367 2644/778/2366 2646/772/2368
f 2644/778/2366 2647/780/2369 2646/772/2368
f 2646/772/2368 2647/780/2369 2648/774/2370
f 2649/720/2371 2650/719/2372 2651/765/2373
f 2650/719/2372 2652/766/2374 2651/765/2373
f 2651/765/2373 2652/766/2374 2653/767/2375
f 2652/766/2374 2654/768/2376 2653/767/2375
f 2653/767/2375 2654/768/2376 2655/721/2377
f 2654/768/2376 2656/722/2378 2655/721/2377
f 2657/769/2379 2658/771/2380 2659/770/2381
f 2658/771/2380 2660/772/2382 2659/770/2381
f 2659/770/2381 2660/772/2382 2661/773/2383
f 2660/772/2382 2662/774/2384 2661/773/2383
f 2663/511/2385 2664/509/2386 2665/510/2387
f 2664/509/2386 2663/511/2385 2666/519/2388
f 2664/509/2386 2666/519/2388 2667/507/2389
f 2663/511/2385 2668/517/2390 2666/519/2388
f 2669/518/2391 2667/507/2389 2666/519/2388
f 2666/519/2388 2668/517/2390 2669/518/2391
f 2669/518/2391 2668/517/2390 2670/516/2392
f 2668/517/2390 2663/511/2385 2670/516/2392
f 2670/516/2392 2663/511/2385 2671/514/2393
f 2663/511/2385 2672/513/2394 2671/514/2393
f 2671/514/2393 2672/513/2394 2673/515/2395
f 2672/513/2394 2674/494/2396 2673/515/2395
f 2674/494/2396 2675/539/2397 2673/515/2395
f 2673/515/2395 2675/539/2397 2676/599/2398
f 2677/537/2399 2676/599/2398 2675/539/2397
f 2676/599/2398 2677/537/2399 2678/536/2400
f 2676/599/2398 2679/598/2401 2673/515/2395
f 2679/598/2401 2676/599/2398 2678/536/2400
f 2679/598/2401 2680/597/2402 2673/515/2395
f 2671/514/2393 2673/515/2395 2680/597/2402
f 2680/597/2402 2681/596/2403 2671/514/2393
f 2670/516/2392 2671/514/2393 2681/596/2403
f 2682/595/2404 2670/516/2392 2681/596/2403
f 2670/516/2392 2682/595/2404 2669/518/2391
f 2682/595/2404 2683/594/2405 2669/518/2391
f 2683/594/2405 2684/593/2406 2669/518/2391
f 2669/518/2391 2684/593/2406 2685/520/2407
f 2684/593/2406 2686/592/2408 2685/520/2407
f 2687/522/2409 2688/579/2410 2689/524/2411
f 2690/582/2412 2691/616/2400 2692/610/2413
f 2693/555/2414 2694/614/2415 2695/557/2416
f 2694/614/2415 2696/613/2417 2695/557/2416
f 2697/569/2418 2695/557/2416 2696/613/2417
f 2695/557/2416 2697/569/2418 2698/568/2419
f 2697/569/2418 2699/570/2420 2698/568/2419
f 2699/570/2420 2700/606/2421 2701/571/2422
f 2701/571/2422 2698/568/2419 2699/570/2420
f 2702/573/2423 2701/571/2422 2700/606/2421
f 2700/606/2421 2703/605/2424 2702/573/2423
f 2704/602/2425 2705/577/2426 2706/578/2427
f 2706/578/2427 2705/577/2426 2707/545/2428
f 2705/577/2426 2708/547/2429 2707/545/2428
f 2707/545/2428 2708/547/2429 2709/546/2430
f 2710/548/2431 2709/546/2430 2708/547/2429
f 2709/546/2430 2710/548/2431 2711/549/2432
f 2712/550/2433 2711/549/2432 2710/548/2431
f 2713/551/2434 2714/552/2435 2712/550/2433
f 2713/551/2434 2712/550/2433 2710/548/2431
f 2712/550/2433 2714/552/2435 2715/553/2436
f 2716/554/2437 2715/553/2436 2714/552/2435
f 2717/561/2438 2715/553/2436 2716/554/2437
f 2716/554/2437 2718/563/2439 2717/561/2438
f 2719/525/2440 2717/561/2438 2718/563/2439
f 2717/561/2438 2719/525/2440 2720/562/2441
f 2719/525/2440 2721/526/2442 2720/562/2441
f 2717/561/2438 2720/562/2441 2722/530/2443
f 2721/526/2442 2722/530/2443 2720/562/2441
f 2715/553/2436 2717/561/2438 2723/560/2444
f 2722/530/2443 2723/560/2444 2717/561/2438
f 2724/564/2445 2715/553/2436 2723/560/2444
f 2715/553/2436 2724/564/2445 2725/565/2446
f 2725/565/2446 2726/566/2447 2715/553/2436
f 2712/550/2433 2715/553/2436 2726/566/2447
f 2726/566/2447 2727/567/2448 2712/550/2433
f 2712/550/2433 2727/567/2448 2711/549/2432
f 2711/549/2432 2727/567/2448 2709/546/2430
f 2709/546/2430 2728/544/2449 2707/545/2428
f 2727/567/2448 2728/544/2449 2709/546/2430
f 2728/544/2449 2729/501/2450 2707/545/2428
f 2707/545/2428 2729/501/2450 2706/578/2427
f 2730/601/2451 2706/578/2427 2729/501/2450
f 2706/578/2427 2730/601/2451 2704/602/2425
f 2730/601/2451 2731/612/2452 2704/602/2425
f 2704/602/2425 2731/612/2452 2732/576/2453
f 2731/612/2452 2733/611/2454 2732/576/2453
f 2732/576/2453 2733/611/2454 2734/575/2455
f 2734/575/2455 2702/573/2423 2703/605/2424
f 2734/575/2455 2735/574/2456 2702/573/2423
f 2735/574/2456 2734/575/2455 2733/611/2454
f 2736/572/2457 2702/573/2423 2735/574/2456
f 2698/568/2419 2701/571/2422 2736/572/2457
f 2701/571/2422 2702/573/2423 2736/572/2457
f 2695/557/2416 2698/568/2419 2737/558/2458
f 2736/572/2457 2737/558/2458 2698/568/2419
f 2695/557/2416 2738/556/2459 2693/555/2414
f 2738/556/2459 2695/557/2416 2737/558/2458
f 2738/556/2459 2739/609/2460 2693/555/2414
f 2693/555/2414 2739/609/2460 2692/610/2413
f 2690/582/2412 2692/610/2413 2739/609/2460
f 2739/609/2460 2740/583/2461 2690/582/2412
f 2690/582/2412 2740/583/2461 2741/580/2462
f 2741/580/2462 2689/524/2411 2688/579/2410
f 2689/524/2411 2742/523/2463 2687/522/2409
f 2742/523/2463 2743/502/2464 2687/522/2409
f 2687/522/2409 2743/502/2464 2744/521/2465
f 2744/521/2465 2685/520/2407 2686/592/2408
f 2664/509/2386 2745/508/2466 2665/510/2387
f 2667/507/2389 2745/508/2466 2664/509/2386
f 2665/510/2387 2745/508/2466 2746/590/2467
f 2745/508/2466 2667/507/2389 2747/506/2468
f 2747/506/2468 2746/590/2467 2745/508/2466
f 2665/510/2387 2748/512/2469 2663/511/2385
f 2746/590/2467 2748/512/2469 2665/510/2387
f 2748/512/2469 2672/513/2394 2663/511/2385
f 2747/506/2468 2667/507/2389 2749/505/2470
f 2669/518/2391 2685/520/2407 2749/505/2470
f 2667/507/2389 2669/518/2391 2749/505/2470
f 2685/520/2407 2744/521/2465 2750/503/2471
f 2749/505/2470 2685/520/2407 2750/503/2471
f 2750/503/2471 2744/521/2465 2743/502/2464
f 2751/584/2472 2741/580/2462 2740/583/2461
f 2689/524/2411 2741/580/2462 2751/584/2472
f 2742/523/2463 2689/524/2411 2751/584/2472
f 2704/602/2425 2732/576/2453 2752/603/2473
f 2705/577/2426 2704/602/2425 2752/603/2473
f 2753/604/2474 2734/575/2455 2703/605/2424
f 2732/576/2453 2734/575/2455 2753/604/2474
f 2752/603/2473 2732/576/2453 2753/604/2474
f 2693/555/2414 2692/610/2413 2754/615/2475
f 2754/615/2475 2692/610/2413 2691/616/2400
f 2694/614/2415 2693/555/2414 2754/615/2475
f 2755/581/2476 2741/580/2462 2688/579/2410
f 2691/616/2400 2690/582/2412 2755/581/2476
f 2690/582/2412 2741/580/2462 2755/581/2476
f 2688/579/2410 2687/522/2409 2756/591/2477
f 2687/522/2409 2744/521/2465 2756/591/2477
f 2756/591/2477 2744/521/2465 2686/592/2408
f 2721/526/2442 2757/529/2418 2722/530/2443
f 2758/528/2420 2757/529/2418 2721/526/2442
f 2757/529/2418 2759/531/2478 2722/530/2443
f 2759/531/2478 2760/532/2415 2722/530/2443
f 2722/530/2443 2760/532/2415 2761/533/2479
f 2722/530/2443 2761/533/2479 2723/560/2444
f 2760/532/2415 2762/534/2475 2761/533/2479
f 2763/535/2480 2677/537/2399 2761/533/2479
f 2761/533/2479 2762/534/2475 2763/535/2480
f 2677/537/2399 2763/535/2480 2678/536/2400
f 2762/534/2475 2678/536/2400 2763/535/2480
f 2675/539/2397 2764/538/2481 2677/537/2399
f 2761/533/2479 2677/537/2399 2764/538/2481
f 2761/533/2479 2764/538/2481 2723/560/2444
f 2675/539/2397 2674/494/2396 2765/540/2482
f 2764/538/2481 2765/540/2482 2723/560/2444
f 2724/564/2445 2723/560/2444 2765/540/2482
f 2764/538/2481 2675/539/2397 2765/540/2482
f 2765/540/2482 2674/494/2396 2766/541/2483
f 2724/564/2445 2766/541/2483 2725/565/2446
f 2766/541/2483 2724/564/2445 2765/540/2482
f 2674/494/2396 2767/495/2484 2766/541/2483
f 2767/495/2484 2768/497/2485 2769/543/2486
f 2727/567/2448 2769/543/2486 2728/544/2449
f 2726/566/2447 2769/543/2486 2727/567/2448
f 2769/543/2486 2770/499/2487 2728/544/2449
f 2728/544/2449 2770/499/2487 2729/501/2450
f 2769/543/2486 2768/497/2485 2770/499/2487
f 2768/497/2485 2771/498/2488 2770/499/2487
f 2672/513/2394 2748/512/2469 2771/498/2488
f 2770/499/2487 2772/500/2489 2729/501/2450
f 2770/499/2487 2771/498/2488 2772/500/2489
f 2748/512/2469 2746/590/2467 2773/589/2490
f 2773/589/2490 2771/498/2488 2748/512/2469
f 2773/589/2490 2772/500/2489 2771/498/2488
f 2772/500/2489 2774/600/2491 2729/501/2450
f 2730/601/2451 2774/600/2491 2731/612/2452
f 2772/500/2489 2773/589/2490 2774/600/2491
f 2729/501/2450 2774/600/2491 2730/601/2451
f 2774/600/2491 2775/607/2492 2731/612/2452
f 2773/589/2490 2775/607/2492 2774/600/2491
f 2733/611/2454 2731/612/2452 2775/607/2492
f 2775/607/2492 2773/589/2490 2776/587/2493
f 2777/588/2494 2776/587/2493 2773/589/2490
f 2747/506/2468 2777/588/2494 2746/590/2467
f 2773/589/2490 2746/590/2467 2777/588/2494
f 2743/502/2464 2742/523/2463 2778/586/2495
f 2776/587/2493 2777/588/2494 2778/586/2495
f 2742/523/2463 2751/584/2472 2778/586/2495
f 2777/588/2494 2743/502/2464 2778/586/2495
f 2779/559/2496 2736/572/2457 2735/574/2456
f 2779/559/2496 2733/611/2454 2775/607/2492
f 2736/572/2457 2779/559/2496 2737/558/2458
f 2733/611/2454 2779/559/2496 2735/574/2456
f 2740/583/2461 2739/609/2460 2780/608/2497
f 2780/608/2497 2739/609/2460 2738/556/2459
f 2737/558/2458 2780/608/2497 2738/556/2459
f 2779/559/2496 2775/607/2492 2780/608/2497
f 2775/607/2492 2776/587/2493 2780/608/2497
f 2779/559/2496 2780/608/2497 2737/558/2458
f 2780/608/2497 2776/587/2493 2781/585/2498
f 2780/608/2497 2781/585/2498 2740/583/2461
f 2751/584/2472 2740/583/2461 2781/585/2498
f 2778/586/2495 2751/584/2472 2781/585/2498
f 2776/587/2493 2778/586/2495 2781/585/2498
f 2782/542/2499 2769/543/2486 2726/566/2447
f 2769/543/2486 2782/542/2499 2767/495/2484
f 2782/542/2499 2725/565/2446 2766/541/2483
f 2726/566/2447 2725/565/2446 2782/542/2499
f 2782/542/2499 2766/541/2483 2767/495/2484
f 2721/526/2442 2719/525/2440 2783/527/2421
f 2758/528/2420 2721/526/2442 2783/527/2421
f 2784/504/2500 2743/502/2464 2777/588/2494
f 2749/505/2470 2784/504/2500 2747/506/2468
f 2750/503/2471 2743/502/2464 2784/504/2500
f 2784/504/2500 2749/505/2470 2750/503/2471
f 2784/504/2500 2777/588/2494 2747/506/2468
f 2768/497/2485 2767/495/2484 2785/496/2501
f 2771/498/2488 2768/497/2485 2785/496/2501
f 2672/513/2394 2785/496/2501 2674/494/2396
f 2771/498/2488 2785/496/2501 2672/513/2394
f 2785/496/2501 2767/495/2484 2674/494/2396
f 2786/1051/2502 2787/1052/2503 2788/1053/2504
f 2787/1052/2503 2789/1054/2505 2788/1053/2504
f 2788/1053/2504 2789/1054/2505 2790/1055/2506
f 2789/1054/2505 2791/1056/2507 2790/1055/2506
f 2790/1055/2506 2792/1057/2508 2788/1053/2504
f 2788/1053/2504 2793/1058/2509 2786/1051/2502
f 2792/1057/2508 2793/1058/2509 2788/1053/2504
f 2793/1058/2509 2794/1059/2510 2786/1051/2502
f 2795/1060/2511 2796/1061/2512 2797/1062/2513
f 2796/1061/2512 2798/1063/2514 2797/1062/2513
f 2798/1063/2514 2799/1064/2515 2797/1062/2513
f 2797/1062/2513 2799/1064/2515 2800/1065/2516
f 2799/1064/2515 2801/1066/2517 2800/1065/2516
f 2800/1065/2516 2801/1066/2517 2802/1067/2518
f 2803/1068/2519 2804/1069/2520 2802/1067/2518
f 2802/1067/2518 2804/1069/2520 2800/1065/2516
f 2800/1065/2516 2805/1070/2521 2797/1062/2513
f 2797/1062/2513 2805/1070/2521 2795/1060/2511
f 2804/1069/2520 2805/1070/2521 2800/1065/2516
f 2805/1070/2521 2806/1071/2522 2795/1060/2511
f 2807/1072/2523 2808/1073/2524 2809/1074/2525
f 2808/1073/2524 2810/1075/2526 2809/1074/2525
f 2810/1075/2526 2811/1076/2527 2809/1074/2525
f 2809/1074/2525 2811/1076/2527 2812/1077/2528
f 2811/1076/2527 2813/1078/2529 2812/1077/2528
f 2812/1077/2528 2813/1078/2529 2814/1079/2530
f 2813/1078/2529 2815/1080/2531 2814/1079/2530
f 2814/1079/2530 2815/1080/2531 2816/1081/2532
f 2816/1081/2532 2817/1082/2533 2814/1079/2530
f 2814/1079/2530 2818/1083/2534 2812/1077/2528
f 2817/1082/2533 2818/1083/2534 2814/1079/2530
f 2812/1077/2528 2819/1084/2535 2809/1074/2525
f 2818/1083/2534 2819/1084/2535 2812/1077/2528
f 2819/1084/2535 2820/1085/2536 2809/1074/2525
f 2809/1074/2525 2820/1085/2536 2807/1072/2523
f 2820/1085/2536 2821/1086/2537 2807/1072/2523
f 2822/1087/2538 2823/1088/2539 2824/1089/2540
f 2823/1088/2539 2825/1090/2541 2824/1089/2540
f 2824/1089/2540 2825/1090/2541 2826/1091/2542
f 2825/1090/2541 2827/1092/2543 2826/1091/2542
f 2827/1092/2543 2828/1093/2544 2826/1091/2542
f 2826/1091/2542 2828/1093/2544 2829/1094/2545
f 2828/1093/2544 2830/1095/2546 2829/1094/2545
f 2830/1095/2546 2831/1096/2547 2829/1094/2545
f 2829/1094/2545 2831/1096/2547 2832/1097/2548
f 2831/1096/2547 2833/1098/2549 2832/1097/2548
f 2833/1098/2549 2834/1099/2550 2832/1097/2548
f 2832/1097/2548 2834/1099/2550 2835/1100/2551
f 2834/1099/2550 2836/1101/2552 2835/1100/2551
f 2835/1100/2551 2836/1101/2552 2837/1102/2553
f 2837/1102/2553 2838/1103/2554 2835/1100/2551
f 2839/1104/2555 2838/1103/2554 2837/1102/2553
f 2838/1103/2554 2840/1105/2556 2835/1100/2551
f 2835/1100/2551 2840/1105/2556 2832/1097/2548
f 2832/1097/2548 2841/1106/2557 2829/1094/2545
f 2829/1094/2545 2841/1106/2557 2826/1091/2542
f 2840/1105/2556 2841/1106/2557 2832/1097/2548
f 2826/1091/2542 2842/1107/2558 2824/1089/2540
f 2841/1106/2557 2842/1107/2558 2826/1091/2542
f 2842/1107/2558 2843/1108/2559 2824/1089/2540
f 2824/1089/2540 2843/1108/2559 2822/1087/2538
f 2843/1108/2559 2844/1109/2560 2822/1087/2538
f 2845/1110/2561 2846/1111/2562 2847/1112/2563
f 2846/1111/2562 2848/1113/2564 2847/1112/2563
f 2847/1112/2563 2848/1113/2564 2849/1114/2565
f 2848/1113/2564 2850/1115/2566 2849/1114/2565
f 2849/1114/2565 2850/1115/2566 2851/1116/2567
f 2850/1115/2566 2852/1117/2568 2851/1116/2567
f 2851/1116/2567 2852/1117/2568 2853/1118/2569
f 2853/1118/2569 2852/1117/2568 2854/1119/2570
f 2852/1117/2568 2855/1120/2571 2854/1119/2570
f 2856/1121/2572 2857/1122/2573 2858/1123/2574
f 2857/1122/2573 2859/1124/2575 2858/1123/2574
f 2859/1124/2575 2860/1125/2576 2858/1123/2574
f 2845/1110/2561 2847/1112/2563 2860/1125/2576
f 2859/1124/2575 2845/1110/2561 2860/1125/2576
f 2858/1123/2574 2860/1125/2576 2861/1126/2577
f 2849/1114/2565 2851/1116/2567 2862/1127/2578
f 2847/1112/2563 2849/1114/2565 2862/1127/2578
f 2860/1125/2576 2847/1112/2563 2862/1127/2578
f 2860/1125/2576 2862/1127/2578 2861/1126/2577
f 2862/1127/2578 2851/1116/2567 2863/1128/2579
f 2861/1126/2577 2862/1127/2578 2863/1128/2579
f 2851/1116/2567 2853/1118/2569 2863/1128/2579
f 2863/1128/2579 2864/1129/2580 2861/1126/2577
f 2864/1129/2580 2865/1130/2581 2861/1126/2577
f 2861/1126/2577 2865/1130/2581 2858/1123/2574
f 2858/1123/2574 2865/1130/2581 2856/1121/2572
f 2865/1130/2581 2866/1131/2582 2856/1121/2572
f 2856/1121/2572 2866/1131/2582 2867/1132/2583
f 2866/1131/2582 2868/1133/2584 2867/1132/2583
f 2867/1132/2583 2868/1133/2584 2869/1134/2585
f 2870/474/2586 2871/472/2587 2872/482/2588
f 2872/482/2588 2871/472/2587 2873/478/2589
f 2871/472/2587 2874/483/2590 2873/478/2589
f 2873/478/2589 2874/483/2590 2875/475/2591
f 2874/483/2590 2876/484/2592 2875/475/2591
f 2875/475/2591 2876/484/2592 2877/485/2593
f 2876/484/2592 2874/483/2590 2878/481/2594
f 2878/481/2594 2874/483/2590 2879/480/2595
f 2874/483/2590 2871/472/2587 2879/480/2595
f 2871/472/2587 2870/474/2586 2880/473/2596
f 2879/480/2595 2871/472/2587 2880/473/2596
f 2880/473/2596 2870/474/2586 2881/486/2597
f 2882/1051/2598 2883/1053/2599 2884/1052/2600
f 2884/1052/2600 2883/1053/2599 2885/1054/2601
f 2883/1053/2599 2886/1055/2602 2885/1054/2601
f 2885/1054/2601 2886/1055/2602 2887/1056/2603
f 2886/1055/2602 2883/1053/2599 2888/1057/2604
f 2883/1053/2599 2882/1051/2598 2889/1058/2605
f 2888/1057/2604 2883/1053/2599 2889/1058/2605
f 2889/1058/2605 2882/1051/2598 2890/1059/2606
f 2891/1069/2607 2892/1065/2608 2893/1070/2609
f 2893/1070/2609 2892/1065/2608 2894/1062/2610
f 2892/1065/2608 2895/1064/2611 2894/1062/2610
f 2894/1062/2610 2895/1064/2611 2896/1063/2612
f 2896/1063/2612 2897/1061/2613 2894/1062/2610
f 2897/1061/2613 2898/1060/2614 2894/1062/2610
f 2894/1062/2610 2898/1060/2614 2893/1070/2609
f 2898/1060/2614 2899/1071/2615 2893/1070/2609
f 2900/1120/2616 2901/1135/2617 2902/1119/2618
f 2901/1135/2617 2903/1136/2619 2902/1119/2618
f 2902/1119/2618 2903/1136/2619 2904/1118/2620
f 2903/1136/2619 2905/1137/2621 2904/1118/2620
f 2904/1118/2620 2905/1137/2621 2906/1128/2622
f 2905/1137/2621 2907/1138/2623 2906/1128/2622
f 2906/1128/2622 2907/1138/2623 2908/1129/2624
f 2908/1129/2624 2907/1138/2623 2909/1130/2625
f 2907/1138/2623 2910/1139/2626 2909/1130/2625
f 2909/1130/2625 2910/1139/2626 2911/1131/2627
f 2910/1139/2626 2912/1140/2628 2911/1131/2627
f 2911/1131/2627 2912/1140/2628 2913/1133/2629
f 2912/1140/2628 2914/1141/2630 2913/1133/2629
f 2913/1133/2629 2914/1141/2630 2915/1134/2631
f 2916/1142/2632 2917/1143/2633 2918/1144/2634
f 2918/1144/2634 2917/1143/2633 2919/1145/2635
f 2919/1145/2635 2917/1143/2633 2920/1146/2636
f 2917/1143/2633 2921/1147/2637 2920/1146/2636
f 2920/1146/2636 2921/1147/2637 2922/1148/2638
f 2816/1081/2532 2923/1149/2639 2817/1082/2533
f 2921/1147/2637 2923/1149/2639 2922/1148/2638
f 2922/1148/2638 2923/1149/2639 2815/1080/2531
f 2923/1149/2639 2816/1081/2532 2815/1080/2531
f 2923/1149/2639 2921/1147/2637 2924/1150/2640
f 2817/1082/2533 2923/1149/2639 2924/1150/2640
f 2924/1150/2640 2921/1147/2637 2925/1151/2641
f 2921/1147/2637 2917/1143/2633 2925/1151/2641
f 2917/1143/2633 2916/1142/2632 2926/1152/2642
f 2925/1151/2641 2917/1143/2633 2926/1152/2642
f 2926/1152/2642 2916/1142/2632 2927/1153/2643
f 2867/1132/2583 2928/1154/2644 2856/1121/2572
f 2856/1121/2572 2928/1154/2644 2857/1122/2573
f 2857/1122/2573 2929/1155/2645 2859/1124/2575
f 2928/1154/2644 2929/1155/2645 2857/1122/2573
f 2929/1155/2645 2930/1156/2646 2859/1124/2575
f 2930/1156/2646 2845/1110/2561 2859/1124/2575
f 2931/1135/2647 2932/1157/2648 2933/1136/2649
f 2932/1157/2648 2934/1158/2650 2933/1136/2649
f 2933/1136/2649 2934/1158/2650 2935/1137/2651
f 2934/1158/2650 2936/1159/2652 2935/1137/2651
f 2935/1137/2651 2936/1159/2652 2937/1138/2653
f 2937/1138/2653 2936/1159/2652 2938/1139/2654
f 2936/1159/2652 2939/1160/2655 2938/1139/2654
f 2938/1139/2654 2939/1160/2655 2940/1140/2656
f 2939/1160/2655 2941/1161/2657 2940/1140/2656
f 2940/1140/2656 2941/1161/2657 2942/1141/2658
f 2943/1162/2659 2944/1163/2660 2945/1164/2661
f 2945/1164/2661 2944/1163/2660 2946/1165/2662
f 2947/1165/2663 2948/1163/2664 2949/1166/2665
f 2949/1166/2665 2948/1163/2664 2950/1167/2666
f 2951/1167/2667 2952/1168/2668 2953/1166/2669
f 2953/1166/2669 2952/1168/2668 2954/1169/2670
f 2955/1169/2671 2956/1168/2672 2957/1170/2673
f 2957/1170/2673 2956/1168/2672 2958/1171/2674
f 2959/1171/2675 2960/1172/2676 2961/1170/2677
f 2961/1170/2677 2960/1172/2676 2962/1173/2678
f 2960/1172/2676 2963/1174/2679 2962/1173/2678
f 2962/1173/2678 2963/1174/2679 2964/1175/2680
f 2964/1175/2680 2963/1174/2679 2965/1176/2681
f 2963/1174/2679 2966/1177/2682 2965/1176/2681
f 2965/1176/2681 2966/1177/2682 2967/1164/2683
f 2966/1177/2682 2968/1162/2684 2967/1164/2683
f 2969/1164/2685 2970/1165/2686 2971/1176/2687
f 2970/1165/2686 2972/1166/2688 2971/1176/2687
f 2971/1176/2687 2972/1166/2688 2973/1175/2689
f 2973/1175/2689 2972/1166/2688 2974/1173/2690
f 2972/1166/2688 2975/1169/2691 2974/1173/2690
f 2974/1173/2690 2975/1169/2691 2976/1170/2692
f 2977/1109/2693 2978/1108/2694 2979/1162/2695
f 2979/1162/2695 2978/1108/2694 2980/1163/2696
f 2978/1108/2694 2981/1107/2697 2980/1163/2696
f 2980/1163/2696 2981/1107/2697 2982/1167/2698
f 2981/1107/2697 2983/1106/2699 2982/1167/2698
f 2983/1106/2699 2984/1105/2700 2982/1167/2698
f 2982/1167/2698 2984/1105/2700 2985/1168/2701
f 2984/1105/2700 2986/1103/2702 2985/1168/2701
f 2985/1168/2701 2986/1103/2702 2987/1171/2703
f 2986/1103/2702 2988/1104/2704 2987/1171/2703
f 2989/1178/2705 2990/1179/2706 2991/1180/2707
f 2990/1179/2706 2992/1181/2708 2991/1180/2707
f 2991/1180/2707 2992/1181/2708 2993/1182/2709
f 2992/1181/2708 2994/1183/2710 2993/1182/2709
f 2993/1182/2709 2994/1183/2710 2995/1184/2711
f 2995/1184/2711 2994/1183/2710 2996/1185/2712
f 2994/1183/2710 2997/1186/2713 2996/1185/2712
f 2996/1185/2712 2997/1186/2713 2998/1187/2714
f 2997/1186/2713 2999/1188/2715 2998/1187/2714
f 2998/1187/2714 2999/1188/2715 3000/1189/2716
f 3001/1086/2717 3002/1085/2718 3003/1189/2719
f 3003/1189/2719 3002/1085/2718 3004/1187/2720
f 3002/1085/2718 3005/1084/2721 3004/1187/2720
f 3004/1187/2720 3005/1084/2721 3006/1185/2722
f 3005/1084/2721 3007/1083/2723 3006/1185/2722
f 3006/1185/2722 3007/1083/2723 3008/1184/2724
f 3007/1083/2723 3009/1082/2725 3008/1184/2724
f 3009/1082/2725 3010/1150/2726 3008/1184/2724
f 3008/1184/2724 3010/1150/2726 3011/1182/2727
f 3010/1150/2726 3012/1151/2728 3011/1182/2727
f 3011/1182/2727 3012/1151/2728 3013/1180/2729
f 3012/1151/2728 3014/1152/2730 3013/1180/2729
f 3013/1180/2729 3014/1152/2730 3015/1178/2731
f 3014/1152/2730 3016/1153/2732 3015/1178/2731
f 3017/1190/2733 3018/1071/2734 3019/1191/2735
f 3018/1071/2734 3020/1060/2736 3019/1191/2735
f 3020/1060/2736 3021/1061/2737 3019/1191/2735
f 3019/1191/2735 3021/1061/2737 3022/1192/2738
f 3023/1190/2739 3024/1193/2740 3025/1071/2741
f 3025/1071/2741 3024/1193/2740 3026/1070/2742
f 3024/1193/2740 3027/1194/2743 3026/1070/2742
f 3026/1070/2742 3027/1194/2743 3028/1069/2744
f 3028/1069/2744 3027/1194/2743 3029/1068/2745
f 3027/1194/2743 3030/1195/2746 3029/1068/2745
f 3031/1192/2747 3032/1061/2748 3033/1196/2749
f 3032/1061/2748 3034/1063/2750 3033/1196/2749
f 3034/1063/2750 3035/1064/2751 3033/1196/2749
f 3033/1196/2749 3035/1064/2751 3036/1197/2752
f 3035/1064/2751 3037/1066/2753 3036/1197/2752
f 3036/1197/2752 3037/1066/2753 3038/1198/2754
f 3039/1195/2755 3040/1199/2756 3041/1068/2757
f 3041/1068/2757 3040/1199/2756 3042/1067/2758
f 3042/1067/2758 3040/1199/2756 3043/1066/2759
f 3040/1199/2756 3044/1198/2760 3043/1066/2759
f 3045/1200/2761 3046/1052/2762 3047/1201/2763
f 3046/1052/2762 3048/1054/2764 3047/1201/2763
f 3048/1054/2764 3049/1056/2765 3047/1201/2763
f 3047/1201/2763 3049/1056/2765 3050/1202/2766
f 3051/1068/2767 3052/1067/2768 2891/1069/2607
f 2891/1069/2607 3052/1067/2768 2892/1065/2608
f 2892/1065/2608 3053/1066/2769 2895/1064/2611
f 3052/1067/2768 3053/1066/2769 2892/1065/2608
f 3054/1200/2770 3055/1203/2771 3056/1052/2772
f 3056/1052/2772 3055/1203/2771 3057/1051/2773
f 3057/1051/2773 3055/1203/2771 3058/1059/2774
f 3055/1203/2771 3059/1204/2775 3058/1059/2774
f 3060/1202/2776 3061/1056/2777 3062/1205/2778
f 3061/1056/2777 3063/1055/2779 3062/1205/2778
f 3063/1055/2779 3064/1057/2780 3062/1205/2778
f 3062/1205/2778 3064/1057/2780 3065/1206/2781
f 3066/1204/2782 3067/1207/2783 3068/1059/2784
f 3068/1059/2784 3067/1207/2783 3069/1058/2785
f 3069/1058/2785 3067/1207/2783 3070/1057/2786
f 3067/1207/2783 3071/1206/2787 3070/1057/2786
f 3072/487/2788 3073/485/2789 3074/489/2790
f 3073/485/2789 3075/484/2791 3074/489/2790
f 3075/484/2791 3076/481/2792 3074/489/2790
f 3074/489/2790 3076/481/2792 3077/490/2793
f 3078/487/2794 3079/477/2795 3080/485/2796
f 3080/485/2796 3079/477/2795 3081/475/2797
f 3079/477/2795 3082/476/2798 3081/475/2797
f 3081/475/2797 3082/476/2798 3083/478/2799
f 3083/478/2799 3082/476/2798 3084/482/2800
f 3082/476/2798 3085/488/2801 3084/482/2800
f 3086/490/2802 3087/481/2803 3088/479/2804
f 3087/481/2803 3089/480/2805 3088/479/2804
f 3089/480/2805 3090/473/2806 3088/479/2804
f 3088/479/2804 3090/473/2806 3091/493/2807
f 3090/473/2806 3092/486/2808 3091/493/2807
f 3091/493/2807 3092/486/2808 3093/492/2809
f 3094/488/2810 3095/491/2811 3096/482/2812
f 3096/482/2812 3095/491/2811 3097/474/2813
f 3097/474/2813 3095/491/2811 3098/486/2814
f 3095/491/2811 3099/492/2815 3098/486/2814
f 3100/1190/2816 3101/1071/2817 3102/1193/2818
f 3101/1071/2817 3103/1070/2819 3102/1193/2818
f 3102/1193/2818 3103/1070/2819 3104/1194/2820
f 3103/1070/2819 3105/1069/2821 3104/1194/2820
f 3105/1069/2821 3106/1068/2822 3104/1194/2820
f 3104/1194/2820 3106/1068/2822 3107/1195/2823
f 3108/1190/2824 3109/1191/2825 3110/1071/2826
f 3110/1071/2826 3109/1191/2825 3111/1060/2827
f 3111/1060/2827 3109/1191/2825 3112/1061/2828
f 3109/1191/2825 3113/1192/2829 3112/1061/2828
f 3114/1195/2830 3115/1068/2831 3116/1199/2832
f 3115/1068/2831 3117/1067/2833 3116/1199/2832
f 3117/1067/2833 3118/1066/2834 3116/1199/2832
f 3116/1199/2832 3118/1066/2834 3119/1198/2835
f 3120/1192/2836 3121/1196/2837 3122/1061/2838
f 3122/1061/2838 3121/1196/2837 3123/1063/2839
f 3123/1063/2839 3121/1196/2837 3124/1064/2840
f 3121/1196/2837 3125/1197/2841 3124/1064/2840
f 3124/1064/2840 3125/1197/2841 3126/1066/2842
f 3125/1197/2841 3127/1198/2843 3126/1066/2842
f 3128/1200/2844 3129/1052/2845 3130/1203/2846
f 3129/1052/2845 3131/1051/2847 3130/1203/2846
f 3131/1051/2847 3132/1059/2848 3130/1203/2846
f 3130/1203/2846 3132/1059/2848 3133/1204/2849
f 3134/1200/2850 3135/1201/2851 3136/1052/2852
f 3136/1052/2852 3135/1201/2851 3137/1054/2853
f 3137/1054/2853 3135/1201/2851 3138/1056/2854
f 3135/1201/2851 3139/1202/2855 3138/1056/2854
f 3140/1204/2856 3141/1059/2857 3142/1207/2858
f 3141/1059/2857 3143/1058/2859 3142/1207/2858
f 3143/1058/2859 3144/1057/2860 3142/1207/2858
f 3142/1207/2858 3144/1057/2860 3145/1206/2861
f 3146/1202/2862 3147/1205/2863 3148/1056/2864
f 3148/1056/2864 3147/1205/2863 3149/1055/2865
f 3149/1055/2865 3147/1205/2863 3150/1057/2866
f 3147/1205/2863 3151/1206/2867 3150/1057/2866
o rdmobj04
v 0.203873 0.848720 -0.011065
v 0.199371 0.900356 -0.035988
v 0.224533 0.943325 -0.009132
v 0.069481 0.771236 0.089317
v 0.072464 0.857326 0.111839
v 0.045185 0.859676 0.100609
v 0.074684 0.702236 0.052658
v 0.067093 0.726406 0.068939
v 0.038540 0.725459 0.044270
v 0.032772 0.774807 -0.036350
v 0.040527 0.727169 -0.041622
v 0.024286 0.731319 -0.010793
v 0.073715 0.929348 -0.125580
v 0.119148 0.945507 -0.121925
v 0.121742 0.823757 -0.117180
v 0.071266 0.758693 -0.101959
v 0.077148 0.723140 -0.095741
v 0.058777 0.722652 -0.080811
v 0.119247 0.732295 -0.101997
v 0.120590 0.694332 -0.105309
v 0.081566 0.688991 -0.101395
v 0.099190 0.843349 0.110237
v 0.128632 0.963466 0.122566
v 0.097343 0.953472 0.128311
v -0.145783 0.723781 0.043903
v -0.168701 0.760829 0.044228
v -0.164475 0.728450 0.025787
v -0.153702 0.687770 0.034367
v -0.165268 0.743831 -0.067490
v -0.185822 0.836025 -0.020765
v -0.160568 0.803432 -0.081589
v -0.184799 0.898159 -0.034336
v -0.157120 0.855129 -0.087021
v -0.184250 0.978008 -0.045616
v -0.156006 0.959942 -0.091240
v -0.081825 0.685298 0.049164
v -0.085999 0.631893 0.047852
v -0.060688 0.618770 0.022720
v -0.156845 0.973461 0.113937
v -0.187363 0.894191 0.097046
v -0.158402 0.884273 0.111435
v -0.183273 0.987224 0.093918
v -0.081566 0.688991 -0.101395
v -0.077148 0.723140 -0.095741
v -0.053642 0.686031 -0.085808
v -0.058777 0.722652 -0.080811
v -0.184799 0.655574 -0.076759
v -0.154114 0.645137 -0.109932
v -0.202515 0.595149 -0.096901
v -0.167679 0.590511 -0.132645
v -0.049549 0.648494 -0.094429
v -0.081780 0.650569 -0.118263
v -0.075852 0.587825 -0.140274
v -0.181839 0.229000 -0.038456
v -0.185776 0.235897 -0.013958
v -0.181473 0.239803 -0.021330
v -0.217117 0.489498 -0.048954
v -0.219940 0.490963 -0.089409
v -0.234879 0.489254 -0.048717
v -0.046337 0.232235 -0.051392
v -0.048168 0.234065 -0.011210
v -0.052898 0.226803 -0.047970
v -0.042332 0.239925 -0.009726
v -0.045792 0.265621 -0.056114
v -0.041733 0.273616 -0.012481
v -0.047173 0.280513 -0.015800
v -0.219864 0.474910 -0.138718
v -0.213745 0.474727 -0.139572
v -0.217209 0.449764 -0.135422
v -0.211090 0.449581 -0.136276
v -0.005851 0.446834 -0.073235
v -0.022364 0.447567 -0.121262
v -0.019890 0.483883 -0.116089
v -0.066254 0.482662 -0.159088
v -0.124725 0.443782 -0.171249
v -0.184052 0.443966 -0.143417
v -0.184616 0.485531 -0.147903
v -0.129456 0.338802 0.035900
v -0.126679 0.287227 0.042690
v -0.123062 0.323787 0.048008
v -0.168655 0.464046 0.023565
v -0.167664 0.431148 0.020359
v -0.141846 0.428951 0.039867
v -0.131546 0.377315 0.045372
v -0.026928 0.530819 -0.000014
v -0.034489 0.597774 0.005530
v -0.075043 0.586178 0.036453
v -0.009825 0.554195 -0.026218
v -0.121895 0.385799 -0.144348
v -0.117020 0.326656 -0.119865
v -0.161453 0.336483 -0.104774
v -0.075729 0.396297 -0.132462
v -0.075928 0.339718 -0.112076
v -0.022253 0.427425 -0.068298
v -0.014755 0.439388 -0.022566
v -0.042950 0.355037 -0.082855
v -0.205460 0.434261 -0.088676
v -0.175690 0.437862 -0.134628
v -0.174393 0.406429 -0.126587
v -0.120979 0.438839 -0.161011
v -0.109367 0.044979 -0.098457
v -0.108177 0.044857 -0.088371
v -0.076294 0.044613 -0.085098
v -0.137772 0.044979 -0.073860
v -0.145371 0.045101 -0.080101
v -0.143082 0.042904 -0.020542
v -0.153671 0.044613 -0.026728
v -0.216431 0.043269 0.133392
v -0.213364 0.025569 0.133926
v -0.211090 0.027645 0.200516
v -0.202789 0.045223 0.249619
v -0.201233 0.027645 0.250092
v -0.154038 0.027645 0.268707
v -0.179871 0.100763 0.034832
v -0.162171 0.042293 0.035576
v -0.192246 0.041804 0.091698
v -0.186585 0.079403 0.228409
v -0.202683 0.077083 0.190063
v -0.192825 0.062923 0.242264
v -0.068275 0.220821 0.025854
v -0.080994 0.162410 0.075111
v -0.058991 0.148737 0.052197
v -0.072975 0.118708 0.123718
v -0.103233 0.149226 -0.084175
v -0.107964 0.095150 -0.106789
v -0.134506 0.154231 -0.061996
v -0.153198 0.092952 -0.086426
v -0.064652 0.096003 0.079826
v -0.074463 0.043390 0.084877
v -0.071693 0.050226 0.031696
v -0.153702 0.217830 0.010242
v -0.151001 0.235042 0.021801
v -0.165619 0.230465 -0.003213
v 0.055622 0.211910 -0.044739
v 0.048115 0.157771 -0.022486
v 0.051167 0.211910 -0.005261
v 0.051762 0.146662 0.013219
v 0.122452 0.078304 0.221222
v 0.167877 0.096492 0.179184
v 0.092690 0.104671 0.185028
v 0.100876 0.126277 0.139114
v 0.154984 0.130671 0.097549
v 0.113518 0.171993 0.077774
v 0.153382 0.081722 0.248428
v 0.186585 0.079403 0.228409
v 0.192825 0.062923 0.242264
v 0.106880 0.220882 -0.081215
v 0.105248 0.189205 -0.083107
v 0.071571 0.194942 -0.068359
v 0.173599 0.095150 -0.037598
v 0.143082 0.042904 -0.020542
v 0.153198 0.092952 -0.086426
v 0.134506 0.154231 -0.061996
v 0.107964 0.095150 -0.106789
v 0.103233 0.149226 -0.084175
v 0.111664 0.467220 0.029974
v 0.121307 0.441524 0.035744
v 0.120171 0.492428 0.040817
v 0.151001 0.235042 0.021801
v 0.165619 0.230465 -0.003213
v 0.174393 0.235347 -0.004703
v 0.048168 0.234065 -0.011210
v 0.042332 0.239925 -0.009726
v 0.046337 0.232235 -0.051392
v 0.069420 0.260006 -0.083115
v 0.072670 0.267879 -0.078926
v 0.107422 0.265255 -0.087379
v 0.234879 0.489254 -0.048717
v 0.217606 0.442257 -0.050297
v 0.222687 0.432064 -0.049011
v 0.203613 0.433468 -0.048378
v 0.044563 0.440365 0.009342
v 0.007414 0.478511 -0.020321
v 0.007054 0.446529 -0.021008
v 0.065796 0.445919 -0.159576
v 0.066254 0.482662 -0.159088
v 0.120987 0.483455 -0.172531
v 0.124725 0.443782 -0.171249
v 0.171097 0.576717 0.041294
v 0.195953 0.433956 -0.005657
v 0.195236 0.442867 -0.006805
v 0.192017 0.432735 -0.020611
v 0.116905 0.366695 0.045876
v 0.097611 0.362484 0.034588
v 0.115540 0.361629 0.037544
v 0.130600 0.365963 0.043808
v 0.125900 0.536068 -0.161499
v 0.117516 0.577144 -0.149918
v 0.176712 0.548763 -0.142212
v 0.220734 0.562435 -0.047371
v 0.216034 0.588619 -0.040154
v 0.206558 0.546505 -0.012347
v 0.018644 0.598445 -0.026976
v 0.004164 0.548946 -0.076210
v 0.009825 0.554195 -0.026218
v 0.174393 0.406429 -0.126587
v 0.161453 0.336483 -0.104774
v 0.121895 0.385799 -0.144348
v 0.117020 0.326656 -0.119865
v 0.022253 0.427425 -0.068298
v 0.042950 0.355037 -0.082855
v 0.014755 0.439388 -0.022566
v 0.075729 0.396297 -0.132462
v 0.029970 0.440670 -0.116821
v 0.040333 0.409359 -0.108269
v -0.138245 1.206905 -0.085983
v -0.164871 1.149931 -0.070465
v -0.164841 1.197174 -0.059055
v -0.029856 1.253650 0.116394
v 0.000000 1.253650 0.119270
v -0.029856 1.292949 0.116394
v 0.000000 1.292949 0.119270
v -0.057865 1.242832 0.102539
v -0.059711 1.253650 0.113518
v -0.104912 1.253650 0.101082
v -0.055428 1.320278 -0.100319
v 0.000000 1.318111 -0.104286
v -0.056095 1.318111 -0.112411
v 0.065193 1.324428 0.094254
v 0.027876 1.324245 0.110695
v 0.065590 1.322887 0.100449
v -0.156967 1.303768 0.044292
v -0.160248 1.303768 0.018587
v -0.170914 1.295345 0.022320
v -0.169434 1.294048 -0.027287
v -0.159470 1.304531 -0.027460
v 0.057865 1.303768 0.102539
v 0.059711 1.292934 0.113518
v 0.104912 1.292949 0.101082
v 0.162369 1.295513 0.052616
v 0.165482 1.299511 0.063942
v 0.164856 1.257526 0.062836
v 0.171249 1.253490 0.023567
v 0.155899 1.242832 0.043049
v 0.160568 1.242832 0.026743
v 0.193955 1.131155 0.044460
v 0.188156 1.139354 0.065109
v 0.206787 1.072933 0.050156
v 0.147507 1.257564 0.083031
v 0.136536 1.291820 0.080841
v 0.136566 1.252895 0.080704
v -0.006737 1.036007 -0.060951
v -0.006360 0.973461 -0.061867
v -0.032387 1.018734 -0.090668
v -0.040859 0.988582 -0.102890
v 0.048443 1.133598 -0.141830
v 0.039001 1.090709 -0.121376
v 0.000000 1.115303 -0.113991
v 0.094299 1.125270 -0.128372
v 0.129547 1.131223 -0.109596
v 0.116783 1.077022 -0.097069
v 0.081757 1.069515 -0.108116
v 0.000000 1.181886 -0.126038
v -0.055874 1.185417 -0.143951
v -0.056095 1.242832 -0.112411
v -0.096573 1.188440 -0.125427
v -0.089516 1.242832 -0.106979
v 0.040859 0.988582 -0.102890
v 0.032387 1.018734 -0.090668
v 0.066567 1.036098 -0.103294
v -0.011922 0.992458 0.060619
v -0.043003 1.010036 0.095535
v -0.038109 0.938549 0.094261
v -0.039280 1.049862 -0.101181
v -0.066567 1.036098 -0.103294
v -0.081757 1.069515 -0.108116
v -0.106880 1.093120 0.109322
v -0.092209 1.190197 0.102463
v -0.137116 1.131561 0.097694
v 0.006360 0.973461 -0.061867
v 0.004090 0.918209 -0.008182
v 0.003711 0.971675 0.000981
v 0.220703 1.002834 -0.007583
v 0.219254 0.995678 0.034336
v 0.224655 0.917125 0.019453
v 0.204910 0.843746 0.003445
v 0.188385 0.771541 -0.001613
v 0.191834 0.837276 -0.024769
v 0.199005 0.976757 -0.043510
v 0.203857 0.835903 0.009586
v 0.214020 0.903529 0.026730
v 0.206589 1.002025 0.045330
v 0.185822 0.836025 -0.020765
v 0.184799 0.898159 -0.034336
v 0.184250 0.978008 -0.045616
v 0.035736 0.768520 0.067284
v 0.018728 0.778133 0.017620
v 0.026516 0.865505 0.063530
v 0.006815 0.859676 0.029491
v 0.019936 0.778072 -0.005614
v 0.031181 0.695644 -0.005393
v 0.039219 0.690090 0.028309
v 0.036125 0.654842 -0.007627
v 0.043118 0.666042 0.025532
v 0.064377 0.677547 0.044373
v 0.109543 0.747066 0.070122
v 0.102959 0.771145 0.086098
v 0.080246 0.949993 0.110146
v 0.064270 0.945903 0.113945
v 0.038109 0.938549 0.094261
v 0.010702 0.926342 0.053596
v 0.004090 0.918209 -0.008182
v 0.005830 0.844875 -0.018879
v 0.037800 0.690151 -0.045395
v 0.030336 0.668331 -0.051960
v 0.029999 0.649898 -0.055267
v 0.008676 0.592464 -0.071274
v 0.034489 0.597774 0.005530
v 0.060688 0.618770 0.022720
v 0.075043 0.586178 0.036453
v 0.084213 0.814235 -0.117302
v 0.119141 0.757564 -0.109589
v 0.098656 0.748134 -0.105698
v 0.058456 0.815365 -0.101669
v 0.050854 0.771633 -0.078926
v 0.032692 0.825374 -0.070122
v 0.010116 0.908443 -0.070900
v 0.032410 0.914043 -0.105812
v 0.156006 0.959942 -0.091240
v 0.157120 0.855129 -0.087021
v 0.160568 0.803432 -0.081589
v 0.165268 0.743831 -0.067490
v 0.040527 0.727169 -0.041622
v 0.032772 0.774807 -0.036350
v 0.005830 0.844875 -0.018879
v 0.183273 0.987224 0.093918
v 0.187363 0.894191 0.097046
v 0.156845 0.973461 0.113937
v 0.158402 0.884273 0.111435
v 0.179718 0.808345 0.074745
v 0.143478 0.791774 0.088844
v 0.137955 0.755306 0.064995
v 0.168701 0.760829 0.044228
v 0.145783 0.723781 0.043903
v 0.117813 0.718501 0.071381
v 0.118851 0.688991 0.062069
v 0.153702 0.687770 0.034367
v 0.127350 0.638240 0.047958
v 0.162262 0.636897 0.033600
v 0.135513 0.600765 0.037014
v 0.178803 0.585933 0.028351
v 0.085999 0.631893 0.047852
v 0.081825 0.685298 0.049164
v 0.121155 0.786617 0.090782
v 0.127609 0.863277 0.118385
v 0.184799 0.655574 -0.076759
v 0.154114 0.645137 -0.109932
v 0.165283 0.688106 -0.079430
v 0.119415 0.638118 -0.129074
v 0.081780 0.650569 -0.118263
v 0.049549 0.648494 -0.094429
v 0.053642 0.686031 -0.085808
v 0.029999 0.649898 -0.055267
v 0.030336 0.668331 -0.051960
v 0.037800 0.690151 -0.045395
v 0.181549 0.691585 -0.035721
v 0.193909 0.662960 -0.035042
v 0.209641 0.620235 -0.039577
v 0.200394 0.623714 -0.000836
v 0.180359 0.682369 0.000270
v 0.173843 0.714199 0.001067
v 0.165161 0.681484 0.022867
v 0.034508 0.588557 -0.116692
v 0.008676 0.592464 -0.071274
v 0.075851 0.587825 -0.140274
v 0.167679 0.590511 -0.132645
v 0.202515 0.595149 -0.096901
v 0.204865 0.593746 -0.008476
v 0.164475 0.728450 0.025787
v -0.191834 0.837276 -0.024769
v -0.188385 0.771541 -0.001613
v -0.203873 0.848720 -0.011065
v -0.204910 0.843746 0.003445
v -0.224533 0.943325 -0.009132
v -0.224655 0.917125 0.019453
v -0.219254 0.995678 0.034336
v -0.220703 1.002834 -0.007583
v -0.199005 0.976757 -0.043510
v -0.199371 0.900356 -0.035988
v -0.203857 0.835903 0.009586
v -0.214020 0.903529 0.026730
v -0.206589 1.002025 0.045330
v -0.179718 0.808345 0.074745
v -0.143478 0.791774 0.088844
v -0.127609 0.863277 0.118385
v -0.121155 0.786617 0.090782
v -0.137955 0.755306 0.064995
v -0.173843 0.714199 0.001067
v -0.181549 0.691585 -0.035721
v -0.109543 0.747066 0.070122
v -0.117813 0.718501 0.071381
v -0.074684 0.702236 0.052658
v -0.118851 0.688991 0.062069
v -0.127350 0.638240 0.047958
v -0.135513 0.600765 0.037014
v -0.067093 0.726406 0.068939
v -0.069481 0.771236 0.089317
v -0.038540 0.725459 0.044270
v -0.035736 0.768520 0.067284
v -0.018728 0.778133 0.017620
v -0.045185 0.859676 0.100609
v -0.072464 0.857326 0.111839
v -0.026516 0.865505 0.063530
v -0.006815 0.859676 0.029491
v -0.019936 0.778072 -0.005614
v -0.024286 0.731319 -0.010793
v -0.031181 0.695644 -0.005393
v -0.039219 0.690090 0.028309
v -0.036125 0.654842 -0.007627
v -0.043118 0.666042 0.025532
v -0.064377 0.677547 0.044373
v -0.102959 0.771145 0.086098
v -0.099190 0.843349 0.110237
v -0.080246 0.949993 0.110146
v -0.064270 0.945903 0.113945
v -0.010702 0.926342 0.053596
v -0.004090 0.918209 -0.008182
v -0.005830 0.844875 -0.018879
v -0.032772 0.774807 -0.036350
v -0.040527 0.727169 -0.041622
v -0.037800 0.690151 -0.045395
v -0.030336 0.668331 -0.051960
v -0.029999 0.649898 -0.055267
v -0.008676 0.592464 -0.071274
v -0.018644 0.598445 -0.026976
v -0.178803 0.585933 0.028351
v -0.162262 0.636897 0.033600
v -0.128632 0.963466 0.122566
v -0.040527 0.727169 -0.041622
v -0.050854 0.771633 -0.078926
v -0.032772 0.774807 -0.036350
v -0.071266 0.758693 -0.101959
v -0.098656 0.748134 -0.105698
v -0.119247 0.732295 -0.101997
v -0.119141 0.757564 -0.109589
v -0.200394 0.623714 -0.000836
v -0.180359 0.682369 0.000270
v -0.165161 0.681484 0.022867
v -0.193909 0.662960 -0.035042
v -0.209641 0.620235 -0.039577
v -0.165283 0.688106 -0.079430
v -0.120590 0.694332 -0.105309
v -0.037800 0.690151 -0.045395
v -0.030336 0.668331 -0.051960
v -0.029999 0.649898 -0.055267
v -0.119415 0.638118 -0.129074
v -0.005830 0.844875 -0.018879
v -0.032692 0.825374 -0.070122
v -0.058456 0.815365 -0.101669
v -0.084213 0.814235 -0.117302
v -0.121742 0.823757 -0.117180
v -0.119148 0.945507 -0.121925
v -0.073715 0.929348 -0.125580
v -0.032410 0.914043 -0.105812
v -0.010116 0.908443 -0.070900
v -0.004090 0.918209 -0.008182
v -0.204865 0.593746 -0.008476
v -0.216034 0.588619 -0.040154
v -0.117516 0.577144 -0.149918
v -0.034508 0.588558 -0.116692
v -0.008676 0.592464 -0.071274
v -0.097344 0.953472 0.128311
v -0.178803 0.236202 -0.037594
v -0.176483 0.236568 -0.040390
v -0.123344 0.541134 0.052822
v -0.106979 0.564632 0.054649
v -0.150696 0.563289 0.051739
v -0.138184 0.539852 0.053059
v -0.131271 0.413509 0.031799
v -0.117203 0.378353 0.044464
v -0.120323 0.414119 0.031292
v -0.131317 0.441158 0.035088
v -0.121307 0.441524 0.035744
v -0.120171 0.492428 0.040817
v -0.135025 0.492061 0.039719
v -0.121185 0.527095 0.041531
v -0.136597 0.525936 0.041279
v -0.150711 0.551754 0.039558
v -0.157883 0.551143 0.035500
v -0.146484 0.491756 0.028358
v -0.135773 0.440975 0.027592
v -0.111664 0.467220 0.029974
v -0.096855 0.552974 0.040195
v -0.104691 0.553707 0.042118
v -0.180359 0.258846 -0.045013
v -0.181732 0.254940 -0.040470
v -0.187042 0.262386 -0.043564
v -0.182526 0.253597 -0.022720
v -0.189011 0.258663 -0.018076
v -0.170136 0.231014 -0.045135
v -0.174347 0.220943 -0.043331
v -0.163468 0.226558 -0.041798
v -0.174011 0.262935 -0.049759
v -0.182175 0.270992 -0.050999
v -0.169937 0.270321 -0.049503
v -0.185135 0.275325 -0.012765
v -0.177551 0.225032 -0.003821
v -0.171768 0.274959 -0.012512
v -0.178085 0.266903 -0.010283
v -0.174393 0.235347 -0.004703
v -0.165619 0.230465 -0.003213
v -0.169937 0.270321 -0.049503
v -0.171768 0.274959 -0.012512
v -0.163468 0.226558 -0.041798
v -0.165619 0.230465 -0.003213
v -0.240677 0.481746 -0.082161
v -0.239075 0.471737 -0.055191
v -0.231888 0.472469 -0.079842
v -0.229843 0.466732 -0.062347
v -0.234024 0.447567 -0.055389
v -0.228714 0.453060 -0.062382
v -0.232437 0.439266 -0.081825
v -0.227249 0.448604 -0.079651
v -0.223801 0.445491 -0.081657
v -0.220261 0.442440 -0.089325
v -0.224930 0.432491 -0.088676
v -0.205460 0.434261 -0.088676
v -0.230728 0.476314 -0.082993
v -0.227188 0.484310 -0.090660
v -0.237289 0.491085 -0.089180
v -0.219940 0.490963 -0.089409
v -0.222687 0.432064 -0.049011
v -0.205460 0.434261 -0.088676
v -0.203613 0.433468 -0.048378
v -0.176483 0.236568 -0.040390
v -0.164719 0.239925 -0.084358
v -0.170136 0.231014 -0.045135
v -0.160385 0.236690 -0.085594
v -0.180359 0.258846 -0.045013
v -0.164627 0.253231 -0.085876
v -0.174011 0.262935 -0.049759
v -0.160294 0.255550 -0.087120
v -0.170136 0.231014 -0.045135
v -0.174011 0.262935 -0.049759
v -0.165619 0.230465 -0.003213
v -0.151001 0.235042 0.021801
v -0.174393 0.235347 -0.004703
v -0.152298 0.242183 0.032600
v -0.171768 0.274959 -0.012512
v -0.178085 0.266903 -0.010283
v -0.162430 0.277095 0.011031
v -0.158661 0.271114 0.024359
v -0.170136 0.231014 -0.045135
v -0.145004 0.227779 -0.074104
v -0.163468 0.226558 -0.041798
v -0.140625 0.223506 -0.066605
v -0.106880 0.220882 -0.081215
v -0.107399 0.225826 -0.088501
v -0.069252 0.227901 -0.078468
v -0.072395 0.222530 -0.071190
v -0.076645 0.242611 0.031097
v -0.075890 0.250057 0.041565
v -0.072701 0.281185 0.034409
v -0.071777 0.287655 0.024195
v -0.051991 0.272457 -0.055843
v -0.069420 0.260006 -0.083115
v -0.072670 0.267879 -0.078926
v -0.107422 0.265255 -0.087379
v -0.107727 0.257320 -0.092201
v -0.146362 0.259639 -0.078728
v -0.142883 0.267452 -0.074318
v -0.169937 0.270321 -0.049503
v -0.174011 0.262935 -0.049759
v -0.225189 0.481685 -0.050198
v -0.217117 0.489498 -0.048954
v -0.217606 0.442257 -0.050297
v -0.203613 0.433468 -0.048378
v -0.220261 0.442440 -0.089325
v -0.223801 0.445491 -0.081657
v -0.227188 0.484310 -0.090660
v -0.230728 0.476314 -0.082993
v -0.220261 0.442440 -0.089325
v -0.227188 0.484310 -0.090660
v -0.044563 0.440365 0.009342
v -0.038738 0.436824 -0.001003
v -0.007054 0.446529 -0.021008
v -0.014755 0.439388 -0.022566
v -0.017628 0.441036 -0.071815
v -0.029970 0.440670 -0.116821
v -0.065796 0.445919 -0.159576
v -0.070732 0.437435 -0.149582
v -0.120979 0.438839 -0.161011
v -0.175690 0.437862 -0.134628
v -0.205460 0.434261 -0.088676
v -0.220261 0.442440 -0.089325
v -0.007414 0.478511 -0.020321
v -0.049446 0.474422 0.013327
v -0.046295 0.480098 0.004543
v -0.015431 0.485592 -0.021278
v -0.003421 0.481380 -0.075081
v -0.013070 0.488521 -0.075279
v -0.025333 0.490291 -0.107117
v -0.071594 0.488765 -0.151505
v -0.120987 0.483455 -0.172531
v -0.120308 0.488582 -0.163803
v -0.181015 0.491573 -0.142105
v -0.219940 0.490963 -0.089409
v -0.227188 0.484310 -0.090660
v -0.203613 0.433468 -0.048378
v -0.192017 0.432735 -0.020611
v -0.217606 0.442257 -0.050297
v -0.195236 0.442867 -0.006805
v -0.225189 0.481685 -0.050198
v -0.217117 0.489498 -0.048954
v -0.192215 0.487240 -0.007174
v -0.193131 0.476436 -0.000405
v -0.038738 0.436824 -0.001003
v -0.044563 0.440365 0.009342
v -0.045223 0.432613 0.012918
v -0.083641 0.578975 0.047115
v -0.049446 0.474422 0.013327
v -0.046295 0.480098 0.004543
v -0.075043 0.586178 0.036453
v -0.140381 0.193171 0.055111
v -0.110954 0.197139 0.064270
v -0.134308 0.205196 0.062084
v -0.116264 0.207576 0.063927
v -0.106705 0.208309 0.064537
v -0.086006 0.210323 0.066139
v -0.082665 0.195858 0.053875
v -0.171097 0.576717 0.041294
v -0.178803 0.585933 0.028351
v -0.192215 0.487240 -0.007174
v -0.193131 0.476436 -0.000405
v -0.195236 0.442867 -0.006805
v -0.195953 0.433956 -0.005657
v -0.192017 0.432735 -0.020611
v -0.076645 0.242611 0.031097
v -0.075890 0.250057 0.041565
v -0.079086 0.255367 0.048512
v -0.072701 0.281185 0.034409
v -0.074173 0.287410 0.035992
v -0.071777 0.287655 0.024195
v -0.058270 0.376400 0.015995
v -0.053814 0.374813 0.005230
v -0.087967 0.290584 0.052555
v -0.089729 0.367794 0.041023
v -0.081757 0.433223 0.038174
v -0.083145 0.464657 0.039127
v -0.176025 0.367977 0.000697
v -0.179276 0.366085 -0.010113
v -0.162430 0.277095 0.011031
v -0.159638 0.286556 0.020819
v -0.158661 0.271114 0.024359
v -0.146973 0.245907 0.041451
v -0.152298 0.242183 0.032600
v -0.151001 0.235042 0.021801
v -0.111137 0.430050 0.041382
v -0.100418 0.493221 0.043240
v -0.088432 0.564205 0.052940
v -0.155533 0.492183 0.039303
v -0.167664 0.562252 0.046421
v -0.152008 0.363643 0.028433
v -0.145187 0.289180 0.040905
v -0.141617 0.359493 0.026413
v -0.137360 0.286007 0.037598
v -0.129547 0.222713 0.049080
v -0.097611 0.362484 0.034588
v -0.094093 0.286922 0.047340
v -0.092079 0.225765 0.052845
v -0.122276 0.291622 0.055840
v -0.120461 0.223995 0.050083
v -0.102226 0.224727 0.051994
v -0.116905 0.366695 0.045876
v -0.115540 0.361629 0.037544
v -0.130600 0.365963 0.043808
v -0.130081 0.360775 0.034504
v -0.114174 0.324276 0.049095
v -0.106339 0.287471 0.046089
v -0.110153 0.340572 0.037712
v -0.112167 0.291744 0.058369
v -0.206558 0.546505 -0.012347
v -0.220734 0.562435 -0.047371
v -0.224976 0.539180 -0.050201
v -0.208557 0.558834 -0.102356
v -0.209656 0.514217 -0.102715
v -0.176712 0.548763 -0.142212
v -0.181015 0.491573 -0.142105
v -0.125900 0.536068 -0.161499
v -0.120308 0.488582 -0.163803
v -0.075867 0.541683 -0.151993
v -0.071594 0.488765 -0.151505
v -0.026989 0.543453 -0.126068
v -0.025333 0.490291 -0.107117
v -0.004164 0.548946 -0.076210
v -0.013070 0.488521 -0.075279
v -0.192215 0.487240 -0.007174
v -0.217117 0.489498 -0.048954
v -0.219940 0.490963 -0.089409
v -0.004164 0.548946 -0.076210
v -0.013070 0.488521 -0.075279
v -0.015431 0.485592 -0.021278
v -0.046295 0.480098 0.004543
v -0.192017 0.432735 -0.020611
v -0.190277 0.364742 -0.039719
v -0.179276 0.366085 -0.010113
v -0.203613 0.433468 -0.048378
v -0.196213 0.366756 -0.071709
v -0.040333 0.409359 -0.108269
v -0.039295 0.366817 -0.026031
v -0.038738 0.436824 -0.001003
v -0.053814 0.374813 0.005230
v -0.071777 0.287655 0.024195
v -0.047173 0.280513 -0.015800
v -0.051991 0.272457 -0.055843
v -0.072670 0.267879 -0.078926
v -0.107422 0.265255 -0.087379
v -0.142883 0.267452 -0.074318
v -0.169937 0.270321 -0.049503
v -0.171768 0.274959 -0.012512
v -0.162430 0.277095 0.011031
v -0.070732 0.437435 -0.149582
v -0.029970 0.440670 -0.116821
v -0.017628 0.441036 -0.071815
v -0.080849 0.044613 -0.071800
v -0.058872 0.044002 -0.019693
v -0.067680 0.044002 -0.015736
v -0.061871 0.043391 0.084953
v -0.052895 0.043270 0.159958
v -0.041367 0.043270 0.162964
v -0.069489 0.044490 0.260742
v -0.076195 0.044368 0.254425
v -0.099724 0.044735 0.262909
v -0.099838 0.044979 0.272705
v -0.211090 0.027645 0.200516
v -0.213364 0.025569 0.133926
v -0.124237 0.026790 0.248077
v -0.201233 0.027645 0.250092
v -0.154038 0.027645 0.268707
v -0.108177 0.044857 -0.088371
v -0.109367 0.044979 -0.098457
v -0.172867 0.044123 0.026646
v -0.208359 0.046321 0.138947
v -0.214172 0.045345 0.199982
v -0.205734 0.045101 0.195908
v -0.199051 0.044979 0.241653
v -0.155045 0.044857 0.256409
v -0.154083 0.045223 0.268250
v -0.124268 0.046077 0.239426
v -0.121857 0.045589 0.224106
v -0.099793 0.027401 0.273163
v -0.069450 0.026912 0.261200
v -0.041321 0.025692 0.163422
v -0.061764 0.025813 0.085411
v -0.060711 0.026424 -0.019753
v -0.079468 0.027157 -0.080200
v -0.109444 0.027401 -0.095070
v -0.145386 0.027523 -0.080116
v -0.109444 0.027401 -0.095070
v -0.152939 0.027034 -0.026604
v -0.171326 0.026546 0.026907
v -0.124237 0.026790 0.248077
v -0.069450 0.026912 0.261200
v -0.099793 0.027401 0.273163
v -0.041321 0.025692 0.163422
v -0.061764 0.025813 0.085411
v -0.060711 0.026424 -0.019753
v -0.171326 0.026546 0.026907
v -0.152939 0.027034 -0.026604
v -0.145386 0.027523 -0.080116
v -0.079468 0.027157 -0.080200
v -0.109444 0.027401 -0.095070
v -0.066773 0.088924 -0.086548
v -0.076737 0.148372 -0.065468
v -0.049332 0.099666 -0.035198
v -0.048115 0.157771 -0.022486
v -0.051762 0.146662 0.013219
v -0.047977 0.099543 0.024752
v -0.055416 0.086239 0.168167
v -0.092690 0.104671 0.185028
v -0.100876 0.126277 0.139114
v -0.167877 0.096492 0.179184
v -0.154984 0.130671 0.097549
v -0.201431 0.082087 0.122322
v -0.165375 0.164546 0.016731
v -0.156845 0.161861 -0.034443
v -0.173599 0.095150 -0.037598
v -0.154206 0.064144 0.259644
v -0.122452 0.078304 0.221222
v -0.153382 0.081722 0.248428
v -0.071571 0.194942 -0.068359
v -0.055622 0.211910 -0.044739
v -0.051167 0.211910 -0.005261
v -0.113518 0.171993 0.077774
v -0.146622 0.177669 0.053600
v -0.152374 0.195552 -0.039070
v -0.133865 0.196712 -0.063858
v -0.105248 0.189205 -0.083107
v -0.102074 0.091732 0.252563
v -0.080315 0.089901 0.244507
v -0.074768 0.066097 0.257324
v -0.104050 0.067318 0.268005
v -0.107964 0.095150 -0.106789
v -0.103233 0.149226 -0.084175
v -0.105248 0.189205 -0.083107
v -0.106880 0.220882 -0.081215
v -0.072395 0.222530 -0.071190
v -0.052898 0.226803 -0.047970
v -0.048168 0.234065 -0.011210
v -0.076645 0.242611 0.031097
v -0.082665 0.195858 0.053875
v -0.110954 0.197139 0.064270
v -0.140381 0.193171 0.055111
v -0.163468 0.226558 -0.041798
v -0.140625 0.223506 -0.066605
v -0.106880 0.220882 -0.081215
v 0.213364 0.025569 0.133926
v 0.211090 0.027645 0.200516
v 0.124237 0.026790 0.248077
v 0.201233 0.027645 0.250092
v 0.154038 0.027645 0.268707
v 0.108177 0.044857 -0.088371
v 0.109367 0.044979 -0.098457
v 0.076294 0.044613 -0.085098
v 0.080849 0.044613 -0.071800
v 0.058872 0.044002 -0.019693
v 0.067680 0.044002 -0.015736
v 0.061871 0.043391 0.084953
v 0.071693 0.050226 0.031696
v 0.074463 0.043390 0.084877
v 0.052895 0.043270 0.159958
v 0.041367 0.043270 0.162964
v 0.069489 0.044490 0.260742
v 0.076195 0.044368 0.254425
v 0.099724 0.044735 0.262909
v 0.099838 0.044979 0.272705
v 0.099793 0.027401 0.273163
v 0.069450 0.026912 0.261200
v 0.041321 0.025692 0.163422
v 0.061764 0.025813 0.085411
v 0.060711 0.026424 -0.019753
v 0.079468 0.027157 -0.080200
v 0.109444 0.027401 -0.095070
v 0.109444 0.027401 -0.095070
v 0.109367 0.044979 -0.098457
v 0.145386 0.027523 -0.080116
v 0.145371 0.045101 -0.080101
v 0.152939 0.027034 -0.026604
v 0.153671 0.044613 -0.026728
v 0.171326 0.026546 0.026907
v 0.172867 0.044123 0.026646
v 0.213364 0.025569 0.133926
v 0.216431 0.043269 0.133392
v 0.211090 0.027645 0.200516
v 0.214172 0.045345 0.199982
v 0.201233 0.027645 0.250092
v 0.202789 0.045223 0.249619
v 0.154038 0.027645 0.268707
v 0.154083 0.045223 0.268250
v 0.124237 0.026790 0.248077
v 0.124268 0.046077 0.239426
v 0.121857 0.045589 0.224106
v 0.155045 0.044857 0.256409
v 0.199051 0.044979 0.241653
v 0.205734 0.045101 0.195908
v 0.208359 0.046321 0.138947
v 0.192246 0.041804 0.091698
v 0.162170 0.042293 0.035576
v 0.137772 0.044979 -0.073860
v 0.108177 0.044857 -0.088371
v 0.079468 0.027157 -0.080200
v 0.109444 0.027401 -0.095070
v 0.145386 0.027523 -0.080116
v 0.060711 0.026424 -0.019753
v 0.152939 0.027034 -0.026604
v 0.171326 0.026546 0.026907
v 0.061764 0.025813 0.085411
v 0.041321 0.025692 0.163422
v 0.069450 0.026912 0.261200
v 0.099793 0.027401 0.273163
v 0.076737 0.148372 -0.065468
v 0.058991 0.148737 0.052197
v 0.047977 0.099543 0.024752
v 0.064652 0.096003 0.079826
v 0.055416 0.086239 0.168167
v 0.072975 0.118708 0.123718
v 0.080994 0.162410 0.075111
v 0.068275 0.220821 0.025854
v 0.146622 0.177669 0.053600
v 0.165375 0.164546 0.016731
v 0.153702 0.217830 0.010242
v 0.152374 0.195552 -0.039070
v 0.156845 0.161861 -0.034443
v 0.179871 0.100763 0.034832
v 0.201431 0.082087 0.122322
v 0.202683 0.077083 0.190063
v 0.154206 0.064144 0.259644
v 0.110954 0.197139 0.064270
v 0.082665 0.195858 0.053875
v 0.076645 0.242611 0.031097
v 0.048168 0.234065 -0.011210
v 0.052898 0.226803 -0.047970
v 0.072395 0.222530 -0.071190
v 0.103233 0.149226 -0.084175
v 0.107964 0.095150 -0.106789
v 0.066773 0.088924 -0.086548
v 0.049332 0.099666 -0.035198
v 0.074768 0.066097 0.257324
v 0.104050 0.067318 0.268005
v 0.102074 0.091732 0.252563
v 0.080315 0.089901 0.244507
v 0.140381 0.193171 0.055111
v 0.151001 0.235042 0.021801
v 0.165619 0.230465 -0.003213
v 0.163468 0.226558 -0.041798
v 0.140625 0.223506 -0.066605
v 0.133865 0.196712 -0.063858
v 0.105248 0.189205 -0.083107
v 0.106880 0.220882 -0.081215
v 0.131317 0.441158 0.035088
v 0.135025 0.492061 0.039719
v 0.121185 0.527095 0.041531
v 0.136597 0.525936 0.041279
v 0.150711 0.551754 0.039558
v 0.157883 0.551143 0.035500
v 0.146484 0.491756 0.028358
v 0.135773 0.440975 0.027592
v 0.131271 0.413509 0.031799
v 0.120323 0.414119 0.031292
v 0.096855 0.552974 0.040195
v 0.104691 0.553707 0.042118
v 0.150696 0.563289 0.051739
v 0.106979 0.564632 0.054649
v 0.123344 0.541134 0.052822
v 0.138184 0.539852 0.053059
v 0.117203 0.378353 0.044464
v 0.131546 0.377315 0.045372
v 0.182526 0.253597 -0.022720
v 0.181732 0.254940 -0.040470
v 0.187042 0.262386 -0.043564
v 0.189011 0.258663 -0.018076
v 0.185776 0.235897 -0.013958
v 0.181473 0.239803 -0.021330
v 0.181839 0.229000 -0.038456
v 0.178803 0.236202 -0.037594
v 0.180359 0.258846 -0.045013
v 0.174011 0.262935 -0.049759
v 0.182175 0.270992 -0.050999
v 0.169937 0.270321 -0.049503
v 0.155533 0.492183 0.039303
v 0.167664 0.562252 0.046421
v 0.168655 0.464046 0.023565
v 0.141846 0.428951 0.039867
v 0.167664 0.431148 0.020359
v 0.152008 0.363643 0.028433
v 0.089729 0.367794 0.041023
v 0.081757 0.433223 0.038174
v 0.111137 0.430050 0.041382
v 0.083145 0.464657 0.039127
v 0.100418 0.493221 0.043240
v 0.088432 0.564205 0.052940
v 0.045223 0.432613 0.012918
v 0.083641 0.578975 0.047115
v 0.176025 0.367977 0.000697
v 0.145187 0.289180 0.040905
v 0.159638 0.286556 0.020819
v 0.146973 0.245907 0.041451
v 0.134308 0.205196 0.062084
v 0.176483 0.236568 -0.040390
v 0.185135 0.275325 -0.012765
v 0.177551 0.225032 -0.003821
v 0.174347 0.220943 -0.043331
v 0.171768 0.274959 -0.012512
v 0.169937 0.270321 -0.049503
v 0.170136 0.231014 -0.045135
v 0.163468 0.226558 -0.041798
v 0.165619 0.230465 -0.003213
v 0.163468 0.226558 -0.041798
v 0.230728 0.476314 -0.082993
v 0.227188 0.484310 -0.090660
v 0.240677 0.481746 -0.082161
v 0.237289 0.491085 -0.089180
v 0.219940 0.490963 -0.089409
v 0.171768 0.274959 -0.012512
v 0.178085 0.266903 -0.010283
v 0.174393 0.235347 -0.004703
v 0.165619 0.230465 -0.003213
v 0.232437 0.439266 -0.081825
v 0.223801 0.445491 -0.081657
v 0.227249 0.448604 -0.079651
v 0.231888 0.472469 -0.079842
v 0.239075 0.471737 -0.055191
v 0.229843 0.466732 -0.062347
v 0.228714 0.453060 -0.062382
v 0.234024 0.447567 -0.055389
v 0.224930 0.432491 -0.088676
v 0.219940 0.490963 -0.089409
v 0.217117 0.489498 -0.048954
v 0.220261 0.442440 -0.089325
v 0.205460 0.434261 -0.088676
v 0.205460 0.434261 -0.088676
v 0.203613 0.433468 -0.048378
v 0.176483 0.236568 -0.040390
v 0.170136 0.231014 -0.045135
v 0.164719 0.239925 -0.084358
v 0.160385 0.236690 -0.085594
v 0.180359 0.258846 -0.045013
v 0.164627 0.253231 -0.085876
v 0.160294 0.255550 -0.087120
v 0.174011 0.262935 -0.049759
v 0.174011 0.262935 -0.049759
v 0.170136 0.231014 -0.045135
v 0.152298 0.242183 0.032600
v 0.171768 0.274959 -0.012512
v 0.162430 0.277095 0.011031
v 0.178085 0.266903 -0.010283
v 0.158661 0.271114 0.024359
v 0.163468 0.226558 -0.041798
v 0.140625 0.223506 -0.066605
v 0.170136 0.231014 -0.045135
v 0.145004 0.227779 -0.074104
v 0.106880 0.220882 -0.081215
v 0.107399 0.225826 -0.088501
v 0.069252 0.227901 -0.078468
v 0.072395 0.222530 -0.071190
v 0.052898 0.226803 -0.047970
v 0.076645 0.242611 0.031097
v 0.075890 0.250057 0.041565
v 0.146362 0.259639 -0.078728
v 0.174011 0.262935 -0.049759
v 0.169937 0.270321 -0.049503
v 0.142883 0.267452 -0.074318
v 0.107727 0.257320 -0.092201
v 0.051991 0.272457 -0.055843
v 0.045792 0.265621 -0.056118
v 0.047173 0.280513 -0.015800
v 0.041733 0.273616 -0.012481
v 0.071777 0.287655 0.024195
v 0.072701 0.281185 0.034409
v 0.217117 0.489498 -0.048954
v 0.225189 0.481685 -0.050198
v 0.217209 0.449764 -0.135422
v 0.223801 0.445491 -0.081657
v 0.220261 0.442440 -0.089325
v 0.211090 0.449581 -0.136276
v 0.219864 0.474910 -0.138718
v 0.230728 0.476314 -0.082993
v 0.213745 0.474727 -0.139572
v 0.227188 0.484310 -0.090660
v 0.220261 0.442440 -0.089325
v 0.227188 0.484310 -0.090660
v 0.038738 0.436824 -0.001003
v 0.014755 0.439388 -0.022566
v 0.017628 0.441036 -0.071815
v 0.005851 0.446834 -0.073235
v 0.022364 0.447567 -0.121262
v 0.029970 0.440670 -0.116821
v 0.070732 0.437435 -0.149582
v 0.120979 0.438839 -0.161011
v 0.175690 0.437862 -0.134628
v 0.184052 0.443966 -0.143417
v 0.205460 0.434261 -0.088676
v 0.220261 0.442440 -0.089325
v 0.049446 0.474422 0.013327
v 0.046295 0.480098 0.004543
v 0.015431 0.485592 -0.021278
v 0.003421 0.481380 -0.075081
v 0.013070 0.488521 -0.075279
v 0.025333 0.490291 -0.107117
v 0.019890 0.483883 -0.116089
v 0.071594 0.488765 -0.151505
v 0.120308 0.488582 -0.163803
v 0.184616 0.485531 -0.147903
v 0.181015 0.491573 -0.142105
v 0.219940 0.490963 -0.089409
v 0.227188 0.484310 -0.090660
v 0.203613 0.433468 -0.048378
v 0.217606 0.442257 -0.050297
v 0.192017 0.432735 -0.020611
v 0.195236 0.442867 -0.006805
v 0.193131 0.476436 -0.000405
v 0.225189 0.481685 -0.050198
v 0.044563 0.440365 0.009342
v 0.038738 0.436824 -0.001003
v 0.049446 0.474422 0.013327
v 0.046295 0.480098 0.004543
v 0.075043 0.586178 0.036453
v 0.110954 0.197139 0.064270
v 0.140381 0.193171 0.055111
v 0.116264 0.207576 0.063927
v 0.106705 0.208309 0.064537
v 0.086006 0.210323 0.066139
v 0.082665 0.195858 0.053875
v 0.217117 0.489498 -0.048954
v 0.192215 0.487240 -0.007174
v 0.178803 0.585933 0.028351
v 0.192215 0.487240 -0.007174
v 0.193131 0.476436 -0.000405
v 0.076645 0.242611 0.031097
v 0.075890 0.250057 0.041565
v 0.079086 0.255367 0.048512
v 0.072701 0.281185 0.034409
v 0.074173 0.287410 0.035992
v 0.071777 0.287655 0.024195
v 0.058270 0.376400 0.015995
v 0.053814 0.374813 0.005230
v 0.087967 0.290584 0.052555
v 0.179276 0.366085 -0.010113
v 0.162430 0.277095 0.011031
v 0.158661 0.271114 0.024359
v 0.152298 0.242183 0.032600
v 0.151001 0.235042 0.021801
v 0.141617 0.359493 0.026413
v 0.137360 0.286007 0.037598
v 0.129547 0.222713 0.049080
v 0.094093 0.286922 0.047340
v 0.092079 0.225765 0.052845
v 0.129456 0.338802 0.035900
v 0.126679 0.287227 0.042690
v 0.123062 0.323787 0.048008
v 0.122276 0.291622 0.055840
v 0.120461 0.223995 0.050083
v 0.102226 0.224727 0.051994
v 0.130081 0.360775 0.034504
v 0.114174 0.324276 0.049095
v 0.110153 0.340572 0.037712
v 0.106339 0.287471 0.046089
v 0.112167 0.291744 0.058369
v 0.026989 0.543453 -0.126068
v 0.004164 0.548946 -0.076210
v 0.075867 0.541683 -0.151993
v 0.208557 0.558834 -0.102356
v 0.192215 0.487240 -0.007174
v 0.217117 0.489498 -0.048954
v 0.224976 0.539180 -0.050201
v 0.219940 0.490963 -0.089409
v 0.209656 0.514217 -0.102715
v 0.181015 0.491573 -0.142105
v 0.013070 0.488521 -0.075279
v 0.015431 0.485592 -0.021278
v 0.026928 0.530819 -0.000014
v 0.046295 0.480098 0.004543
v 0.025333 0.490291 -0.107117
v 0.013070 0.488521 -0.075279
v 0.071594 0.488765 -0.151505
v 0.120308 0.488582 -0.163803
v 0.192017 0.432735 -0.020611
v 0.179276 0.366085 -0.010113
v 0.190277 0.364742 -0.039719
v 0.203613 0.433468 -0.048378
v 0.196213 0.366756 -0.071709
v 0.205460 0.434261 -0.088676
v 0.075928 0.339718 -0.112076
v 0.039295 0.366817 -0.026031
v 0.038738 0.436824 -0.001003
v 0.053814 0.374813 0.005230
v 0.071777 0.287655 0.024195
v 0.047173 0.280513 -0.015800
v 0.051991 0.272457 -0.055843
v 0.072670 0.267879 -0.078926
v 0.107422 0.265255 -0.087379
v 0.142883 0.267452 -0.074318
v 0.169937 0.270321 -0.049503
v 0.171768 0.274959 -0.012512
v 0.162430 0.277095 0.011031
v 0.017628 0.441036 -0.071815
v 0.070732 0.437435 -0.149582
v 0.120979 0.438839 -0.161011
v 0.175690 0.437862 -0.134628
v -0.186157 1.122223 -0.033268
v -0.176560 1.197681 0.003581
v -0.198380 1.127517 -0.002132
v -0.193955 1.131153 0.044460
v -0.175736 1.207134 0.040028
v -0.162109 1.209331 0.074562
v -0.188156 1.139354 0.065109
v -0.206787 1.072933 0.050156
v -0.208420 1.068798 -0.006578
v -0.187363 1.049724 -0.051292
v -0.175705 1.105579 -0.059212
v -0.115044 1.317684 -0.084053
v -0.136780 1.297573 -0.091660
v -0.132614 1.317348 -0.068260
v -0.089516 1.318111 -0.106979
v -0.110458 1.297847 -0.114967
v -0.137528 1.254291 -0.093262
v -0.110321 1.254238 -0.115318
v -0.134399 1.242824 -0.070732
v -0.136566 1.252895 0.080704
v -0.136536 1.291820 0.080841
v -0.104912 1.292949 0.101082
v -0.059711 1.292934 0.113518
v 0.029856 1.292949 0.116394
v 0.029856 1.253650 0.116394
v 0.059711 1.253650 0.113518
v 0.104912 1.253650 0.101082
v -0.128204 1.242824 0.075500
v -0.101028 1.242832 0.090744
v -0.028933 1.242832 0.105331
v 0.000000 1.242832 0.108131
v 0.028933 1.242832 0.105331
v 0.057865 1.242832 0.102539
v 0.101028 1.242832 0.090744
v 0.128204 1.242824 0.075500
v -0.027876 1.324245 0.110695
v -0.065193 1.324428 0.094254
v -0.065590 1.322887 0.100449
v -0.089607 1.322460 0.095978
v -0.089310 1.323742 0.087929
v -0.107147 1.326671 0.092049
v -0.112419 1.321987 0.082703
v -0.120476 1.318279 0.085258
v -0.122719 1.321544 0.072464
v -0.128204 1.318111 0.075500
v -0.157333 1.318111 0.044704
v -0.148148 1.320293 0.035465
v -0.151199 1.318050 -0.019011
v -0.143906 1.321499 -0.011042
v -0.127594 1.319912 -0.059216
v -0.117981 1.320324 -0.074699
v -0.091049 1.320781 -0.094887
v 0.000000 1.320491 -0.093758
v 0.055428 1.320278 -0.100319
v 0.056095 1.318111 -0.112411
v 0.089516 1.318111 -0.106979
v 0.091049 1.320781 -0.094887
v 0.115044 1.317684 -0.084053
v 0.117981 1.320324 -0.074699
v 0.132614 1.317348 -0.068260
v 0.127594 1.319912 -0.059216
v 0.151199 1.318050 -0.019011
v 0.143906 1.321499 -0.011042
v 0.148148 1.320293 0.035465
v 0.157333 1.318111 0.044704
v 0.122719 1.321544 0.072464
v 0.128204 1.318111 0.075500
v 0.120476 1.318279 0.085258
v 0.112419 1.321987 0.082703
v 0.107147 1.326671 0.092049
v 0.089310 1.323742 0.087929
v 0.089607 1.322460 0.095978
v -0.089516 1.303768 -0.106979
v -0.055763 1.293377 -0.123726
v -0.098557 1.294109 -0.112213
v -0.056095 1.303768 -0.112411
v 0.000000 1.293483 -0.118446
v 0.000000 1.303768 -0.106857
v 0.056095 1.303768 -0.112411
v 0.055763 1.293377 -0.123726
v 0.089516 1.303768 -0.106979
v 0.098557 1.294109 -0.112213
v -0.155899 1.242832 0.043049
v -0.164856 1.257526 0.062836
v -0.161728 1.255535 0.051693
v -0.162369 1.295513 0.052616
v -0.165482 1.299495 0.063942
v -0.133072 1.303234 -0.068878
v -0.136551 1.291835 -0.079498
v -0.137253 1.253498 -0.080704
v -0.171692 1.254528 -0.031128
v -0.161713 1.243595 -0.027460
v -0.171249 1.253490 0.023567
v -0.160568 1.242832 0.026743
v -0.098503 1.254169 -0.112366
v 0.110458 1.297847 -0.114967
v 0.110321 1.254238 -0.115318
v 0.098503 1.254169 -0.112366
v 0.089516 1.242832 -0.106979
v -0.055763 1.254047 -0.123047
v 0.000000 1.242832 -0.114563
v 0.000000 1.254261 -0.124779
v 0.055763 1.254047 -0.123047
v 0.056095 1.242832 -0.112411
v -0.116402 1.303768 0.082123
v -0.128204 1.303768 0.075500
v -0.101028 1.303768 0.090744
v -0.057865 1.303768 0.102539
v -0.028933 1.303768 0.105331
v 0.000000 1.303768 0.108131
v 0.028933 1.303768 0.105331
v 0.101028 1.303768 0.090744
v 0.116402 1.303768 0.082123
v 0.128204 1.303768 0.075500
v -0.132401 1.195060 -0.083977
v -0.152954 1.144874 -0.070648
v -0.160340 1.102302 -0.061798
v -0.171585 1.046970 -0.054184
v -0.195557 1.073894 0.057823
v -0.175659 1.134761 0.069374
v -0.152298 1.208549 0.075958
v -0.147415 1.299572 0.083359
v -0.147507 1.257564 0.083031
v 0.136780 1.297573 -0.091660
v 0.137528 1.254291 -0.093262
v 0.134399 1.242824 -0.070732
v 0.161728 1.255535 0.051693
v 0.156967 1.303768 0.044292
v 0.160248 1.303768 0.018587
v 0.159470 1.304531 -0.027460
v 0.133072 1.303234 -0.068878
v 0.136551 1.291835 -0.079498
v 0.137253 1.253498 -0.080704
v 0.171692 1.254528 -0.031128
v 0.161713 1.243595 -0.027460
v 0.169434 1.294048 -0.027287
v 0.170914 1.295345 0.022320
v 0.195557 1.073894 0.057823
v 0.175659 1.134761 0.069374
v 0.162109 1.209331 0.074562
v 0.152298 1.208549 0.075958
v 0.138245 1.206905 -0.085983
v 0.132401 1.195060 -0.083977
v 0.164871 1.149931 -0.070465
v 0.152954 1.144872 -0.070648
v 0.175705 1.105579 -0.059212
v 0.160339 1.102298 -0.061798
v 0.171585 1.046970 -0.054184
v 0.187363 1.049724 -0.051292
v 0.208420 1.068798 -0.006578
v 0.186157 1.122223 -0.033268
v 0.164841 1.197174 -0.059055
v 0.176560 1.197681 0.003581
v 0.198380 1.127517 -0.002132
v 0.175736 1.207134 0.040028
v 0.147415 1.299572 0.083359
v 0.043003 1.010036 0.095535
v 0.082329 1.026210 0.114555
v 0.126190 1.045246 0.116814
v 0.153046 1.057750 0.100395
v 0.175522 1.069156 0.083328
v 0.137116 1.131561 0.097694
v 0.106880 1.093120 0.109322
v 0.059872 1.092182 0.088013
v 0.023870 1.041217 0.086441
v 0.092209 1.190197 0.102463
v 0.129471 1.202690 0.090607
v 0.041939 1.173421 0.109322
v 0.000000 1.176991 0.115410
v 0.000000 1.119064 0.117920
v -0.041939 1.173421 0.109322
v -0.037399 1.093822 0.109375
v -0.059872 1.092182 0.088013
v -0.074616 1.001369 -0.120087
v -0.108650 1.015865 -0.107826
v 0.096573 1.188440 -0.125427
v 0.055874 1.185417 -0.143951
v 0.039280 1.049862 -0.101181
v 0.000000 1.062992 -0.082275
v -0.129547 1.131223 -0.109596
v -0.094299 1.125270 -0.128372
v -0.048443 1.133600 -0.141830
v -0.039001 1.090709 -0.121376
v -0.116783 1.077022 -0.097069
v 0.006737 1.036007 -0.060951
v 0.074616 1.001369 -0.120087
v 0.108650 1.015865 -0.107826
v -0.023870 1.041217 0.086441
v -0.003711 0.971675 0.000981
v -0.006317 1.018154 0.002157
v 0.000000 1.025386 0.003132
v -0.145371 1.030910 -0.081207
v -0.003711 0.971675 0.000981
v -0.006317 1.018154 0.002157
v 0.000000 1.025386 0.003132
v 0.011922 0.992458 0.060619
v 0.003711 0.971675 0.000981
v 0.006317 1.018154 0.002157
v 0.037399 1.093822 0.109375
v 0.000000 1.039592 0.093102
v -0.126190 1.045246 0.116814
v -0.082329 1.026210 0.114555
v -0.129471 1.202690 0.090607
v -0.153046 1.057750 0.100395
v -0.175522 1.069156 0.083328
v 0.006317 1.018154 0.002157
v 0.145371 1.030910 -0.081207
vt 0.741211 0.538086
vt 0.764160 0.585205
vt 0.749512 0.623047
vt 0.613281 0.472900
vt 0.617676 0.553711
vt 0.602051 0.554932
vt 0.609131 0.406738
vt 0.608398 0.430176
vt 0.583252 0.427246
vt 0.518066 0.466064
vt 0.516113 0.421875
vt 0.542480 0.428223
vt 0.891602 0.600830
vt 0.862549 0.615967
vt 0.859863 0.504639
vt 0.905273 0.446045
vt 0.904785 0.413818
vt 0.928955 0.414551
vt 0.859863 0.421875
vt 0.858643 0.386719
vt 0.899414 0.382080
vt 0.631836 0.541260
vt 0.647461 0.652100
vt 0.630859 0.643311
vt 0.668457 0.425781
vt 0.685791 0.459717
vt 0.691406 0.428467
vt 0.677246 0.391846
vt 0.796143 0.435303
vt 0.750000 0.523682
vt 0.814697 0.488770
vt 0.768799 0.579590
vt 0.823242 0.535889
vt 0.785156 0.651855
vt 0.830078 0.631836
vt 0.613770 0.390869
vt 0.617676 0.341553
vt 0.590088 0.327637
vt 0.663574 0.660645
vt 0.680664 0.586426
vt 0.663330 0.578613
vt 0.682129 0.671631
vt 0.930664 0.380615
vt 0.787598 0.353271
vt 0.827881 0.341064
vt 0.791016 0.296143
vt 0.826172 0.289062
vt 0.929443 0.345459
vt 0.894287 0.345459
vt 0.893799 0.286133
vt 0.136963 0.452881
vt 0.120850 0.408203
vt 0.111084 0.417480
vt 0.010254 0.396240
vt 0.010254 0.472412
vt 0.036377 0.396240
vt 0.265381 0.659424
vt 0.243896 0.599854
vt 0.243896 0.660400
vt 0.265381 0.597412
vt 0.329834 0.656250
vt 0.329834 0.591309
vt 0.351318 0.592041
vt 0.453125 0.357910
vt 0.466064 0.342041
vt 0.407471 0.357910
vt 0.391602 0.342041
vt 0.400146 0.611572
vt 0.400146 0.659424
vt 0.464600 0.655273
vt 0.464600 0.720215
vt 0.400146 0.785400
vt 0.400146 0.857910
vt 0.464600 0.853516
vt 0.125977 0.685547
vt 0.122559 0.622803
vt 0.118164 0.667236
vt 0.173584 0.837646
vt 0.172363 0.797852
vt 0.140869 0.795166
vt 0.128418 0.732422
vt 0.563232 0.245117
vt 0.565918 0.306885
vt 0.607422 0.298828
vt 0.540039 0.264404
vt 0.809326 0.132080
vt 0.814453 0.083008
vt 0.771973 0.086670
vt 0.847412 0.138916
vt 0.851563 0.092529
vt 0.920898 0.152832
vt 0.954590 0.153809
vt 0.892090 0.099854
vt 0.725586 0.156738
vt 0.764160 0.168213
vt 0.765137 0.143066
vt 0.809082 0.175049
vt 0.242432 0.441406
vt 0.247070 0.428223
vt 0.236084 0.432373
vt 0.440918 0.046631
vt 0.446289 0.033691
vt 0.394043 0.044678
vt 0.399414 0.033203
vt 0.258789 0.031982
vt 0.258545 0.012207
vt 0.199951 0.013916
vt 0.133301 0.030273
vt 0.123779 0.018066
vt 0.083740 0.074707
vt 0.345459 0.095459
vt 0.344727 0.044189
vt 0.295410 0.043701
vt 0.168701 0.070312
vt 0.209229 0.074707
vt 0.150391 0.055420
vt 0.328857 0.261230
vt 0.282471 0.229980
vt 0.275146 0.272705
vt 0.213623 0.235107
vt 0.449951 0.137939
vt 0.469727 0.090576
vt 0.430420 0.142334
vt 0.451904 0.088623
vt 0.203369 0.290039
vt 0.165283 0.311035
vt 0.194580 0.344238
vt 0.366943 0.198242
vt 0.356934 0.213379
vt 0.378906 0.209229
vt 0.340332 0.320801
vt 0.292969 0.330811
vt 0.335205 0.294922
vt 0.268799 0.311768
vt 0.145996 0.133545
vt 0.212402 0.096680
vt 0.172607 0.177734
vt 0.223389 0.186035
vt 0.288330 0.133301
vt 0.291748 0.195312
vt 0.128906 0.091309
vt 0.363281 0.341309
vt 0.342773 0.357422
vt 0.339600 0.344727
vt 0.408936 0.090576
vt 0.104248 0.841553
vt 0.115967 0.810303
vt 0.114502 0.872314
vt 0.243896 0.958740
vt 0.243896 0.907959
vt 0.265381 0.903320
vt 0.329834 0.709473
vt 0.351318 0.708496
vt 0.351318 0.768799
vt 0.131104 0.378418
vt 0.151855 0.396240
vt 0.151855 0.361816
vt 0.400146 0.527588
vt 0.464600 0.568359
vt 0.400146 0.567871
vt 0.400146 0.719238
vt 0.464600 0.781006
vt 0.176514 0.974609
vt 0.209961 0.801270
vt 0.215332 0.812012
vt 0.220215 0.799805
vt 0.110596 0.719482
vt 0.087158 0.714355
vt 0.108887 0.713379
vt 0.127197 0.718506
vt 0.858398 0.236816
vt 0.863525 0.275635
vt 0.823242 0.250000
vt 0.752686 0.270264
vt 0.749268 0.294922
vt 0.726074 0.258301
vt 0.538086 0.304932
vt 0.506592 0.255615
vt 0.886719 0.171143
vt 0.883545 0.145508
vt 0.847656 0.858887
vt 0.822266 0.807861
vt 0.818604 0.852295
vt 0.589600 0.917969
vt 0.579590 0.918213
vt 0.588379 0.954102
vt 0.578369 0.954346
vt 0.599365 0.906982
vt 0.603516 0.917725
vt 0.632568 0.916748
vt 0.899658 0.965820
vt 0.921143 0.959473
vt 0.896729 0.958984
vt 0.597900 0.982666
vt 0.584473 0.982422
vt 0.599854 0.975830
vt 0.713379 0.958252
vt 0.750977 0.956299
vt 0.745850 0.948730
vt 0.800293 0.943604
vt 0.808105 0.953125
vt 0.597168 0.962891
vt 0.602539 0.953857
vt 0.632324 0.952881
vt 0.707520 0.951416
vt 0.700195 0.956055
vt 0.697998 0.917236
vt 0.739990 0.910400
vt 0.707764 0.902344
vt 0.731201 0.900879
vt 0.718262 0.799805
vt 0.703125 0.809082
vt 0.715820 0.746826
vt 0.672607 0.918945
vt 0.664795 0.950195
vt 0.663574 0.914551
vt 0.946533 0.703857
vt 0.949219 0.646484
vt 0.923096 0.685791
vt 0.915039 0.656982
vt 0.897461 0.787109
vt 0.906982 0.749268
vt 0.919922 0.763428
vt 0.877197 0.780518
vt 0.855957 0.787598
vt 0.863770 0.738770
vt 0.887695 0.730957
vt 0.915039 0.831787
vt 0.893066 0.834473
vt 0.898193 0.889648
vt 0.875732 0.838623
vt 0.880859 0.890137
vt 0.896729 0.699951
vt 0.569092 0.673828
vt 0.595947 0.692627
vt 0.594971 0.626953
vt 0.914307 0.713379
vt 0.635010 0.770020
vt 0.623535 0.858643
vt 0.657227 0.804443
vt 0.986572 0.600098
vt 0.989502 0.649902
vt 0.751953 0.677734
vt 0.724609 0.674561
vt 0.730469 0.601318
vt 0.732666 0.532715
vt 0.727539 0.465820
vt 0.747803 0.532959
vt 0.778564 0.650879
vt 0.727783 0.525879
vt 0.722900 0.589355
vt 0.714844 0.681396
vt 0.590088 0.468506
vt 0.557861 0.473633
vt 0.581055 0.557373
vt 0.557373 0.549316
vt 0.542480 0.471436
vt 0.550781 0.395996
vt 0.577148 0.393555
vt 0.553223 0.358154
vt 0.578613 0.371338
vt 0.600098 0.383301
vt 0.636719 0.449219
vt 0.629395 0.472900
vt 0.621338 0.639404
vt 0.612549 0.635254
vt 0.567871 0.612549
vt 0.530273 0.600098
vt 0.527344 0.531738
vt 0.515869 0.387695
vt 0.512695 0.367187
vt 0.511230 0.349854
vt 0.506592 0.295898
vt 0.888916 0.495850
vt 0.860840 0.444336
vt 0.880371 0.436035
vt 0.911865 0.498047
vt 0.931885 0.459717
vt 0.943604 0.509766
vt 0.946289 0.585937
vt 0.920410 0.588379
vt 0.972656 0.421875
vt 0.974365 0.466064
vt 0.983887 0.531738
vt 0.681641 0.505859
vt 0.657715 0.491699
vt 0.657715 0.456299
vt 0.642578 0.423096
vt 0.643555 0.395264
vt 0.650879 0.347412
vt 0.681641 0.345215
vt 0.658936 0.312256
vt 0.692139 0.297852
vt 0.644043 0.487061
vt 0.646729 0.559814
vt 0.802490 0.383057
vt 0.861328 0.333008
vt 0.967773 0.349854
vt 0.969238 0.367187
vt 0.972412 0.387695
vt 0.752441 0.389648
vt 0.749512 0.363525
vt 0.750732 0.323975
vt 0.721191 0.330322
vt 0.716553 0.384033
vt 0.715088 0.413330
vt 0.691162 0.385010
vt 0.927490 0.288574
vt 0.963135 0.295898
vt 0.725830 0.302002
vt 0.119141 0.452881
vt 0.125000 0.462646
vt 0.118408 0.931396
vt 0.098633 0.959961
vt 0.151611 0.958496
vt 0.136475 0.929932
vt 0.128174 0.776367
vt 0.111084 0.733643
vt 0.114746 0.777100
vt 0.128174 0.809814
vt 0.132568 0.871826
vt 0.115723 0.914307
vt 0.134521 0.913086
vt 0.151611 0.944336
vt 0.160400 0.943604
vt 0.146484 0.871338
vt 0.133545 0.809814
vt 0.086182 0.945801
vt 0.095703 0.946777
vt 0.066650 0.462646
vt 0.073975 0.452881
vt 0.056396 0.452881
vt 0.081299 0.417480
vt 0.071777 0.408203
vt 0.137695 0.476562
vt 0.151855 0.472412
vt 0.151855 0.495361
vt 0.051758 0.476562
vt 0.036377 0.472412
vt 0.036377 0.495361
vt 0.036377 0.361816
vt 0.056396 0.378418
vt 0.184082 0.472412
vt 0.184082 0.396240
vt 0.121094 0.408203
vt 0.393311 0.491699
vt 0.372314 0.467041
vt 0.459961 0.491699
vt 0.484863 0.467041
vt 0.380127 0.248535
vt 0.478760 0.248535
vt 0.265381 0.969727
vt 0.351318 0.905029
vt 0.329834 0.903320
vt 0.351318 0.943604
vt 0.329834 0.960205
vt 0.265381 0.891113
vt 0.265381 0.830322
vt 0.243896 0.890625
vt 0.243896 0.830078
vt 0.243896 0.767090
vt 0.265381 0.768311
vt 0.265381 0.710449
vt 0.243896 0.708984
vt 0.243896 0.514893
vt 0.265381 0.507080
vt 0.329834 0.510742
vt 0.351318 0.518066
vt 0.351318 0.657959
vt 0.329834 0.769531
vt 0.329834 0.834717
vt 0.351318 0.835937
vt 0.351318 0.896973
vt 0.329834 0.896240
vt 0.378662 0.537354
vt 0.378662 0.565674
vt 0.378662 0.609131
vt 0.378662 0.658203
vt 0.378662 0.717529
vt 0.378662 0.782227
vt 0.378662 0.859375
vt 0.378662 0.923584
vt 0.400146 0.923828
vt 0.464600 0.522705
vt 0.486084 0.530029
vt 0.486084 0.565918
vt 0.464600 0.614746
vt 0.486084 0.614990
vt 0.486084 0.648926
vt 0.486084 0.721191
vt 0.486084 0.781006
vt 0.486084 0.855225
vt 0.486084 0.921631
vt 0.464600 0.921631
vt 0.378662 0.943115
vt 0.378662 0.974365
vt 0.400146 0.936523
vt 0.400146 0.982178
vt 0.464600 0.933105
vt 0.486084 0.936035
vt 0.486084 0.982422
vt 0.464600 0.986816
vt 0.010010 0.803223
vt 0.018799 0.809326
vt 0.023438 0.799561
vt 0.070068 0.977539
vt 0.027588 0.849609
vt 0.017578 0.857666
vt 0.057617 0.986328
vt 0.139160 0.508545
vt 0.103271 0.513428
vt 0.131836 0.523193
vt 0.109863 0.526123
vt 0.098389 0.526855
vt 0.072998 0.529541
vt 0.069092 0.511963
vt 0.193115 0.988037
vt 0.229492 0.865479
vt 0.218262 0.852783
vt 0.054199 0.569336
vt 0.058105 0.577393
vt 0.064697 0.584229
vt 0.050049 0.614014
vt 0.052979 0.623047
vt 0.041016 0.623779
vt 0.039307 0.731201
vt 0.022461 0.728027
vt 0.075439 0.626953
vt 0.077637 0.720703
vt 0.067871 0.800293
vt 0.069580 0.838623
vt 0.182373 0.720947
vt 0.192383 0.718262
vt 0.170410 0.607666
vt 0.162598 0.622070
vt 0.161377 0.603271
vt 0.147217 0.572510
vt 0.153564 0.568115
vt 0.158447 0.559082
vt 0.103516 0.796387
vt 0.090576 0.873291
vt 0.075928 0.959473
vt 0.157471 0.871826
vt 0.172363 0.957031
vt 0.153320 0.715820
vt 0.145020 0.625244
vt 0.140625 0.710693
vt 0.135498 0.621338
vt 0.125977 0.544434
vt 0.082764 0.622559
vt 0.080566 0.548340
vt 0.117188 0.628174
vt 0.114990 0.546143
vt 0.092773 0.546875
vt 0.126709 0.712158
vt 0.107178 0.667725
vt 0.097656 0.623047
vt 0.102295 0.687744
vt 0.104980 0.628418
vt 0.753174 0.248535
vt 0.790283 0.262451
vt 0.787842 0.221436
vt 0.819092 0.197510
vt 0.861816 0.193115
vt 0.892090 0.242920
vt 0.895996 0.194336
vt 0.927979 0.246582
vt 0.941406 0.199219
vt 0.963135 0.255615
vt 0.965820 0.200195
vt 0.714355 0.204346
vt 0.749512 0.203125
vt 0.776123 0.201172
vt 0.509277 0.200195
vt 0.548340 0.201660
vt 0.577637 0.198730
vt 0.674316 0.144043
vt 0.701172 0.095947
vt 0.672119 0.092041
vt 0.696777 0.149170
vt 0.727051 0.103027
vt 0.945557 0.099121
vt 0.975586 0.147705
vt 0.977539 0.099121
vt 0.987061 0.029541
vt 0.937500 0.031738
vt 0.895996 0.032471
vt 0.864502 0.032471
vt 0.826660 0.031006
vt 0.782471 0.029541
vt 0.737305 0.026611
vt 0.691406 0.023682
vt 0.660156 0.021484
vt 0.847656 0.173340
vt 0.921143 0.163818
vt 0.239014 0.417236
vt 0.205566 0.387939
vt 0.212402 0.379395
vt 0.156982 0.316895
vt 0.130127 0.260254
vt 0.120361 0.263672
vt 0.074951 0.197266
vt 0.086670 0.195312
vt 0.071289 0.159424
vt 0.052002 0.155029
vt 0.628662 0.040771
vt 0.648926 0.079590
vt 0.563721 0.037354
vt 0.608887 0.014160
vt 0.575684 0.016602
vt 0.453613 0.046387
vt 0.462402 0.033447
vt 0.352539 0.032715
vt 0.254150 0.047607
vt 0.200439 0.033691
vt 0.204102 0.046631
vt 0.140381 0.040039
vt 0.107666 0.082031
vt 0.084229 0.074707
vt 0.086182 0.110352
vt 0.113525 0.122803
vt 0.032959 0.155273
vt 0.060791 0.206543
vt 0.106445 0.272949
vt 0.142578 0.325928
vt 0.191895 0.397461
vt 0.219971 0.438721
vt 0.226807 0.448730
vt 0.446289 0.013916
vt 0.459473 0.013916
vt 0.399414 0.013428
vt 0.352295 0.013184
vt 0.055908 0.099121
vt 0.527588 0.045166
vt 0.542236 0.029541
vt 0.538574 0.110840
vt 0.572998 0.151367
vt 0.602295 0.213867
vt 0.654541 0.155029
vt 0.658691 0.191895
vt 0.669434 0.225586
vt 0.630371 0.244385
vt 0.652344 0.244629
vt 0.276123 0.406494
vt 0.306641 0.364502
vt 0.259277 0.366699
vt 0.231445 0.325928
vt 0.166016 0.228516
vt 0.268799 0.079102
vt 0.361328 0.151611
vt 0.406250 0.149170
vt 0.117676 0.086426
vt 0.328857 0.166504
vt 0.410156 0.178711
vt 0.432129 0.179687
vt 0.448975 0.173096
vt 0.112793 0.158936
vt 0.114258 0.174805
vt 0.100098 0.183350
vt 0.095947 0.157715
vt 0.289795 0.417480
vt 0.315918 0.376709
vt 0.359863 0.333740
vt 0.351807 0.315918
vt 0.352051 0.292480
vt 0.337646 0.252197
vt 0.315186 0.230469
vt 0.304688 0.202881
vt 0.326416 0.176025
vt 0.412598 0.205811
vt 0.434570 0.203369
vt 0.447266 0.200928
vt 0.784668 0.785400
vt 0.757813 0.857666
vt 0.756348 0.792725
vt 0.719727 0.869141
vt 0.686035 0.874023
vt 0.755371 0.738525
vt 0.792969 0.717285
vt 0.807373 0.768066
vt 0.865234 0.960693
vt 0.851074 0.941650
vt 0.850342 0.961670
vt 0.880371 0.959229
vt 0.868164 0.939941
vt 0.850098 0.901855
vt 0.868164 0.899902
vt 0.848145 0.893066
vt 0.656494 0.904785
vt 0.628174 0.906006
vt 0.585693 0.907227
vt 0.575928 0.907471
vt 0.615967 0.974854
vt 0.615479 0.981934
vt 0.631104 0.974854
vt 0.638916 0.981201
vt 0.647461 0.974854
vt 0.653564 0.979980
vt 0.658447 0.973877
vt 0.714600 0.971436
vt 0.721436 0.979248
vt 0.808594 0.966309
vt 0.807861 0.974609
vt 0.853027 0.968750
vt 0.862793 0.968018
vt 0.880615 0.966797
vt 0.924316 0.966553
vt 0.880371 0.946045
vt 0.895020 0.935303
vt 0.875000 0.936768
vt 0.896973 0.945801
vt 0.917725 0.935791
vt 0.920654 0.946045
vt 0.704590 0.914551
vt 0.849854 0.948730
vt 0.849121 0.937500
vt 0.848145 0.902100
vt 0.799316 0.906982
vt 0.801758 0.897217
vt 0.875244 0.900146
vt 0.895996 0.899170
vt 0.919922 0.889648
vt 0.916992 0.899170
vt 0.643066 0.961426
vt 0.657959 0.960937
vt 0.627441 0.961914
vt 0.583496 0.963135
vt 0.573975 0.963379
vt 0.851563 0.848145
vt 0.830566 0.803223
vt 0.818848 0.764893
vt 0.802979 0.714600
vt 0.707275 0.748291
vt 0.693848 0.805176
vt 0.677979 0.873535
vt 0.674072 0.957520
vt 0.621094 0.708984
vt 0.646973 0.726807
vt 0.665771 0.736816
vt 0.684570 0.746094
vt 0.608887 0.769043
vt 0.583008 0.720703
vt 0.653564 0.869141
vt 0.595215 0.843750
vt 0.580566 0.847656
vt 0.583008 0.794678
vt 0.599365 0.770752
vt 0.891113 0.667480
vt 0.869873 0.681641
vt 0.937500 0.718994
vt 0.532959 0.649902
vt 0.531494 0.692627
vt 0.531738 0.691406
vt 0.836670 0.697510
vt 0.987793 0.692627
vt 0.988281 0.691406
vt 0.576904 0.719727
vn 0.910700 -0.210200 -0.355500
vn 0.435700 -0.159300 -0.885900
vn 0.950200 -0.030000 -0.310200
vn -0.225900 -0.345700 0.910700
vn -0.173200 -0.111900 0.978500
vn -0.668000 -0.106400 0.736500
vn -0.311900 -0.345900 0.884900
vn -0.245000 -0.490200 0.836500
vn -0.783200 -0.327900 0.528200
vn -0.909400 -0.166600 -0.381200
vn -0.898000 0.001700 -0.440000
vn -0.985000 -0.125400 -0.118300
vn -0.196400 0.005800 -0.980500
vn 0.376900 0.076900 -0.923100
vn 0.367500 -0.075700 -0.927000
vn -0.516200 -0.182400 -0.836800
vn -0.400200 -0.043600 -0.915400
vn -0.803700 0.013200 -0.594800
vn 0.283300 -0.096200 -0.954200
vn 0.214400 0.262300 -0.940900
vn -0.338000 0.231200 -0.912300
vn -0.058000 -0.217700 0.974300
vn 0.224500 0.015600 0.974300
vn -0.279500 -0.061200 0.958200
vn -0.673600 -0.215700 0.707000
vn -0.756400 -0.419800 0.501600
vn -0.827700 -0.235300 0.509500
vn -0.686500 0.007000 0.727100
vn -0.822800 0.008200 -0.568300
vn -0.345900 -0.221100 -0.911800
vn -0.802000 -0.058000 -0.594500
vn -0.504800 -0.113300 -0.855700
vn -0.781700 -0.016700 -0.623500
vn -0.507200 -0.029300 -0.861300
vn -0.724900 0.100500 -0.681500
vn 0.273900 -0.219000 0.936500
vn 0.343800 -0.159100 0.925500
vn 0.529900 -0.124300 0.838900
vn -0.411200 0.087600 0.907300
vn -0.754400 -0.097200 0.649200
vn -0.391700 -0.139500 0.909400
vn -0.755000 0.095200 0.648800
vn 0.338000 0.231200 -0.912300
vn 0.400200 -0.043600 -0.915400
vn 0.736000 0.210800 -0.643300
vn 0.803700 0.013200 -0.594800
vn -0.789700 0.390600 -0.473100
vn -0.503900 0.398700 -0.766200
vn -0.823200 0.299500 -0.482300
vn -0.476300 0.337300 -0.812000
vn 0.713000 0.317800 -0.625000
vn 0.362500 0.357300 -0.860800
vn 0.327000 0.297700 -0.896900
vn -0.889100 -0.155000 -0.430700
vn -0.972000 -0.178900 0.152500
vn -0.933600 0.113600 -0.339900
vn -0.788500 0.390900 0.474800
vn -0.696500 0.575700 -0.428300
vn -0.476400 0.576300 0.664000
vn 0.848300 -0.446000 -0.285500
vn 0.846700 -0.458400 0.270100
vn 0.784200 -0.572300 -0.239900
vn 0.888100 -0.359800 0.286100
vn 0.865700 0.273200 -0.419400
vn 0.928400 0.322200 0.185300
vn 0.933200 0.332100 0.137100
vn -0.578300 0.468600 -0.667800
vn 0.584400 0.490300 -0.646600
vn -0.549500 -0.599400 -0.582100
vn 0.654700 -0.525000 -0.543700
vn 0.844800 -0.521000 -0.121600
vn 0.759100 -0.399100 -0.514200
vn 0.741100 0.456800 -0.492100
vn 0.420700 0.451500 -0.786900
vn -0.099800 -0.513700 -0.852100
vn -0.555000 -0.519700 -0.649600
vn -0.567800 0.355000 -0.742700
vn -0.399200 0.183700 0.898300
vn -0.738300 0.049500 0.672600
vn -0.525000 0.292300 0.799400
vn -0.630000 -0.139800 0.763900
vn -0.647100 -0.075900 0.758600
vn 0.129300 0.101400 0.986400
vn -0.268100 0.051300 0.962000
vn 0.701000 -0.062500 0.710400
vn 0.756300 0.006300 0.654200
vn 0.485700 0.090700 0.869400
vn 0.949200 0.052700 0.310100
vn -0.073200 -0.352000 -0.933100
vn -0.045600 -0.425400 -0.903900
vn -0.592000 -0.384200 -0.708500
vn 0.459700 -0.350800 -0.815900
vn 0.491600 -0.335200 -0.803700
vn 0.939200 -0.302000 -0.163400
vn 0.764100 -0.574300 0.293700
vn 0.890600 -0.262500 -0.371300
vn -0.618600 -0.689300 -0.377200
vn -0.468800 -0.658100 -0.589200
vn -0.641900 -0.268900 -0.718100
vn -0.048100 -0.694900 -0.717500
vn -0.009000 0.563800 -0.825900
vn 0.025300 0.711400 -0.702300
vn 0.650100 0.505100 -0.567700
vn -0.591300 0.713500 -0.375700
vn -0.638700 0.624800 -0.449200
vn -0.812700 0.563900 -0.146600
vn -0.627600 0.763900 -0.150500
vn -0.851900 0.488700 -0.188100
vn -0.676700 -0.727300 -0.114700
vn -0.669700 -0.736700 0.093300
vn -0.615500 0.605400 0.504600
vn -0.579000 -0.630300 0.517200
vn 0.090400 -0.595400 0.798300
vn -0.990800 0.068800 -0.116700
vn -0.713500 0.634400 -0.297500
vn -0.585400 0.788400 -0.189300
vn -0.513000 0.779500 0.359400
vn -0.832300 0.542600 0.113600
vn -0.686800 0.383500 0.617500
vn 0.842200 0.240000 0.482900
vn 0.553900 0.578100 0.599100
vn 0.918600 0.207100 0.336500
vn 0.755700 0.591300 0.281700
vn 0.022100 0.200500 -0.979400
vn 0.006800 0.059500 -0.998200
vn -0.673600 0.176600 -0.717600
vn -0.737900 -0.002700 -0.674900
vn 0.992200 -0.078900 0.096800
vn 0.773100 0.634300 -0.010200
vn 0.964700 0.259200 0.045500
vn -0.956300 -0.085800 0.279600
vn -0.816900 -0.434600 0.379200
vn -0.524200 -0.707700 0.473700
vn -0.924600 -0.121700 -0.360900
vn -0.980000 0.004300 -0.198900
vn -0.979300 0.057500 0.193900
vn -0.991700 0.048000 0.119100
vn 0.253400 0.810300 0.528300
vn 0.309700 0.915800 0.255700
vn -0.157100 0.932000 0.326700
vn -0.101700 0.877800 0.468100
vn 0.615900 0.712200 0.337000
vn 0.124100 0.647800 0.751600
vn -0.126600 0.769000 0.626600
vn 0.513000 0.779500 0.359400
vn 0.686800 0.383500 0.617500
vn 0.037400 -0.501200 -0.864500
vn 0.079200 0.010300 -0.996800
vn -0.668000 -0.060600 -0.741700
vn 0.956500 -0.129600 -0.261400
vn 0.812700 0.563900 -0.146600
vn 0.737900 -0.002700 -0.674900
vn 0.673600 0.176600 -0.717600
vn -0.006800 0.059500 -0.998200
vn -0.022100 0.200500 -0.979400
vn 0.161600 0.015500 0.986700
vn -0.329000 -0.121000 0.936600
vn -0.220500 -0.112700 0.968900
vn 0.816900 -0.434600 0.379200
vn 0.524200 -0.707700 0.473700
vn 0.443600 -0.051000 0.894800
vn -0.846700 -0.458400 0.270100
vn -0.888100 -0.359800 0.286100
vn -0.848300 -0.446000 -0.285500
vn -0.486400 0.205700 -0.849200
vn -0.505000 0.137900 -0.852000
vn 0.036900 0.064900 -0.997200
vn 0.476300 0.576300 0.664100
vn 0.319600 -0.155100 0.934800
vn 0.320400 -0.683100 0.656300
vn 0.717900 -0.627900 0.300600
vn -0.821600 0.026100 0.569400
vn -0.827900 0.361000 0.429200
vn -0.854100 -0.367700 0.367700
vn -0.415200 -0.417900 -0.808100
vn -0.420700 0.451500 -0.786900
vn 0.049300 0.450600 -0.891400
vn 0.099800 -0.513700 -0.852100
vn 0.524100 0.423600 0.738900
vn 0.966600 -0.119300 0.227000
vn 0.963900 -0.074400 0.255600
vn 0.900000 -0.397800 0.178200
vn -0.064800 -0.435800 0.897700
vn 0.190100 -0.343200 0.919800
vn -0.005600 -0.518800 0.854900
vn 0.280100 -0.535600 0.796600
vn 0.096800 0.147700 -0.984300
vn 0.037700 0.291200 -0.955900
vn 0.550200 0.169000 -0.817800
vn 0.984000 0.156200 0.085800
vn 0.984000 0.152900 0.091000
vn 0.851900 -0.064900 0.519700
vn -0.946600 0.169000 0.274700
vn -0.988600 0.002900 -0.150600
vn -0.949200 0.052700 0.310100
vn 0.641900 -0.268900 -0.718100
vn 0.592000 -0.384200 -0.708500
vn 0.073200 -0.352000 -0.933100
vn 0.045600 -0.425400 -0.903900
vn -0.939200 -0.302000 -0.163400
vn -0.890600 -0.262500 -0.371300
vn -0.764100 -0.574300 0.293700
vn -0.459700 -0.350800 -0.815900
vn -0.657300 -0.634500 -0.406600
vn -0.785500 -0.325900 -0.526100
vn -0.510700 0.072400 -0.856700
vn -0.576200 -0.047800 -0.815900
vn -0.862500 0.233100 -0.449300
vn -0.088400 -0.388600 0.917200
vn -0.000000 -0.381100 0.924500
vn -0.088500 0.388600 0.917200
vn 0.000000 0.381100 0.924500
vn -0.160000 -0.344700 0.925000
vn -0.167300 -0.381800 0.909000
vn -0.369900 -0.369400 0.852500
vn -0.000000 0.983100 -0.183300
vn 0.000000 0.719400 -0.694600
vn -0.020100 0.617900 -0.786000
vn 0.077500 0.970800 0.226900
vn 0.098500 0.967200 0.234300
vn 0.081700 0.968400 0.235600
vn -0.953200 0.297400 -0.053800
vn -0.853600 0.520800 0.012800
vn -0.904300 0.415500 0.097800
vn -0.891200 0.380500 -0.247100
vn -0.756000 0.607600 -0.243400
vn 0.126800 0.716500 0.686000
vn 0.167400 0.381400 0.909100
vn 0.373500 0.370800 0.850300
vn 0.976800 0.191800 -0.095400
vn 0.912900 0.310400 0.264900
vn 0.893300 -0.369500 0.256100
vn 0.927200 -0.347300 0.140000
vn 0.913100 -0.101500 0.394900
vn 0.975000 -0.179500 0.131200
vn 0.962700 0.244800 0.115100
vn 0.755700 0.154700 0.636400
vn 0.875000 0.088400 0.475900
vn 0.355300 -0.359100 0.863000
vn 0.061700 0.179500 0.981800
vn 0.185500 -0.342500 0.921000
vn 0.897700 -0.252600 -0.361100
vn 0.942200 0.029800 -0.333800
vn 0.636500 0.023200 -0.770900
vn 0.613700 0.124700 -0.779700
vn -0.073900 -0.223500 -0.971900
vn -0.164100 -0.409100 -0.897600
vn -0.000000 -0.342200 -0.939600
vn 0.352200 -0.209200 -0.912300
vn 0.678200 -0.054200 -0.732900
vn 0.513700 -0.113300 -0.850500
vn 0.128500 -0.217400 -0.967600
vn -0.000000 0.134300 -0.990900
vn -0.039100 0.231400 -0.972100
vn -0.078800 -0.196500 -0.977300
vn -0.518500 0.237800 -0.821400
vn -0.341200 -0.221300 -0.913600
vn -0.613700 0.124700 -0.779700
vn -0.636500 0.023200 -0.770900
vn -0.197600 0.046300 -0.979200
vn 0.925000 0.027700 0.378900
vn 0.539300 0.014300 0.842000
vn 0.726800 -0.016200 0.686700
vn 0.343200 -0.338000 -0.876300
vn 0.197600 0.046300 -0.979200
vn -0.128500 -0.217400 -0.967600
vn 0.096600 0.060800 0.993500
vn -0.166600 0.066100 0.983800
vn -0.411000 0.129500 0.902400
vn -0.942200 0.029800 -0.333800
vn -0.999900 -0.013600 0.005400
vn -0.998800 0.020800 0.043600
vn 0.960900 0.111300 -0.253600
vn 0.894200 0.012600 0.447400
vn 0.935000 -0.157100 0.317900
vn 0.977800 -0.194400 -0.078600
vn 0.981400 -0.191800 -0.000700
vn 0.204100 -0.291900 -0.934400
vn 0.529900 -0.040000 -0.847100
vn 0.973200 -0.210500 0.092200
vn 0.857500 -0.184700 0.480100
vn 0.770600 -0.009700 0.637200
vn 0.345900 -0.221100 -0.911800
vn 0.504800 -0.113300 -0.855700
vn 0.507200 -0.029300 -0.861300
vn -0.760800 -0.265900 0.592000
vn -0.977100 -0.151300 0.149700
vn -0.873500 -0.105300 0.475200
vn -0.953400 -0.119500 0.276900
vn -0.972300 -0.142000 -0.185500
vn -0.989500 -0.114800 0.088200
vn -0.828100 -0.189700 0.527500
vn -0.985400 0.081700 0.149200
vn -0.807500 -0.130800 0.575200
vn -0.369200 -0.218400 0.903300
vn 0.132800 -0.311200 0.941000
vn 0.138000 -0.419100 0.897400
vn -0.335300 0.029800 0.941600
vn -0.179900 0.094900 0.979100
vn -0.726800 -0.016200 0.686700
vn -0.928600 -0.051000 0.367400
vn -0.975500 -0.166100 -0.144200
vn -0.919200 0.227400 -0.321400
vn -0.948200 0.174700 -0.265300
vn -0.951800 0.229300 -0.203700
vn -0.954000 0.251600 -0.163200
vn -0.756300 0.006300 0.654200
vn -0.529900 -0.124300 0.838900
vn -0.485700 0.090700 0.869400
vn -0.239800 -0.129000 -0.962200
vn 0.300300 -0.200700 -0.932500
vn -0.123000 -0.246600 -0.961300
vn -0.665100 -0.173800 -0.726200
vn -0.848400 -0.161400 -0.504100
vn -0.851600 -0.231300 -0.470400
vn -0.926000 -0.093400 -0.365900
vn -0.661800 -0.056000 -0.747500
vn 0.724900 0.100500 -0.681500
vn 0.781700 -0.016700 -0.623500
vn 0.802000 -0.058000 -0.594500
vn 0.822800 0.008200 -0.568300
vn 0.755000 0.095200 0.648800
vn 0.754400 -0.097200 0.649200
vn 0.411200 0.087600 0.907300
vn 0.391700 -0.139500 0.909400
vn 0.747200 -0.334500 0.574200
vn 0.346300 -0.436800 0.830200
vn 0.462300 -0.399100 0.791800
vn 0.756400 -0.419800 0.501600
vn 0.673600 -0.215700 0.707000
vn 0.174700 -0.180700 0.967900
vn 0.216200 -0.199600 0.955700
vn 0.686500 0.007000 0.727100
vn 0.243900 -0.183400 0.952300
vn 0.530100 0.055600 0.846100
vn 0.132000 -0.240500 0.961600
vn 0.645300 0.114700 0.755200
vn -0.343800 -0.159100 0.925500
vn -0.273900 -0.219000 0.936500
vn 0.133600 -0.417700 0.898700
vn 0.073000 -0.174100 0.982000
vn 0.789700 0.390600 -0.473100
vn 0.503900 0.398700 -0.766200
vn 0.716300 0.301200 -0.629400
vn 0.104500 0.373600 -0.921700
vn -0.362500 0.357300 -0.860800
vn -0.713000 0.317800 -0.625000
vn -0.736000 0.210800 -0.643300
vn 0.966300 0.225400 -0.124000
vn 0.930900 0.363200 -0.037700
vn 0.963500 0.267400 -0.010000
vn 0.871900 0.176200 0.456900
vn 0.897900 0.227100 0.377000
vn 0.920400 -0.073300 0.384000
vn 0.780000 0.140100 0.609900
vn -0.656800 0.327200 -0.679400
vn -0.327000 0.297700 -0.896900
vn 0.476300 0.337300 -0.812000
vn 0.823200 0.299500 -0.482300
vn 0.903000 0.033500 0.428300
vn 0.827700 -0.235300 0.509500
vn -0.204100 -0.291900 -0.934400
vn -0.981400 -0.191800 -0.000700
vn -0.910700 -0.210200 -0.355500
vn -0.977800 -0.194400 -0.078600
vn -0.950200 -0.030000 -0.310200
vn -0.934400 -0.156000 0.320100
vn -0.893700 0.010800 0.448600
vn -0.960900 0.111300 -0.253600
vn -0.529900 -0.040000 -0.847100
vn -0.435700 -0.159300 -0.885900
vn -0.973200 -0.210500 0.092200
vn -0.857700 -0.184100 0.480100
vn -0.770900 -0.010200 0.636900
vn -0.747200 -0.334500 0.574200
vn -0.346300 -0.436800 0.830200
vn -0.073000 -0.174100 0.982000
vn -0.133600 -0.417700 0.898700
vn -0.462300 -0.399100 0.791800
vn -0.920400 -0.073300 0.384000
vn -0.966300 0.225400 -0.124000
vn -0.132800 -0.311200 0.941000
vn -0.174700 -0.180700 0.967900
vn 0.311900 -0.345900 0.884900
vn -0.216200 -0.199600 0.955700
vn -0.243900 -0.183400 0.952300
vn -0.132000 -0.240500 0.961600
vn 0.245000 -0.490200 0.836500
vn 0.225900 -0.345700 0.910700
vn 0.783200 -0.327900 0.528200
vn 0.760800 -0.265900 0.592000
vn 0.977100 -0.151300 0.149700
vn 0.668000 -0.106400 0.736500
vn 0.173200 -0.111900 0.978500
vn 0.873500 -0.105300 0.475200
vn 0.953400 -0.119500 0.276900
vn 0.972300 -0.142000 -0.185500
vn 0.985000 -0.125400 -0.118300
vn 0.989500 -0.114800 0.088200
vn 0.828100 -0.189700 0.527500
vn 0.985400 0.081700 0.149200
vn 0.807500 -0.130800 0.575200
vn 0.369200 -0.218400 0.903300
vn -0.138000 -0.419100 0.897400
vn 0.058000 -0.217700 0.974300
vn 0.335300 0.029800 0.941600
vn 0.179900 0.094900 0.979100
vn 0.928600 -0.051000 0.367400
vn 0.999900 -0.013600 0.005400
vn 0.975500 -0.166100 -0.144200
vn 0.909400 -0.166600 -0.381200
vn 0.898000 0.001700 -0.440000
vn 0.919200 0.227400 -0.321400
vn 0.948200 0.174700 -0.265300
vn 0.951800 0.229300 -0.203700
vn 0.954000 0.251600 -0.163200
vn 0.946600 0.169000 0.274700
vn -0.645300 0.114700 0.755200
vn -0.530100 0.055600 0.846100
vn -0.224500 0.015600 0.974300
vn 0.848400 -0.161400 -0.504100
vn 0.516200 -0.182400 -0.836800
vn 0.123000 -0.246600 -0.961300
vn -0.283300 -0.096200 -0.954200
vn -0.300300 -0.200700 -0.932500
vn -0.871900 0.176200 0.456900
vn -0.897900 0.227100 0.377000
vn -0.780000 0.140100 0.609900
vn -0.930900 0.363200 -0.037700
vn -0.963500 0.267400 -0.010000
vn -0.716300 0.301200 -0.629400
vn -0.214400 0.262300 -0.940900
vn -0.104500 0.373600 -0.921700
vn 0.851600 -0.231300 -0.470400
vn 0.665100 -0.173800 -0.726200
vn 0.239800 -0.129000 -0.962200
vn -0.367500 -0.075700 -0.927000
vn -0.376900 0.076900 -0.923100
vn 0.196400 0.005800 -0.980500
vn 0.661800 -0.056000 -0.747500
vn 0.926000 -0.093400 -0.365900
vn -0.903000 0.033500 0.428300
vn -0.984000 0.152900 0.091000
vn -0.037700 0.291200 -0.955900
vn 0.656800 0.327200 -0.679400
vn 0.279500 -0.061200 0.958200
vn -0.898600 0.149300 -0.412600
vn -0.797400 -0.113900 -0.592600
vn 0.263100 -0.366600 0.892400
vn 0.114600 0.002200 0.993400
vn -0.281700 0.022500 0.959200
vn -0.370400 -0.383500 0.846000
vn 0.381900 0.183900 0.905700
vn 0.043800 0.158600 0.986400
vn -0.385600 0.133000 0.913000
vn -0.489000 -0.138300 0.861200
vn 0.329000 -0.121000 0.936600
vn 0.220500 -0.112700 0.968900
vn -0.383500 -0.112800 0.916600
vn 0.135300 -0.241000 0.961000
vn -0.252100 -0.265900 0.930500
vn -0.578400 -0.465700 0.669700
vn 0.181700 -0.314500 0.931700
vn 0.053900 -0.040500 0.997700
vn -0.064200 0.050800 0.996600
vn -0.161600 0.015500 0.986700
vn -0.362200 -0.310700 0.878800
vn 0.356900 -0.492700 0.793700
vn -0.705700 -0.281500 -0.650200
vn -0.855800 -0.406700 -0.319600
vn -0.874500 -0.204000 -0.439900
vn -0.855400 -0.384400 -0.347200
vn -0.985600 -0.121400 0.117700
vn -0.448600 -0.477400 -0.755500
vn -0.192500 -0.790600 -0.581200
vn -0.417300 -0.816600 -0.398800
vn -0.446400 0.218900 -0.867700
vn -0.439500 0.478600 -0.760100
vn -0.702200 0.229100 -0.674100
vn -0.535400 0.696600 0.477500
vn -0.305200 -0.676400 0.670400
vn -0.814900 0.463100 0.348400
vn -0.473200 0.268000 0.839200
vn -0.443600 -0.051000 0.894800
vn -0.524100 -0.707700 0.473700
vn -0.899900 -0.221700 -0.375500
vn -0.940900 -0.229200 0.249200
vn -0.807300 -0.439200 -0.394200
vn -0.847400 -0.393400 -0.356700
vn -0.954200 -0.167500 0.247800
vn -0.929100 0.151800 -0.337100
vn -0.913200 -0.085800 -0.398300
vn -0.802600 0.141900 -0.579400
vn -0.743000 0.191900 -0.641200
vn -0.607000 -0.325300 -0.725100
vn -0.394800 -0.640000 -0.659200
vn -0.618500 -0.689300 -0.377200
vn -0.726300 -0.356300 -0.587900
vn -0.579000 0.180700 -0.795100
vn -0.571000 0.533000 -0.624500
vn -0.320400 -0.683200 0.656200
vn -0.717900 -0.627900 0.300600
vn -0.706300 -0.346500 -0.617400
vn 0.478800 -0.682500 -0.552200
vn -0.650800 0.281400 -0.705200
vn 0.527700 0.587000 -0.613900
vn -0.448700 -0.477400 -0.755500
vn -0.446300 0.218900 -0.867700
vn -0.878000 -0.202800 0.433500
vn -0.916100 0.153500 0.370400
vn -0.838200 0.070600 0.540700
vn -0.508400 -0.546700 -0.665400
vn -0.525400 -0.637000 -0.564100
vn -0.037400 -0.501200 -0.864500
vn -0.046600 -0.495900 -0.867100
vn 0.497200 -0.484100 -0.720000
vn 0.524400 -0.533800 -0.663400
vn 0.843800 -0.318200 0.432200
vn 0.911800 -0.121700 0.392300
vn 0.880300 0.145200 0.451700
vn 0.910600 0.185400 0.369400
vn 0.860900 0.256200 -0.439600
vn 0.486400 0.205700 -0.849200
vn 0.505000 0.137900 -0.852000
vn -0.036900 0.064900 -0.997200
vn -0.053200 0.183600 -0.981600
vn -0.518900 0.205300 -0.829800
vn -0.515100 0.072900 -0.854000
vn -0.279200 0.050700 0.958900
vn -0.788500 0.390900 0.474900
vn -0.318700 -0.155500 0.935000
vn 0.821600 0.026100 0.569400
vn 0.730200 -0.395800 0.556900
vn 0.854100 -0.367700 0.367700
vn 0.722200 -0.681800 -0.117000
vn 0.643700 -0.641700 -0.417100
vn 0.415200 -0.417900 -0.808100
vn 0.360500 -0.615900 -0.700500
vn 0.827900 0.361000 0.429200
vn 0.744100 0.126800 0.656000
vn 0.670300 0.307100 0.675600
vn 0.805900 0.358300 0.471300
vn 0.913600 0.386900 -0.124700
vn 0.901000 0.416800 -0.120400
vn 0.789000 0.398800 -0.467400
vn 0.383400 0.491300 -0.782100
vn -0.049300 0.450600 -0.891400
vn -0.031700 0.553500 -0.832200
vn -0.533500 0.449500 -0.716500
vn -0.900000 -0.397800 0.178200
vn -0.963900 -0.074400 0.255600
vn -0.897800 0.151700 0.413500
vn -0.862000 0.054300 0.504000
vn 0.796400 -0.047300 0.602900
vn 0.375000 0.488300 0.788000
vn -0.670800 0.076900 0.737700
vn -0.053900 0.135100 0.989400
vn -0.451500 0.082200 0.888500
vn -0.200600 0.151000 0.968000
vn 0.011400 0.164300 0.986300
vn 0.468800 0.012500 0.883200
vn 0.621400 0.236700 0.746900
vn -0.524100 0.423600 0.738900
vn -0.966600 -0.119300 0.227000
vn 0.849300 0.068900 0.523400
vn 0.889300 0.047000 0.454800
vn 0.802200 -0.092000 0.589900
vn 0.896900 -0.137600 0.420300
vn 0.047500 0.111200 0.992700
vn 0.247000 -0.074200 0.966200
vn 0.364100 -0.007100 0.931300
vn 0.334000 -0.064400 0.940400
vn -0.879800 -0.116900 0.460700
vn -0.937600 -0.110800 0.329500
vn -0.882500 -0.024000 0.469700
vn -0.831900 0.014600 0.554700
vn -0.442600 0.093800 0.891800
vn -0.469200 -0.017300 0.882900
vn 0.272800 -0.040200 0.961200
vn 0.122500 -0.042600 0.991600
vn -0.472700 -0.112400 0.874000
vn -0.548900 -0.131500 0.825500
vn -0.242800 0.133600 0.960800
vn -0.190100 -0.320800 0.927900
vn 0.011700 0.165300 0.986200
vn 0.261000 0.375200 0.889500
vn -0.190100 -0.343200 0.919800
vn -0.404600 0.095100 0.909500
vn -0.494000 0.276900 0.824200
vn -0.671600 0.099500 0.734200
vn -0.624500 0.230500 0.746200
vn 0.401500 0.318900 0.858600
vn 0.064800 -0.435800 0.897700
vn 0.005600 -0.518800 0.854900
vn -0.280100 -0.535600 0.796600
vn -0.299300 -0.526300 0.795900
vn 0.376700 0.360500 0.853300
vn 0.503500 0.150200 0.850800
vn 0.013800 0.219200 0.975600
vn 0.423600 0.191300 0.885400
vn -0.851900 -0.064900 0.519700
vn -0.984000 0.156200 0.085800
vn -0.993600 0.033600 0.108100
vn -0.870000 0.145300 -0.471100
vn -0.862300 0.067400 -0.501900
vn -0.550200 0.169000 -0.817800
vn -0.096800 0.147700 -0.984300
vn 0.322900 0.139700 -0.936100
vn 0.726400 0.053700 -0.685200
vn 0.988600 0.002900 -0.150600
vn -0.696400 0.575600 -0.428500
vn -0.956500 -0.134000 0.259200
vn -0.947100 -0.246900 -0.205300
vn 0.785500 -0.325900 -0.526100
vn 0.952700 -0.187700 0.238900
vn -0.815000 0.463100 0.348400
vn 0.722100 -0.681800 -0.117000
vn 0.623700 0.658400 -0.421400
vn 0.766600 0.633900 -0.102400
vn 0.789600 0.612600 -0.035700
vn 0.683500 0.729100 -0.036700
vn 0.612900 0.789200 -0.039200
vn 0.759100 0.651000 0.002300
vn 0.581100 0.630400 0.514700
vn 0.463100 0.799100 0.383400
vn -0.121600 0.842600 0.524600
vn -0.217200 0.608600 0.763200
vn -0.035300 -0.806900 0.589700
vn -0.644400 0.728600 -0.232300
vn -0.734000 0.672100 -0.097700
vn -0.765200 0.636500 0.096700
vn -0.616100 0.783200 0.084100
vn -0.354100 0.902100 0.246700
vn 0.111200 0.817300 0.565400
vn 0.106700 0.634800 0.765300
vn -0.007300 0.964200 0.265100
vn -0.142700 0.578200 0.803300
vn -0.209000 -0.566600 0.797100
vn 0.580400 -0.609900 0.539600
vn 0.757600 -0.652500 0.015400
vn 0.667900 -0.739700 -0.082100
vn 0.693300 -0.712300 -0.109300
vn 0.532300 -0.734900 -0.420200
vn 0.000200 -0.700000 -0.714200
vn -0.637600 -0.613000 -0.466600
vn -0.652600 -0.738900 -0.167500
vn -0.630600 -0.737100 -0.242900
vn -0.035300 -0.806900 0.589600
vn -0.208900 -0.566600 0.797100
vn 0.751000 -0.058500 -0.657700
vn 0.733800 0.082800 -0.674300
vn 0.972000 -0.095500 -0.214700
vn 0.980000 0.004300 -0.198900
vn 0.991700 0.048000 0.119100
vn 0.974500 -0.170400 0.145800
vn 0.907700 0.402700 0.118200
vn 0.157100 0.932000 0.326700
vn 0.101700 0.877800 0.468100
vn -0.309700 0.915800 0.255700
vn -0.615900 0.712200 0.337000
vn -0.905100 0.421100 -0.058600
vn -0.968600 0.239100 0.067500
vn -0.906400 0.137300 -0.399500
vn -0.956500 -0.129600 -0.261400
vn 0.181800 0.188700 0.965000
vn -0.253400 0.810300 0.528300
vn 0.126600 0.769000 0.626600
vn 0.668000 -0.060600 -0.741700
vn 0.924600 -0.121700 -0.360900
vn 0.979300 0.057500 0.193900
vn -0.124100 0.647800 0.751600
vn -0.729500 0.409600 0.547800
vn -0.921700 -0.107900 -0.372600
vn -0.684300 -0.138200 -0.716000
vn -0.079200 0.010300 -0.996800
vn -0.288900 0.763400 0.577800
vn 0.545500 0.710600 0.444300
vn 0.711300 0.154700 0.685600
vn -0.364800 0.138900 0.920700
vn 0.676700 -0.727300 -0.114700
vn 0.669700 -0.736700 0.093300
vn 0.035300 -0.806900 0.589700
vn 0.579000 -0.630300 0.517200
vn -0.090400 -0.595400 0.798300
vn -0.025300 0.711400 -0.702300
vn 0.009000 0.563800 -0.825900
vn -0.650100 0.505100 -0.567700
vn -0.623700 0.658400 -0.421400
vn -0.766600 0.633900 -0.102400
vn -0.789600 0.612600 -0.035700
vn -0.683500 0.729100 -0.036700
vn -0.964700 0.259200 0.045500
vn -0.773100 0.634300 -0.010200
vn -0.612900 0.789200 -0.039200
vn -0.759100 0.651000 0.002300
vn -0.581100 0.630400 0.514700
vn -0.463100 0.799100 0.383400
vn 0.121600 0.842600 0.524600
vn 0.217200 0.608600 0.763200
vn 0.209000 -0.566600 0.797100
vn -0.580400 -0.609900 0.539600
vn -0.757600 -0.652500 0.015400
vn -0.667900 -0.739700 -0.082100
vn -0.693300 -0.712300 -0.109300
vn -0.532300 -0.734900 -0.420200
vn -0.000200 -0.700000 -0.714200
vn 0.637600 -0.613000 -0.466600
vn 0.638700 0.624800 -0.449200
vn 0.652600 -0.738900 -0.167500
vn 0.627600 0.763900 -0.150500
vn 0.630600 -0.737100 -0.242900
vn 0.644400 0.728600 -0.232300
vn 0.851900 0.488700 -0.188100
vn 0.765200 0.636500 0.096700
vn 0.615500 0.605400 0.504600
vn -0.106700 0.634800 0.765300
vn 0.035300 -0.806900 0.589600
vn 0.007300 0.964200 0.265100
vn 0.142700 0.578200 0.803300
vn -0.111200 0.817300 0.565400
vn 0.354100 0.902100 0.246700
vn 0.616100 0.783200 0.084100
vn 0.734000 0.672100 -0.097700
vn 0.585400 0.788400 -0.189300
vn 0.713500 0.634400 -0.297500
vn 0.591300 0.713500 -0.375700
vn 0.208900 -0.566600 0.797100
vn -0.733800 0.082800 -0.674300
vn -0.918600 0.207100 0.336500
vn -0.974500 -0.170400 0.145800
vn -0.992200 -0.078900 0.096800
vn -0.907700 0.402700 0.118200
vn -0.755700 0.591300 0.281700
vn -0.553900 0.578100 0.599100
vn -0.842200 0.240000 0.482900
vn 0.729500 0.409600 0.547800
vn 0.968600 0.239100 0.067500
vn 0.956300 -0.085800 0.279600
vn 0.921700 -0.107900 -0.372600
vn 0.906400 0.137300 -0.399500
vn 0.990800 0.068800 -0.116700
vn 0.905100 0.421100 -0.058600
vn 0.832300 0.542600 0.113600
vn -0.181800 0.188700 0.965000
vn 0.053900 0.135100 0.989400
vn -0.621400 0.236700 0.746900
vn -0.843800 -0.318200 0.432200
vn -0.784200 -0.572300 -0.239900
vn -0.524400 -0.533800 -0.663400
vn -0.751000 -0.058500 -0.657700
vn -0.972000 -0.095500 -0.214700
vn -0.711300 0.154700 0.685600
vn 0.364800 0.138900 0.920700
vn 0.288900 0.763400 0.577800
vn -0.545500 0.710600 0.444300
vn 0.670800 0.076900 0.737700
vn 0.416900 -0.815000 -0.402500
vn 0.528000 -0.635500 -0.563400
vn 0.684300 -0.138200 -0.716000
vn 0.489000 -0.138300 0.861200
vn 0.383500 -0.112800 0.916600
vn -0.135300 -0.241000 0.961000
vn 0.252100 -0.265900 0.930500
vn 0.578400 -0.465700 0.669700
vn -0.181700 -0.314500 0.931700
vn -0.053900 -0.040500 0.997700
vn 0.064200 0.050800 0.996600
vn -0.381900 0.183900 0.905700
vn 0.385600 0.133000 0.913000
vn 0.362200 -0.310700 0.878800
vn -0.356900 -0.492700 0.793700
vn 0.281700 0.022500 0.959200
vn -0.114600 0.002200 0.993400
vn -0.263100 -0.366600 0.892400
vn 0.370400 -0.383500 0.846000
vn -0.043800 0.158600 0.986400
vn 0.268100 0.051300 0.962000
vn 0.855400 -0.384400 -0.347200
vn 0.855800 -0.406700 -0.319600
vn 0.874500 -0.204000 -0.439900
vn 0.985600 -0.121400 0.117700
vn 0.972000 -0.178900 0.152500
vn 0.933600 0.113600 -0.339900
vn 0.889100 -0.155000 -0.430700
vn 0.898600 0.149300 -0.412600
vn 0.705700 -0.281500 -0.650200
vn 0.446400 0.218900 -0.867600
vn 0.440800 0.475000 -0.761600
vn 0.699300 0.228500 -0.677300
vn -0.122500 -0.042600 0.991600
vn 0.472700 -0.112400 0.874000
vn 0.630000 -0.139800 0.763900
vn -0.129300 0.101400 0.986400
vn 0.647100 -0.075900 0.758600
vn 0.548900 -0.131500 0.825500
vn -0.247000 -0.074200 0.966200
vn -0.364100 -0.007100 0.931300
vn 0.442600 0.093800 0.891800
vn -0.334000 -0.064400 0.940400
vn 0.469200 -0.017300 0.882900
vn -0.272800 -0.040200 0.961200
vn -0.796400 -0.047300 0.602900
vn -0.375000 0.488300 0.788000
vn 0.879800 -0.116900 0.460700
vn 0.242800 0.133600 0.960800
vn 0.882500 -0.024000 0.469700
vn 0.831900 0.014600 0.554700
vn 0.451500 0.082200 0.888500
vn 0.797400 -0.113900 -0.592600
vn 0.536800 0.694000 0.479800
vn 0.305200 -0.676400 0.670400
vn 0.192500 -0.790600 -0.581200
vn 0.813100 0.463700 0.351900
vn 0.446800 -0.478000 -0.756200
vn 0.726300 -0.356300 -0.587900
vn 0.579000 0.180700 -0.795100
vn 0.899900 -0.221700 -0.375500
vn 0.571000 0.533000 -0.624500
vn 0.696500 0.575700 -0.428300
vn 0.813100 0.463600 0.351900
vn 0.473200 0.268000 0.839200
vn 0.524100 -0.707700 0.473700
vn 0.913200 -0.085800 -0.398300
vn 0.743000 0.191900 -0.641200
vn 0.802600 0.141900 -0.579400
vn 0.807300 -0.439200 -0.394200
vn 0.940900 -0.229200 0.249200
vn 0.847400 -0.393400 -0.356700
vn 0.929100 0.151800 -0.337100
vn 0.954200 -0.167500 0.247800
vn 0.394800 -0.640000 -0.659200
vn 0.788500 0.390900 0.474800
vn 0.607000 -0.325300 -0.725100
vn 0.618500 -0.689300 -0.377200
vn 0.618600 -0.689300 -0.377200
vn 0.706300 -0.346500 -0.617400
vn -0.478800 -0.682500 -0.552200
vn 0.650800 0.281400 -0.705200
vn -0.527700 0.587000 -0.613900
vn 0.446400 0.219000 -0.867600
vn 0.446900 -0.478000 -0.756200
vn 0.878000 -0.202800 0.433500
vn 0.916100 0.153500 0.370400
vn 0.838200 0.070600 0.540700
vn 0.509300 -0.547600 -0.663900
vn 0.046600 -0.495900 -0.867100
vn -0.497200 -0.484100 -0.720000
vn -0.911800 -0.121700 0.392300
vn 0.518900 0.205300 -0.829800
vn 0.515100 0.072900 -0.854000
vn 0.053200 0.183600 -0.981600
vn -0.860800 0.256300 -0.439600
vn -0.865700 0.273200 -0.419400
vn -0.933200 0.332100 0.137100
vn -0.928400 0.322200 0.185300
vn -0.910600 0.185400 0.369400
vn -0.880300 0.145200 0.451700
vn 0.788500 0.390900 0.474900
vn 0.279800 0.050100 0.958700
vn 0.549500 -0.599400 -0.582100
vn -0.654700 -0.525000 -0.543700
vn 0.578300 0.468600 -0.667800
vn -0.584400 0.490300 -0.646600
vn -0.730200 -0.395800 0.556900
vn -0.725600 -0.675500 -0.130800
vn -0.839900 -0.526800 -0.130800
vn -0.762100 -0.407000 -0.503500
vn -0.360500 -0.615900 -0.700500
vn 0.048100 -0.694900 -0.717500
vn 0.468800 -0.658100 -0.589200
vn 0.555000 -0.519700 -0.649600
vn -0.744100 0.126800 0.656000
vn -0.670300 0.307100 0.675600
vn -0.805900 0.358300 0.471300
vn -0.913600 0.386900 -0.124700
vn -0.901000 0.416800 -0.120400
vn -0.789000 0.398800 -0.467400
vn -0.741100 0.456800 -0.492100
vn -0.383400 0.491300 -0.782100
vn 0.031700 0.553500 -0.832200
vn 0.567800 0.355000 -0.742700
vn 0.533500 0.449500 -0.716500
vn 0.862000 0.054300 0.504000
vn 0.279800 0.050100 0.958800
vn 0.200600 0.151000 0.968000
vn -0.011400 0.164300 0.986300
vn -0.468800 0.012500 0.883200
vn 0.897800 0.151700 0.413500
vn -0.849300 0.068900 0.523400
vn -0.889300 0.047000 0.454800
vn -0.802200 -0.092000 0.589900
vn -0.896900 -0.137600 0.420300
vn -0.047500 0.111200 0.992700
vn 0.937600 -0.110800 0.329500
vn 0.190100 -0.320800 0.927900
vn -0.011700 0.165300 0.986200
vn -0.261000 0.375200 0.889500
vn 0.404600 0.095100 0.909500
vn 0.494000 0.276900 0.824200
vn 0.399200 0.183700 0.898300
vn 0.738300 0.049500 0.672600
vn 0.525000 0.292300 0.799400
vn 0.671600 0.099500 0.734200
vn 0.624500 0.230500 0.746200
vn -0.401500 0.318900 0.858600
vn 0.299300 -0.526300 0.795900
vn -0.376700 0.360500 0.853300
vn -0.013800 0.219200 0.975600
vn -0.503500 0.150200 0.850800
vn -0.423600 0.191300 0.885400
vn -0.726400 0.053700 -0.685200
vn -0.322900 0.139700 -0.936100
vn 0.870000 0.145300 -0.471100
vn 0.993600 0.033600 0.108100
vn 0.696500 0.575800 -0.428200
vn 0.862300 0.067400 -0.501900
vn -0.701000 -0.062500 0.710400
vn 0.956500 -0.134000 0.259200
vn 0.947100 -0.246900 -0.205300
vn -0.491600 -0.335200 -0.803700
vn -0.952700 -0.187700 0.238900
vn -0.903000 0.173100 -0.393200
vn -0.958900 0.267500 -0.094300
vn -0.957100 0.241100 -0.160800
vn -0.962700 0.244800 0.115100
vn -0.931900 0.331200 0.147900
vn -0.589900 0.266000 0.762400
vn -0.755700 0.154700 0.636400
vn -0.875000 0.088400 0.475900
vn -0.957700 0.176500 -0.227100
vn -0.591700 0.026900 -0.805700
vn -0.617400 -0.006500 -0.786600
vn -0.382500 0.817800 -0.430000
vn -0.854600 0.325500 -0.404600
vn -0.651300 0.688100 -0.319900
vn -0.150500 0.682300 -0.715400
vn -0.269500 0.315000 -0.910000
vn -0.807400 -0.399200 -0.434500
vn -0.249900 -0.409200 -0.877600
vn -0.771600 -0.194200 -0.605800
vn -0.185500 -0.342500 0.921000
vn -0.061700 0.179500 0.981800
vn -0.373700 0.370600 0.850300
vn -0.167200 0.381300 0.909200
vn 0.088500 0.388600 0.917200
vn 0.088400 -0.388600 0.917200
vn 0.167100 -0.381700 0.909100
vn 0.370100 -0.369200 0.852500
vn -0.548700 -0.200600 0.811600
vn -0.338400 -0.292800 0.894300
vn -0.090500 -0.337500 0.937000
vn -0.000000 -0.347100 0.937800
vn 0.090500 -0.337500 0.937000
vn 0.159700 -0.344900 0.925000
vn 0.338600 -0.293000 0.894100
vn 0.548700 -0.200600 0.811600
vn -0.098500 0.967200 0.234300
vn -0.077500 0.970800 0.226900
vn -0.081700 0.968400 0.235600
vn 0.049500 0.984900 0.166000
vn 0.061000 0.996200 0.061800
vn -0.034400 0.945200 -0.324800
vn -0.327600 0.937700 -0.115700
vn -0.687700 0.580800 0.435600
vn -0.344900 0.892900 0.289400
vn -0.457000 0.614200 0.643300
vn -0.717400 0.688500 0.106200
vn -0.227400 0.973700 0.011600
vn -0.601100 0.787400 -0.136700
vn -0.379100 0.923900 -0.052900
vn -0.269900 0.955000 -0.123000
vn -0.307600 0.899100 -0.311400
vn -0.157500 0.958300 -0.238700
vn 0.000000 0.975400 -0.220500
vn 0.020100 0.617900 -0.786000
vn 0.150500 0.682300 -0.715400
vn 0.157500 0.958300 -0.238700
vn 0.382500 0.817800 -0.430000
vn 0.307600 0.899100 -0.311400
vn 0.651300 0.688100 -0.319900
vn 0.269900 0.955000 -0.123000
vn 0.601100 0.787400 -0.136700
vn 0.379100 0.923900 -0.052900
vn 0.227400 0.973700 0.011600
vn 0.717400 0.688500 0.106100
vn 0.344900 0.892900 0.289400
vn 0.457000 0.614300 0.643300
vn 0.687700 0.580800 0.435600
vn 0.327600 0.937700 -0.115700
vn 0.034400 0.945200 -0.324800
vn -0.061000 0.996200 0.061900
vn -0.049500 0.984900 0.166000
vn 0.026900 0.266400 -0.963500
vn -0.081400 0.387000 -0.918500
vn 0.067700 0.183400 -0.980700
vn -0.031000 0.415200 -0.909200
vn 0.000000 0.489500 -0.872000
vn 0.000000 0.468700 -0.883400
vn 0.031000 0.415200 -0.909200
vn 0.081400 0.387000 -0.918500
vn -0.026900 0.266400 -0.963500
vn -0.067700 0.183400 -0.980700
vn -0.913100 -0.101500 0.394900
vn -0.893300 -0.369500 0.256100
vn -0.976700 -0.214400 -0.006200
vn -0.976800 0.191900 -0.095300
vn -0.913000 0.310200 0.264900
vn -0.927400 0.275100 -0.253400
vn -0.964400 0.189300 -0.184600
vn -0.955900 -0.195900 -0.218700
vn -0.908800 -0.311800 -0.277300
vn -0.935000 -0.257000 -0.244200
vn -0.927200 -0.347300 0.140000
vn -0.975000 -0.179500 0.131200
vn 0.047800 -0.191800 -0.980300
vn 0.269500 0.315000 -0.910000
vn 0.249900 -0.409200 -0.877600
vn -0.047800 -0.191800 -0.980300
vn 0.341200 -0.221300 -0.913600
vn -0.116400 -0.359300 -0.925900
vn 0.000000 -0.273600 -0.961800
vn 0.000000 -0.310800 -0.950500
vn 0.116400 -0.359300 -0.925900
vn 0.078800 -0.196500 -0.977300
vn -0.513200 0.430600 0.742400
vn -0.117000 0.238400 0.964100
vn -0.266900 0.714400 0.646900
vn -0.126400 0.716700 0.685900
vn -0.067100 0.716100 0.694700
vn -0.000000 0.717500 0.696600
vn 0.067100 0.716100 0.694700
vn 0.266600 0.714200 0.647200
vn 0.513200 0.430600 0.742400
vn 0.117000 0.238400 0.964100
vn -0.449700 -0.018100 -0.893000
vn -0.508100 -0.067400 -0.858700
vn -0.483900 -0.096900 -0.869700
vn -0.466200 -0.023400 -0.884400
vn -0.667800 0.010300 0.744300
vn -0.475800 0.057500 0.877700
vn -0.307700 0.117700 0.944200
vn -0.302000 0.319300 0.898300
vn -0.355300 -0.359100 0.863000
vn 0.854600 0.325500 -0.404600
vn 0.807400 -0.399200 -0.434500
vn 0.771600 -0.194200 -0.605800
vn 0.976700 -0.214400 -0.006200
vn 0.953200 0.297400 -0.053800
vn 0.853600 0.520800 0.012800
vn 0.756000 0.607600 -0.243400
vn 0.927400 0.275100 -0.253400
vn 0.964400 0.189300 -0.184600
vn 0.955900 -0.195900 -0.218700
vn 0.908800 -0.311800 -0.277300
vn 0.935000 -0.257000 -0.244200
vn 0.891200 0.380500 -0.247100
vn 0.904300 0.415500 0.097800
vn 0.667800 0.010300 0.744300
vn 0.475800 0.057500 0.877700
vn 0.589900 0.266000 0.762400
vn 0.307700 0.117700 0.944200
vn 0.510700 0.072400 -0.856700
vn 0.449700 -0.018100 -0.893000
vn 0.576200 -0.047800 -0.815900
vn 0.508100 -0.067400 -0.858700
vn 0.617400 -0.006500 -0.786600
vn 0.483900 -0.096900 -0.869700
vn 0.466200 -0.023400 -0.884400
vn 0.591700 0.026900 -0.805700
vn 0.957700 0.176500 -0.227100
vn 0.903000 0.173100 -0.393200
vn 0.862500 0.233100 -0.449300
vn 0.958900 0.267500 -0.094300
vn 0.957100 0.241100 -0.160800
vn 0.931900 0.331200 0.147900
vn 0.301900 0.319100 0.898300
vn -0.539300 0.014300 0.842000
vn -0.319200 0.158500 0.934400
vn 0.180800 0.180300 0.966900
vn 0.469600 0.162200 0.867900
vn 0.682700 0.127400 0.719500
vn 0.411000 0.129500 0.902400
vn -0.096600 0.060800 0.993500
vn 0.055800 -0.081300 0.995100
vn -0.222100 -0.343400 0.912500
vn 0.166600 0.066100 0.983800
vn 0.400400 0.192600 0.895900
vn 0.196700 -0.022200 0.980200
vn -0.000000 0.064400 0.997900
vn -0.000000 -0.090200 0.995900
vn -0.196700 -0.022200 0.980200
vn -0.416100 -0.279100 0.865400
vn -0.055800 -0.081300 0.995100
vn 0.152000 0.254100 -0.955200
vn -0.341000 0.197200 -0.919100
vn 0.518500 0.237800 -0.821400
vn 0.039100 0.231400 -0.972100
vn -0.343200 -0.338000 -0.876300
vn 0.000000 -0.637900 -0.770100
vn -0.678200 -0.054200 -0.732900
vn -0.352200 -0.209200 -0.912300
vn 0.073900 -0.223500 -0.971900
vn 0.164100 -0.409100 -0.897600
vn -0.513700 -0.113300 -0.850500
vn -0.897700 -0.252600 -0.361100
vn -0.152000 0.254100 -0.955200
vn 0.341000 0.197200 -0.919100
vn 0.222100 -0.343400 0.912500
vn 0.998800 0.020800 0.043600
vn 0.960600 -0.270000 0.065400
vn 0.000000 -0.994900 0.100800
vn -0.640700 0.107600 -0.760200
vn -0.925000 0.027700 0.378900
vn -0.960600 -0.270000 0.065400
vn 0.416100 -0.279100 0.865400
vn 0.000000 -0.746800 0.665000
vn -0.180800 0.180300 0.966900
vn 0.319200 0.158500 0.934400
vn -0.400400 0.192600 0.895900
vn -0.469600 0.162200 0.867900
vn -0.682700 0.127400 0.719500
vn 0.640700 0.107600 -0.760200
usemtl leg.bmp
s 1
f 3152/1208/2868 3153/1209/2869 3154/1210/2870
f 3155/1211/2871 3156/1212/2872 3157/1213/2873
f 3158/1214/2874 3159/1215/2875 3160/1216/2876
f 3159/1215/2875 3155/1211/2871 3160/1216/2876
f 3161/1217/2877 3162/1218/2878 3163/1219/2879
f 3164/1220/2880 3165/1221/2881 3166/1222/2882
f 3167/1223/2883 3168/1224/2884 3169/1225/2885
f 3170/1226/2886 3171/1227/2887 3172/1228/2888
f 3168/1224/2884 3170/1226/2886 3172/1228/2888
f 3173/1229/2889 3156/1212/2872 3155/1211/2871
f 3173/1229/2889 3174/1230/2890 3175/1231/2891
f 3176/1232/2892 3177/1233/2893 3178/1234/2894
f 3176/1232/2892 3178/1234/2894 3179/1235/2895
f 3180/1236/2896 3181/1237/2897 3182/1238/2898
f 3182/1238/2898 3181/1237/2897 3183/1239/2899
f 3182/1238/2898 3183/1239/2899 3184/1240/2900
f 3184/1240/2900 3183/1239/2899 3185/1241/2901
f 3184/1240/2900 3185/1241/2901 3186/1242/2902
f 3187/1243/2903 3188/1244/2904 3189/1245/2905
f 3190/1246/2906 3191/1247/2907 3192/1248/2908
f 3190/1246/2906 3193/1249/2909 3191/1247/2907
f 3194/1228/2910 3195/1224/2911 3196/1250/2912
f 3196/1250/2912 3195/1224/2911 3197/1225/2913
f 3198/1251/2914 3199/1252/2915 3200/1253/2916
f 3199/1252/2915 3201/1254/2917 3200/1253/2916
f 3194/1228/2910 3202/1255/2918 3203/1256/2919
f 3196/1250/2912 3202/1255/2918 3194/1228/2910
f 3203/1256/2919 3202/1255/2918 3204/1257/2920
f 3205/1258/2921 3206/1259/2922 3207/1260/2923
f 3208/1261/2924 3209/1262/2925 3210/1263/2926
f 3211/1264/2927 3212/1265/2928 3213/1266/2929
f 3211/1264/2927 3214/1267/2930 3212/1265/2928
f 3215/1268/2931 3214/1267/2930 3211/1264/2927
f 3215/1268/2931 3216/1269/2932 3214/1267/2930
f 3216/1269/2932 3215/1268/2931 3217/1270/2933
f 3218/1271/2934 3219/1272/2935 3220/1273/2936
f 3220/1273/2936 3219/1272/2935 3221/1274/2937
f 3222/1275/2938 3223/1276/2939 3224/1277/2940
f 3223/1276/2939 3225/1278/2941 3224/1277/2940
f 3226/1279/2942 3227/1280/2943 3228/1281/2944
f 3229/1282/2945 3230/1283/2946 3231/1284/2947
f 3232/1285/2948 3233/1286/2949 3234/1287/2950
f 3233/1286/2949 3235/1288/2951 3234/1287/2950
f 3236/1289/2952 3237/1290/2953 3238/1291/2954
f 3189/1245/2905 3238/1291/2954 3237/1290/2953
f 3188/1244/2904 3238/1291/2954 3189/1245/2905
f 3236/1289/2952 3239/1292/2955 3237/1290/2953
f 3240/1293/2956 3241/1294/2957 3242/1295/2958
f 3240/1293/2956 3243/1296/2959 3241/1294/2957
f 3243/1296/2959 3244/1297/2960 3241/1294/2957
f 3245/1298/2961 3246/1299/2962 3247/1300/2963
f 3248/1301/2964 3249/1302/2965 3250/1303/2966
f 3250/1303/2966 3240/1293/2956 3242/1295/2958
f 3250/1303/2966 3251/1304/2967 3240/1293/2956
f 3250/1303/2966 3249/1302/2965 3251/1304/2967
f 3252/1305/2968 3253/1306/2969 3254/1307/2970
f 3255/1308/2971 3256/1309/2972 3257/1310/2973
f 3257/1310/2973 3256/1309/2972 3258/1311/2974
f 3259/1312/2975 3260/1313/2976 3261/1314/2977
f 3262/1315/2978 3263/1316/2979 3264/1317/2980
f 3265/1318/2981 3257/1310/2973 3266/1319/2982
f 3265/1318/2981 3266/1319/2982 3267/1320/2983
f 3268/1321/2984 3269/1322/2985 3270/1323/2986
f 3271/1324/2987 3272/1325/2988 3273/1326/2989
f 3272/1325/2988 3274/1327/2990 3273/1326/2989
f 3275/1328/2991 3276/1329/2992 3277/1330/2993
f 3276/1329/2992 3278/1331/2994 3277/1330/2993
f 3255/1308/2971 3257/1310/2973 3278/1331/2994
f 3279/1332/2995 3273/1326/2989 3274/1327/2990
f 3279/1332/2995 3280/1333/2996 3281/1334/2997
f 3282/1335/2998 3283/1336/2999 3284/1337/3000
f 3285/1338/3001 3286/1339/3002 3287/1340/3003
f 3287/1340/3003 3286/1339/3002 3288/1341/3004
f 3289/1342/3005 3290/1343/3006 3291/1344/3007
f 3291/1344/3007 3290/1343/3006 3292/1345/3008
f 3292/1345/3008 3290/1343/3006 3293/1346/3009
f 3292/1345/3008 3293/1346/3009 3294/1347/3010
f 3295/1348/3011 3290/1343/3006 3289/1342/3005
f 3295/1348/3011 3296/1321/3012 3290/1343/3006
f 3296/1321/3012 3295/1348/3011 3297/1323/3013
f 3298/1349/3014 3299/1350/3015 3300/1351/3016
f 3301/1352/3017 3302/1310/3018 3303/1331/3019
f 3301/1352/3017 3303/1331/3019 3304/1330/3020
f 3303/1331/3019 3305/1329/3021 3304/1330/3020
f 3304/1330/3020 3305/1329/3021 3306/1328/3022
f 3307/1353/3023 3308/1354/3024 3309/1355/3025
f 3310/1356/3026 3311/1357/3027 3312/1358/3028
f 3313/1265/3029 3314/1267/3030 3315/1264/3031
f 3316/1359/3032 3317/1360/3033 3318/1361/3034
f 3319/1263/3035 3320/1362/3036 3321/1363/3037
f 3321/1363/3037 3320/1362/3036 3322/1364/3038
f 3323/1365/3039 3324/1366/3040 3325/1367/3041
f 3326/1368/3042 3327/1278/3043 3328/1369/3044
f 3326/1368/3042 3328/1369/3044 3329/1279/3045
f 3330/1370/3046 3331/1371/3047 3332/1372/3048
f 3331/1371/3047 3333/1373/3049 3332/1372/3048
f 3334/1374/3050 3335/1375/3051 3336/1376/3052
f 3334/1374/3050 3336/1376/3052 3337/1377/3053
f 3338/1378/3054 3339/1379/3055 3340/1380/3056
f 3341/1381/3057 3342/1382/3058 3343/1383/3059
f 3344/1384/3060 3345/1385/3061 3346/1292/3062
f 3347/1303/3063 3348/1295/3064 3349/1293/3065
f 3349/1293/3065 3348/1295/3064 3350/1294/3066
f 3351/1298/3067 3352/1300/3068 3353/1299/3069
f 3349/1293/3065 3350/1294/3066 3354/1296/3070
f 3355/1386/3071 3354/1296/3070 3356/1387/3072
f 3356/1387/3072 3352/1300/3068 3351/1298/3067
f 3357/1388/3073 3358/1389/3074 3359/1390/3075
f 3360/1391/3076 3361/1392/3077 3362/1393/3078
f 3361/1392/3077 3363/1394/3079 3362/1393/3078
f 3364/1395/3080 3360/1391/3076 3365/1396/3081
f 3364/1395/3080 3365/1396/3081 3366/1397/3082
f 3367/1398/3083 3368/1399/3084 3369/1400/3085
f 3370/1401/3086 3371/1402/3087 3372/1403/3088
f 3373/1404/3089 3374/1405/3090 3375/1406/3091
f 3374/1405/3090 3376/1407/3092 3375/1406/3091
f 3374/1405/3090 3377/1408/3093 3376/1407/3092
f 3378/1409/3094 3379/1410/3095 3380/1411/3096
f 3381/1412/3097 3382/1413/3098 3383/1414/3099
f 3384/1415/3100 3385/1416/3101 3386/1417/3102
f 3387/1418/3103 3388/1419/3104 3389/1420/3105
f 3382/1413/3098 3390/1421/3106 3383/1414/3099
f 3390/1421/3106 3391/1422/3107 3392/1423/3108
f 3393/1424/3109 3394/1425/3110 3395/1426/3111
f 3395/1426/3111 3394/1425/3110 3396/1427/3112
f 3397/1428/3113 3398/1429/3114 3399/1430/3115
f 3397/1428/3113 3400/1431/3116 3398/1429/3114
f 3401/1432/3117 3402/1433/3118 3400/1431/3116
f 3400/1431/3116 3403/1434/3119 3398/1429/3114
f 3400/1431/3116 3402/1433/3118 3403/1434/3119
f 3397/1428/3113 3399/1430/3115 3404/1435/3120
f 3404/1435/3120 3405/1436/3121 3406/1437/3122
f 3406/1437/3122 3405/1436/3121 3407/1438/3123
f 3406/1437/3122 3407/1438/3123 3408/1439/3124
f 3409/1427/3125 3410/1426/3126 3411/1440/3127
f 3412/1441/3128 3413/1442/3129 3414/1443/3130
f 3393/1424/3109 3395/1426/3111 3415/1444/3131
f 3395/1426/3111 3416/1440/3132 3415/1444/3131
f 3395/1426/3111 3396/1427/3112 3416/1440/3132
f 3415/1444/3131 3416/1440/3132 3417/1434/3133
f 3418/1445/3134 3419/1446/3135 3420/1447/3136
f 3421/1425/3137 3410/1426/3126 3409/1427/3125
f 3421/1425/3137 3422/1448/3138 3423/1449/3139
f 3424/1450/3140 3389/1420/3105 3425/1451/3141
f 3424/1450/3140 3425/1451/3141 3154/1210/2870
f 3154/1210/2870 3425/1451/3141 3426/1452/3142
f 3154/1210/2870 3426/1452/3142 3427/1453/3143
f 3154/1210/2870 3427/1453/3143 3152/1208/2868
f 3152/1208/2868 3427/1453/3143 3428/1454/3144
f 3152/1208/2868 3428/1454/3144 3429/1455/3145
f 3152/1208/2868 3429/1455/3145 3153/1209/2869
f 3154/1210/2870 3153/1209/2869 3430/1456/3146
f 3154/1210/2870 3430/1456/3146 3424/1450/3140
f 3431/1457/3147 3428/1454/3144 3427/1453/3143
f 3432/1458/3148 3426/1452/3142 3425/1451/3141
f 3432/1458/3148 3427/1453/3143 3426/1452/3142
f 3431/1457/3147 3427/1453/3143 3432/1458/3148
f 3432/1458/3148 3425/1451/3141 3433/1459/3149
f 3425/1451/3141 3389/1420/3105 3433/1459/3149
f 3434/1237/3150 3429/1455/3145 3428/1454/3144
f 3434/1237/3150 3435/1239/3151 3429/1455/3145
f 3435/1239/3151 3430/1456/3146 3153/1209/2869
f 3435/1239/3151 3153/1209/2869 3429/1455/3145
f 3435/1239/3151 3436/1241/3152 3430/1456/3146
f 3160/1216/2876 3155/1211/2871 3437/1460/3153
f 3155/1211/2871 3157/1213/2873 3437/1460/3153
f 3160/1216/2876 3437/1460/3153 3438/1461/3154
f 3438/1461/3154 3163/1219/2879 3160/1216/2876
f 3437/1460/3153 3157/1213/2873 3439/1462/3155
f 3437/1460/3153 3439/1462/3155 3438/1461/3154
f 3438/1461/3154 3439/1462/3155 3440/1463/3156
f 3438/1461/3154 3440/1463/3156 3441/1464/3157
f 3161/1217/2877 3163/1219/2879 3441/1464/3157
f 3438/1461/3154 3441/1464/3157 3163/1219/2879
f 3160/1216/2876 3163/1219/2879 3442/1465/3158
f 3158/1214/2874 3160/1216/2876 3443/1466/3159
f 3160/1216/2876 3442/1465/3158 3443/1466/3159
f 3443/1466/3159 3442/1465/3158 3444/1467/3160
f 3344/1384/3060 3445/1468/3161 3444/1467/3160
f 3443/1466/3159 3444/1467/3160 3445/1468/3161
f 3446/1469/3162 3443/1466/3159 3445/1468/3161
f 3446/1469/3162 3158/1214/2874 3443/1466/3159
f 3158/1214/2874 3447/1470/3163 3159/1215/2875
f 3447/1470/3163 3448/1471/3164 3159/1215/2875
f 3448/1471/3164 3155/1211/2871 3159/1215/2875
f 3448/1471/3164 3173/1229/2889 3155/1211/2871
f 3173/1229/2889 3175/1231/2891 3449/1472/3165
f 3173/1229/2889 3449/1472/3165 3156/1212/2872
f 3449/1472/3165 3450/1473/3166 3156/1212/2872
f 3450/1473/3166 3157/1213/2873 3156/1212/2872
f 3450/1473/3166 3451/1443/3167 3157/1213/2873
f 3451/1443/3167 3439/1462/3155 3157/1213/2873
f 3452/1474/3168 3440/1463/3156 3439/1462/3155
f 3451/1443/3167 3452/1474/3168 3439/1462/3155
f 3452/1474/3168 3453/1475/3138 3440/1463/3156
f 3454/1476/3169 3441/1464/3157 3440/1463/3156
f 3454/1476/3169 3161/1217/2877 3441/1464/3157
f 3453/1475/3138 3454/1476/3169 3440/1463/3156
f 3162/1218/2878 3455/1477/3170 3163/1219/2879
f 3455/1477/3170 3442/1465/3158 3163/1219/2879
f 3455/1477/3170 3456/1478/3171 3442/1465/3158
f 3457/1479/3172 3444/1467/3160 3442/1465/3158
f 3456/1478/3171 3457/1479/3172 3442/1465/3158
f 3344/1384/3060 3458/1480/3173 3345/1385/3061
f 3458/1480/3173 3344/1384/3060 3444/1467/3160
f 3457/1479/3172 3458/1480/3173 3444/1467/3160
f 3459/1290/3174 3344/1384/3060 3346/1292/3062
f 3344/1384/3060 3459/1290/3174 3445/1468/3161
f 3459/1290/3174 3446/1469/3162 3445/1468/3161
f 3459/1290/3174 3460/1245/3175 3446/1469/3162
f 3459/1290/3174 3461/1291/3176 3460/1245/3175
f 3164/1220/2880 3166/1222/2882 3462/1481/3177
f 3463/1482/3178 3462/1481/3177 3166/1222/2882
f 3464/1483/3179 3168/1224/2884 3167/1223/2883
f 3463/1482/3178 3170/1226/2886 3464/1483/3179
f 3464/1483/3179 3170/1226/2886 3168/1224/2884
f 3464/1483/3179 3167/1223/2883 3462/1481/3177
f 3463/1482/3178 3464/1483/3179 3462/1481/3177
f 3167/1223/2883 3465/1484/3180 3462/1481/3177
f 3167/1223/2883 3466/1485/3181 3465/1484/3180
f 3167/1223/2883 3169/1225/2885 3466/1485/3181
f 3466/1485/3181 3467/1486/3182 3465/1484/3180
f 3468/1487/3183 3422/1448/3138 3421/1425/3137
f 3469/1488/3184 3409/1427/3125 3164/1220/2880
f 3468/1487/3183 3469/1488/3184 3467/1486/3182
f 3469/1488/3184 3462/1481/3177 3465/1484/3180
f 3469/1488/3184 3164/1220/2880 3462/1481/3177
f 3469/1488/3184 3421/1425/3137 3409/1427/3125
f 3468/1487/3183 3421/1425/3137 3469/1488/3184
f 3469/1488/3184 3465/1484/3180 3467/1486/3182
f 3165/1221/2881 3470/1242/3185 3166/1222/2882
f 3436/1241/3152 3471/1240/3186 3470/1242/3185
f 3436/1241/3152 3435/1239/3151 3471/1240/3186
f 3470/1242/3185 3471/1240/3186 3166/1222/2882
f 3166/1222/2882 3472/1238/3187 3463/1482/3178
f 3435/1239/3151 3472/1238/3187 3471/1240/3186
f 3435/1239/3151 3434/1237/3150 3472/1238/3187
f 3166/1222/2882 3471/1240/3186 3472/1238/3187
f 3434/1237/3150 3473/1236/3188 3472/1238/3187
f 3434/1237/3150 3428/1454/3144 3473/1236/3188
f 3170/1226/2886 3473/1236/3188 3171/1227/2887
f 3463/1482/3178 3473/1236/3188 3170/1226/2886
f 3463/1482/3178 3472/1238/3187 3473/1236/3188
f 3466/1485/3181 3169/1225/2885 3474/1489/2878
f 3466/1485/3181 3474/1489/2878 3475/1490/2877
f 3466/1485/3181 3475/1490/2877 3467/1486/3182
f 3467/1486/3182 3476/1491/3169 3468/1487/3183
f 3468/1487/3183 3476/1491/3169 3422/1448/3138
f 3467/1486/3182 3475/1490/2877 3476/1491/3169
f 3432/1458/3148 3433/1459/3149 3477/1249/3189
f 3432/1458/3148 3477/1249/3189 3478/1247/3190
f 3431/1457/3147 3432/1458/3148 3478/1247/3190
f 3477/1249/3189 3479/1246/3191 3478/1247/3190
f 3174/1230/2890 3480/1248/3192 3479/1246/3191
f 3478/1247/3190 3479/1246/3191 3480/1248/3192
f 3428/1454/3144 3431/1457/3147 3481/1492/3193
f 3478/1247/3190 3480/1248/3192 3481/1492/3193
f 3431/1457/3147 3478/1247/3190 3481/1492/3193
f 3481/1492/3193 3480/1248/3192 3482/1493/3194
f 3481/1492/3193 3482/1493/3194 3483/1494/3195
f 3428/1454/3144 3481/1492/3193 3484/1233/3196
f 3481/1492/3193 3483/1494/3195 3484/1233/3196
f 3484/1233/3196 3483/1494/3195 3485/1232/3197
f 3485/1232/3197 3483/1494/3195 3486/1495/3198
f 3158/1214/2874 3486/1495/3198 3447/1470/3163
f 3447/1470/3163 3486/1495/3198 3483/1494/3195
f 3485/1232/3197 3486/1495/3198 3487/1496/3199
f 3158/1214/2874 3487/1496/3199 3486/1495/3198
f 3485/1232/3197 3487/1496/3199 3488/1235/3200
f 3488/1235/3200 3487/1496/3199 3489/1497/3201
f 3488/1235/3200 3489/1497/3201 3490/1498/3202
f 3490/1498/3202 3489/1497/3201 3491/1499/3203
f 3490/1498/3202 3491/1499/3203 3492/1500/3204
f 3492/1500/3204 3491/1499/3203 3461/1291/3176
f 3461/1291/3176 3493/1244/3205 3460/1245/3175
f 3461/1291/3176 3491/1499/3203 3493/1244/3205
f 3491/1499/3203 3489/1497/3201 3493/1244/3205
f 3493/1244/3205 3489/1497/3201 3487/1496/3199
f 3460/1245/3175 3493/1244/3205 3494/1243/3206
f 3460/1245/3175 3494/1243/3206 3446/1469/3162
f 3446/1469/3162 3494/1243/3206 3158/1214/2874
f 3493/1244/3205 3487/1496/3199 3494/1243/3206
f 3494/1243/3206 3487/1496/3199 3158/1214/2874
f 3448/1471/3164 3447/1470/3163 3495/1501/3207
f 3447/1470/3163 3483/1494/3195 3495/1501/3207
f 3495/1501/3207 3483/1494/3195 3482/1493/3194
f 3173/1229/2889 3448/1471/3164 3495/1501/3207
f 3496/1502/3208 3480/1248/3192 3174/1230/2890
f 3174/1230/2890 3173/1229/2889 3496/1502/3208
f 3173/1229/2889 3495/1501/3207 3496/1502/3208
f 3496/1502/3208 3482/1493/3194 3480/1248/3192
f 3495/1501/3207 3482/1493/3194 3496/1502/3208
f 3497/1251/3209 3498/1252/3210 3499/1503/3211
f 3473/1236/3188 3499/1503/3211 3171/1227/2887
f 3498/1252/3210 3171/1227/2887 3499/1503/3211
f 3498/1252/3210 3500/1504/3212 3171/1227/2887
f 3500/1504/3212 3501/1256/3213 3171/1227/2887
f 3501/1256/3213 3172/1228/2888 3171/1227/2887
f 3501/1256/3213 3502/1255/3214 3172/1228/2888
f 3169/1225/2885 3168/1224/2884 3503/1250/3215
f 3168/1224/2884 3172/1228/2888 3503/1250/3215
f 3502/1255/3214 3503/1250/3215 3172/1228/2888
f 3502/1255/3214 3504/1505/3172 3503/1250/3215
f 3504/1505/3172 3505/1506/3171 3503/1250/3215
f 3169/1225/2885 3503/1250/3215 3506/1507/3170
f 3474/1489/2878 3169/1225/2885 3506/1507/3170
f 3505/1506/3171 3506/1507/3170 3503/1250/3215
f 3507/1508/3216 3497/1251/3209 3499/1503/3211
f 3473/1236/3188 3507/1508/3216 3499/1503/3211
f 3428/1454/3144 3507/1508/3216 3473/1236/3188
f 3507/1508/3216 3508/1509/3217 3497/1251/3209
f 3508/1509/3217 3509/1510/3218 3497/1251/3209
f 3490/1498/3202 3492/1500/3204 3510/1511/3219
f 3508/1509/3217 3510/1511/3219 3509/1510/3218
f 3508/1509/3217 3507/1508/3216 3511/1512/3220
f 3490/1498/3202 3510/1511/3219 3511/1512/3220
f 3508/1509/3217 3511/1512/3220 3510/1511/3219
f 3507/1508/3216 3512/1513/3221 3511/1512/3220
f 3428/1454/3144 3512/1513/3221 3507/1508/3216
f 3512/1513/3221 3488/1235/3200 3513/1514/3222
f 3490/1498/3202 3511/1512/3220 3513/1514/3222
f 3512/1513/3221 3513/1514/3222 3511/1512/3220
f 3488/1235/3200 3490/1498/3202 3513/1514/3222
f 3504/1505/3172 3502/1255/3214 3514/1515/3223
f 3504/1505/3172 3514/1515/3223 3515/1516/3173
f 3502/1255/3214 3501/1256/3213 3516/1257/3224
f 3502/1255/3214 3516/1257/3224 3514/1515/3223
f 3501/1256/3213 3500/1504/3212 3516/1257/3224
f 3500/1504/3212 3339/1379/3055 3516/1257/3224
f 3500/1504/3212 3517/1254/3225 3339/1379/3055
f 3500/1504/3212 3498/1252/3210 3517/1254/3225
f 3340/1380/3056 3339/1379/3055 3517/1254/3225
f 3509/1510/3218 3342/1382/3058 3518/1253/3226
f 3498/1252/3210 3497/1251/3209 3518/1253/3226
f 3341/1381/3057 3518/1253/3226 3342/1382/3058
f 3498/1252/3210 3518/1253/3226 3517/1254/3225
f 3497/1251/3209 3509/1510/3218 3518/1253/3226
f 3343/1383/3059 3519/1517/3227 3492/1500/3204
f 3509/1510/3218 3519/1517/3227 3342/1382/3058
f 3509/1510/3218 3510/1511/3219 3519/1517/3227
f 3519/1517/3227 3510/1511/3219 3492/1500/3204
f 3343/1383/3059 3342/1382/3058 3519/1517/3227
f 3428/1454/3144 3520/1234/3228 3512/1513/3221
f 3520/1234/3228 3488/1235/3200 3512/1513/3221
f 3520/1234/3228 3485/1232/3197 3488/1235/3200
f 3520/1234/3228 3484/1233/3196 3485/1232/3197
f 3520/1234/3228 3428/1454/3144 3484/1233/3196
f 3521/1455/3229 3183/1239/2899 3181/1237/2897
f 3180/1236/2896 3522/1454/3230 3181/1237/2897
f 3522/1454/3230 3521/1455/3229 3181/1237/2897
f 3177/1233/2893 3522/1454/3230 3178/1234/2894
f 3521/1455/3229 3522/1454/3230 3523/1208/3231
f 3523/1208/3231 3522/1454/3230 3524/1453/3232
f 3523/1208/3231 3524/1453/3232 3525/1210/3233
f 3525/1210/3233 3524/1453/3232 3526/1452/3234
f 3525/1210/3233 3526/1452/3234 3527/1451/3235
f 3528/1450/3236 3525/1210/3233 3527/1451/3235
f 3528/1450/3236 3529/1456/3237 3525/1210/3233
f 3529/1456/3237 3185/1241/2901 3183/1239/2899
f 3530/1209/3238 3523/1208/3231 3525/1210/3233
f 3529/1456/3237 3530/1209/3238 3525/1210/3233
f 3530/1209/3238 3521/1455/3229 3523/1208/3231
f 3530/1209/3238 3529/1456/3237 3183/1239/2899
f 3521/1455/3229 3530/1209/3238 3183/1239/2899
f 3531/1457/3239 3524/1453/3232 3522/1454/3230
f 3532/1458/3240 3526/1452/3234 3524/1453/3232
f 3193/1249/2909 3532/1458/3240 3191/1247/2907
f 3531/1457/3239 3532/1458/3240 3524/1453/3232
f 3191/1247/2907 3532/1458/3240 3531/1457/3239
f 3193/1249/2909 3533/1459/3241 3532/1458/3240
f 3533/1459/3241 3527/1451/3235 3526/1452/3234
f 3532/1458/3240 3533/1459/3241 3526/1452/3234
f 3191/1247/2907 3534/1492/3242 3192/1248/2908
f 3534/1492/3242 3522/1454/3230 3177/1233/2893
f 3534/1492/3242 3531/1457/3239 3522/1454/3230
f 3191/1247/2907 3531/1457/3239 3534/1492/3242
f 3192/1248/2908 3534/1492/3242 3535/1493/3243
f 3192/1248/2908 3535/1493/3243 3536/1502/3244
f 3536/1502/3244 3535/1493/3243 3537/1501/3245
f 3538/1494/3246 3177/1233/2893 3176/1232/2892
f 3538/1494/3246 3534/1492/3242 3177/1233/2893
f 3538/1494/3246 3535/1493/3243 3534/1492/3242
f 3537/1501/3245 3535/1493/3243 3538/1494/3246
f 3179/1235/2895 3178/1234/2894 3539/1513/3247
f 3539/1513/3247 3178/1234/2894 3522/1454/3230
f 3540/1508/3248 3522/1454/3230 3180/1236/2896
f 3539/1513/3247 3522/1454/3230 3540/1508/3248
f 3541/1470/3249 3537/1501/3245 3538/1494/3246
f 3542/1495/3250 3538/1494/3246 3176/1232/2892
f 3542/1495/3250 3541/1470/3249 3538/1494/3246
f 3541/1470/3249 3542/1495/3250 3543/1214/3251
f 3544/1496/3252 3542/1495/3250 3176/1232/2892
f 3544/1496/3252 3176/1232/2892 3179/1235/2895
f 3543/1214/3251 3544/1496/3252 3187/1243/2903
f 3187/1243/2903 3544/1496/3252 3188/1244/2904
f 3543/1214/3251 3542/1495/3250 3544/1496/3252
f 3188/1244/2904 3544/1496/3252 3545/1497/3253
f 3545/1497/3253 3544/1496/3252 3179/1235/2895
f 3188/1244/2904 3546/1499/3254 3238/1291/2954
f 3188/1244/2904 3545/1497/3253 3546/1499/3254
f 3543/1214/3251 3547/1215/3255 3541/1470/3249
f 3548/1211/3256 3547/1215/3255 3549/1216/3257
f 3543/1214/3251 3549/1216/3257 3547/1215/3255
f 3548/1211/3256 3549/1216/3257 3550/1460/3258
f 3549/1216/3257 3551/1461/3259 3550/1460/3258
f 3548/1211/3256 3550/1460/3258 3552/1213/3260
f 3548/1211/3256 3552/1213/3260 3553/1212/3261
f 3414/1443/3130 3552/1213/3260 3554/1462/3262
f 3550/1460/3258 3554/1462/3262 3552/1213/3260
f 3550/1460/3258 3551/1461/3259 3554/1462/3262
f 3551/1461/3259 3555/1463/3263 3554/1462/3262
f 3551/1461/3259 3556/1464/3264 3555/1463/3263
f 3551/1461/3259 3557/1219/3265 3556/1464/3264
f 3551/1461/3259 3549/1216/3257 3557/1219/3265
f 3549/1216/3257 3558/1465/3266 3557/1219/3265
f 3549/1216/3257 3559/1466/3267 3558/1465/3266
f 3543/1214/3251 3559/1466/3267 3549/1216/3257
f 3559/1466/3267 3560/1467/3268 3558/1465/3266
f 3559/1466/3267 3561/1468/3269 3560/1467/3268
f 3543/1214/3251 3187/1243/2903 3562/1469/3270
f 3187/1243/2903 3189/1245/2905 3562/1469/3270
f 3562/1469/3270 3189/1245/2905 3237/1290/2953
f 3561/1468/3269 3562/1469/3270 3237/1290/2953
f 3562/1469/3270 3561/1468/3269 3559/1466/3267
f 3562/1469/3270 3559/1466/3267 3543/1214/3251
f 3541/1470/3249 3547/1215/3255 3563/1471/3271
f 3541/1470/3249 3563/1471/3271 3537/1501/3245
f 3563/1471/3271 3547/1215/3255 3548/1211/3256
f 3563/1471/3271 3564/1229/3272 3537/1501/3245
f 3563/1471/3271 3548/1211/3256 3564/1229/3272
f 3564/1229/3272 3548/1211/3256 3553/1212/3261
f 3564/1229/3272 3536/1502/3244 3537/1501/3245
f 3564/1229/3272 3553/1212/3261 3565/1472/3273
f 3566/1473/3274 3553/1212/3261 3552/1213/3260
f 3566/1473/3274 3552/1213/3260 3414/1443/3130
f 3565/1472/3273 3566/1473/3274 3413/1442/3129
f 3566/1473/3274 3414/1443/3130 3413/1442/3129
f 3565/1472/3273 3553/1212/3261 3566/1473/3274
f 3567/1474/3275 3554/1462/3262 3555/1463/3263
f 3412/1441/3128 3414/1443/3130 3567/1474/3275
f 3414/1443/3130 3554/1462/3262 3567/1474/3275
f 3567/1474/3275 3555/1463/3263 3568/1475/3276
f 3568/1475/3276 3555/1463/3263 3569/1476/3277
f 3569/1476/3277 3555/1463/3263 3556/1464/3264
f 3570/1217/3278 3556/1464/3264 3557/1219/3265
f 3569/1476/3277 3556/1464/3264 3570/1217/3278
f 3570/1217/3278 3557/1219/3265 3571/1218/3279
f 3571/1218/3279 3557/1219/3265 3572/1477/3280
f 3572/1477/3280 3557/1219/3265 3558/1465/3266
f 3572/1477/3280 3558/1465/3266 3573/1478/3281
f 3574/1479/3282 3558/1465/3266 3560/1467/3268
f 3573/1478/3281 3558/1465/3266 3574/1479/3282
f 3574/1479/3282 3560/1467/3268 3575/1480/3283
f 3239/1292/2955 3576/1384/3284 3237/1290/2953
f 3560/1467/3268 3561/1468/3269 3576/1384/3284
f 3561/1468/3269 3237/1290/2953 3576/1384/3284
f 3575/1480/3283 3560/1467/3268 3576/1384/3284
f 3546/1499/3254 3577/1500/3285 3238/1291/2954
f 3546/1499/3254 3545/1497/3253 3578/1498/3286
f 3546/1499/3254 3578/1498/3286 3577/1500/3285
f 3545/1497/3253 3179/1235/2895 3578/1498/3286
f 3579/1230/3287 3190/1246/2906 3192/1248/2908
f 3564/1229/3272 3579/1230/3287 3536/1502/3244
f 3579/1230/3287 3192/1248/2908 3536/1502/3244
f 3580/1489/3279 3197/1225/2913 3581/1485/3288
f 3580/1489/3279 3581/1485/3288 3582/1490/3278
f 3197/1225/2913 3195/1224/2911 3583/1223/3289
f 3197/1225/2913 3583/1223/3289 3581/1485/3288
f 3583/1223/3289 3195/1224/2911 3584/1483/3290
f 3194/1228/2910 3585/1226/3291 3195/1224/2911
f 3584/1483/3290 3195/1224/2911 3585/1226/3291
f 3584/1483/3290 3585/1226/3291 3586/1482/3292
f 3586/1482/3292 3180/1236/2896 3182/1238/2898
f 3586/1482/3292 3585/1226/3291 3180/1236/2896
f 3587/1511/3293 3577/1500/3285 3578/1498/3286
f 3588/1512/3294 3539/1513/3247 3540/1508/3248
f 3587/1511/3293 3578/1498/3286 3588/1512/3294
f 3589/1514/3295 3578/1498/3286 3179/1235/2895
f 3589/1514/3295 3539/1513/3247 3588/1512/3294
f 3588/1512/3294 3578/1498/3286 3589/1514/3295
f 3589/1514/3295 3179/1235/2895 3539/1513/3247
f 3198/1251/2914 3590/1509/3296 3540/1508/3248
f 3588/1512/3294 3590/1509/3296 3587/1511/3293
f 3588/1512/3294 3540/1508/3248 3590/1509/3296
f 3591/1510/3297 3198/1251/2914 3200/1253/2916
f 3587/1511/3293 3590/1509/3296 3591/1510/3297
f 3591/1510/3297 3590/1509/3296 3198/1251/2914
f 3198/1251/2914 3540/1508/3248 3592/1503/3298
f 3592/1503/3298 3199/1252/2915 3198/1251/2914
f 3592/1503/3298 3540/1508/3248 3180/1236/2896
f 3593/1227/3299 3585/1226/3291 3194/1228/2910
f 3593/1227/3299 3180/1236/2896 3585/1226/3291
f 3194/1228/2910 3203/1256/2919 3593/1227/3299
f 3592/1503/3298 3180/1236/2896 3593/1227/3299
f 3593/1227/3299 3199/1252/2915 3592/1503/3298
f 3594/1507/3280 3197/1225/2913 3580/1489/3279
f 3196/1250/2912 3197/1225/2913 3594/1507/3280
f 3594/1507/3280 3595/1506/3281 3196/1250/2912
f 3196/1250/2912 3596/1505/3282 3202/1255/2918
f 3196/1250/2912 3595/1506/3281 3596/1505/3282
f 3597/1504/3300 3203/1256/2919 3204/1257/2920
f 3593/1227/3299 3597/1504/3300 3199/1252/2915
f 3199/1252/2915 3597/1504/3300 3201/1254/2917
f 3593/1227/3299 3203/1256/2919 3597/1504/3300
f 3598/1491/3277 3582/1490/3278 3599/1486/3301
f 3599/1486/3301 3582/1490/3278 3581/1485/3288
f 3600/1484/3302 3581/1485/3288 3583/1223/3289
f 3599/1486/3301 3581/1485/3288 3600/1484/3302
f 3601/1481/3303 3583/1223/3289 3584/1483/3290
f 3600/1484/3302 3583/1223/3289 3601/1481/3303
f 3601/1481/3303 3584/1483/3290 3586/1482/3292
f 3602/1222/3304 3182/1238/2898 3184/1240/2900
f 3186/1242/2902 3602/1222/3304 3184/1240/2900
f 3601/1481/3303 3586/1482/3292 3602/1222/3304
f 3602/1222/3304 3586/1482/3292 3182/1238/2898
f 3186/1242/2902 3603/1221/3305 3602/1222/3304
f 3603/1221/3305 3604/1220/3306 3602/1222/3304
f 3604/1220/3306 3601/1481/3303 3602/1222/3304
f 3396/1427/3112 3394/1425/3110 3605/1488/3307
f 3604/1220/3306 3605/1488/3307 3601/1481/3303
f 3605/1488/3307 3600/1484/3302 3601/1481/3303
f 3605/1488/3307 3599/1486/3301 3600/1484/3302
f 3396/1427/3112 3605/1488/3307 3604/1220/3306
f 3606/1487/3308 3598/1491/3277 3599/1486/3301
f 3605/1488/3307 3606/1487/3308 3599/1486/3301
f 3394/1425/3110 3606/1487/3308 3605/1488/3307
f 3606/1487/3308 3607/1448/3276 3598/1491/3277
f 3394/1425/3110 3607/1448/3276 3606/1487/3308
f 3587/1511/3293 3591/1510/3297 3608/1517/3309
f 3587/1511/3293 3608/1517/3309 3577/1500/3285
f 3591/1510/3297 3200/1253/2916 3609/1382/3310
f 3591/1510/3297 3609/1382/3310 3608/1517/3309
f 3597/1504/3300 3204/1257/2920 3610/1379/3311
f 3597/1504/3300 3610/1379/3311 3201/1254/2917
f 3202/1255/2918 3596/1505/3282 3611/1515/3312
f 3202/1255/2918 3611/1515/3312 3204/1257/2920
f 3596/1505/3282 3612/1516/3283 3611/1515/3312
f 3613/1231/3313 3579/1230/3287 3564/1229/3272
f 3565/1472/3273 3613/1231/3313 3564/1229/3272
f 3205/1258/2921 3207/1260/2923 3614/1518/3314
f 3205/1258/2921 3614/1518/3314 3615/1519/3315
f 3616/1520/3316 3617/1521/3317 3618/1522/3318
f 3616/1520/3316 3618/1522/3318 3619/1523/3319
f 3235/1288/2951 3620/1524/3320 3234/1287/2950
f 3620/1524/3320 3235/1288/2951 3621/1525/3321
f 3620/1524/3320 3621/1525/3321 3622/1526/3322
f 3623/1527/3323 3620/1524/3320 3622/1526/3322
f 3623/1527/3323 3622/1526/3322 3624/1354/3324
f 3623/1527/3323 3624/1354/3324 3625/1355/3325
f 3623/1527/3323 3625/1355/3325 3626/1528/3326
f 3626/1528/3326 3625/1355/3325 3627/1529/3327
f 3616/1520/3316 3628/1530/3328 3627/1529/3327
f 3616/1520/3316 3619/1523/3319 3628/1530/3328
f 3626/1528/3326 3627/1529/3327 3628/1530/3328
f 3619/1523/3319 3618/1522/3318 3629/1531/3329
f 3619/1523/3319 3629/1531/3329 3628/1530/3328
f 3618/1522/3318 3630/1532/3330 3629/1531/3329
f 3628/1530/3328 3629/1531/3329 3630/1532/3330
f 3628/1530/3328 3630/1532/3330 3626/1528/3326
f 3626/1528/3326 3630/1532/3330 3631/1533/3331
f 3626/1528/3326 3631/1533/3331 3623/1527/3323
f 3623/1527/3323 3632/1534/3332 3620/1524/3320
f 3234/1287/2950 3620/1524/3320 3632/1534/3332
f 3623/1527/3323 3631/1533/3331 3632/1534/3332
f 3624/1354/3324 3633/1353/3333 3625/1355/3325
f 3624/1354/3324 3622/1526/3322 3633/1353/3333
f 3625/1355/3325 3633/1353/3333 3634/1535/3334
f 3625/1355/3325 3634/1535/3334 3627/1529/3327
f 3635/1536/3335 3616/1520/3316 3627/1529/3327
f 3635/1536/3335 3617/1521/3317 3616/1520/3316
f 3634/1535/3334 3617/1521/3317 3635/1536/3335
f 3627/1529/3327 3634/1535/3334 3635/1536/3335
f 3636/1537/3336 3615/1519/3315 3637/1538/3337
f 3615/1519/3315 3614/1518/3314 3637/1538/3337
f 3636/1537/3336 3637/1538/3337 3638/1539/3338
f 3207/1260/2923 3639/1540/3339 3614/1518/3314
f 3639/1540/3339 3637/1538/3337 3614/1518/3314
f 3639/1540/3339 3207/1260/2923 3206/1259/2922
f 3639/1540/3339 3638/1539/3338 3637/1538/3337
f 3639/1540/3339 3640/1541/3340 3638/1539/3338
f 3640/1541/3340 3639/1540/3339 3206/1259/2922
f 3615/1519/3315 3641/1542/3341 3205/1258/2921
f 3641/1542/3341 3642/1543/3342 3205/1258/2921
f 3641/1542/3341 3643/1544/3343 3642/1543/3342
f 3638/1539/3338 3644/1545/3344 3636/1537/3336
f 3638/1539/3338 3645/1546/3345 3644/1545/3344
f 3645/1546/3345 3646/1547/3346 3644/1545/3344
f 3645/1546/3345 3638/1539/3338 3647/1263/3347
f 3638/1539/3338 3640/1541/3340 3647/1263/3347
f 3648/1363/3348 3206/1259/2922 3205/1258/2921
f 3642/1543/3342 3648/1363/3348 3205/1258/2921
f 3647/1263/3347 3640/1541/3340 3648/1363/3348
f 3640/1541/3340 3206/1259/2922 3648/1363/3348
f 3649/1548/3349 3647/1263/3347 3650/1549/3350
f 3647/1263/3347 3648/1363/3348 3651/1362/3351
f 3647/1263/3347 3651/1362/3351 3650/1549/3350
f 3648/1363/3348 3652/1364/3352 3651/1362/3351
f 3653/1262/3346 3645/1546/3345 3647/1263/3347
f 3654/1261/3349 3653/1262/3346 3647/1263/3347
f 3648/1363/3348 3642/1543/3342 3655/1550/3343
f 3656/1551/3000 3648/1363/3348 3655/1550/3343
f 3657/1539/3353 3658/1541/3354 3210/1263/2926
f 3657/1539/3353 3659/1538/3355 3658/1541/3354
f 3659/1538/3355 3660/1540/3356 3658/1541/3354
f 3658/1541/3354 3660/1540/3356 3661/1552/3357
f 3660/1540/3356 3662/1260/3358 3661/1552/3357
f 3661/1552/3357 3662/1260/3358 3663/1258/3359
f 3660/1540/3356 3659/1538/3355 3664/1518/3360
f 3662/1260/3358 3664/1518/3360 3663/1258/3359
f 3662/1260/3358 3660/1540/3356 3664/1518/3360
f 3664/1518/3360 3665/1519/3361 3663/1258/3359
f 3665/1519/3361 3666/1542/3362 3663/1258/3359
f 3666/1542/3362 3667/1543/3363 3663/1258/3359
f 3666/1542/3362 3668/1544/3364 3667/1543/3363
f 3664/1518/3360 3659/1538/3355 3669/1537/3365
f 3665/1519/3361 3664/1518/3360 3669/1537/3365
f 3657/1539/3353 3670/1545/3366 3669/1537/3365
f 3659/1538/3355 3657/1539/3353 3669/1537/3365
f 3657/1539/3353 3671/1546/3367 3670/1545/3366
f 3671/1546/3367 3657/1539/3353 3210/1263/2926
f 3209/1262/2925 3671/1546/3367 3210/1263/2926
f 3671/1546/3367 3672/1547/2925 3670/1545/3366
f 3210/1263/2926 3658/1541/3354 3673/1363/3368
f 3658/1541/3354 3661/1552/3357 3673/1363/3368
f 3673/1363/3368 3661/1552/3357 3663/1258/3359
f 3667/1543/3363 3673/1363/3368 3663/1258/3359
f 3673/1363/3368 3667/1543/3363 3674/1550/2964
f 3675/1551/3369 3673/1363/3368 3674/1550/2964
f 3676/1553/3315 3677/1273/3370 3678/1554/3341
f 3677/1273/3370 3679/1274/3371 3678/1554/3341
f 3676/1553/3315 3680/1555/3336 3677/1273/3370
f 3680/1555/3336 3681/1271/3372 3677/1273/3370
f 3680/1555/3336 3682/1556/3344 3681/1271/3372
f 3682/1556/3344 3683/1272/3373 3681/1271/3372
f 3677/1273/3370 3681/1271/3372 3683/1272/3373
f 3679/1274/3371 3677/1273/3370 3683/1272/3373
f 3684/1557/3374 3679/1274/3371 3685/1558/3375
f 3679/1274/3371 3683/1272/3373 3685/1558/3375
f 3686/1357/3000 3687/1356/2999 3688/1358/3351
f 3687/1356/2999 3689/1559/3376 3688/1358/3351
f 3690/1560/3349 3691/1561/3350 3692/1562/3377
f 3691/1561/3350 3688/1358/3351 3693/1563/3378
f 3691/1561/3350 3693/1563/3378 3692/1562/3377
f 3688/1358/3351 3689/1559/3376 3693/1563/3378
f 3694/1564/3341 3695/1565/3379 3696/1566/3343
f 3695/1565/3379 3697/1567/3380 3696/1566/3343
f 3695/1565/3379 3698/1568/3381 3697/1567/3380
f 3695/1565/3379 3699/1569/3382 3698/1568/3381
f 3699/1569/3382 3700/1570/3383 3698/1568/3381
f 3700/1570/3383 3211/1264/2927 3701/1571/3384
f 3211/1264/2927 3213/1266/2929 3701/1571/3384
f 3700/1570/3383 3701/1571/3384 3698/1568/3381
f 3214/1267/2930 3702/1572/3385 3212/1265/2928
f 3216/1269/2932 3703/1573/3386 3214/1267/2930
f 3214/1267/2930 3703/1573/3386 3702/1572/3385
f 3216/1269/2932 3704/1574/3387 3703/1573/3386
f 3216/1269/2932 3217/1270/2933 3705/1575/3388
f 3704/1574/3387 3216/1269/2932 3705/1575/3388
f 3215/1268/2931 3706/1576/3389 3217/1270/2933
f 3707/1359/3390 3215/1268/2931 3211/1264/2927
f 3707/1359/3390 3211/1264/2927 3700/1570/3383
f 3215/1268/2931 3707/1359/3390 3706/1576/3389
f 3707/1359/3390 3708/1360/3391 3706/1576/3389
f 3707/1359/3390 3709/1361/3392 3708/1360/3391
f 3710/1577/3393 3707/1359/3390 3700/1570/3383
f 3710/1577/3393 3700/1570/3383 3699/1569/3382
f 3710/1577/3393 3699/1569/3382 3695/1565/3379
f 3707/1359/3390 3710/1577/3393 3709/1361/3392
f 3711/1578/3394 3695/1565/3379 3694/1564/3341
f 3710/1577/3393 3711/1578/3394 3709/1361/3392
f 3711/1578/3394 3710/1577/3393 3695/1565/3379
f 3711/1578/3394 3712/1579/3395 3709/1361/3392
f 3711/1578/3394 3713/1580/3346 3712/1579/3395
f 3714/1581/3344 3711/1578/3394 3694/1564/3341
f 3711/1578/3394 3714/1581/3344 3713/1580/3346
f 3210/1263/2926 3673/1363/3368 3715/1549/3396
f 3210/1263/2926 3715/1549/3396 3716/1548/3397
f 3673/1363/3368 3717/1362/3398 3715/1549/3396
f 3673/1363/3368 3718/1364/3369 3717/1362/3398
f 3221/1274/2937 3719/1554/3362 3220/1273/2936
f 3220/1273/2936 3719/1554/3362 3720/1553/3361
f 3219/1272/2935 3218/1271/2934 3721/1556/3366
f 3220/1273/2936 3722/1555/3365 3218/1271/2934
f 3220/1273/2936 3720/1553/3361 3722/1555/3365
f 3721/1556/3366 3218/1271/2934 3722/1555/3365
f 3221/1274/2937 3219/1272/2935 3723/1557/3362
f 3723/1557/3362 3219/1272/2935 3724/1558/3366
f 3725/1365/3399 3726/1582/3400 3727/1367/3401
f 3727/1367/3401 3726/1582/3400 3728/1583/2962
f 3727/1367/3401 3729/1584/3402 3222/1275/2938
f 3727/1367/3401 3728/1583/2962 3729/1584/3402
f 3222/1275/2938 3730/1585/3403 3223/1276/2939
f 3222/1275/2938 3729/1584/3402 3730/1585/3403
f 3223/1276/2939 3731/1368/3404 3225/1278/2941
f 3223/1276/2939 3730/1585/3403 3731/1368/3404
f 3731/1368/3404 3730/1585/3403 3732/1586/3405
f 3731/1368/3404 3733/1587/2967 3226/1279/2942
f 3731/1368/3404 3732/1586/3405 3733/1587/2967
f 3226/1279/2942 3734/1588/2965 3227/1280/2943
f 3226/1279/2942 3733/1587/2967 3734/1588/2965
f 3227/1280/2943 3734/1588/2965 3735/1589/2964
f 3227/1280/2943 3735/1589/2964 3736/1590/3362
f 3227/1280/2943 3736/1590/3362 3228/1281/2944
f 3727/1367/3401 3222/1275/2938 3737/1366/3406
f 3725/1365/3399 3727/1367/3401 3737/1366/3406
f 3725/1365/3399 3737/1366/3406 3738/1591/3407
f 3738/1591/3407 3737/1366/3406 3739/1592/3408
f 3737/1366/3406 3740/1593/3409 3739/1592/3408
f 3737/1366/3406 3741/1594/3410 3740/1593/3409
f 3222/1275/2938 3224/1277/2940 3741/1594/3410
f 3222/1275/2938 3741/1594/3410 3737/1366/3406
f 3741/1594/3410 3742/1595/3411 3740/1593/3409
f 3741/1594/3410 3224/1277/2940 3743/1596/3412
f 3741/1594/3410 3743/1596/3412 3742/1595/3411
f 3224/1277/2940 3744/1597/3413 3743/1596/3412
f 3224/1277/2940 3225/1278/2941 3744/1597/3413
f 3225/1278/2941 3745/1369/3414 3744/1597/3413
f 3226/1279/2942 3228/1281/2944 3745/1369/3414
f 3731/1368/3404 3226/1279/2942 3745/1369/3414
f 3731/1368/3404 3745/1369/3414 3225/1278/2941
f 3745/1369/3414 3228/1281/2944 3746/1598/3415
f 3745/1369/3414 3746/1598/3415 3744/1597/3413
f 3228/1281/2944 3747/1599/3416 3746/1598/3415
f 3228/1281/2944 3748/1600/2925 3747/1599/3416
f 3228/1281/2944 3749/1601/3366 3748/1600/2925
f 3736/1590/3362 3749/1601/3366 3228/1281/2944
f 3750/1602/3369 3751/1603/3417 3752/1604/3398
f 3751/1603/3417 3753/1605/3418 3752/1604/3398
f 3754/1606/3396 3752/1604/3398 3753/1605/3418
f 3755/1607/3397 3754/1606/3396 3756/1608/3419
f 3757/1609/3420 3754/1606/3396 3753/1605/3418
f 3754/1606/3396 3757/1609/3420 3756/1608/3419
f 3758/1610/3400 3759/1611/3399 3760/1612/3421
f 3759/1611/3399 3761/1613/3422 3760/1612/3421
f 3759/1611/3399 3762/1614/3407 3761/1613/3422
f 3762/1614/3407 3763/1615/3408 3761/1613/3422
f 3763/1615/3408 3764/1616/2954 3761/1613/3422
f 3765/1617/3423 3766/1618/3424 3767/1619/3425
f 3766/1618/3424 3768/1620/3426 3767/1619/3425
f 3766/1618/3424 3769/1621/3427 3768/1620/3426
f 3766/1618/3424 3770/1622/3428 3769/1621/3427
f 3766/1618/3424 3771/1623/3429 3770/1622/3428
f 3761/1613/3422 3772/1370/3430 3617/1521/3317
f 3772/1370/3430 3618/1522/3318 3617/1521/3317
f 3764/1616/2954 3773/1624/3285 3761/1613/3422
f 3774/1625/3419 3772/1370/3430 3773/1624/3285
f 3773/1624/3285 3772/1370/3430 3761/1613/3422
f 3774/1625/3419 3775/1626/3420 3772/1370/3430
f 3775/1626/3420 3776/1372/3418 3772/1370/3430
f 3777/1371/3431 3233/1286/2949 3232/1285/2948
f 3776/1372/3418 3777/1371/3431 3772/1370/3430
f 3776/1372/3418 3778/1373/3417 3777/1371/3431
f 3779/1627/3385 3770/1622/3428 3771/1623/3429
f 3779/1627/3385 3780/1628/3386 3770/1622/3428
f 3780/1628/3386 3781/1629/3432 3770/1622/3428
f 3780/1628/3386 3782/1630/3387 3781/1629/3432
f 3782/1630/3387 3783/1631/3433 3781/1629/3432
f 3782/1630/3387 3784/1632/3388 3783/1631/3433
f 3784/1632/3388 3785/1633/3434 3783/1631/3433
f 3786/1634/3435 3760/1612/3421 3785/1633/3434
f 3784/1632/3388 3786/1634/3435 3785/1633/3434
f 3786/1634/3435 3758/1610/3400 3760/1612/3421
f 3783/1631/3433 3785/1633/3434 3787/1635/3436
f 3781/1629/3432 3783/1631/3433 3787/1635/3436
f 3781/1629/3432 3787/1635/3436 3770/1622/3428
f 3785/1633/3434 3788/1636/3437 3787/1635/3436
f 3785/1633/3434 3760/1612/3421 3788/1636/3437
f 3788/1636/3437 3789/1637/3438 3621/1525/3321
f 3760/1612/3421 3789/1637/3438 3788/1636/3437
f 3760/1612/3421 3790/1638/3439 3789/1637/3438
f 3778/1373/3417 3791/1639/3440 3777/1371/3431
f 3778/1373/3417 3792/1640/3441 3791/1639/3440
f 3792/1640/3441 3793/1641/3377 3791/1639/3440
f 3793/1641/3377 3794/1642/3442 3791/1639/3440
f 3793/1641/3377 3795/1643/3378 3794/1642/3442
f 3795/1643/3378 3796/1644/3443 3794/1642/3442
f 3795/1643/3378 3797/1645/3376 3796/1644/3443
f 3797/1645/3376 3767/1619/3425 3796/1644/3443
f 3797/1645/3376 3798/1646/2999 3767/1619/3425
f 3798/1646/2999 3765/1617/3423 3767/1619/3425
f 3789/1637/3438 3799/1647/3444 3621/1525/3321
f 3789/1637/3438 3790/1638/3439 3799/1647/3444
f 3621/1525/3321 3799/1647/3444 3622/1526/3322
f 3799/1647/3444 3633/1353/3333 3622/1526/3322
f 3799/1647/3444 3800/1648/3445 3633/1353/3333
f 3800/1648/3445 3634/1535/3334 3633/1353/3333
f 3790/1638/3439 3800/1648/3445 3799/1647/3444
f 3790/1638/3439 3760/1612/3421 3801/1649/3446
f 3760/1612/3421 3761/1613/3422 3801/1649/3446
f 3761/1613/3422 3617/1521/3317 3801/1649/3446
f 3790/1638/3439 3801/1649/3446 3800/1648/3445
f 3800/1648/3445 3801/1649/3446 3634/1535/3334
f 3634/1535/3334 3801/1649/3446 3617/1521/3317
f 3802/1650/3447 3631/1533/3331 3630/1532/3330
f 3234/1287/2950 3632/1534/3332 3802/1650/3447
f 3802/1650/3447 3632/1534/3332 3631/1533/3331
f 3232/1285/2948 3234/1287/2950 3802/1650/3447
f 3618/1522/3318 3803/1651/3448 3630/1532/3330
f 3777/1371/3431 3232/1285/2948 3803/1651/3448
f 3772/1370/3430 3777/1371/3431 3803/1651/3448
f 3803/1651/3448 3232/1285/2948 3802/1650/3447
f 3772/1370/3430 3803/1651/3448 3618/1522/3318
f 3802/1650/3447 3630/1532/3330 3803/1651/3448
f 3777/1371/3431 3804/1652/3449 3233/1286/2949
f 3233/1286/2949 3804/1652/3449 3235/1288/2951
f 3777/1371/3431 3791/1639/3440 3804/1652/3449
f 3794/1642/3442 3796/1644/3443 3805/1653/3450
f 3796/1644/3443 3767/1619/3425 3805/1653/3450
f 3791/1639/3440 3805/1653/3450 3804/1652/3449
f 3791/1639/3440 3794/1642/3442 3805/1653/3450
f 3806/1654/3451 3804/1652/3449 3805/1653/3450
f 3229/1282/2945 3807/1655/3452 3230/1283/2946
f 3806/1654/3451 3805/1653/3450 3807/1655/3452
f 3229/1282/2945 3806/1654/3451 3807/1655/3452
f 3807/1655/3452 3805/1653/3450 3808/1656/3453
f 3808/1656/3453 3767/1619/3425 3768/1620/3426
f 3230/1283/2946 3807/1655/3452 3808/1656/3453
f 3808/1656/3453 3805/1653/3450 3767/1619/3425
f 3788/1636/3437 3809/1375/3454 3787/1635/3436
f 3787/1635/3436 3809/1375/3454 3810/1657/3455
f 3810/1657/3455 3811/1658/3456 3787/1635/3436
f 3770/1622/3428 3811/1658/3456 3769/1621/3427
f 3811/1658/3456 3770/1622/3428 3787/1635/3436
f 3230/1283/2946 3812/1659/3457 3231/1284/2947
f 3230/1283/2946 3813/1660/3458 3812/1659/3457
f 3813/1660/3458 3768/1620/3426 3812/1659/3457
f 3808/1656/3453 3768/1620/3426 3813/1660/3458
f 3230/1283/2946 3808/1656/3453 3813/1660/3458
f 3811/1658/3456 3810/1657/3455 3814/1661/3459
f 3811/1658/3456 3814/1661/3459 3769/1621/3427
f 3815/1374/3460 3621/1525/3321 3235/1288/2951
f 3815/1374/3460 3788/1636/3437 3621/1525/3321
f 3788/1636/3437 3815/1374/3460 3809/1375/3454
f 3815/1374/3460 3816/1376/3461 3809/1375/3454
f 3817/1377/3462 3804/1652/3449 3806/1654/3451
f 3815/1374/3460 3817/1377/3462 3816/1376/3461
f 3817/1377/3462 3815/1374/3460 3235/1288/2951
f 3804/1652/3449 3817/1377/3462 3235/1288/2951
f 3229/1282/2945 3818/1662/3463 3806/1654/3451
f 3817/1377/3462 3806/1654/3451 3818/1662/3463
f 3817/1377/3462 3818/1662/3463 3816/1376/3461
f 3819/1663/3464 3231/1284/2947 3812/1659/3457
f 3810/1657/3455 3820/1664/3465 3814/1661/3459
f 3810/1657/3455 3809/1375/3454 3821/1665/3466
f 3810/1657/3455 3821/1665/3466 3820/1664/3465
f 3821/1665/3466 3818/1662/3463 3229/1282/2945
f 3821/1665/3466 3816/1376/3461 3818/1662/3463
f 3819/1663/3464 3820/1664/3465 3821/1665/3466
f 3821/1665/3466 3231/1284/2947 3819/1663/3464
f 3821/1665/3466 3229/1282/2945 3231/1284/2947
f 3821/1665/3466 3809/1375/3454 3816/1376/3461
f 3822/1666/3467 3814/1661/3459 3820/1664/3465
f 3819/1663/3464 3822/1666/3467 3820/1664/3465
f 3822/1666/3467 3769/1621/3427 3814/1661/3459
f 3812/1659/3457 3768/1620/3426 3822/1666/3467
f 3768/1620/3426 3769/1621/3427 3822/1666/3467
f 3819/1663/3464 3812/1659/3457 3822/1666/3467
f 3608/1517/3309 3823/1383/3468 3577/1500/3285
f 3609/1382/3310 3823/1383/3468 3608/1517/3309
f 3609/1382/3310 3824/1381/3469 3823/1383/3468
f 3200/1253/2916 3824/1381/3469 3609/1382/3310
f 3823/1383/3468 3824/1381/3469 3825/1667/3470
f 3200/1253/2916 3826/1668/3471 3824/1381/3469
f 3201/1254/2917 3826/1668/3471 3200/1253/2916
f 3825/1667/3470 3824/1381/3469 3826/1668/3471
f 3825/1667/3470 3826/1668/3471 3827/1669/3472
f 3201/1254/2917 3828/1380/3473 3826/1668/3471
f 3610/1379/3311 3828/1380/3473 3201/1254/2917
f 3827/1669/3472 3826/1668/3471 3828/1380/3473
f 3827/1669/3472 3828/1380/3473 3829/1670/3416
f 3829/1670/3416 3828/1380/3473 3830/1378/3474
f 3610/1379/3311 3830/1378/3474 3828/1380/3473
f 3829/1670/3416 3830/1378/3474 3831/1671/3415
f 3204/1257/2920 3832/1672/3475 3610/1379/3311
f 3611/1515/3312 3832/1672/3475 3204/1257/2920
f 3831/1671/3415 3830/1378/3474 3832/1672/3475
f 3610/1379/3311 3832/1672/3475 3830/1378/3474
f 3831/1671/3415 3832/1672/3475 3833/1673/3413
f 3833/1673/3413 3832/1672/3475 3834/1674/3476
f 3611/1515/3312 3834/1674/3476 3832/1672/3475
f 3612/1516/3283 3834/1674/3476 3611/1515/3312
f 3833/1673/3413 3834/1674/3476 3835/1675/3412
f 3835/1675/3412 3834/1674/3476 3836/1676/3477
f 3612/1516/3283 3836/1676/3477 3834/1674/3476
f 3835/1675/3412 3836/1676/3477 3837/1677/3411
f 3577/1500/3285 3823/1383/3468 3838/1678/3419
f 3823/1383/3468 3825/1667/3470 3839/1679/3397
f 3823/1383/3468 3839/1679/3397 3838/1678/3419
f 3825/1667/3470 3840/1680/3478 3839/1679/3397
f 3825/1667/3470 3827/1669/3472 3840/1680/3478
f 3827/1669/3472 3829/1670/3416 3840/1680/3478
f 3576/1384/3284 3841/1385/3477 3575/1480/3283
f 3239/1292/2955 3841/1385/3477 3576/1384/3284
f 3841/1385/3477 3239/1292/2955 3842/1681/3411
f 3239/1292/2955 3236/1289/2952 3843/1682/3409
f 3239/1292/2955 3843/1682/3409 3842/1681/3411
f 3236/1289/2952 3238/1291/2954 3844/1683/3408
f 3236/1289/2952 3844/1683/3408 3843/1682/3409
f 3845/1684/3417 3846/1685/3479 3847/1686/3441
f 3845/1684/3417 3848/1687/3369 3846/1685/3479
f 3248/1301/2964 3250/1303/2966 3849/1688/3480
f 3848/1687/3369 3849/1688/3480 3846/1685/3479
f 3848/1687/3369 3248/1301/2964 3849/1688/3480
f 3250/1303/2966 3242/1295/2958 3849/1688/3480
f 3243/1296/2959 3850/1387/3481 3244/1297/2960
f 3850/1387/3481 3247/1300/2963 3244/1297/2960
f 3850/1387/3481 3245/1298/2961 3247/1300/2963
f 3246/1299/2962 3851/1689/3482 3247/1300/2963
f 3246/1299/2962 3852/1690/3400 3851/1689/3482
f 3852/1690/3400 3853/1691/3435 3851/1689/3482
f 3853/1691/3435 3854/1692/3388 3851/1689/3482
f 3851/1689/3482 3854/1692/3388 3855/1693/2933
f 3851/1689/3482 3855/1693/2933 3856/1694/3389
f 3851/1689/3482 3856/1694/3389 3247/1300/2963
f 3247/1300/2963 3856/1694/3389 3857/1695/3391
f 3247/1300/2963 3857/1695/3391 3244/1297/2960
f 3244/1297/2960 3857/1695/3391 3858/1696/3392
f 3244/1297/2960 3858/1696/3392 3241/1294/2957
f 3241/1294/2957 3858/1696/3392 3859/1697/3395
f 3241/1294/2957 3859/1697/3395 3242/1295/2958
f 3242/1295/2958 3860/1698/3346 3849/1688/3480
f 3242/1295/2958 3859/1697/3395 3860/1698/3346
f 3846/1685/3479 3861/1699/3483 3847/1686/3441
f 3849/1688/3480 3860/1698/3346 3861/1699/3483
f 3849/1688/3480 3861/1699/3483 3846/1685/3479
f 3847/1686/3441 3861/1699/3483 3862/1700/3377
f 3240/1293/2956 3863/1701/3405 3243/1296/2959
f 3240/1293/2956 3251/1304/2967 3863/1701/3405
f 3243/1296/2959 3864/1386/3403 3850/1387/3481
f 3243/1296/2959 3863/1701/3405 3864/1386/3403
f 3864/1386/3403 3865/1702/3484 3850/1387/3481
f 3865/1702/3484 3245/1298/2961 3850/1387/3481
f 3865/1702/3484 3246/1299/2962 3245/1298/2961
f 3254/1307/2970 3253/1306/2969 3866/1703/3485
f 3254/1307/2970 3866/1703/3485 3867/1704/3486
f 3867/1704/3486 3866/1703/3485 3868/1705/3487
f 3279/1332/2995 3281/1334/2997 3868/1705/3487
f 3869/1706/3488 3281/1334/2997 3280/1333/2996
f 3867/1704/3486 3868/1705/3487 3869/1706/3488
f 3869/1706/3488 3868/1705/3487 3281/1334/2997
f 3869/1706/3488 3280/1333/2996 3870/1707/3489
f 3869/1706/3488 3870/1707/3489 3871/1708/3490
f 3871/1708/3490 3870/1707/3489 3872/1709/3491
f 3872/1709/3491 3870/1707/3489 3873/1710/3492
f 3872/1709/3491 3873/1710/3492 3874/1711/3493
f 3872/1709/3491 3874/1711/3493 3875/1712/3494
f 3876/1713/2977 3877/1714/2976 3878/1715/3495
f 3876/1713/2977 3878/1715/3495 3879/1716/2979
f 3879/1716/2979 3878/1715/3495 3880/1717/2980
f 3881/1718/2969 3255/1308/2971 3278/1331/2994
f 3276/1329/2992 3881/1718/2969 3278/1331/2994
f 3255/1308/2971 3882/1719/2968 3256/1309/2972
f 3881/1718/2969 3882/1719/2968 3255/1308/2971
f 3883/1720/3496 3260/1313/2976 3259/1312/2975
f 3267/1320/2983 3883/1720/3496 3259/1312/2975
f 3266/1319/2982 3883/1720/3496 3267/1320/2983
f 3257/1310/2973 3883/1720/3496 3266/1319/2982
f 3257/1310/2973 3258/1311/2974 3883/1720/3496
f 3267/1320/2983 3259/1312/2975 3884/1721/3497
f 3884/1721/3497 3259/1312/2975 3885/1722/3498
f 3885/1722/3498 3263/1316/2979 3262/1315/2978
f 3885/1722/3498 3261/1314/2977 3263/1316/2979
f 3259/1312/2975 3261/1314/2977 3885/1722/3498
f 3884/1721/3497 3885/1722/3498 3886/1723/3499
f 3269/1322/2985 3886/1723/3499 3270/1323/2986
f 3887/1724/3500 3885/1722/3498 3262/1315/2978
f 3886/1723/3499 3885/1722/3498 3887/1724/3500
f 3270/1323/2986 3886/1723/3499 3887/1724/3500
f 3887/1724/3500 3262/1315/2978 3888/1725/3501
f 3262/1315/2978 3264/1317/2980 3889/1726/3502
f 3888/1725/3501 3262/1315/2978 3889/1726/3502
f 3888/1725/3501 3889/1726/3502 3890/1727/3503
f 3875/1712/3494 3891/1728/3504 3890/1727/3503
f 3874/1711/3493 3891/1728/3504 3875/1712/3494
f 3888/1725/3501 3890/1727/3503 3891/1728/3504
f 3875/1712/3494 3890/1727/3503 3892/1729/3505
f 3875/1712/3494 3892/1729/3505 3893/1730/3506
f 3875/1712/3494 3893/1730/3506 3872/1709/3491
f 3872/1709/3491 3893/1730/3506 3894/1731/3507
f 3872/1709/3491 3894/1731/3507 3871/1708/3490
f 3871/1708/3490 3895/1732/3508 3869/1706/3488
f 3871/1708/3490 3894/1731/3507 3895/1732/3508
f 3869/1706/3488 3895/1732/3508 3867/1704/3486
f 3867/1704/3486 3895/1732/3508 3896/1733/3509
f 3867/1704/3486 3897/1734/3510 3254/1307/2970
f 3867/1704/3486 3896/1733/3509 3897/1734/3510
f 3254/1307/2970 3898/1735/3511 3252/1305/2968
f 3254/1307/2970 3897/1734/3510 3898/1735/3511
f 3882/1719/2968 3899/1736/3512 3256/1309/2972
f 3882/1719/2968 3900/1737/3511 3899/1736/3512
f 3256/1309/2972 3901/1738/3513 3258/1311/2974
f 3256/1309/2972 3899/1736/3512 3901/1738/3513
f 3883/1720/3496 3902/1739/3514 3260/1313/2976
f 3258/1311/2974 3901/1738/3513 3902/1739/3514
f 3258/1311/2974 3902/1739/3514 3883/1720/3496
f 3889/1726/3502 3903/1740/3515 3890/1727/3503
f 3892/1729/3505 3890/1727/3503 3903/1740/3515
f 3889/1726/3502 3264/1317/2980 3903/1740/3515
f 3904/1741/3506 3905/1742/3516 3878/1715/3495
f 3904/1741/3506 3878/1715/3495 3906/1743/3507
f 3906/1743/3507 3878/1715/3495 3877/1714/2976
f 3906/1743/3507 3877/1714/2976 3907/1744/3508
f 3907/1744/3508 3877/1714/2976 3908/1745/3509
f 3908/1745/3509 3877/1714/2976 3909/1746/3514
f 3908/1745/3509 3909/1746/3514 3910/1747/3513
f 3908/1745/3509 3910/1747/3513 3911/1748/3512
f 3908/1745/3509 3911/1748/3512 3912/1749/3510
f 3912/1749/3510 3911/1748/3512 3913/1750/3511
f 3914/1751/3517 3866/1703/3485 3253/1306/2969
f 3914/1751/3517 3868/1705/3487 3866/1703/3485
f 3914/1751/3517 3915/1752/3518 3916/1753/3519
f 3916/1753/3519 3868/1705/3487 3914/1751/3517
f 3916/1753/3519 3915/1752/3518 3917/1339/3520
f 3916/1753/3519 3917/1339/3520 3918/1341/3521
f 3919/1754/3522 3918/1341/3521 3273/1326/2989
f 3919/1754/3522 3273/1326/2989 3279/1332/2995
f 3916/1753/3519 3918/1341/3521 3919/1754/3522
f 3279/1332/2995 3868/1705/3487 3919/1754/3522
f 3919/1754/3522 3868/1705/3487 3916/1753/3519
f 3279/1332/2995 3274/1327/2990 3920/1755/3523
f 3920/1755/3523 3280/1333/2996 3279/1332/2995
f 3920/1755/3523 3870/1707/3489 3280/1333/2996
f 3920/1755/3523 3274/1327/2990 3921/1344/3524
f 3272/1325/2988 3922/1345/3525 3274/1327/2990
f 3921/1344/3524 3274/1327/2990 3922/1345/3525
f 3268/1321/2984 3923/1343/3526 3269/1322/2985
f 3921/1344/3524 3922/1345/3525 3923/1343/3526
f 3923/1343/3526 3922/1345/3525 3924/1346/3527
f 3925/1756/3528 3924/1346/3527 3265/1318/2981
f 3925/1756/3528 3267/1320/2983 3884/1721/3497
f 3925/1756/3528 3886/1723/3499 3269/1322/2985
f 3925/1756/3528 3884/1721/3497 3886/1723/3499
f 3923/1343/3526 3924/1346/3527 3925/1756/3528
f 3923/1343/3526 3925/1756/3528 3269/1322/2985
f 3265/1318/2981 3267/1320/2983 3925/1756/3528
f 3265/1318/2981 3924/1346/3527 3926/1757/3529
f 3265/1318/2981 3926/1757/3529 3927/1758/3530
f 3928/1352/3531 3277/1330/2993 3278/1331/2994
f 3928/1352/3531 3927/1758/3530 3277/1330/2993
f 3265/1318/2981 3927/1758/3530 3928/1352/3531
f 3928/1352/3531 3278/1331/2994 3257/1310/2973
f 3928/1352/3531 3257/1310/2973 3265/1318/2981
f 3929/1759/3532 3887/1724/3500 3888/1725/3501
f 3929/1759/3532 3888/1725/3501 3891/1728/3504
f 3270/1323/2986 3887/1724/3500 3929/1759/3532
f 3923/1343/3526 3930/1342/3533 3921/1344/3524
f 3930/1342/3533 3929/1759/3532 3891/1728/3504
f 3931/1348/3534 3268/1321/2984 3270/1323/2986
f 3268/1321/2984 3931/1348/3534 3923/1343/3526
f 3931/1348/3534 3270/1323/2986 3929/1759/3532
f 3930/1342/3533 3931/1348/3534 3929/1759/3532
f 3923/1343/3526 3931/1348/3534 3930/1342/3533
f 3932/1351/3535 3933/1338/3536 3915/1752/3518
f 3933/1338/3536 3917/1339/3520 3915/1752/3518
f 3934/1340/3537 3918/1341/3521 3917/1339/3520
f 3934/1340/3537 3271/1324/2987 3273/1326/2989
f 3934/1340/3537 3273/1326/2989 3918/1341/3521
f 3933/1338/3536 3934/1340/3537 3917/1339/3520
f 3935/1347/3538 3924/1346/3527 3922/1345/3525
f 3272/1325/2988 3935/1347/3538 3922/1345/3525
f 3936/1760/3539 3282/1335/2998 3926/1757/3529
f 3935/1347/3538 3936/1760/3539 3924/1346/3527
f 3936/1760/3539 3926/1757/3529 3924/1346/3527
f 3937/1761/3540 3927/1758/3530 3926/1757/3529
f 3282/1335/2998 3284/1337/3000 3937/1761/3540
f 3282/1335/2998 3937/1761/3540 3926/1757/3529
f 3938/1762/3541 3277/1330/2993 3927/1758/3530
f 3937/1761/3540 3938/1762/3541 3927/1758/3530
f 3939/1763/3542 3275/1328/2991 3277/1330/2993
f 3938/1762/3541 3939/1763/3542 3277/1330/2993
f 3921/1344/3524 3930/1342/3533 3940/1764/3543
f 3921/1344/3524 3941/1765/3544 3920/1755/3523
f 3921/1344/3524 3940/1764/3543 3941/1765/3544
f 3920/1755/3523 3941/1765/3544 3942/1766/3545
f 3942/1766/3545 3870/1707/3489 3920/1755/3523
f 3873/1710/3492 3870/1707/3489 3942/1766/3545
f 3943/1767/3546 3941/1765/3544 3940/1764/3543
f 3891/1728/3504 3943/1767/3546 3930/1342/3533
f 3891/1728/3504 3874/1711/3493 3943/1767/3546
f 3874/1711/3493 3873/1710/3492 3943/1767/3546
f 3942/1766/3545 3941/1765/3544 3943/1767/3546
f 3873/1710/3492 3942/1766/3545 3943/1767/3546
f 3943/1767/3546 3940/1764/3543 3930/1342/3533
f 3914/1751/3517 3253/1306/2969 3944/1768/2992
f 3914/1751/3517 3944/1768/2992 3915/1752/3518
f 3915/1752/3518 3944/1768/2992 3945/1769/2991
f 3915/1752/3518 3945/1769/2991 3932/1351/3535
f 3932/1351/3535 3945/1769/2991 3946/1350/3542
f 3932/1351/3535 3946/1350/3542 3947/1349/3381
f 3932/1351/3535 3947/1349/3381 3948/1770/3384
f 3932/1351/3535 3948/1770/3384 3933/1338/3536
f 3933/1338/3536 3949/1771/2929 3934/1340/3537
f 3933/1338/3536 3948/1770/3384 3949/1771/2929
f 3934/1340/3537 3949/1771/2929 3950/1772/2928
f 3934/1340/3537 3951/1773/3385 3271/1324/2987
f 3934/1340/3537 3950/1772/2928 3951/1773/3385
f 3271/1324/2987 3952/1774/3429 3272/1325/2988
f 3271/1324/2987 3951/1773/3385 3952/1774/3429
f 3272/1325/2988 3953/1775/3424 3935/1347/3538
f 3272/1325/2988 3952/1774/3429 3953/1775/3424
f 3935/1347/3538 3953/1775/3424 3936/1760/3539
f 3936/1760/3539 3953/1775/3424 3954/1776/3423
f 3936/1760/3539 3954/1776/3423 3282/1335/2998
f 3282/1335/2998 3954/1776/3423 3283/1336/2999
f 3937/1761/3540 3284/1337/3000 3955/1777/3343
f 3938/1762/3541 3956/1778/3380 3939/1763/3542
f 3937/1761/3540 3955/1777/3343 3956/1778/3380
f 3937/1761/3540 3956/1778/3380 3938/1762/3541
f 3939/1763/3542 3956/1778/3380 3957/1779/3381
f 3958/1714/3547 3959/1713/3548 3960/1715/3549
f 3960/1715/3549 3959/1713/3548 3961/1716/3550
f 3960/1715/3549 3961/1716/3550 3962/1717/3551
f 3963/1306/3552 3964/1305/3553 3965/1307/3554
f 3963/1306/3552 3965/1307/3554 3966/1703/3555
f 3966/1703/3555 3965/1307/3554 3967/1704/3556
f 3966/1703/3555 3967/1704/3556 3968/1705/3557
f 3968/1705/3557 3967/1704/3556 3969/1706/3558
f 3968/1705/3557 3969/1706/3558 3970/1334/3559
f 3970/1334/3559 3969/1706/3558 3971/1333/3560
f 3971/1333/3560 3969/1706/3558 3972/1707/3561
f 3972/1707/3561 3969/1706/3558 3973/1708/3562
f 3972/1707/3561 3973/1708/3562 3974/1709/3563
f 3972/1707/3561 3974/1709/3563 3975/1710/3564
f 3975/1710/3564 3974/1709/3563 3976/1711/3565
f 3976/1711/3565 3974/1709/3563 3977/1712/3566
f 3978/1729/3567 3977/1712/3566 3979/1730/3568
f 3979/1730/3568 3977/1712/3566 3974/1709/3563
f 3979/1730/3568 3974/1709/3563 3980/1731/3569
f 3980/1731/3569 3974/1709/3563 3973/1708/3562
f 3980/1731/3569 3973/1708/3562 3981/1732/3570
f 3981/1732/3570 3969/1706/3558 3967/1704/3556
f 3981/1732/3570 3973/1708/3562 3969/1706/3558
f 3981/1732/3570 3967/1704/3556 3982/1733/3571
f 3982/1733/3571 3967/1704/3556 3983/1734/3572
f 3983/1734/3572 3967/1704/3556 3965/1307/3554
f 3983/1734/3572 3965/1307/3554 3984/1735/3573
f 3984/1735/3573 3965/1307/3554 3964/1305/3553
f 3985/1737/3573 3986/1719/3553 3987/1736/3574
f 3987/1736/3574 3986/1719/3553 3988/1309/3575
f 3987/1736/3574 3988/1309/3575 3989/1738/3576
f 3302/1310/3018 3990/1311/3577 3988/1309/3575
f 3989/1738/3576 3988/1309/3575 3990/1311/3577
f 3989/1738/3576 3990/1311/3577 3991/1739/3578
f 3991/1739/3578 3990/1311/3577 3992/1720/3579
f 3302/1310/3018 3992/1720/3579 3990/1311/3577
f 3991/1739/3578 3992/1720/3579 3993/1313/3547
f 3993/1313/3547 3992/1720/3579 3994/1312/3580
f 3993/1313/3547 3994/1312/3580 3995/1314/3548
f 3995/1314/3548 3994/1312/3580 3996/1722/3581
f 3995/1314/3548 3996/1722/3581 3997/1316/3550
f 3997/1316/3550 3996/1722/3581 3998/1315/3582
f 3997/1316/3550 3998/1315/3582 3999/1317/3551
f 3999/1317/3551 3998/1315/3582 4000/1726/3583
f 3999/1317/3551 4000/1726/3583 4001/1740/3584
f 4002/1727/3585 3977/1712/3566 3978/1729/3567
f 4001/1740/3584 4000/1726/3583 4002/1727/3585
f 4002/1727/3585 3978/1729/3567 4001/1740/3584
f 4003/1728/3586 3976/1711/3565 3977/1712/3566
f 4003/1728/3586 3977/1712/3566 4002/1727/3585
f 4003/1728/3586 4002/1727/3585 4004/1725/3587
f 4004/1725/3587 4002/1727/3585 4000/1726/3583
f 4004/1725/3587 4000/1726/3583 3998/1315/3582
f 4004/1725/3587 3998/1315/3582 4005/1724/3588
f 4005/1724/3588 3998/1315/3582 3996/1722/3581
f 4005/1724/3588 3996/1722/3581 4006/1723/3589
f 3297/1323/3013 4005/1724/3588 4006/1723/3589
f 4006/1723/3589 3996/1722/3581 4007/1721/3590
f 4007/1721/3590 3996/1722/3581 3994/1312/3580
f 4008/1320/3591 3994/1312/3580 3992/1720/3579
f 4007/1721/3590 3994/1312/3580 4008/1320/3591
f 4008/1320/3591 3992/1720/3579 4009/1319/3592
f 4009/1319/3592 3992/1720/3579 3302/1310/3018
f 4010/1308/3593 3988/1309/3575 3986/1719/3553
f 3302/1310/3018 4010/1308/3593 3303/1331/3019
f 3302/1310/3018 3988/1309/3575 4010/1308/3593
f 4010/1308/3593 4011/1718/3552 3303/1331/3019
f 3303/1331/3019 4011/1718/3552 3305/1329/3021
f 4010/1308/3593 3986/1719/3553 4011/1718/3552
f 4012/1749/3572 4013/1750/3573 4014/1748/3574
f 4012/1749/3572 4014/1748/3574 4015/1745/3571
f 4015/1745/3571 4014/1748/3574 4016/1747/3576
f 4015/1745/3571 4017/1746/3578 3958/1714/3547
f 4015/1745/3571 4016/1747/3576 4017/1746/3578
f 4015/1745/3571 3958/1714/3547 4018/1744/3570
f 4018/1744/3570 3958/1714/3547 4019/1743/3569
f 4019/1743/3569 3958/1714/3547 3960/1715/3549
f 4019/1743/3569 3960/1715/3549 4020/1741/3568
f 4020/1741/3568 3960/1715/3549 4021/1742/3594
f 3300/1351/3016 4022/1752/3595 3285/1338/3001
f 3285/1338/3001 4022/1752/3595 3286/1339/3002
f 3287/1340/3003 3288/1341/3004 4023/1326/3596
f 4023/1326/3596 3288/1341/3004 4024/1754/3597
f 3968/1705/3557 3970/1334/3559 4025/1332/3598
f 4023/1326/3596 4024/1754/3597 4025/1332/3598
f 3970/1334/3559 3971/1333/3560 4025/1332/3598
f 3968/1705/3557 4025/1332/3598 4024/1754/3597
f 3971/1333/3560 4026/1755/3599 4025/1332/3598
f 3971/1333/3560 3972/1707/3561 4026/1755/3599
f 3291/1344/3007 3292/1345/3008 4027/1327/3600
f 3291/1344/3007 4027/1327/3600 4026/1755/3599
f 4025/1332/3598 4027/1327/3600 4023/1326/3596
f 4025/1332/3598 4026/1755/3599 4027/1327/3600
f 4023/1326/3596 4027/1327/3600 4028/1325/3601
f 3292/1345/3008 4028/1325/3601 4027/1327/3600
f 3292/1345/3008 3294/1347/3010 4028/1325/3601
f 4023/1326/3596 4029/1324/3602 3287/1340/3003
f 4023/1326/3596 4028/1325/3601 4029/1324/3602
f 3294/1347/3010 3293/1346/3009 4030/1760/3603
f 4030/1760/3603 3293/1346/3009 4031/1757/3604
f 4030/1760/3603 4031/1757/3604 4032/1335/3605
f 4032/1335/3605 4031/1757/3604 4033/1761/3606
f 4033/1761/3606 4031/1757/3604 4034/1758/3607
f 4034/1758/3607 3301/1352/3017 3304/1330/3020
f 4031/1757/3604 3293/1346/3009 4035/1318/3608
f 4031/1757/3604 4035/1318/3608 4034/1758/3607
f 3301/1352/3017 4034/1758/3607 4035/1318/3608
f 4008/1320/3591 4009/1319/3592 4035/1318/3608
f 3302/1310/3018 3301/1352/3017 4035/1318/3608
f 4009/1319/3592 3302/1310/3018 4035/1318/3608
f 3293/1346/3009 3290/1343/3006 4036/1756/3609
f 3293/1346/3009 4036/1756/3609 4035/1318/3608
f 4008/1320/3591 4035/1318/3608 4036/1756/3609
f 4007/1721/3590 4008/1320/3591 4036/1756/3609
f 4006/1723/3589 4007/1721/3590 4036/1756/3609
f 3290/1343/3006 4037/1322/3610 4036/1756/3609
f 3297/1323/3013 4006/1723/3589 4037/1322/3610
f 4037/1322/3610 4006/1723/3589 4036/1756/3609
f 3296/1321/3012 3297/1323/3013 4037/1322/3610
f 3290/1343/3006 3296/1321/3012 4037/1322/3610
f 4038/1759/3611 4005/1724/3588 3297/1323/3013
f 4038/1759/3611 4004/1725/3587 4005/1724/3588
f 4003/1728/3586 4004/1725/3587 4038/1759/3611
f 3289/1342/3005 4003/1728/3586 4038/1759/3611
f 3295/1348/3011 3289/1342/3005 4038/1759/3611
f 3295/1348/3011 4038/1759/3611 3297/1323/3013
f 3294/1347/3010 4039/1775/3612 4028/1325/3601
f 3294/1347/3010 4030/1760/3603 4039/1775/3612
f 4040/1774/3613 4029/1324/3602 4028/1325/3601
f 4039/1775/3612 4040/1774/3613 4028/1325/3601
f 4041/1773/3614 3287/1340/3003 4029/1324/3602
f 4040/1774/3613 4041/1773/3614 4029/1324/3602
f 4041/1773/3614 4042/1772/3029 3287/1340/3003
f 4042/1772/3029 4043/1771/3615 3287/1340/3003
f 4043/1771/3615 3285/1338/3001 3287/1340/3003
f 4043/1771/3615 4044/1770/3616 3285/1338/3001
f 4044/1770/3616 3300/1351/3016 3285/1338/3001
f 4044/1770/3616 3298/1349/3014 3300/1351/3016
f 4045/1769/3022 4022/1752/3595 3300/1351/3016
f 3299/1350/3015 4045/1769/3022 3300/1351/3016
f 4045/1769/3022 4046/1768/3021 4022/1752/3595
f 4046/1768/3021 4047/1751/3617 4022/1752/3595
f 4046/1768/3021 3963/1306/3552 4047/1751/3617
f 3963/1306/3552 3966/1703/3555 4047/1751/3617
f 3966/1703/3555 3968/1705/3557 4047/1751/3617
f 4047/1751/3617 4048/1753/3618 4022/1752/3595
f 4047/1751/3617 3968/1705/3557 4048/1753/3618
f 4022/1752/3595 4048/1753/3618 3286/1339/3002
f 3286/1339/3002 4048/1753/3618 3288/1341/3004
f 4048/1753/3618 3968/1705/3557 4024/1754/3597
f 4048/1753/3618 4024/1754/3597 3288/1341/3004
f 3972/1707/3561 4049/1766/3619 4026/1755/3599
f 3972/1707/3561 3975/1710/3564 4049/1766/3619
f 3975/1710/3564 4050/1767/3620 4049/1766/3619
f 4003/1728/3586 3289/1342/3005 4050/1767/3620
f 3976/1711/3565 4003/1728/3586 4050/1767/3620
f 3975/1710/3564 3976/1711/3565 4050/1767/3620
f 3289/1342/3005 3291/1344/3007 4051/1764/3621
f 3289/1342/3005 4051/1764/3621 4050/1767/3620
f 4052/1765/3622 4026/1755/3599 4049/1766/3619
f 3291/1344/3007 4052/1765/3622 4051/1764/3621
f 4052/1765/3622 4050/1767/3620 4051/1764/3621
f 4052/1765/3622 4049/1766/3619 4050/1767/3620
f 4052/1765/3622 3291/1344/3007 4026/1755/3599
f 4030/1760/3603 4032/1335/3605 4053/1776/3623
f 4030/1760/3603 4053/1776/3623 4039/1775/3612
f 4032/1335/3605 4054/1336/3026 4053/1776/3623
f 4032/1335/3605 4033/1761/3606 4055/1337/3027
f 4032/1335/3605 4055/1337/3027 4054/1336/3026
f 4033/1761/3606 4056/1777/3624 4055/1337/3027
f 4033/1761/3606 4057/1778/3625 4056/1777/3624
f 4033/1761/3606 4034/1758/3607 4058/1762/3626
f 4034/1758/3607 3304/1330/3020 4058/1762/3626
f 4033/1761/3606 4058/1762/3626 4057/1778/3625
f 3304/1330/3020 4059/1763/3015 4058/1762/3626
f 3304/1330/3020 3306/1328/3022 4059/1763/3015
f 4058/1762/3626 4059/1763/3015 4057/1778/3625
f 4057/1778/3625 4059/1763/3015 4060/1779/3014
f 3308/1354/3024 4061/1527/3627 3309/1355/3025
f 3309/1355/3025 4061/1527/3627 4062/1528/3628
f 3309/1355/3025 4062/1528/3628 4063/1529/3629
f 4063/1529/3629 4062/1528/3628 4064/1530/3630
f 4065/1531/3631 4064/1530/3630 4066/1532/3632
f 4066/1532/3632 4064/1530/3630 4062/1528/3628
f 4067/1533/3633 4062/1528/3628 4061/1527/3627
f 4066/1532/3632 4062/1528/3628 4067/1533/3633
f 4067/1533/3633 4061/1527/3627 4068/1534/3634
f 4068/1534/3634 4061/1527/3627 4069/1524/3635
f 4069/1524/3635 4061/1527/3627 4070/1526/3636
f 4070/1526/3636 4061/1527/3627 3308/1354/3024
f 4070/1526/3636 3308/1354/3024 3307/1353/3023
f 4071/1535/3637 3309/1355/3025 4063/1529/3629
f 3307/1353/3023 3309/1355/3025 4071/1535/3637
f 4071/1535/3637 4063/1529/3629 4072/1536/3638
f 4065/1531/3631 4066/1532/3632 4073/1522/3639
f 4074/1521/3640 4073/1522/3639 3330/1370/3046
f 4071/1535/3637 4072/1536/3638 4074/1521/3640
f 4073/1522/3639 4074/1521/3640 4075/1520/3641
f 4074/1521/3640 4072/1536/3638 4075/1520/3641
f 4064/1530/3630 4075/1520/3641 4063/1529/3629
f 4075/1520/3641 4072/1536/3638 4063/1529/3629
f 4073/1522/3639 4075/1520/3641 4076/1523/3642
f 4064/1530/3630 4076/1523/3642 4075/1520/3641
f 4065/1531/3631 4073/1522/3639 4076/1523/3642
f 4065/1531/3631 4076/1523/3642 4064/1530/3630
f 4077/1525/3643 4069/1524/3635 4070/1526/3636
f 4077/1525/3643 4078/1288/3644 4069/1524/3635
f 4078/1288/3644 3334/1374/3050 3337/1377/3053
f 4078/1288/3644 4077/1525/3643 3334/1374/3050
f 4079/1540/3645 4080/1538/3646 4081/1539/3647
f 4079/1540/3645 4081/1539/3647 4082/1541/3648
f 4079/1540/3645 4083/1259/3649 4084/1260/3650
f 4079/1540/3645 4082/1541/3648 4083/1259/3649
f 4084/1260/3650 4083/1259/3649 4085/1258/3651
f 4080/1538/3646 4079/1540/3645 4086/1518/3652
f 4084/1260/3650 4085/1258/3651 4086/1518/3652
f 4079/1540/3645 4084/1260/3650 4086/1518/3652
f 4081/1539/3647 4080/1538/3646 4087/1537/3653
f 4087/1537/3653 4088/1545/3654 4081/1539/3647
f 4088/1545/3654 4089/1546/3655 4081/1539/3647
f 4088/1545/3654 4090/1547/3656 4089/1546/3655
f 4091/1650/3657 4066/1532/3632 4067/1533/3633
f 4091/1650/3657 4067/1533/3633 4068/1534/3634
f 4092/1651/3658 4093/1285/3659 3331/1371/3047
f 4092/1651/3658 3331/1371/3047 3330/1370/3046
f 4073/1522/3639 4092/1651/3658 3330/1370/3046
f 4091/1650/3657 4092/1651/3658 4066/1532/3632
f 4073/1522/3639 4066/1532/3632 4092/1651/3658
f 4091/1650/3657 4093/1285/3659 4092/1651/3658
f 4091/1650/3657 4094/1287/3660 4093/1285/3659
f 4094/1287/3660 4091/1650/3657 4068/1534/3634
f 4078/1288/3644 4094/1287/3660 4069/1524/3635
f 4094/1287/3660 4068/1534/3634 4069/1524/3635
f 4094/1287/3660 4078/1288/3644 4095/1286/3661
f 4093/1285/3659 4095/1286/3661 3331/1371/3047
f 4094/1287/3660 4095/1286/3661 4093/1285/3659
f 4095/1286/3661 4096/1652/3662 3331/1371/3047
f 4078/1288/3644 4096/1652/3662 4095/1286/3661
f 4078/1288/3644 3337/1377/3053 4096/1652/3662
f 4097/1636/3663 3335/1375/3051 3334/1374/3050
f 4077/1525/3643 4097/1636/3663 3334/1374/3050
f 4077/1525/3643 4098/1637/3664 4097/1636/3663
f 4077/1525/3643 4099/1647/3665 4098/1637/3664
f 4070/1526/3636 4099/1647/3665 4077/1525/3643
f 4070/1526/3636 3307/1353/3023 4099/1647/3665
f 4099/1647/3665 4100/1638/3666 4098/1637/3664
f 3307/1353/3023 4101/1648/3667 4099/1647/3665
f 3307/1353/3023 4071/1535/3637 4101/1648/3667
f 4099/1647/3665 4101/1648/3667 4100/1638/3666
f 4071/1535/3637 4074/1521/3640 4102/1649/3668
f 4071/1535/3637 4102/1649/3668 4101/1648/3667
f 4101/1648/3667 4102/1649/3668 4100/1638/3666
f 4097/1636/3663 4098/1637/3664 4103/1612/3669
f 4098/1637/3664 4100/1638/3666 4103/1612/3669
f 4102/1649/3668 4103/1612/3669 4100/1638/3666
f 4074/1521/3640 3330/1370/3046 4104/1613/3670
f 4102/1649/3668 4104/1613/3670 4103/1612/3669
f 4102/1649/3668 4074/1521/3640 4104/1613/3670
f 3331/1371/3047 4105/1639/3671 3333/1373/3049
f 4096/1652/3662 4105/1639/3671 3331/1371/3047
f 4096/1652/3662 4106/1653/3672 4105/1639/3671
f 4106/1653/3672 4107/1642/3673 4105/1639/3671
f 4106/1653/3672 4108/1644/3674 4107/1642/3673
f 4106/1653/3672 4109/1619/3675 4108/1644/3674
f 4086/1518/3652 4110/1519/3676 4080/1538/3646
f 4110/1519/3676 4087/1537/3653 4080/1538/3646
f 4110/1519/3676 4086/1518/3652 4085/1258/3651
f 4111/1263/3677 4082/1541/3648 4081/1539/3647
f 4089/1546/3655 4111/1263/3677 4081/1539/3647
f 4111/1263/3677 4112/1363/3678 4082/1541/3648
f 4112/1363/3678 4083/1259/3649 4082/1541/3648
f 4083/1259/3649 4112/1363/3678 4085/1258/3651
f 4112/1363/3678 4113/1543/3679 4085/1258/3651
f 4114/1261/3680 4111/1263/3677 4089/1546/3655
f 4115/1262/3656 4114/1261/3680 4089/1546/3655
f 4116/1542/3681 4085/1258/3651 4113/1543/3679
f 4117/1544/3624 4116/1542/3681 4113/1543/3679
f 4116/1542/3681 4110/1519/3676 4085/1258/3651
f 4118/1551/3027 4119/1550/3624 4112/1363/3678
f 4119/1550/3624 4113/1543/3679 4112/1363/3678
f 4120/1537/3682 4121/1545/3683 4122/1539/3684
f 4122/1539/3684 4123/1546/3685 3319/1263/3035
f 4121/1545/3683 4123/1546/3685 4122/1539/3684
f 4121/1545/3683 4124/1547/3686 4123/1546/3685
f 4125/1548/3687 4126/1549/3688 4111/1263/3677
f 4111/1263/3677 4126/1549/3688 4127/1362/3028
f 4111/1263/3677 4127/1362/3028 4112/1363/3678
f 4112/1363/3678 4127/1362/3028 4128/1364/3689
f 4129/1258/3690 4130/1519/3691 4131/1518/3692
f 4131/1518/3692 4130/1519/3691 4120/1537/3682
f 4122/1539/3684 4132/1538/3693 4120/1537/3682
f 4131/1518/3692 4120/1537/3682 4132/1538/3693
f 4122/1539/3684 3319/1263/3035 4133/1541/3694
f 3319/1263/3035 3321/1363/3037 4133/1541/3694
f 4132/1538/3693 4122/1539/3684 4133/1541/3694
f 4131/1518/3692 4132/1538/3693 4134/1540/3695
f 4132/1538/3693 4133/1541/3694 4134/1540/3695
f 4131/1518/3692 4134/1540/3695 4135/1260/3696
f 4135/1260/3696 4129/1258/3690 4131/1518/3692
f 4134/1540/3695 4136/1552/3697 4135/1260/3696
f 4129/1258/3690 4136/1552/3697 3321/1363/3037
f 4135/1260/3696 4136/1552/3697 4129/1258/3690
f 3321/1363/3037 4136/1552/3697 4133/1541/3694
f 4134/1540/3695 4133/1541/3694 4136/1552/3697
f 4129/1258/3690 3321/1363/3037 4137/1543/3698
f 4123/1546/3685 4138/1262/3686 3319/1263/3035
f 4138/1262/3686 4139/1261/3699 3319/1263/3035
f 4140/1542/3700 4130/1519/3691 4129/1258/3690
f 4140/1542/3700 4129/1258/3690 4137/1543/3698
f 4141/1544/3701 4140/1542/3700 4137/1543/3698
f 4142/1550/3702 4137/1543/3698 3321/1363/3037
f 4143/1551/3038 4142/1550/3702 3321/1363/3037
f 4144/1553/3676 4145/1554/3681 4146/1273/3703
f 4145/1554/3681 4147/1274/3704 4146/1273/3703
f 4148/1555/3653 4144/1553/3676 4146/1273/3703
f 4149/1271/3705 4148/1555/3653 4146/1273/3703
f 4150/1272/3706 4149/1271/3705 4146/1273/3703
f 4147/1274/3704 4150/1272/3706 4146/1273/3703
f 4151/1556/3654 4148/1555/3653 4149/1271/3705
f 4150/1272/3706 4151/1556/3654 4149/1271/3705
f 4152/1558/3707 4150/1272/3706 4147/1274/3704
f 4153/1557/3708 4152/1558/3707 4147/1274/3704
f 4154/1559/3709 3310/1356/3026 3312/1358/3028
f 4155/1560/3680 4156/1562/3710 4157/1561/3688
f 4154/1559/3709 3312/1358/3028 4158/1563/3711
f 3312/1358/3028 4157/1561/3688 4158/1563/3711
f 4156/1562/3710 4158/1563/3711 4157/1561/3688
f 4159/1566/3624 4160/1567/3625 4161/1564/3681
f 4160/1567/3625 4162/1565/3712 4161/1564/3681
f 4160/1567/3625 4163/1568/3014 4162/1565/3712
f 4163/1568/3014 4164/1569/3713 4162/1565/3712
f 3316/1359/3032 4165/1570/3714 3315/1264/3031
f 4163/1568/3014 4165/1570/3714 4164/1569/3713
f 4163/1568/3014 4166/1571/3616 4165/1570/3714
f 4166/1571/3616 3315/1264/3031 4165/1570/3714
f 4167/1266/3615 3313/1265/3029 3315/1264/3031
f 4166/1571/3616 4167/1266/3615 3315/1264/3031
f 3313/1265/3029 4168/1572/3614 3314/1267/3030
f 4168/1572/3614 4169/1573/3715 3314/1267/3030
f 4170/1578/3716 4161/1564/3681 4162/1565/3712
f 4171/1581/3654 4161/1564/3681 4170/1578/3716
f 4171/1581/3654 4170/1578/3716 4172/1580/3656
f 4170/1578/3716 3318/1361/3034 4173/1579/3717
f 4170/1578/3716 4173/1579/3717 4172/1580/3656
f 4170/1578/3716 4174/1577/3718 3318/1361/3034
f 4174/1577/3718 4165/1570/3714 3316/1359/3032
f 4170/1578/3716 4162/1565/3712 4174/1577/3718
f 4174/1577/3718 4162/1565/3712 4164/1569/3713
f 4174/1577/3718 4164/1569/3713 4165/1570/3714
f 4174/1577/3718 3316/1359/3032 3318/1361/3034
f 3317/1360/3033 3316/1359/3032 4175/1576/3719
f 4176/1268/3720 3315/1264/3031 3314/1267/3030
f 3316/1359/3032 3315/1264/3031 4176/1268/3720
f 4175/1576/3719 3316/1359/3032 4176/1268/3720
f 4175/1576/3719 4176/1268/3720 4177/1270/3721
f 4178/1269/3722 3314/1267/3030 4169/1573/3715
f 4177/1270/3721 4176/1268/3720 4178/1269/3722
f 4176/1268/3720 3314/1267/3030 4178/1269/3722
f 4177/1270/3721 4178/1269/3722 4179/1575/3723
f 4178/1269/3722 4169/1573/3715 4180/1574/3724
f 4179/1575/3723 4178/1269/3722 4180/1574/3724
f 4181/1548/3725 4182/1549/3726 3319/1263/3035
f 3319/1263/3035 4182/1549/3726 3320/1362/3036
f 4183/1273/3727 4184/1553/3691 4185/1554/3700
f 4183/1273/3727 4185/1554/3700 4186/1274/3728
f 4183/1273/3727 4187/1271/3729 4188/1555/3682
f 4183/1273/3727 4188/1555/3682 4184/1553/3691
f 4186/1274/3728 4189/1272/3730 4183/1273/3727
f 4189/1272/3730 4187/1271/3729 4183/1273/3727
f 4189/1272/3730 4190/1556/3683 4187/1271/3729
f 4190/1556/3683 4188/1555/3682 4187/1271/3729
f 4186/1274/3728 4191/1557/3700 4189/1272/3730
f 4191/1557/3700 4192/1558/3683 4189/1272/3730
f 3323/1365/3039 3325/1367/3041 4193/1582/3731
f 3325/1367/3041 4194/1583/3069 4193/1582/3731
f 3325/1367/3041 4195/1584/3732 4194/1583/3069
f 3325/1367/3041 4196/1275/3733 4195/1584/3732
f 3325/1367/3041 3324/1366/3040 4196/1275/3733
f 4196/1275/3733 4197/1276/3734 4195/1584/3732
f 4197/1276/3734 3327/1278/3043 3326/1368/3042
f 4197/1276/3734 3326/1368/3042 4198/1585/3071
f 4197/1276/3734 4198/1585/3071 4195/1584/3732
f 3326/1368/3042 4199/1586/3735 4198/1585/3071
f 3326/1368/3042 4200/1587/3736 4199/1586/3735
f 3326/1368/3042 3329/1279/3045 4200/1587/3736
f 3329/1279/3045 4201/1588/3737 4200/1587/3736
f 3329/1279/3045 4202/1280/3738 4201/1588/3737
f 4202/1280/3738 4203/1589/3702 4201/1588/3737
f 4202/1280/3738 4204/1590/3700 4203/1589/3702
f 3323/1365/3039 4205/1591/3739 3324/1366/3040
f 4206/1592/3740 3324/1366/3040 4205/1591/3739
f 4206/1592/3740 4207/1593/3741 3324/1366/3040
f 4196/1275/3733 3324/1366/3040 4208/1594/3742
f 4207/1593/3741 4208/1594/3742 3324/1366/3040
f 4207/1593/3741 4209/1595/3743 4208/1594/3742
f 4209/1595/3743 4210/1596/3744 4208/1594/3742
f 4197/1276/3734 4211/1277/3745 3327/1278/3043
f 4196/1275/3733 4211/1277/3745 4197/1276/3734
f 4210/1596/3744 4211/1277/3745 4208/1594/3742
f 4196/1275/3733 4208/1594/3742 4211/1277/3745
f 4210/1596/3744 4212/1597/3746 4211/1277/3745
f 3327/1278/3043 4212/1597/3746 3328/1369/3044
f 4212/1597/3746 3327/1278/3043 4211/1277/3745
f 3328/1369/3044 4212/1597/3746 4213/1598/3747
f 3329/1279/3045 4214/1281/3748 4202/1280/3738
f 3329/1279/3045 3328/1369/3044 4214/1281/3748
f 4202/1280/3738 4214/1281/3748 4204/1590/3700
f 3328/1369/3044 4213/1598/3747 4214/1281/3748
f 4214/1281/3748 4213/1598/3747 4215/1599/3749
f 4214/1281/3748 4215/1599/3749 4216/1600/3686
f 4214/1281/3748 4216/1600/3686 4217/1601/3683
f 4204/1590/3700 4214/1281/3748 4217/1601/3683
f 4218/1602/3038 4219/1604/3036 4220/1603/3049
f 4220/1603/3049 4219/1604/3036 4221/1605/3048
f 4222/1609/3750 4221/1605/3048 4223/1606/3751
f 4223/1606/3751 4221/1605/3048 4219/1604/3036
f 4224/1611/3039 4103/1612/3669 4104/1613/3670
f 4225/1610/3731 4103/1612/3669 4224/1611/3039
f 4224/1611/3039 4104/1613/3670 4226/1614/3739
f 4226/1614/3739 4104/1613/3670 4227/1615/3740
f 4104/1613/3670 4228/1616/3176 4227/1615/3740
f 4109/1619/3675 4229/1618/3612 4230/1617/3623
f 4109/1619/3675 4231/1620/3752 4229/1618/3612
f 4231/1620/3752 4232/1621/3753 4229/1618/3612
f 4232/1621/3753 4233/1622/3754 4229/1618/3612
f 4233/1622/3754 4234/1623/3613 4229/1618/3612
f 4235/1607/3725 4236/1608/3755 4223/1606/3751
f 4236/1608/3755 4222/1609/3750 4223/1606/3751
f 3330/1370/3046 4237/1624/3204 4104/1613/3670
f 4237/1624/3204 4228/1616/3176 4104/1613/3670
f 4237/1624/3204 3330/1370/3046 4238/1625/3755
f 3330/1370/3046 4239/1626/3750 4238/1625/3755
f 3330/1370/3046 3332/1372/3048 4239/1626/3750
f 4234/1623/3613 4233/1622/3754 4240/1627/3614
f 4233/1622/3754 4241/1628/3715 4240/1627/3614
f 4233/1622/3754 4242/1629/3756 4241/1628/3715
f 4242/1629/3756 4243/1630/3724 4241/1628/3715
f 4242/1629/3756 4244/1631/3757 4243/1630/3724
f 4244/1631/3757 4245/1632/3723 4243/1630/3724
f 4097/1636/3663 4103/1612/3669 4246/1633/3758
f 4244/1631/3757 4246/1633/3758 4245/1632/3723
f 4246/1633/3758 4103/1612/3669 4247/1634/3759
f 4103/1612/3669 4225/1610/3731 4247/1634/3759
f 4246/1633/3758 4247/1634/3759 4245/1632/3723
f 3335/1375/3051 4097/1636/3663 4248/1635/3760
f 4233/1622/3754 4248/1635/3760 4242/1629/3756
f 4248/1635/3760 4244/1631/3757 4242/1629/3756
f 4248/1635/3760 4246/1633/3758 4244/1631/3757
f 4248/1635/3760 4097/1636/3663 4246/1633/3758
f 4105/1639/3671 4249/1640/3761 3333/1373/3049
f 4105/1639/3671 4250/1641/3710 4249/1640/3761
f 4105/1639/3671 4107/1642/3673 4250/1641/3710
f 4107/1642/3673 4108/1644/3674 4251/1643/3711
f 4107/1642/3673 4251/1643/3711 4250/1641/3710
f 4108/1644/3674 4252/1645/3709 4251/1643/3711
f 4108/1644/3674 4109/1619/3675 4252/1645/3709
f 4109/1619/3675 4253/1646/3026 4252/1645/3709
f 4109/1619/3675 4230/1617/3623 4253/1646/3026
f 3337/1377/3053 4254/1654/3762 4096/1652/3662
f 4096/1652/3662 4254/1654/3762 4106/1653/3672
f 4106/1653/3672 4254/1654/3762 4255/1655/3763
f 4106/1653/3672 4256/1656/3764 4109/1619/3675
f 4256/1656/3764 4231/1620/3752 4109/1619/3675
f 4106/1653/3672 4255/1655/3763 4256/1656/3764
f 3335/1375/3051 4248/1635/3760 4257/1657/3765
f 4258/1658/3766 4248/1635/3760 4233/1622/3754
f 4257/1657/3765 4248/1635/3760 4258/1658/3766
f 4232/1621/3753 4258/1658/3766 4233/1622/3754
f 4259/1282/3767 4255/1655/3763 4254/1654/3762
f 4260/1283/3768 4256/1656/3764 4255/1655/3763
f 4259/1282/3767 4260/1283/3768 4255/1655/3763
f 4259/1282/3767 4261/1284/3769 4260/1283/3768
f 4260/1283/3768 4261/1284/3769 4262/1659/3770
f 4260/1283/3768 4262/1659/3770 4263/1660/3771
f 4263/1660/3771 4262/1659/3770 4231/1620/3752
f 4260/1283/3768 4263/1660/3771 4256/1656/3764
f 4256/1656/3764 4263/1660/3771 4231/1620/3752
f 4264/1661/3772 4257/1657/3765 4258/1658/3766
f 4264/1661/3772 4258/1658/3766 4232/1621/3753
f 4259/1282/3767 4254/1654/3762 4265/1662/3773
f 3337/1377/3053 4265/1662/3773 4254/1654/3762
f 3337/1377/3053 3336/1376/3052 4265/1662/3773
f 4266/1663/3774 4262/1659/3770 4261/1284/3769
f 4267/1665/3775 3335/1375/3051 4257/1657/3765
f 4267/1665/3775 4261/1284/3769 4259/1282/3767
f 4267/1665/3775 4266/1663/3774 4261/1284/3769
f 4267/1665/3775 4259/1282/3767 4265/1662/3773
f 4267/1665/3775 4265/1662/3773 3336/1376/3052
f 4267/1665/3775 3336/1376/3052 3335/1375/3051
f 4266/1663/3774 4267/1665/3775 4268/1664/3776
f 4264/1661/3772 4268/1664/3776 4257/1657/3765
f 4268/1664/3776 4267/1665/3775 4257/1657/3765
f 4269/1666/3777 4232/1621/3753 4231/1620/3752
f 4266/1663/3774 4269/1666/3777 4262/1659/3770
f 4266/1663/3774 4268/1664/3776 4269/1666/3777
f 4269/1666/3777 4268/1664/3776 4264/1661/3772
f 4269/1666/3777 4231/1620/3752 4262/1659/3770
f 4269/1666/3777 4264/1661/3772 4232/1621/3753
f 4270/1674/3778 3515/1516/3173 3514/1515/3223
f 4271/1676/3061 3515/1516/3173 4270/1674/3778
f 4272/1672/3779 3514/1515/3223 3516/1257/3224
f 4272/1672/3779 3516/1257/3224 3339/1379/3055
f 4270/1674/3778 3514/1515/3223 4272/1672/3779
f 4272/1672/3779 3339/1379/3055 3338/1378/3054
f 4273/1668/3780 3517/1254/3225 3518/1253/3226
f 3340/1380/3056 3517/1254/3225 4273/1668/3780
f 4273/1668/3780 3518/1253/3226 3341/1381/3057
f 4274/1678/3755 3343/1383/3059 3492/1500/3204
f 4274/1678/3755 4275/1679/3725 3343/1383/3059
f 4275/1679/3725 4276/1667/3781 3343/1383/3059
f 4276/1667/3781 3341/1381/3057 3343/1383/3059
f 4273/1668/3780 3341/1381/3057 4276/1667/3781
f 4275/1679/3725 4277/1680/3782 4276/1667/3781
f 4277/1680/3782 4278/1669/3783 4276/1667/3781
f 3340/1380/3056 4273/1668/3780 4278/1669/3783
f 4273/1668/3780 4276/1667/3781 4278/1669/3783
f 3340/1380/3056 4278/1669/3783 4279/1670/3749
f 3338/1378/3054 3340/1380/3056 4279/1670/3749
f 4277/1680/3782 4279/1670/3749 4278/1669/3783
f 4280/1681/3743 3346/1292/3062 3345/1385/3061
f 4280/1681/3743 4281/1682/3741 3346/1292/3062
f 3459/1290/3174 3346/1292/3062 4282/1289/3784
f 3461/1291/3176 3459/1290/3174 4282/1289/3784
f 4281/1682/3741 4282/1289/3784 3346/1292/3062
f 4283/1683/3740 3461/1291/3176 4282/1289/3784
f 4281/1682/3741 4283/1683/3740 4282/1289/3784
f 4271/1676/3061 4270/1674/3778 4284/1675/3744
f 4271/1676/3061 4284/1675/3744 4285/1677/3743
f 4270/1674/3778 4272/1672/3779 4286/1673/3746
f 4270/1674/3778 4286/1673/3746 4284/1675/3744
f 4272/1672/3779 3338/1378/3054 4287/1671/3747
f 3338/1378/3054 4279/1670/3749 4287/1671/3747
f 4272/1672/3779 4287/1671/3747 4286/1673/3746
f 4288/1684/3049 4289/1686/3761 4290/1685/3785
f 4288/1684/3049 4290/1685/3785 4291/1687/3038
f 3347/1303/3063 4292/1688/3786 3348/1295/3064
f 4291/1687/3038 4290/1685/3785 4292/1688/3786
f 4293/1301/3702 4292/1688/3786 3347/1303/3063
f 4291/1687/3038 4292/1688/3786 4293/1301/3702
f 3356/1387/3072 4294/1297/3787 3352/1300/3068
f 3354/1296/3070 3350/1294/3066 4294/1297/3787
f 3354/1296/3070 4294/1297/3787 3356/1387/3072
f 3353/1299/3069 3352/1300/3068 4295/1689/3788
f 3353/1299/3069 4295/1689/3788 4296/1690/3731
f 4296/1690/3731 4295/1689/3788 4297/1691/3759
f 4297/1691/3759 4295/1689/3788 4298/1692/3723
f 4295/1689/3788 4299/1693/3721 4298/1692/3723
f 4295/1689/3788 3352/1300/3068 4300/1694/3719
f 4295/1689/3788 4300/1694/3719 4299/1693/3721
f 3352/1300/3068 4294/1297/3787 4301/1695/3033
f 3352/1300/3068 4301/1695/3033 4300/1694/3719
f 4294/1297/3787 3350/1294/3066 4302/1696/3034
f 4294/1297/3787 4302/1696/3034 4301/1695/3033
f 3350/1294/3066 3348/1295/3064 4303/1697/3717
f 3350/1294/3066 4303/1697/3717 4302/1696/3034
f 3348/1295/3064 4292/1688/3786 4304/1698/3656
f 3348/1295/3064 4304/1698/3656 4303/1697/3717
f 4292/1688/3786 4305/1699/3680 4304/1698/3656
f 4290/1685/3785 4289/1686/3761 4305/1699/3680
f 4292/1688/3786 4290/1685/3785 4305/1699/3680
f 4289/1686/3761 4306/1700/3710 4305/1699/3680
f 3353/1299/3069 4307/1702/3732 3351/1298/3067
f 4307/1702/3732 3356/1387/3072 3351/1298/3067
f 4307/1702/3732 3355/1386/3071 3356/1387/3072
f 3355/1386/3071 4308/1701/3735 3354/1296/3070
f 4308/1701/3735 3349/1293/3065 3354/1296/3070
f 4309/1304/3736 3347/1303/3063 3349/1293/3065
f 4308/1701/3735 4309/1304/3736 3349/1293/3065
f 4309/1304/3736 4310/1302/3737 3347/1303/3063
f 4310/1302/3737 4293/1301/3702 3347/1303/3063
f 3359/1390/3075 3358/1389/3074 4311/1780/3789
f 3359/1390/3075 4311/1780/3789 4312/1781/3790
f 4312/1781/3790 4311/1780/3789 4313/1782/3791
f 4312/1781/3790 4313/1782/3791 4314/1418/3792
f 4312/1781/3790 4314/1418/3792 4315/1783/3793
f 4315/1783/3793 4314/1418/3792 4316/1784/3794
f 4316/1784/3794 4314/1418/3792 4317/1419/3795
f 4314/1418/3792 4318/1420/3796 4317/1419/3795
f 3528/1450/3236 3527/1451/3235 4318/1420/3796
f 3533/1459/3241 4318/1420/3796 3527/1451/3235
f 4313/1782/3791 4311/1780/3789 4319/1785/3797
f 3528/1450/3236 4318/1420/3796 4319/1785/3797
f 4314/1418/3792 4319/1785/3797 4318/1420/3796
f 4314/1418/3792 4313/1782/3791 4319/1785/3797
f 3528/1450/3236 4319/1785/3797 4320/1786/3798
f 4311/1780/3789 4320/1786/3798 4319/1785/3797
f 3529/1456/3237 3528/1450/3236 4320/1786/3798
f 4311/1780/3789 3358/1389/3074 4321/1787/3799
f 4311/1780/3789 4321/1787/3799 4320/1786/3798
f 4322/1788/3800 4323/1789/3801 4324/1790/3802
f 4322/1788/3800 4325/1791/3803 4323/1789/3801
f 3367/1398/3083 3369/1400/3085 4325/1791/3803
f 4325/1791/3803 4326/1792/3804 4323/1789/3801
f 4326/1792/3804 4327/1793/3805 4323/1789/3801
f 4326/1792/3804 4328/1794/3806 4327/1793/3805
f 4328/1794/3806 3408/1439/3124 4327/1793/3805
f 3408/1439/3124 4329/1795/3807 4327/1793/3805
f 3357/1388/3073 4329/1795/3807 3408/1439/3124
f 3357/1388/3073 3359/1390/3075 4329/1795/3807
f 4330/1423/3808 3366/1397/3082 4331/1422/3809
f 3366/1397/3082 4332/1411/3810 4331/1422/3809
f 3366/1397/3082 3365/1396/3081 4333/1410/3811
f 3360/1391/3076 3362/1393/3078 4333/1410/3811
f 3366/1397/3082 4333/1410/3811 4332/1411/3810
f 3365/1396/3081 3360/1391/3076 4333/1410/3811
f 3361/1392/3077 4334/1393/3812 3363/1394/3079
f 3378/1409/3094 4334/1393/3812 3379/1410/3095
f 3361/1392/3077 4335/1391/3813 4334/1393/3812
f 4335/1391/3813 3379/1410/3095 4334/1393/3812
f 4336/1396/3814 3380/1411/3096 3379/1410/3095
f 4335/1391/3813 4336/1396/3814 3379/1410/3095
f 4337/1397/3815 3392/1423/3108 3391/1422/3107
f 4336/1396/3814 4337/1397/3815 3380/1411/3096
f 4337/1397/3815 3391/1422/3107 3380/1411/3096
f 4338/1796/3816 3366/1397/3082 4330/1423/3808
f 3419/1446/3135 3364/1395/3080 4339/1797/3817
f 4338/1796/3816 4339/1797/3817 3366/1397/3082
f 4339/1797/3817 3364/1395/3080 3366/1397/3082
f 3364/1395/3080 4340/1798/3818 3360/1391/3076
f 4341/1799/3819 4335/1391/3813 3361/1392/3077
f 4341/1799/3819 3361/1392/3077 3360/1391/3076
f 4340/1798/3818 4341/1799/3819 3360/1391/3076
f 4341/1799/3819 4342/1798/3820 4335/1391/3813
f 4342/1798/3820 4343/1395/3821 4335/1391/3813
f 4343/1395/3821 4336/1396/3814 4335/1391/3813
f 4343/1395/3821 4344/1797/3822 4336/1396/3814
f 4344/1797/3822 4337/1397/3815 4336/1396/3814
f 4345/1796/3823 3392/1423/3108 4337/1397/3815
f 4345/1796/3823 3390/1421/3106 3392/1423/3108
f 3383/1414/3099 4345/1796/3823 3385/1416/3101
f 3383/1414/3099 3390/1421/3106 4345/1796/3823
f 4344/1797/3822 4345/1796/3823 4337/1397/3815
f 4346/1402/3824 4347/1401/3825 4348/1403/3826
f 4347/1401/3825 4349/1800/3827 4348/1403/3826
f 4347/1401/3825 4350/1801/3828 4349/1800/3827
f 4350/1801/3828 4351/1802/3829 4349/1800/3827
f 4350/1801/3828 4352/1803/3830 4351/1802/3829
f 4352/1803/3830 4353/1804/3831 4351/1802/3829
f 4352/1803/3830 4354/1805/3832 4353/1804/3831
f 4354/1805/3832 4355/1806/3833 4353/1804/3831
f 4356/1807/3834 3377/1408/3093 3374/1405/3090
f 4354/1805/3832 4356/1807/3834 4355/1806/3833
f 4356/1807/3834 3374/1405/3090 3373/1404/3089
f 4354/1805/3832 4357/1808/3835 4356/1807/3834
f 4356/1807/3834 4358/1809/3836 3377/1408/3093
f 4357/1808/3835 4358/1809/3836 4356/1807/3834
f 4358/1809/3836 4324/1790/3802 3377/1408/3093
f 4357/1808/3835 4359/1810/3837 4358/1809/3836
f 4359/1810/3837 4360/1811/3838 4358/1809/3836
f 4360/1811/3838 4324/1790/3802 4358/1809/3836
f 4360/1811/3838 4361/1812/3839 4324/1790/3802
f 4361/1812/3839 4322/1788/3800 4324/1790/3802
f 4362/1813/3840 3367/1398/3083 4325/1791/3803
f 4362/1813/3840 4325/1791/3803 4322/1788/3800
f 4361/1812/3839 4362/1813/3840 4322/1788/3800
f 3367/1398/3083 4363/1814/3841 3368/1399/3084
f 4363/1814/3841 4364/1398/3083 3368/1399/3084
f 4364/1398/3083 4365/1400/3842 3368/1399/3084
f 4364/1398/3083 4366/1791/3843 4365/1400/3842
f 4364/1398/3083 4367/1813/3844 4366/1791/3843
f 4367/1813/3844 4368/1788/3845 4366/1791/3843
f 4367/1813/3844 4369/1812/3846 4368/1788/3845
f 4369/1812/3846 4370/1790/3847 4368/1788/3845
f 4369/1812/3846 4371/1811/3848 4370/1790/3847
f 4371/1811/3848 4372/1809/3849 4370/1790/3847
f 4371/1811/3848 4373/1810/3850 4372/1809/3849
f 4373/1810/3850 4374/1808/3851 4372/1809/3849
f 4374/1808/3851 4375/1807/3852 4372/1809/3849
f 4374/1808/3851 4376/1805/3853 4375/1807/3852
f 4376/1805/3853 4377/1806/3854 4375/1807/3852
f 4375/1807/3852 4377/1806/3854 3382/1413/3098
f 4376/1805/3853 4378/1804/3855 4377/1806/3854
f 4376/1805/3853 4379/1803/3856 4378/1804/3855
f 4379/1803/3856 4380/1802/3857 4378/1804/3855
f 4379/1803/3856 4381/1801/3858 4380/1802/3857
f 3370/1401/3086 3372/1403/3088 4382/1800/3859
f 4381/1801/3858 3370/1401/3086 4382/1800/3859
f 4381/1801/3858 4382/1800/3859 4380/1802/3857
f 4326/1792/3804 4325/1791/3803 4383/1815/3860
f 4383/1815/3860 4384/1816/3861 4385/1817/3862
f 4328/1794/3806 4326/1792/3804 4385/1817/3862
f 4326/1792/3804 4383/1815/3860 4385/1817/3862
f 4383/1815/3860 4386/1818/3863 4384/1816/3861
f 4325/1791/3803 3369/1400/3085 4386/1818/3863
f 4325/1791/3803 4386/1818/3863 4383/1815/3860
f 4386/1818/3863 4387/1819/3864 4384/1816/3861
f 3369/1400/3085 3368/1399/3084 4388/1820/3865
f 3369/1400/3085 4388/1820/3865 4386/1818/3863
f 3368/1399/3084 4365/1400/3842 4388/1820/3865
f 4386/1818/3863 4388/1820/3865 4387/1819/3864
f 4365/1400/3842 4389/1818/3866 4388/1820/3865
f 4388/1820/3865 4389/1818/3866 4387/1819/3864
f 4365/1400/3842 4366/1791/3843 4389/1818/3866
f 4389/1818/3866 4390/1816/3867 4387/1819/3864
f 4389/1818/3866 4391/1815/3868 4390/1816/3867
f 4366/1791/3843 4391/1815/3868 4389/1818/3866
f 4391/1815/3868 4392/1817/3869 4390/1816/3867
f 4316/1784/3794 4338/1796/3816 4393/1416/3870
f 4315/1783/3793 4316/1784/3794 4393/1416/3870
f 4394/1414/3871 4393/1416/3870 4338/1796/3816
f 4393/1416/3870 4394/1414/3871 4395/1821/3872
f 3373/1404/3089 3375/1406/3091 4396/1412/3873
f 4394/1414/3871 4396/1412/3873 4395/1821/3872
f 4395/1821/3872 4396/1412/3873 3375/1406/3091
f 4397/1413/3874 3373/1404/3089 4396/1412/3873
f 4356/1807/3834 4397/1413/3874 4355/1806/3833
f 4397/1413/3874 4356/1807/3834 3373/1404/3089
f 4394/1414/3871 4397/1413/3874 4396/1412/3873
f 4324/1790/3802 4323/1789/3801 4398/1822/3875
f 3377/1408/3093 4398/1822/3875 3376/1407/3092
f 4324/1790/3802 4398/1822/3875 3377/1408/3093
f 4398/1822/3875 4399/1823/3876 3376/1407/3092
f 4323/1789/3801 4399/1823/3876 4398/1822/3875
f 4323/1789/3801 4327/1793/3805 4399/1823/3876
f 4327/1793/3805 4400/1824/3877 4399/1823/3876
f 4327/1793/3805 4329/1795/3807 4400/1824/3877
f 4329/1795/3807 4401/1825/3878 4400/1824/3877
f 4400/1824/3877 4401/1825/3878 4399/1823/3876
f 4401/1825/3878 3376/1407/3092 4399/1823/3876
f 3359/1390/3075 4312/1781/3790 4402/1826/3879
f 4329/1795/3807 4402/1826/3879 4401/1825/3878
f 3359/1390/3075 4402/1826/3879 4329/1795/3807
f 4403/1415/3880 4395/1821/3872 3375/1406/3091
f 4402/1826/3879 4403/1415/3880 4401/1825/3878
f 4401/1825/3878 4403/1415/3880 3376/1407/3092
f 4403/1415/3880 3375/1406/3091 3376/1407/3092
f 4393/1416/3870 4395/1821/3872 4403/1415/3880
f 4404/1417/3881 4393/1416/3870 4403/1415/3880
f 4312/1781/3790 4315/1783/3793 4404/1417/3881
f 4312/1781/3790 4404/1417/3881 4402/1826/3879
f 4402/1826/3879 4404/1417/3881 4403/1415/3880
f 4315/1783/3793 4393/1416/3870 4404/1417/3881
f 3408/1439/3124 4328/1794/3806 4405/1827/3882
f 4385/1817/3862 4384/1816/3861 4405/1827/3882
f 4328/1794/3806 4385/1817/3862 4405/1827/3882
f 4406/1792/3883 4392/1817/3869 4391/1815/3868
f 4366/1791/3843 4406/1792/3883 4391/1815/3868
f 4406/1792/3883 4407/1794/3884 4392/1817/3869
f 4390/1816/3867 4392/1817/3869 4408/1827/3885
f 4407/1794/3884 4408/1827/3885 4392/1817/3869
f 4407/1794/3884 4409/1439/3886 4408/1827/3885
f 4405/1827/3882 4410/1828/3887 3408/1439/3124
f 4410/1828/3887 3406/1437/3122 3408/1439/3124
f 4384/1816/3861 4410/1828/3887 4405/1827/3882
f 4410/1828/3887 4411/1829/3888 3406/1437/3122
f 4411/1829/3888 3404/1435/3120 3406/1437/3122
f 4384/1816/3861 4412/1830/3889 4410/1828/3887
f 4384/1816/3861 4387/1819/3864 4412/1830/3889
f 4410/1828/3887 4412/1830/3889 4411/1829/3888
f 4387/1819/3864 4390/1816/3867 4412/1830/3889
f 4412/1830/3889 4413/1828/3890 4411/1829/3888
f 4390/1816/3867 4408/1827/3885 4413/1828/3890
f 4390/1816/3867 4413/1828/3890 4412/1830/3889
f 4413/1828/3890 4408/1827/3885 4409/1439/3886
f 4414/1437/3891 3404/1435/3120 4411/1829/3888
f 4413/1828/3890 4414/1437/3891 4411/1829/3888
f 4413/1828/3890 4409/1439/3886 4414/1437/3891
f 4415/1831/3892 4331/1422/3809 4332/1411/3810
f 4416/1832/3893 4331/1422/3809 4415/1831/3892
f 4416/1832/3893 4415/1831/3892 4355/1806/3833
f 4415/1831/3892 4353/1804/3831 4355/1806/3833
f 4417/1833/3894 4332/1411/3810 4333/1410/3811
f 4415/1831/3892 4332/1411/3810 4417/1833/3894
f 4417/1833/3894 4333/1410/3811 4418/1409/3895
f 4418/1409/3895 4333/1410/3811 3362/1393/3078
f 4418/1409/3895 3362/1393/3078 4419/1834/3896
f 4419/1834/3896 3362/1393/3078 4420/1835/3897
f 4420/1835/3897 3362/1393/3078 3363/1394/3079
f 4420/1835/3897 3363/1394/3079 4334/1393/3812
f 4421/1834/3898 4334/1393/3812 3378/1409/3094
f 4420/1835/3897 4334/1393/3812 4421/1834/3898
f 3378/1409/3094 3380/1411/3096 4422/1833/3899
f 4422/1833/3899 3380/1411/3096 4423/1831/3900
f 4377/1806/3854 4378/1804/3855 4423/1831/3900
f 4423/1831/3900 3380/1411/3096 3391/1422/3107
f 4377/1806/3854 4423/1831/3900 4424/1832/3901
f 4423/1831/3900 3391/1422/3107 4424/1832/3901
f 3357/1388/3073 3408/1439/3124 4425/1836/3902
f 3357/1388/3073 4425/1836/3902 3358/1389/3074
f 3408/1439/3124 3407/1438/3123 4425/1836/3902
f 3358/1389/3074 4426/1837/3903 4321/1787/3799
f 3358/1389/3074 4425/1836/3902 4426/1837/3903
f 4321/1787/3799 4426/1837/3903 4427/1838/3904
f 4321/1787/3799 4427/1838/3904 4428/1839/3905
f 4321/1787/3799 4428/1839/3905 4320/1786/3798
f 4320/1786/3798 4428/1839/3905 3529/1456/3237
f 3529/1456/3237 4428/1839/3905 3185/1241/2901
f 4429/1840/3906 4317/1419/3795 4318/1420/3796
f 3533/1459/3241 4429/1840/3906 4318/1420/3796
f 4430/1841/3907 4316/1784/3794 4317/1419/3795
f 4429/1840/3906 4430/1841/3907 4317/1419/3795
f 4431/1842/3908 4338/1796/3816 4316/1784/3794
f 4430/1841/3907 4431/1842/3908 4316/1784/3794
f 4416/1832/3893 4355/1806/3833 4432/1843/3909
f 4397/1413/3874 4432/1843/3909 4355/1806/3833
f 4331/1422/3809 4416/1832/3893 4432/1843/3909
f 4394/1414/3871 4338/1796/3816 4433/1421/3910
f 4330/1423/3808 4433/1421/3910 4338/1796/3816
f 4330/1423/3808 4331/1422/3809 4433/1421/3910
f 4331/1422/3809 4432/1843/3909 4433/1421/3910
f 4397/1413/3874 4394/1414/3871 4433/1421/3910
f 4397/1413/3874 4433/1421/3910 4432/1843/3909
f 4434/1789/3911 4366/1791/3843 4368/1788/3845
f 4370/1790/3847 4434/1789/3911 4368/1788/3845
f 4434/1789/3911 4406/1792/3883 4366/1791/3843
f 4435/1793/3912 4409/1439/3886 4407/1794/3884
f 4434/1789/3911 4435/1793/3912 4406/1792/3883
f 4435/1793/3912 4407/1794/3884 4406/1792/3883
f 4435/1793/3912 4436/1795/3913 4409/1439/3886
f 3384/1415/3100 4437/1821/3914 3385/1416/3101
f 4437/1821/3914 3383/1414/3099 3385/1416/3101
f 4437/1821/3914 3381/1412/3097 3383/1414/3099
f 3381/1412/3097 4438/1404/3915 3382/1413/3098
f 4438/1404/3915 4375/1807/3852 3382/1413/3098
f 4438/1404/3915 4439/1405/3916 4375/1807/3852
f 4439/1405/3916 4440/1408/3917 4375/1807/3852
f 4440/1408/3917 4370/1790/3847 4372/1809/3849
f 4440/1408/3917 4372/1809/3849 4375/1807/3852
f 4441/1822/3918 4434/1789/3911 4370/1790/3847
f 4440/1408/3917 4441/1822/3918 4370/1790/3847
f 4441/1822/3918 4442/1823/3919 4434/1789/3911
f 4442/1823/3919 4435/1793/3912 4434/1789/3911
f 4442/1823/3919 4443/1824/3920 4435/1793/3912
f 4443/1824/3920 4436/1795/3913 4435/1793/3912
f 4443/1824/3920 4444/1825/3921 4436/1795/3913
f 4442/1823/3919 4444/1825/3921 4443/1824/3920
f 4444/1825/3921 3384/1415/3100 4445/1826/3922
f 3384/1415/3100 3386/1417/3102 4445/1826/3922
f 4444/1825/3921 4445/1826/3922 4436/1795/3913
f 4441/1822/3918 4440/1408/3917 4446/1407/3923
f 4440/1408/3917 4439/1405/3916 4446/1407/3923
f 4441/1822/3918 4446/1407/3923 4442/1823/3919
f 4442/1823/3919 4446/1407/3923 4444/1825/3921
f 4446/1407/3923 3384/1415/3100 4444/1825/3921
f 4447/1406/3924 4437/1821/3914 3384/1415/3100
f 4447/1406/3924 3381/1412/3097 4437/1821/3914
f 4446/1407/3923 4447/1406/3924 3384/1415/3100
f 4439/1405/3916 4447/1406/3924 4446/1407/3923
f 4439/1405/3916 4438/1404/3915 4447/1406/3924
f 4438/1404/3915 3381/1412/3097 4447/1406/3924
f 3389/1420/3105 4448/1840/3925 3433/1459/3149
f 3389/1420/3105 3388/1419/3104 4448/1840/3925
f 3388/1419/3104 4449/1841/3926 4448/1840/3925
f 4450/1784/3927 3385/1416/3101 4345/1796/3823
f 3388/1419/3104 4450/1784/3927 4449/1841/3926
f 3387/1418/3103 4450/1784/3927 3388/1419/3104
f 4450/1784/3927 4345/1796/3823 4451/1842/3928
f 4450/1784/3927 4451/1842/3928 4449/1841/3926
f 4452/1388/3929 4409/1439/3886 4436/1795/3913
f 4452/1388/3929 4453/1836/3930 4409/1439/3886
f 4452/1388/3929 4454/1389/3931 4453/1836/3930
f 4454/1389/3931 4455/1837/3932 4453/1836/3930
f 3401/1432/3117 4453/1836/3930 4455/1837/3932
f 4454/1389/3931 4456/1787/3933 4455/1837/3932
f 3401/1432/3117 4455/1837/3932 4457/1838/3934
f 4456/1787/3933 4457/1838/3934 4455/1837/3932
f 3401/1432/3117 4457/1838/3934 3402/1433/3118
f 4456/1787/3933 4458/1839/3935 4457/1838/3934
f 3430/1456/3146 3436/1241/3152 4458/1839/3935
f 3430/1456/3146 4459/1786/3936 3424/1450/3140
f 4459/1786/3936 3430/1456/3146 4458/1839/3935
f 4456/1787/3933 4459/1786/3936 4458/1839/3935
f 3387/1418/3103 3389/1420/3105 4460/1785/3937
f 4459/1786/3936 4460/1785/3937 3424/1450/3140
f 4460/1785/3937 3389/1420/3105 3424/1450/3140
f 4459/1786/3936 4461/1780/3938 4460/1785/3937
f 4459/1786/3936 4456/1787/3933 4461/1780/3938
f 4456/1787/3933 4454/1389/3931 4461/1780/3938
f 4454/1389/3931 4462/1390/3939 4461/1780/3938
f 4454/1389/3931 4452/1388/3929 4462/1390/3939
f 4452/1388/3929 4436/1795/3913 4462/1390/3939
f 4445/1826/3922 4462/1390/3939 4436/1795/3913
f 4463/1781/3940 4445/1826/3922 3386/1417/3102
f 4445/1826/3922 4463/1781/3940 4462/1390/3939
f 4463/1781/3940 4461/1780/3938 4462/1390/3939
f 4463/1781/3940 4464/1782/3941 4461/1780/3938
f 4464/1782/3941 4460/1785/3937 4461/1780/3938
f 4464/1782/3941 3387/1418/3103 4460/1785/3937
f 4464/1782/3941 4463/1781/3940 3387/1418/3103
f 4465/1783/3942 4450/1784/3927 3387/1418/3103
f 4465/1783/3942 3386/1417/3102 3385/1416/3101
f 4463/1781/3940 4465/1783/3942 3387/1418/3103
f 4450/1784/3927 4465/1783/3942 3385/1416/3101
f 4465/1783/3942 4463/1781/3940 3386/1417/3102
f 4466/1843/3943 4377/1806/3854 4424/1832/3901
f 3390/1421/3106 4466/1843/3943 3391/1422/3107
f 4466/1843/3943 4424/1832/3901 3391/1422/3107
f 3382/1413/3098 4466/1843/3943 3390/1421/3106
f 3382/1413/3098 4377/1806/3854 4466/1843/3943
f 4467/1442/3944 3450/1473/3166 3449/1472/3165
f 3451/1443/3167 3450/1473/3166 4467/1442/3944
f 4468/1844/3945 3449/1472/3165 3175/1231/2891
f 4467/1442/3944 3449/1472/3165 4468/1844/3945
f 4469/1845/3946 3175/1231/2891 3174/1230/2890
f 4468/1844/3945 3175/1231/2891 4469/1845/3946
f 4469/1845/3946 3174/1230/2890 4470/1846/3947
f 4470/1846/3947 3479/1246/3191 3477/1249/3189
f 4470/1846/3947 3174/1230/2890 3479/1246/3191
f 4470/1846/3947 3477/1249/3189 4471/1847/3948
f 4471/1847/3948 3433/1459/3149 4448/1840/3925
f 4449/1841/3926 4471/1847/3948 4448/1840/3925
f 4471/1847/3948 3477/1249/3189 3433/1459/3149
f 4449/1841/3926 4472/1447/3949 4471/1847/3948
f 4472/1447/3949 4470/1846/3947 4471/1847/3948
f 4472/1447/3949 4473/1445/3950 4470/1846/3947
f 4473/1445/3950 4469/1845/3946 4470/1846/3947
f 4473/1445/3950 4474/1848/3951 4469/1845/3946
f 4474/1848/3951 4468/1844/3945 4469/1845/3946
f 4474/1848/3951 4467/1442/3944 4468/1844/3945
f 4474/1848/3951 4475/1849/3952 4467/1442/3944
f 4476/1446/3953 4344/1797/3822 4343/1395/3821
f 4473/1445/3950 4476/1446/3953 4474/1848/3951
f 4473/1445/3950 4472/1447/3949 4476/1446/3953
f 4472/1447/3949 4477/1850/3954 4476/1446/3953
f 4477/1850/3954 4344/1797/3822 4476/1446/3953
f 4477/1850/3954 4345/1796/3823 4344/1797/3822
f 4472/1447/3949 4449/1841/3926 4477/1850/3954
f 4451/1842/3928 4345/1796/3823 4477/1850/3954
f 4449/1841/3926 4451/1842/3928 4477/1850/3954
f 4478/1851/3955 4474/1848/3951 4476/1446/3953
f 4476/1446/3953 4343/1395/3821 4478/1851/3955
f 4478/1851/3955 4343/1395/3821 4479/1852/3956
f 4479/1852/3956 4341/1799/3819 4340/1798/3818
f 4479/1852/3956 4343/1395/3821 4342/1798/3820
f 4479/1852/3956 4342/1798/3820 4341/1799/3819
f 4479/1852/3956 4340/1798/3818 3364/1395/3080
f 4478/1851/3955 4479/1852/3956 4480/1853/3957
f 4480/1853/3957 4479/1852/3956 4481/1851/3958
f 3419/1446/3135 4481/1851/3958 3364/1395/3080
f 4481/1851/3958 4479/1852/3956 3364/1395/3080
f 4480/1853/3957 4481/1851/3958 4482/1854/3959
f 4482/1854/3959 4481/1851/3958 4483/1848/3960
f 3418/1445/3134 4483/1848/3960 3419/1446/3135
f 4483/1848/3960 4481/1851/3958 3419/1446/3135
f 3416/1440/3132 3396/1427/3112 4484/1855/3961
f 4484/1855/3961 3396/1427/3112 3604/1220/3306
f 4484/1855/3961 3604/1220/3306 3603/1221/3305
f 3416/1440/3132 4484/1855/3961 4485/1856/3962
f 4485/1856/3962 3603/1221/3305 3186/1242/2902
f 4485/1856/3962 4484/1855/3961 3603/1221/3305
f 3417/1434/3133 3416/1440/3132 4485/1856/3962
f 4486/1438/3963 3401/1432/3117 3400/1431/3116
f 4486/1438/3963 4453/1836/3930 3401/1432/3117
f 4486/1438/3963 4409/1439/3886 4453/1836/3930
f 4486/1438/3963 4414/1437/3891 4409/1439/3886
f 4486/1438/3963 3400/1431/3116 4487/1436/3964
f 4487/1436/3964 4414/1437/3891 4486/1438/3963
f 4487/1436/3964 3404/1435/3120 4414/1437/3891
f 3397/1428/3113 3404/1435/3120 4487/1436/3964
f 4487/1436/3964 3400/1431/3116 3397/1428/3113
f 3398/1429/3114 3403/1434/3119 4488/1444/3965
f 3398/1429/3114 4488/1444/3965 3399/1430/3115
f 3411/1440/3127 4488/1444/3965 3403/1434/3119
f 3411/1440/3127 3410/1426/3126 4488/1444/3965
f 3415/1444/3131 3399/1430/3115 4489/1857/3966
f 3393/1424/3109 3415/1444/3131 4489/1857/3966
f 3399/1430/3115 4488/1444/3965 4489/1857/3966
f 4425/1836/3902 3407/1438/3123 4490/1432/3967
f 4425/1836/3902 4490/1432/3967 4426/1837/3903
f 4426/1837/3903 4490/1432/3967 4427/1838/3904
f 4490/1432/3967 3407/1438/3123 4491/1431/3968
f 4491/1431/3968 3407/1438/3123 3405/1436/3121
f 4491/1431/3968 3405/1436/3121 4492/1428/3969
f 3404/1435/3120 4492/1428/3969 3405/1436/3121
f 3399/1430/3115 4492/1428/3969 3404/1435/3120
f 4493/1429/3970 4492/1428/3969 3399/1430/3115
f 4491/1431/3968 4492/1428/3969 4493/1429/3970
f 3415/1444/3131 4493/1429/3970 3399/1430/3115
f 3417/1434/3133 4493/1429/3970 3415/1444/3131
f 3417/1434/3133 4491/1431/3968 4493/1429/3970
f 4427/1838/3904 4490/1432/3967 4494/1433/3971
f 4494/1433/3971 4491/1431/3968 3417/1434/3133
f 3417/1434/3133 4485/1856/3962 4494/1433/3971
f 4494/1433/3971 4490/1432/3967 4491/1431/3968
f 4488/1444/3965 4495/1424/3972 4489/1857/3966
f 3421/1425/3137 4495/1424/3972 3410/1426/3126
f 4488/1444/3965 3410/1426/3126 4495/1424/3972
f 3164/1220/2880 3409/1427/3125 4496/1855/3973
f 3164/1220/2880 4496/1855/3973 3165/1221/2881
f 3409/1427/3125 3411/1440/3127 4496/1855/3973
f 4496/1855/3973 3411/1440/3127 4497/1856/3974
f 3165/1221/2881 4497/1856/3974 3470/1242/3185
f 3165/1221/2881 4496/1855/3973 4497/1856/3974
f 4497/1856/3974 3411/1440/3127 3403/1434/3119
f 4497/1856/3974 3403/1434/3119 3402/1433/3118
f 4498/1849/3975 3413/1442/3129 3412/1441/3128
f 4483/1848/3960 3413/1442/3129 4498/1849/3975
f 3567/1474/3275 4499/1858/3976 3412/1441/3128
f 3567/1474/3275 3568/1475/3276 4499/1858/3976
f 3412/1441/3128 4500/1859/3977 4498/1849/3975
f 3412/1441/3128 4499/1858/3976 4500/1859/3977
f 4498/1849/3975 4500/1859/3977 4501/1860/3978
f 4427/1838/3904 4502/1861/3979 4428/1839/3905
f 4428/1839/3905 4502/1861/3979 3185/1241/2901
f 4502/1861/3979 3186/1242/2902 3185/1241/2901
f 4494/1433/3971 4485/1856/3962 4502/1861/3979
f 4502/1861/3979 4485/1856/3962 3186/1242/2902
f 4494/1433/3971 4502/1861/3979 4427/1838/3904
f 4503/1449/3976 3607/1448/3276 3394/1425/3110
f 3394/1425/3110 3393/1424/3109 4504/1862/3977
f 4503/1449/3976 3394/1425/3110 4504/1862/3977
f 3393/1424/3109 4489/1857/3966 4505/1863/3978
f 3393/1424/3109 4505/1863/3978 4504/1862/3977
f 4489/1857/3966 4495/1424/3972 4505/1863/3978
f 4506/1441/3980 3451/1443/3167 4467/1442/3944
f 4475/1849/3952 4506/1441/3980 4467/1442/3944
f 4506/1441/3980 3452/1474/3168 3451/1443/3167
f 3452/1474/3168 4507/1858/3139 3453/1475/3138
f 3452/1474/3168 4506/1441/3980 4507/1858/3139
f 4475/1849/3952 4501/1860/3978 4508/1859/3981
f 4506/1441/3980 4508/1859/3981 4507/1858/3139
f 4506/1441/3980 4475/1849/3952 4508/1859/3981
f 4478/1851/3955 4509/1854/3982 4474/1848/3951
f 4480/1853/3957 4509/1854/3982 4478/1851/3955
f 4483/1848/3960 4510/1864/3983 4482/1854/3959
f 4480/1853/3957 4510/1864/3983 4509/1854/3982
f 4498/1849/3975 4510/1864/3983 4483/1848/3960
f 4509/1854/3982 4510/1864/3983 4474/1848/3951
f 4510/1864/3983 4475/1849/3952 4474/1848/3951
f 4510/1864/3983 4501/1860/3978 4475/1849/3952
f 4498/1849/3975 4501/1860/3978 4510/1864/3983
f 4482/1854/3959 4510/1864/3983 4480/1853/3957
f 4511/1845/3984 4483/1848/3960 3418/1445/3134
f 4511/1845/3984 3579/1230/3287 3613/1231/3313
f 4512/1844/3985 3565/1472/3273 3413/1442/3129
f 4483/1848/3960 4512/1844/3985 3413/1442/3129
f 4512/1844/3985 3613/1231/3313 3565/1472/3273
f 4511/1845/3984 4512/1844/3985 4483/1848/3960
f 4512/1844/3985 4511/1845/3984 3613/1231/3313
f 4431/1842/3908 4513/1850/3986 4338/1796/3816
f 4430/1841/3907 4513/1850/3986 4431/1842/3908
f 3420/1447/3136 4513/1850/3986 4430/1841/3907
f 3420/1447/3136 3419/1446/3135 4513/1850/3986
f 4513/1850/3986 3419/1446/3135 4339/1797/3817
f 4513/1850/3986 4339/1797/3817 4338/1796/3816
f 3420/1447/3136 4514/1846/3987 3418/1445/3134
f 4514/1846/3987 3193/1249/2909 3190/1246/2906
f 4514/1846/3987 3190/1246/2906 3579/1230/3287
f 3418/1445/3134 4514/1846/3987 4511/1845/3984
f 4511/1845/3984 4514/1846/3987 3579/1230/3287
f 4514/1846/3987 4515/1847/3988 3193/1249/2909
f 4515/1847/3988 4429/1840/3906 3533/1459/3241
f 3420/1447/3136 4515/1847/3988 4514/1846/3987
f 4430/1841/3907 4515/1847/3988 3420/1447/3136
f 4430/1841/3907 4429/1840/3906 4515/1847/3988
f 4515/1847/3988 3533/1459/3241 3193/1249/2909
f 4505/1863/3978 4495/1424/3972 4516/1862/3981
f 4516/1862/3981 3421/1425/3137 3423/1449/3139
f 4516/1862/3981 4495/1424/3972 3421/1425/3137
f 4517/1861/3989 3402/1433/3118 4457/1838/3934
f 3436/1241/3152 4517/1861/3989 4458/1839/3935
f 3470/1242/3185 4517/1861/3989 3436/1241/3152
f 3470/1242/3185 4497/1856/3974 4517/1861/3989
f 4458/1839/3935 4517/1861/3989 4457/1838/3934
f 4517/1861/3989 4497/1856/3974 3402/1433/3118
o rdmobj03
v 0.000000 1.125515 0.127869
v 0.000000 1.045711 0.132446
v 0.015924 1.125396 0.127853
v 0.017420 1.044605 0.132996
v 0.000000 0.965907 0.137955
v 0.018822 0.963848 0.136979
v 0.000000 0.888179 0.138031
v 0.021334 0.885524 0.138184
v -0.043602 1.224476 0.144928
v -0.050194 1.217884 0.132675
v -0.027164 1.202495 0.136505
v -0.023598 1.211109 0.147430
v 0.000000 1.197094 0.138000
v 0.023598 1.211109 0.147430
v 0.027164 1.202495 0.136505
v 0.043602 1.224476 0.144928
v 0.000000 1.329738 0.148743
v 0.000000 1.339061 0.138000
v -0.023598 1.325054 0.147430
v 0.040768 1.254680 0.152267
v 0.039208 1.250545 0.141052
v 0.040890 1.254177 0.140594
v -0.039372 1.259235 0.140823
v -0.031414 1.252071 0.142090
v -0.030430 1.276439 0.155579
v 0.000000 1.315395 0.143188
v 0.000000 1.305874 0.155365
v 0.025641 1.307277 0.141968
v 0.056969 1.291668 0.141861
v 0.048420 1.288128 0.136917
v 0.061665 1.268078 0.140778
v 0.052410 1.268078 0.136002
v 0.005823 1.240635 0.168488
v 0.004124 1.243900 0.161057
v 0.000000 1.243564 0.164017
v -0.070984 1.268078 0.111336
v -0.065582 1.240909 0.112572
v -0.070984 1.268078 0.127899
v 0.027164 1.202495 0.119934
v 0.050194 1.217884 0.132675
v 0.050194 1.217884 0.116104
v 0.027164 1.333660 0.119934
v 0.000000 1.339061 0.121429
v 0.027164 1.333660 0.136505
v -0.065582 1.295238 0.112572
v -0.050194 1.318264 0.116104
v -0.065582 1.295238 0.129150
v 0.017832 1.242222 0.153290
v 0.018469 1.229786 0.160049
v 0.019423 1.232624 0.151825
v -0.014132 1.245037 0.143173
v -0.019423 1.232624 0.151825
v -0.017832 1.242222 0.153290
v 0.010468 1.260517 0.167786
v 0.005831 1.256931 0.167206
v 0.011277 1.259853 0.169037
v 0.020006 1.274021 0.164856
v 0.022009 1.272709 0.167328
v 0.032242 1.273342 0.164246
v -0.003834 1.250751 0.171188
v 0.000000 1.256939 0.173630
v 0.000000 1.260494 0.169205
v -0.011082 1.238094 0.143478
v -0.008550 1.239704 0.143585
v -0.013246 1.235378 0.152725
v 0.000000 1.235340 0.162323
v 0.000000 1.238529 0.144073
v 0.010987 1.233082 0.160797
v 0.008550 1.239704 0.143585
v 0.011082 1.238094 0.143478
v 0.013246 1.235378 0.152725
v 0.011695 1.224346 0.160599
v 0.006731 1.230632 0.166168
v 0.007619 1.222011 0.166656
v -0.030077 1.267322 0.166275
v -0.022009 1.272709 0.167328
v -0.032242 1.273342 0.164246
v -0.022656 1.266704 0.167160
v -0.010330 1.264370 0.153107
v -0.012137 1.258045 0.167557
v -0.005831 1.256931 0.167206
v -0.041145 0.962825 0.135986
v -0.060055 0.963054 0.130768
v -0.044556 0.882838 0.138321
v 0.041145 0.962825 0.135987
v 0.038853 1.043506 0.129639
v 0.060055 0.963069 0.130768
v 0.057232 1.043781 0.124138
v 0.062473 1.182871 0.113136
v 0.053814 1.182802 0.114227
v 0.063301 1.125942 0.116112
v 0.071541 0.882838 0.127075
v 0.063187 0.882807 0.132690
v 0.066277 0.814631 0.133636
v 0.075989 0.788142 0.128052
v 0.047390 0.791958 0.140106
v 0.046528 0.817959 0.139664
v 0.022785 0.794642 0.138840
v -0.022785 0.794642 0.138840
v -0.046528 0.817959 0.139664
v -0.047390 0.791958 0.140106
v -0.057232 1.043773 0.124138
v -0.065331 1.044056 0.118629
v -0.068687 0.963283 0.125535
v -0.055115 1.125618 0.120239
v -0.063301 1.125942 0.116112
v -0.053814 1.182804 0.114227
v -0.062473 1.182869 0.113136
v 0.000000 0.849330 0.137787
v -0.022507 0.846339 0.138504
v -0.021334 0.885524 0.138184
v -0.018822 0.963847 0.136978
v -0.017420 1.044605 0.132996
v -0.015924 1.125396 0.127854
v -0.015506 1.183445 0.121079
v 0.000000 1.184076 0.121079
v 0.015506 1.183447 0.121079
v 0.022507 0.846339 0.138504
v 0.046276 0.843379 0.139221
v 0.044556 0.882838 0.138321
v 0.036007 1.125255 0.124962
v 0.034897 1.182808 0.118057
v 0.034771 1.242145 0.106186
v 0.015718 1.241497 0.106926
v 0.000000 1.242649 0.112526
v -0.015718 1.241497 0.106926
v -0.034771 1.242138 0.106186
v -0.034897 1.182808 0.118057
v -0.036011 1.125259 0.124962
v -0.038853 1.043506 0.129639
v -0.046276 0.843379 0.139221
v -0.061665 1.268078 0.140778
v -0.065582 1.240909 0.129150
v -0.056969 1.244480 0.141861
v 0.000000 1.206413 0.148743
v 0.056969 1.244480 0.141861
v 0.065582 1.240909 0.129150
v 0.070984 1.268078 0.127899
v 0.065582 1.295238 0.129150
v 0.050194 1.318264 0.132675
v 0.043602 1.311672 0.144928
v 0.023598 1.325054 0.147430
v -0.027164 1.333660 0.136505
v -0.043602 1.311672 0.144928
v -0.050194 1.318264 0.132675
v -0.056969 1.291668 0.141861
v -0.020006 1.274021 0.164856
v -0.032391 1.283733 0.155426
v -0.024380 1.296611 0.155228
v 0.000000 1.293117 0.164322
v 0.024380 1.296611 0.155228
v 0.032391 1.283733 0.155426
v 0.030430 1.276447 0.155579
v 0.043190 1.283184 0.140182
v 0.039372 1.259235 0.140823
v 0.031414 1.252071 0.142090
v 0.037239 1.247150 0.154785
v 0.031414 1.252071 0.142090
v 0.026051 1.245342 0.156403
v 0.014132 1.245037 0.143173
v 0.017921 1.240047 0.159088
v 0.014699 1.239170 0.163345
v 0.012897 1.227871 0.167023
v 0.009336 1.227756 0.169373
v 0.000000 1.233974 0.169479
v 0.000000 1.227451 0.171906
v -0.009336 1.227756 0.169373
v -0.005823 1.240635 0.168488
v -0.012897 1.227871 0.167023
v -0.014699 1.239170 0.163345
v -0.018469 1.229786 0.160049
v -0.017921 1.240047 0.159088
v -0.026051 1.245342 0.156403
v -0.031414 1.252071 0.142090
v -0.037239 1.247150 0.154785
v -0.039208 1.250545 0.141052
v -0.040768 1.254680 0.152267
v -0.040890 1.254177 0.140594
v -0.043190 1.283184 0.140182
v -0.025641 1.307277 0.141968
v -0.048420 1.288128 0.136917
v -0.037060 1.305141 0.139526
v -0.020056 1.316494 0.140732
v 0.000000 1.320491 0.141846
v 0.020056 1.316494 0.140732
v 0.037060 1.305141 0.139526
v 0.048420 1.248020 0.136917
v 0.037060 1.231014 0.139526
v 0.020056 1.219658 0.140732
v 0.000000 1.215667 0.141846
v -0.020056 1.219658 0.140732
v -0.037060 1.231014 0.139526
v -0.048420 1.248020 0.136917
v -0.052410 1.268078 0.136002
v 0.000000 1.240131 0.171539
v 0.003834 1.250751 0.171188
v 0.000000 1.250522 0.166519
v -0.004124 1.243900 0.161057
v -0.050194 1.217884 0.116104
v -0.027164 1.202495 0.119934
v 0.000000 1.197094 0.121429
v 0.065582 1.240909 0.112572
v 0.070984 1.268078 0.111336
v 0.065582 1.295238 0.112572
v 0.050194 1.318264 0.116104
v -0.027164 1.333660 0.119934
v 0.012137 1.258045 0.167557
v 0.010330 1.264370 0.153107
v 0.022656 1.266704 0.167160
v 0.030077 1.267322 0.166275
v 0.030657 1.260906 0.162720
v 0.028358 1.255756 0.160950
v 0.019686 1.253208 0.162277
v 0.010994 1.255329 0.163498
v 0.034843 1.257084 0.156799
v 0.015080 1.235325 0.143326
v 0.011958 1.229053 0.143616
v 0.014236 1.226192 0.152054
v 0.000000 1.221462 0.168335
v -0.007619 1.222011 0.166656
v -0.011695 1.224346 0.160599
v -0.014236 1.226192 0.152054
v -0.011958 1.229061 0.143616
v -0.015080 1.235325 0.143326
v 0.000000 1.262996 0.163147
v -0.010468 1.260517 0.167786
v 0.000000 1.275013 0.168945
v -0.011277 1.259853 0.169037
v -0.034843 1.257084 0.156799
v -0.028358 1.255756 0.160950
v -0.019686 1.253208 0.162277
v -0.010994 1.255329 0.163498
v 0.000000 1.230098 0.169189
v -0.006731 1.230632 0.166168
v -0.010987 1.233082 0.160797
v -0.030657 1.260906 0.162720
v 0.000000 1.268078 0.141846
v -0.053173 1.242626 0.104149
v -0.063187 0.882807 0.132690
v -0.066277 0.814632 0.133636
v -0.022200 0.820491 0.138672
v 0.000000 0.823603 0.137680
v 0.022200 0.820490 0.138672
v 0.055115 1.125621 0.120239
v 0.053173 1.242634 0.104149
v 0.061298 1.242489 0.102295
v 0.065331 1.044055 0.118629
v 0.068688 0.963283 0.125535
v 0.000000 0.797907 0.137558
v -0.075989 0.788143 0.128052
v -0.071541 0.882838 0.127075
v -0.061298 1.242489 0.102295
vt 0.748047 0.730713
vt 0.748047 0.558105
vt 0.821289 0.730713
vt 0.821289 0.558105
vt 0.748047 0.386230
vt 0.821289 0.386230
vt 0.748047 0.218994
vt 0.821289 0.218994
vt 0.122070 0.634033
vt 0.103516 0.615234
vt 0.167969 0.572021
vt 0.178223 0.596436
vt 0.244629 0.556885
vt 0.310791 0.596436
vt 0.320801 0.572021
vt 0.367188 0.634033
vt 0.244629 0.929687
vt 0.244629 0.955811
vt 0.178223 0.916504
vt 0.457031 0.174072
vt 0.448730 0.152588
vt 0.457520 0.171387
vt 0.039551 0.197754
vt 0.081055 0.160400
vt 0.086182 0.287354
vt 0.244629 0.490234
vt 0.244629 0.440674
vt 0.378174 0.447998
vt 0.404785 0.822754
vt 0.380615 0.812744
vt 0.417725 0.756348
vt 0.391846 0.756348
vt 0.274902 0.100830
vt 0.266113 0.117920
vt 0.244629 0.116211
vt 0.000000 0.756348
vt 0.020508 0.661865
vt 0.045166 0.756348
vt 0.336914 0.534424
vt 0.385498 0.615234
vt 0.411377 0.584473
vt 0.337891 0.981201
vt 0.244629 0.999268
vt 0.320801 0.940674
vt 0.019287 0.847656
vt 0.071289 0.925049
vt 0.060303 0.832764
vt 0.337402 0.109131
vt 0.340820 0.044434
vt 0.345703 0.059326
vt 0.171143 0.123779
vt 0.143555 0.059326
vt 0.151855 0.109131
vt 0.299072 0.204346
vt 0.274902 0.185791
vt 0.303467 0.200928
vt 0.348877 0.274658
vt 0.359375 0.267822
vt 0.412598 0.271240
vt 0.224609 0.153564
vt 0.244629 0.185791
vt 0.244629 0.204346
vt 0.187012 0.087646
vt 0.200195 0.095947
vt 0.175781 0.073486
vt 0.244629 0.073242
vt 0.244629 0.090088
vt 0.301758 0.061523
vt 0.289063 0.095947
vt 0.302490 0.087646
vt 0.313477 0.073486
vt 0.305664 0.016113
vt 0.279785 0.048828
vt 0.284180 0.003906
vt 0.088135 0.239990
vt 0.130127 0.267822
vt 0.076660 0.271240
vt 0.126709 0.236816
vt 0.138428 0.184814
vt 0.181396 0.191650
vt 0.214355 0.185791
vt 0.595947 0.386230
vt 0.535400 0.386230
vt 0.595947 0.218994
vt 0.900146 0.386230
vt 0.900146 0.558105
vt 0.960693 0.386230
vt 0.960693 0.558105
vt 0.991943 0.855713
vt 0.960693 0.855713
vt 0.991943 0.730713
vt 0.991943 0.218994
vt 0.960693 0.218994
vt 0.960693 0.080078
vt 0.991943 0.024902
vt 0.900146 0.024902
vt 0.900146 0.080078
vt 0.821289 0.024902
vt 0.674805 0.024902
vt 0.595947 0.080078
vt 0.595947 0.024902
vt 0.535400 0.558105
vt 0.504150 0.558105
vt 0.504150 0.386230
vt 0.535400 0.730713
vt 0.504150 0.730713
vt 0.535400 0.855713
vt 0.504150 0.855713
vt 0.748047 0.135498
vt 0.674805 0.135498
vt 0.674805 0.218994
vt 0.674805 0.386230
vt 0.674805 0.558105
vt 0.674805 0.730713
vt 0.674805 0.855713
vt 0.748047 0.855713
vt 0.821289 0.855713
vt 0.821289 0.135498
vt 0.900146 0.135498
vt 0.900146 0.218994
vt 0.900146 0.730713
vt 0.900146 0.855713
vt 0.900146 0.981934
vt 0.821289 0.981934
vt 0.748047 0.981934
vt 0.674805 0.981934
vt 0.595947 0.981934
vt 0.595947 0.855713
vt 0.595947 0.730713
vt 0.595947 0.558105
vt 0.595947 0.135498
vt 0.071289 0.756348
vt 0.060303 0.679932
vt 0.084473 0.690186
vt 0.244629 0.583008
vt 0.404785 0.690186
vt 0.428711 0.679932
vt 0.444092 0.756348
vt 0.428467 0.832520
vt 0.385498 0.897461
vt 0.367188 0.878906
vt 0.310791 0.916504
vt 0.168213 0.940674
vt 0.122070 0.878906
vt 0.103516 0.897461
vt 0.084473 0.822754
vt 0.140381 0.274658
vt 0.075928 0.325439
vt 0.117676 0.392334
vt 0.244629 0.374268
vt 0.371582 0.392334
vt 0.413330 0.325439
vt 0.403076 0.287354
vt 0.469482 0.322510
vt 0.449707 0.197754
vt 0.408203 0.160400
vt 0.438477 0.134766
vt 0.380371 0.125488
vt 0.318359 0.123779
vt 0.337891 0.097900
vt 0.321289 0.093262
vt 0.311768 0.034424
vt 0.293213 0.033936
vt 0.244629 0.066162
vt 0.244629 0.032227
vt 0.196045 0.033936
vt 0.214355 0.100830
vt 0.177490 0.034424
vt 0.167969 0.093262
vt 0.148438 0.044434
vt 0.151367 0.097900
vt 0.108887 0.125488
vt 0.050781 0.134766
vt 0.040527 0.152588
vt 0.032471 0.174072
vt 0.031738 0.171387
vt 0.019775 0.322510
vt 0.111084 0.447998
vt 0.108398 0.812744
vt 0.140381 0.860596
vt 0.188232 0.892578
vt 0.244629 0.903809
vt 0.300781 0.892578
vt 0.348633 0.860596
vt 0.380615 0.699951
vt 0.348633 0.652344
vt 0.300781 0.620361
vt 0.244629 0.609131
vt 0.188232 0.620361
vt 0.140381 0.652344
vt 0.108398 0.699951
vt 0.097168 0.756348
vt 0.244629 0.098389
vt 0.264648 0.153564
vt 0.244629 0.152344
vt 0.223145 0.117920
vt 0.075439 0.584961
vt 0.149414 0.531738
vt 0.243408 0.515625
vt 0.461426 0.661621
vt 0.481445 0.756348
vt 0.461914 0.849121
vt 0.415771 0.927734
vt 0.152100 0.978760
vt 0.307861 0.191650
vt 0.344482 0.187988
vt 0.362549 0.236816
vt 0.401367 0.239990
vt 0.404297 0.206543
vt 0.392334 0.179687
vt 0.347168 0.166504
vt 0.301758 0.177490
vt 0.426025 0.186523
vt 0.323242 0.073242
vt 0.306885 0.040527
vt 0.318848 0.025635
vt 0.244629 0.001221
vt 0.205078 0.003906
vt 0.183838 0.016113
vt 0.170410 0.025635
vt 0.182373 0.040527
vt 0.166016 0.073242
vt 0.244629 0.248535
vt 0.190186 0.204346
vt 0.244629 0.280029
vt 0.185791 0.200928
vt 0.063232 0.186523
vt 0.096924 0.179687
vt 0.142090 0.166504
vt 0.187500 0.177490
vt 0.244629 0.046143
vt 0.209473 0.048828
vt 0.187500 0.061523
vt 0.084961 0.206543
vt 0.244629 0.756348
vt 0.535400 0.981934
vt 0.535400 0.218994
vt 0.535400 0.080078
vt 0.674805 0.080078
vt 0.748047 0.080078
vt 0.821289 0.080078
vt 0.960693 0.730713
vt 0.960693 0.981934
vt 0.991943 0.981934
vt 0.991943 0.558105
vt 0.991943 0.386230
vt 0.748047 0.024902
vt 0.504150 0.024902
vt 0.504150 0.218994
vt 0.504150 0.981934
vn 0.000000 0.086700 0.996200
vn 0.000000 0.065500 0.997900
vn 0.071700 0.089900 0.993400
vn 0.067900 0.061100 0.995800
vn -0.000000 0.028600 0.999600
vn 0.052600 0.036000 0.998000
vn -0.000000 0.004200 1.000000
vn -0.005100 0.012100 0.999900
vn -0.259600 -0.109300 0.959500
vn -0.698800 -0.646400 0.306400
vn -0.384500 -0.859300 0.337200
vn -0.144900 -0.153800 0.977400
vn 0.000000 -0.938100 0.346400
vn 0.144900 -0.153800 0.977400
vn 0.384500 -0.859300 0.337200
vn 0.259600 -0.109300 0.959500
vn -0.000000 0.184100 0.982900
vn -0.000000 0.938100 0.346400
vn -0.145100 0.154300 0.977300
vn 0.843800 0.449200 0.293500
vn 0.575000 -0.809700 -0.117500
vn 0.997400 -0.070400 0.013500
vn -0.633200 0.162400 0.756800
vn -0.423800 -0.902900 -0.071100
vn -0.852600 0.086000 0.515500
vn -0.000000 0.787800 0.616000
vn -0.000000 0.662200 0.749300
vn 0.479400 0.665500 0.572100
vn 0.309300 0.041200 0.950100
vn -0.179600 -0.163800 0.970000
vn 0.311700 0.000000 0.950200
vn -0.214300 -0.000000 0.976800
vn 0.225900 0.281700 0.932500
vn -0.341000 0.156300 0.927000
vn 0.000000 0.573700 0.819100
vn -1.000000 0.000000 0.000000
vn -0.928100 -0.372400 0.000000
vn -0.957100 0.000000 0.289700
vn 0.393500 -0.919300 0.000000
vn 0.698800 -0.646400 0.306400
vn 0.718800 -0.695200 0.000000
vn 0.393600 0.919300 0.000000
vn 0.000000 1.000000 0.000000
vn 0.384700 0.859300 0.337000
vn -0.928100 0.372400 0.000000
vn -0.718900 0.695100 0.000000
vn -0.891800 0.344900 0.293000
vn 0.844300 -0.439500 -0.306700
vn 0.893100 -0.346900 0.286400
vn 0.956900 -0.211800 -0.198700
vn -0.776500 -0.473600 -0.415500
vn -0.956900 -0.211800 -0.198700
vn -0.844300 -0.439500 -0.306700
vn -0.444300 0.475400 0.759400
vn 0.436700 0.270300 0.858000
vn -0.141300 -0.030800 0.989500
vn 0.045900 0.504500 0.862200
vn -0.049000 0.536300 0.842600
vn 0.685500 0.532700 0.496300
vn -0.082700 -0.290700 0.953200
vn 0.000000 0.332300 0.943200
vn -0.000000 0.788000 0.615700
vn 0.798600 -0.601800 0.010100
vn 0.159000 -0.942400 -0.294300
vn 0.793600 -0.581900 -0.177700
vn -0.000000 -0.917400 -0.397900
vn 0.000000 -0.951900 -0.306400
vn -0.664800 -0.570000 -0.482700
vn -0.159000 -0.942400 -0.294300
vn -0.798600 -0.601700 0.010100
vn -0.793600 -0.581900 -0.177700
vn -0.180600 -0.934300 -0.307300
vn -0.498800 -0.432900 -0.750900
vn -0.054400 -0.998100 -0.027200
vn -0.370100 -0.276100 0.887000
vn 0.049000 0.536300 0.842600
vn -0.685400 0.532900 0.496100
vn -0.284300 -0.621800 0.729700
vn -0.538700 -0.367700 0.758100
vn -0.399400 -0.883500 0.244900
vn -0.436700 0.270300 0.858000
vn -0.153700 0.054900 0.986600
vn -0.395600 0.061800 0.916300
vn -0.141100 0.027700 0.989600
vn 0.153700 0.054900 0.986600
vn 0.214600 0.065200 0.974500
vn 0.394700 0.063200 0.916600
vn 0.426400 0.073200 0.901600
vn 0.127800 0.110800 0.985600
vn 0.164200 0.130300 0.977800
vn 0.432500 0.069800 0.898900
vn 0.557900 0.036100 0.829100
vn 0.427800 0.035200 0.903200
vn 0.436600 0.015200 0.899500
vn 0.432100 -0.031600 0.901300
vn 0.169200 -0.003800 0.985600
vn 0.128300 0.016900 0.991600
vn -0.049800 0.008200 0.998700
vn 0.049800 0.008200 0.998700
vn -0.128300 0.016900 0.991600
vn -0.169200 -0.003800 0.985600
vn -0.426400 0.073200 0.901600
vn -0.555300 0.072800 0.828400
vn -0.517900 0.061900 0.853200
vn -0.345600 0.081000 0.934900
vn -0.432500 0.069800 0.898900
vn -0.164200 0.130400 0.977800
vn -0.127800 0.110800 0.985600
vn 0.000000 -0.000300 1.000000
vn 0.030400 0.009400 0.999500
vn 0.005100 0.012100 0.999900
vn -0.052700 0.036000 0.998000
vn -0.067900 0.061100 0.995800
vn -0.071700 0.089900 0.993400
vn -0.075600 0.167600 0.983000
vn -0.000000 0.170200 0.985400
vn 0.075600 0.167600 0.983000
vn -0.030400 0.009400 0.999500
vn 0.140000 0.023300 0.989900
vn 0.141100 0.027700 0.989600
vn 0.190300 0.092200 0.977400
vn 0.177800 0.153000 0.972100
vn 0.089800 0.199300 0.975800
vn 0.158700 0.197800 0.967300
vn 0.000000 0.144500 0.989500
vn -0.158800 0.197800 0.967300
vn -0.089800 0.199300 0.975800
vn -0.177800 0.153000 0.972100
vn -0.190400 0.092200 0.977400
vn -0.214700 0.065200 0.974500
vn -0.140000 0.023300 0.989900
vn -0.311700 0.000000 0.950200
vn -0.891800 -0.344900 0.293000
vn -0.309400 -0.041200 0.950000
vn 0.000000 -0.184600 0.982800
vn 0.309400 -0.041200 0.950000
vn 0.891800 -0.344900 0.293000
vn 0.957100 0.000000 0.289700
vn 0.891800 0.344900 0.293000
vn 0.698900 0.646300 0.306400
vn 0.259600 0.109200 0.959500
vn 0.145100 0.154300 0.977300
vn -0.384700 0.859300 0.337000
vn -0.259600 0.109200 0.959500
vn -0.698900 0.646300 0.306400
vn -0.309300 0.041200 0.950100
vn -0.046000 0.504600 0.862200
vn -0.705600 0.152900 0.692000
vn -0.445400 0.513300 0.733600
vn -0.000000 0.484300 0.874900
vn 0.445400 0.513300 0.733600
vn 0.705600 0.152800 0.691900
vn 0.852500 0.085700 0.515700
vn 0.804400 0.141500 0.576900
vn 0.633100 0.162400 0.756800
vn 0.423900 -0.902900 -0.071100
vn 0.546600 -0.747000 0.378400
vn 0.423800 -0.903000 -0.071100
vn 0.454500 -0.843300 0.286800
vn 0.776500 -0.473600 -0.415500
vn 0.871900 -0.171100 0.458900
vn 0.674000 0.139600 0.725400
vn 0.696700 -0.285800 0.657900
vn 0.399500 -0.145100 0.905200
vn 0.000000 0.078200 0.996900
vn 0.000000 -0.092500 0.995700
vn -0.399500 -0.145100 0.905200
vn -0.225900 0.281700 0.932500
vn -0.696700 -0.285900 0.657900
vn -0.674000 0.139600 0.725400
vn -0.893100 -0.346900 0.286400
vn -0.871900 -0.171100 0.458900
vn -0.454500 -0.843300 0.286800
vn -0.423800 -0.903000 -0.071100
vn -0.546600 -0.747000 0.378400
vn -0.575000 -0.809700 -0.117500
vn -0.843800 0.449200 0.293500
vn -0.997400 -0.070400 0.013500
vn -0.804400 0.141500 0.576900
vn -0.479400 0.665500 0.572100
vn 0.179600 -0.163800 0.970000
vn 0.129800 -0.256800 0.957700
vn 0.068000 -0.326000 0.942900
vn 0.000000 -0.353200 0.935600
vn -0.068000 -0.326000 0.942900
vn -0.129800 -0.256800 0.957700
vn -0.179600 0.163800 0.970000
vn -0.129700 0.256700 0.957800
vn -0.067900 0.326300 0.942800
vn -0.000000 0.353100 0.935600
vn 0.067900 0.326300 0.942800
vn 0.129700 0.256700 0.957800
vn 0.179600 0.163800 0.970000
vn 0.214300 -0.000000 0.976800
vn 0.000000 0.317100 0.948400
vn 0.082700 -0.290700 0.953200
vn 0.000000 -0.746400 0.665500
vn 0.341000 0.156300 0.927000
vn -0.718800 -0.695200 0.000000
vn -0.393500 -0.919300 0.000000
vn 0.000000 -1.000000 0.000000
vn 0.928100 -0.372400 0.000000
vn 1.000000 0.000000 0.000000
vn 0.928100 0.372400 0.000000
vn 0.718900 0.695100 0.000000
vn -0.393600 0.919300 0.000000
vn 0.399400 -0.883500 0.244900
vn 0.538700 -0.367700 0.758100
vn 0.284300 -0.621800 0.729700
vn 0.370100 -0.276100 0.887000
vn 0.195500 -0.409700 0.891000
vn 0.163700 -0.184500 0.969100
vn 0.124400 0.155400 0.980000
vn 0.508700 0.407200 0.758500
vn 0.894200 0.168400 0.414800
vn 0.864300 -0.134800 -0.484500
vn -0.432000 -0.839000 -0.330700
vn -0.164200 -0.930400 -0.327700
vn 0.000000 -0.984600 -0.174600
vn 0.054400 -0.998100 -0.027200
vn 0.180600 -0.934300 -0.307300
vn 0.164200 -0.930300 -0.328000
vn 0.432300 -0.838900 -0.330800
vn -0.864300 -0.135000 -0.484600
vn -0.000000 0.261600 0.965200
vn 0.444300 0.475400 0.759400
vn -0.000000 -0.085600 0.996300
vn 0.141300 -0.030800 0.989500
vn -0.894200 0.168400 0.414800
vn -0.163700 -0.184500 0.969100
vn -0.124400 0.155400 0.980000
vn -0.508700 0.407200 0.758500
vn -0.000000 -0.387100 -0.922100
vn 0.498800 -0.432900 -0.750900
vn 0.664800 -0.570000 -0.482700
vn -0.195500 -0.409700 0.891000
vn 0.000000 -0.000000 1.000000
vn -0.159500 0.172300 0.972000
vn -0.428700 0.036600 0.902700
vn -0.436600 0.015200 0.899500
vn 0.043600 0.004700 0.999000
vn 0.000000 -0.001100 1.000000
vn -0.043600 0.004700 0.999000
vn 0.345500 0.081000 0.934900
vn 0.159500 0.172300 0.972000
vn 0.221900 0.178700 0.958600
vn 0.555400 0.072800 0.828400
vn 0.519400 0.064600 0.852100
vn 0.000000 0.000700 1.000000
vn -0.432100 -0.031600 0.901300
vn -0.556300 0.038800 0.830100
vn -0.221700 0.178700 0.958600
usemtl stuff.bmp
s 1
f 4518/1865/3990 4519/1866/3991 4520/1867/3992
f 4519/1866/3991 4521/1868/3993 4520/1867/3992
f 4519/1866/3991 4522/1869/3994 4521/1868/3993
f 4522/1869/3994 4523/1870/3995 4521/1868/3993
f 4522/1869/3994 4524/1871/3996 4523/1870/3995
f 4524/1871/3996 4525/1872/3997 4523/1870/3995
f 4526/1873/3998 4527/1874/3999 4528/1875/4000
f 4526/1873/3998 4528/1875/4000 4529/1876/4001
f 4529/1876/4001 4528/1875/4000 4530/1877/4002
f 4531/1878/4003 4530/1877/4002 4532/1879/4004
f 4531/1878/4003 4532/1879/4004 4533/1880/4005
f 4534/1881/4006 4535/1882/4007 4536/1883/4008
f 4537/1884/4009 4538/1885/4010 4539/1886/4011
f 4540/1887/4012 4541/1888/4013 4542/1889/4014
f 4543/1890/4015 4544/1891/4016 4545/1892/4017
f 4546/1893/4018 4547/1894/4019 4548/1895/4020
f 4548/1895/4020 4547/1894/4019 4549/1896/4021
f 4550/1897/4022 4551/1898/4023 4552/1899/4024
f 4553/1900/4025 4554/1901/4026 4555/1902/4027
f 4556/1903/4028 4557/1904/4029 4532/1879/4004
f 4533/1880/4005 4532/1879/4004 4557/1904/4029
f 4556/1903/4028 4558/1905/4030 4557/1904/4029
f 4559/1906/4031 4560/1907/4032 4561/1908/4033
f 4560/1907/4032 4535/1882/4007 4561/1908/4033
f 4553/1900/4025 4555/1902/4027 4562/1909/4034
f 4563/1910/4035 4562/1909/4034 4564/1911/4036
f 4562/1909/4034 4555/1902/4027 4564/1911/4036
f 4565/1912/4037 4566/1913/4038 4567/1914/4039
f 4568/1915/4040 4569/1916/4041 4570/1917/4042
f 4571/1918/4043 4572/1919/4044 4573/1920/4045
f 4571/1918/4043 4573/1920/4045 4574/1921/4046
f 4574/1921/4046 4573/1920/4045 4575/1922/4047
f 4574/1921/4046 4575/1922/4047 4576/1923/4048
f 4577/1924/4049 4578/1925/4050 4579/1926/4051
f 4580/1927/4052 4581/1928/4053 4582/1929/4054
f 4583/1930/4055 4584/1931/4056 4585/1932/4057
f 4584/1931/4056 4586/1933/4058 4585/1932/4057
f 4586/1933/4058 4587/1934/4059 4588/1935/4060
f 4586/1933/4058 4588/1935/4060 4585/1932/4057
f 4589/1936/4061 4590/1937/4062 4585/1932/4057
f 4583/1930/4055 4585/1932/4057 4590/1937/4062
f 4589/1936/4061 4591/1938/4063 4590/1937/4062
f 4592/1939/4064 4593/1940/4065 4594/1941/4066
f 4592/1939/4064 4595/1942/4067 4593/1940/4065
f 4592/1939/4064 4596/1943/4068 4595/1942/4067
f 4595/1942/4067 4596/1943/4068 4597/1944/4069
f 4577/1924/4049 4579/1926/4051 4598/1945/4070
f 4597/1944/4069 4596/1943/4068 4598/1945/4070
f 4599/1946/4071 4600/1947/4072 4601/1948/4073
f 4602/1949/4074 4523/1870/3995 4525/1872/3997
f 4602/1949/4074 4603/1950/4075 4523/1870/3995
f 4602/1949/4074 4604/1951/4076 4603/1950/4075
f 4603/1950/4075 4521/1868/3993 4523/1870/3995
f 4603/1950/4075 4604/1951/4076 4605/1952/4077
f 4606/1953/4078 4607/1954/4079 4608/1955/4080
f 4609/1956/4081 4610/1957/4082 4611/1958/4083
f 4609/1956/4081 4611/1958/4083 4612/1959/4084
f 4612/1959/4084 4611/1958/4083 4613/1960/4085
f 4613/1960/4085 4611/1958/4083 4614/1961/4086
f 4613/1960/4085 4614/1961/4086 4615/1962/4087
f 4616/1963/4088 4617/1964/4089 4618/1965/4090
f 4619/1966/4091 4620/1967/4092 4621/1968/4093
f 4600/1947/4072 4619/1966/4091 4621/1968/4093
f 4619/1966/4091 4622/1969/4094 4620/1967/4092
f 4622/1969/4094 4623/1970/4095 4620/1967/4092
f 4622/1969/4094 4624/1971/4096 4623/1970/4095
f 4624/1971/4096 4625/1972/4097 4623/1970/4095
f 4524/1871/3996 4626/1973/4098 4525/1872/3997
f 4601/1948/4073 4627/1974/4099 4628/1975/4100
f 4627/1974/4099 4626/1973/4098 4628/1975/4100
f 4628/1975/4100 4626/1973/4098 4524/1871/3996
f 4599/1946/4071 4601/1948/4073 4628/1975/4100
f 4628/1975/4100 4524/1871/3996 4629/1976/4101
f 4629/1976/4101 4524/1871/3996 4522/1869/3994
f 4599/1946/4071 4628/1975/4100 4629/1976/4101
f 4629/1976/4101 4522/1869/3994 4630/1977/4102
f 4630/1977/4102 4522/1869/3994 4519/1866/3991
f 4631/1978/4103 4519/1866/3991 4518/1865/3990
f 4630/1977/4102 4519/1866/3991 4631/1978/4103
f 4631/1978/4103 4518/1865/3990 4632/1979/4104
f 4632/1979/4104 4518/1865/3990 4633/1980/4105
f 4518/1865/3990 4520/1867/3992 4634/1981/4106
f 4633/1980/4105 4518/1865/3990 4634/1981/4106
f 4626/1973/4098 4635/1982/4107 4525/1872/3997
f 4636/1983/4108 4611/1958/4083 4610/1957/4082
f 4636/1983/4108 4614/1961/4086 4611/1958/4083
f 4635/1982/4107 4614/1961/4086 4636/1983/4108
f 4637/1984/4109 4610/1957/4082 4604/1951/4076
f 4637/1984/4109 4604/1951/4076 4602/1949/4074
f 4637/1984/4109 4602/1949/4074 4525/1872/3997
f 4636/1983/4108 4637/1984/4109 4635/1982/4107
f 4637/1984/4109 4525/1872/3997 4635/1982/4107
f 4636/1983/4108 4610/1957/4082 4637/1984/4109
f 4638/1985/4110 4520/1867/3992 4521/1868/3993
f 4603/1950/4075 4638/1985/4110 4521/1868/3993
f 4639/1986/4111 4634/1981/4106 4520/1867/3992
f 4638/1985/4110 4639/1986/4111 4520/1867/3992
f 4639/1986/4111 4640/1987/4112 4634/1981/4106
f 4639/1986/4111 4607/1954/4079 4640/1987/4112
f 4640/1987/4112 4641/1988/4113 4634/1981/4106
f 4641/1988/4113 4633/1980/4105 4634/1981/4106
f 4641/1988/4113 4642/1989/4114 4633/1980/4105
f 4643/1990/4115 4632/1979/4104 4633/1980/4105
f 4642/1989/4114 4643/1990/4115 4633/1980/4105
f 4643/1990/4115 4644/1991/4116 4632/1979/4104
f 4645/1992/4117 4624/1971/4096 4622/1969/4094
f 4645/1992/4117 4631/1978/4103 4632/1979/4104
f 4644/1991/4116 4645/1992/4117 4632/1979/4104
f 4644/1991/4116 4624/1971/4096 4645/1992/4117
f 4645/1992/4117 4622/1969/4094 4646/1993/4118
f 4645/1992/4117 4646/1993/4118 4631/1978/4103
f 4646/1993/4118 4630/1977/4102 4631/1978/4103
f 4647/1994/4119 4629/1976/4101 4630/1977/4102
f 4646/1993/4118 4647/1994/4119 4630/1977/4102
f 4647/1994/4119 4599/1946/4071 4629/1976/4101
f 4646/1993/4118 4622/1969/4094 4647/1994/4119
f 4647/1994/4119 4600/1947/4072 4599/1946/4071
f 4647/1994/4119 4619/1966/4091 4600/1947/4072
f 4647/1994/4119 4622/1969/4094 4619/1966/4091
f 4648/1995/4120 4617/1964/4089 4627/1974/4099
f 4601/1948/4073 4648/1995/4120 4627/1974/4099
f 4564/1911/4036 4555/1902/4027 4649/1996/4121
f 4554/1901/4026 4650/1997/4122 4555/1902/4027
f 4649/1996/4121 4555/1902/4027 4650/1997/4122
f 4649/1996/4121 4650/1997/4122 4651/1998/4123
f 4651/1998/4123 4650/1997/4122 4527/1874/3999
f 4651/1998/4123 4527/1874/3999 4526/1873/3998
f 4529/1876/4001 4530/1877/4002 4652/1999/4124
f 4652/1999/4124 4530/1877/4002 4531/1878/4003
f 4533/1880/4005 4557/1904/4029 4653/2000/4125
f 4558/1905/4030 4654/2001/4126 4557/1904/4029
f 4653/2000/4125 4557/1904/4029 4654/2001/4126
f 4653/2000/4125 4654/2001/4126 4548/1895/4020
f 4548/1895/4020 4654/2001/4126 4655/2002/4127
f 4548/1895/4020 4655/2002/4127 4656/2003/4128
f 4548/1895/4020 4656/2003/4128 4546/1893/4018
f 4546/1893/4018 4656/2003/4128 4657/2004/4129
f 4559/1906/4031 4561/1908/4033 4657/2004/4129
f 4546/1893/4018 4657/2004/4129 4658/2005/4130
f 4658/2005/4130 4657/2004/4129 4561/1908/4033
f 4659/2006/4131 4535/1882/4007 4534/1881/4006
f 4658/2005/4130 4561/1908/4033 4659/2006/4131
f 4659/2006/4131 4561/1908/4033 4535/1882/4007
f 4560/1907/4032 4660/2007/4132 4535/1882/4007
f 4536/1883/4008 4535/1882/4007 4660/2007/4132
f 4536/1883/4008 4660/2007/4132 4661/2008/4133
f 4563/1910/4035 4564/1911/4036 4662/2009/4134
f 4661/2008/4133 4660/2007/4132 4662/2009/4134
f 4661/2008/4133 4662/2009/4134 4663/2010/4135
f 4663/2010/4135 4564/1911/4036 4649/1996/4121
f 4663/2010/4135 4662/2009/4134 4564/1911/4036
f 4664/2011/4136 4594/1941/4066 4593/1940/4065
f 4664/2011/4136 4542/1889/4014 4594/1941/4066
f 4665/2012/4137 4542/1889/4014 4664/2011/4136
f 4666/2013/4138 4664/2011/4136 4544/1891/4016
f 4665/2012/4137 4664/2011/4136 4666/2013/4138
f 4544/1891/4016 4664/2011/4136 4667/2014/4139
f 4667/2014/4139 4574/1921/4046 4544/1891/4016
f 4574/1921/4046 4668/2015/4140 4544/1891/4016
f 4545/1892/4017 4544/1891/4016 4668/2015/4140
f 4574/1921/4046 4669/2016/4141 4668/2015/4140
f 4574/1921/4046 4670/2017/4142 4669/2016/4141
f 4574/1921/4046 4576/1923/4048 4670/2017/4142
f 4545/1892/4017 4668/2015/4140 4671/2018/4143
f 4671/2018/4143 4668/2015/4140 4669/2016/4141
f 4670/2017/4142 4671/2018/4143 4669/2016/4141
f 4670/2017/4142 4672/2019/4144 4671/2018/4143
f 4537/1884/4009 4539/1886/4011 4672/2019/4144
f 4670/2017/4142 4673/2020/4145 4672/2019/4144
f 4673/2020/4145 4537/1884/4009 4672/2019/4144
f 4537/1884/4009 4674/2021/4146 4538/1885/4010
f 4674/2021/4146 4675/2020/4147 4538/1885/4010
f 4674/2021/4146 4676/2022/4148 4675/2020/4147
f 4565/1912/4037 4567/1914/4039 4677/2023/4149
f 4676/2022/4148 4565/1912/4037 4677/2023/4149
f 4676/2022/4148 4677/2023/4149 4675/2020/4147
f 4678/2024/4150 4566/1913/4038 4565/1912/4037
f 4676/2022/4148 4678/2024/4150 4565/1912/4037
f 4678/2024/4150 4679/2025/4151 4566/1913/4038
f 4679/2025/4151 4550/1897/4022 4680/2026/4152
f 4566/1913/4038 4680/2026/4152 4589/1936/4061
f 4680/2026/4152 4591/1938/4063 4589/1936/4061
f 4679/2025/4151 4680/2026/4152 4566/1913/4038
f 4680/2026/4152 4681/2027/4153 4591/1938/4063
f 4550/1897/4022 4681/2027/4153 4680/2026/4152
f 4550/1897/4022 4682/2028/4154 4681/2027/4153
f 4682/2028/4154 4683/2029/4155 4681/2027/4153
f 4682/2028/4154 4684/2030/4156 4683/2029/4155
f 4682/2028/4154 4685/2031/4157 4684/2030/4156
f 4685/2031/4157 4686/2032/4158 4684/2030/4156
f 4685/2031/4157 4687/2033/4159 4686/2032/4158
f 4687/2033/4159 4688/2034/4160 4686/2032/4158
f 4570/1917/4042 4569/1916/4041 4688/2034/4160
f 4687/2033/4159 4689/2035/4161 4688/2034/4160
f 4689/2035/4161 4570/1917/4042 4688/2034/4160
f 4690/2036/4162 4568/1915/4040 4570/1917/4042
f 4689/2035/4161 4690/2036/4162 4570/1917/4042
f 4690/2036/4162 4691/1888/4163 4568/1915/4040
f 4690/2036/4162 4692/2037/4164 4691/1888/4163
f 4692/2037/4164 4693/2038/4165 4691/1888/4163
f 4540/1887/4012 4694/2039/4166 4541/1888/4013
f 4692/2037/4164 4694/2039/4166 4693/2038/4165
f 4693/2038/4165 4694/2039/4166 4695/2040/4167
f 4695/2040/4167 4694/2039/4166 4540/1887/4012
f 4696/2041/4168 4542/1889/4014 4665/2012/4137
f 4696/2041/4168 4665/2012/4137 4666/2013/4138
f 4540/1887/4012 4542/1889/4014 4696/2041/4168
f 4696/2041/4168 4666/2013/4138 4697/2042/4169
f 4697/2042/4169 4666/2013/4138 4544/1891/4016
f 4697/2042/4169 4544/1891/4016 4543/1890/4015
f 4649/1996/4121 4698/2043/4170 4663/2010/4135
f 4663/2010/4135 4699/2044/4171 4661/2008/4133
f 4663/2010/4135 4698/2043/4170 4699/2044/4171
f 4661/2008/4133 4699/2044/4171 4700/2045/4172
f 4661/2008/4133 4700/2045/4172 4536/1883/4008
f 4536/1883/4008 4700/2045/4172 4701/2046/4173
f 4536/1883/4008 4701/2046/4173 4534/1881/4006
f 4534/1881/4006 4701/2046/4173 4659/2006/4131
f 4659/2006/4131 4702/2047/4174 4658/2005/4130
f 4659/2006/4131 4701/2046/4173 4702/2047/4174
f 4658/2005/4130 4702/2047/4174 4703/2048/4175
f 4658/2005/4130 4703/2048/4175 4546/1893/4018
f 4546/1893/4018 4703/2048/4175 4547/1894/4019
f 4548/1895/4020 4549/1896/4021 4704/2049/4176
f 4548/1895/4020 4704/2049/4176 4653/2000/4125
f 4653/2000/4125 4704/2049/4176 4705/2050/4177
f 4653/2000/4125 4705/2050/4177 4533/1880/4005
f 4533/1880/4005 4705/2050/4177 4706/2051/4178
f 4533/1880/4005 4706/2051/4178 4531/1878/4003
f 4531/1878/4003 4706/2051/4178 4707/2052/4179
f 4531/1878/4003 4707/2052/4179 4652/1999/4124
f 4652/1999/4124 4707/2052/4179 4529/1876/4001
f 4707/2052/4179 4708/2053/4180 4529/1876/4001
f 4708/2053/4180 4526/1873/3998 4529/1876/4001
f 4708/2053/4180 4709/2054/4181 4526/1873/3998
f 4709/2054/4181 4651/1998/4123 4526/1873/3998
f 4710/2055/4182 4649/1996/4121 4651/1998/4123
f 4709/2054/4181 4710/2055/4182 4651/1998/4123
f 4711/2056/4183 4698/2043/4170 4649/1996/4121
f 4710/2055/4182 4711/2056/4183 4649/1996/4121
f 4550/1897/4022 4712/2057/4184 4682/2028/4154
f 4712/2057/4184 4685/2031/4157 4682/2028/4154
f 4712/2057/4184 4550/1897/4022 4552/1899/4024
f 4712/2057/4184 4552/1899/4024 4685/2031/4157
f 4550/1897/4022 4713/2058/4185 4551/1898/4023
f 4572/1919/4044 4579/1926/4051 4713/2058/4185
f 4578/1925/4050 4713/2058/4185 4579/1926/4051
f 4714/2059/4186 4578/1925/4050 4577/1924/4049
f 4713/2058/4185 4714/2059/4186 4551/1898/4023
f 4714/2059/4186 4552/1899/4024 4551/1898/4023
f 4714/2059/4186 4713/2058/4185 4578/1925/4050
f 4715/2060/4187 4577/1924/4049 4685/2031/4157
f 4715/2060/4187 4714/2059/4186 4577/1924/4049
f 4715/2060/4187 4685/2031/4157 4552/1899/4024
f 4714/2059/4186 4715/2060/4187 4552/1899/4024
f 4716/2061/4188 4527/1874/3999 4650/1997/4122
f 4554/1901/4026 4716/2061/4188 4650/1997/4122
f 4716/2061/4188 4717/2062/4189 4527/1874/3999
f 4717/2062/4189 4528/1875/4000 4527/1874/3999
f 4718/2063/4190 4556/1903/4028 4532/1879/4004
f 4718/2063/4190 4532/1879/4004 4530/1877/4002
f 4717/2062/4189 4718/2063/4190 4528/1875/4000
f 4718/2063/4190 4530/1877/4002 4528/1875/4000
f 4719/2064/4191 4655/2002/4127 4654/2001/4126
f 4558/1905/4030 4719/2064/4191 4654/2001/4126
f 4719/2064/4191 4720/2065/4192 4655/2002/4127
f 4721/2066/4193 4656/2003/4128 4655/2002/4127
f 4720/2065/4192 4721/2066/4193 4655/2002/4127
f 4722/2067/4194 4559/1906/4031 4657/2004/4129
f 4721/2066/4193 4722/2067/4194 4656/2003/4128
f 4722/2067/4194 4657/2004/4129 4656/2003/4128
f 4560/1907/4032 4723/2068/4195 4660/2007/4132
f 4723/2068/4195 4662/2009/4134 4660/2007/4132
f 4723/2068/4195 4563/1910/4035 4662/2009/4134
f 4572/1919/4044 4724/2069/4196 4573/1920/4045
f 4572/1919/4044 4725/2070/4197 4724/2069/4196
f 4573/1920/4045 4724/2069/4196 4726/2071/4198
f 4724/2069/4196 4725/2070/4197 4726/2071/4198
f 4573/1920/4045 4726/2071/4198 4575/1922/4047
f 4725/2070/4197 4727/2072/4199 4726/2071/4198
f 4575/1922/4047 4726/2071/4198 4727/2072/4199
f 4575/1922/4047 4727/2072/4199 4576/1923/4048
f 4725/2070/4197 4728/2073/4200 4727/2072/4199
f 4729/2074/4201 4728/2073/4200 4725/2070/4197
f 4674/2021/4146 4729/2074/4201 4676/2022/4148
f 4676/2022/4148 4729/2074/4201 4678/2024/4150
f 4729/2074/4201 4725/2070/4197 4730/2075/4202
f 4678/2024/4150 4729/2074/4201 4730/2075/4202
f 4731/2076/4203 4713/2058/4185 4550/1897/4022
f 4730/2075/4202 4725/2070/4197 4731/2076/4203
f 4731/2076/4203 4572/1919/4044 4713/2058/4185
f 4731/2076/4203 4550/1897/4022 4679/2025/4151
f 4678/2024/4150 4731/2076/4203 4679/2025/4151
f 4678/2024/4150 4730/2075/4202 4731/2076/4203
f 4731/2076/4203 4725/2070/4197 4572/1919/4044
f 4537/1884/4009 4732/2077/4204 4674/2021/4146
f 4673/2020/4145 4732/2077/4204 4537/1884/4009
f 4674/2021/4146 4732/2077/4204 4729/2074/4201
f 4670/2017/4142 4732/2077/4204 4673/2020/4145
f 4670/2017/4142 4576/1923/4048 4732/2077/4204
f 4576/1923/4048 4727/2072/4199 4732/2077/4204
f 4732/2077/4204 4727/2072/4199 4728/2073/4200
f 4732/2077/4204 4728/2073/4200 4729/2074/4201
f 4677/2023/4149 4567/1914/4039 4733/2078/4205
f 4733/2078/4205 4567/1914/4039 4734/2079/4206
f 4587/1934/4059 4734/2079/4206 4588/1935/4060
f 4567/1914/4039 4566/1913/4038 4735/2080/4207
f 4566/1913/4038 4589/1936/4061 4735/2080/4207
f 4734/2079/4206 4735/2080/4207 4588/1935/4060
f 4735/2080/4207 4585/1932/4057 4588/1935/4060
f 4735/2080/4207 4589/1936/4061 4585/1932/4057
f 4567/1914/4039 4735/2080/4207 4734/2079/4206
f 4681/2027/4153 4736/2081/4208 4591/1938/4063
f 4681/2027/4153 4683/2029/4155 4736/2081/4208
f 4683/2029/4155 4684/2030/4156 4736/2081/4208
f 4684/2030/4156 4686/2032/4158 4737/2082/4209
f 4684/2030/4156 4737/2082/4209 4736/2081/4208
f 4686/2032/4158 4688/2034/4160 4738/2083/4210
f 4686/2032/4158 4738/2083/4210 4737/2082/4209
f 4688/2034/4160 4739/2084/4211 4738/2083/4210
f 4688/2034/4160 4569/1916/4041 4739/2084/4211
f 4740/2085/4212 4580/1927/4052 4582/1929/4054
f 4569/1916/4041 4740/2085/4212 4739/2084/4211
f 4739/2084/4211 4740/2085/4212 4582/1929/4054
f 4568/1915/4040 4741/2086/4213 4569/1916/4041
f 4569/1916/4041 4741/2086/4213 4740/2085/4212
f 4742/2087/4214 4743/2088/4215 4598/1945/4070
f 4742/2087/4214 4598/1945/4070 4579/1926/4051
f 4572/1919/4044 4742/2087/4214 4579/1926/4051
f 4571/1918/4043 4742/2087/4214 4572/1919/4044
f 4743/2088/4215 4742/2087/4214 4664/2011/4136
f 4574/1921/4046 4742/2087/4214 4571/1918/4043
f 4574/1921/4046 4744/2089/4216 4742/2087/4214
f 4667/2014/4139 4744/2089/4216 4574/1921/4046
f 4664/2011/4136 4744/2089/4216 4667/2014/4139
f 4664/2011/4136 4742/2087/4214 4744/2089/4216
f 4595/1942/4067 4597/1944/4069 4745/2090/4217
f 4743/2088/4215 4664/2011/4136 4745/2090/4217
f 4743/2088/4215 4745/2090/4217 4598/1945/4070
f 4664/2011/4136 4593/1940/4065 4745/2090/4217
f 4595/1942/4067 4745/2090/4217 4593/1940/4065
f 4597/1944/4069 4598/1945/4070 4745/2090/4217
f 4592/1939/4064 4594/1941/4066 4746/2091/4218
f 4541/1888/4013 4694/2039/4166 4746/2091/4218
f 4694/2039/4166 4692/2037/4164 4746/2091/4218
f 4542/1889/4014 4746/2091/4218 4594/1941/4066
f 4542/1889/4014 4541/1888/4013 4746/2091/4218
f 4692/2037/4164 4690/2036/4162 4747/2092/4219
f 4692/2037/4164 4747/2092/4219 4746/2091/4218
f 4690/2036/4162 4689/2035/4161 4747/2092/4219
f 4689/2035/4161 4748/2093/4220 4747/2092/4219
f 4747/2092/4219 4748/2093/4220 4596/1943/4068
f 4596/1943/4068 4748/2093/4220 4749/2094/4221
f 4689/2035/4161 4749/2094/4221 4748/2093/4220
f 4596/1943/4068 4749/2094/4221 4598/1945/4070
f 4689/2035/4161 4687/2033/4159 4749/2094/4221
f 4687/2033/4159 4685/2031/4157 4749/2094/4221
f 4577/1924/4049 4598/1945/4070 4749/2094/4221
f 4685/2031/4157 4577/1924/4049 4749/2094/4221
f 4591/1938/4063 4736/2081/4208 4750/2095/4222
f 4591/1938/4063 4750/2095/4222 4590/1937/4062
f 4750/2095/4222 4583/1930/4055 4590/1937/4062
f 4736/2081/4208 4737/2082/4209 4750/2095/4222
f 4737/2082/4209 4738/2083/4210 4751/2096/4223
f 4751/2096/4223 4583/1930/4055 4750/2095/4222
f 4737/2082/4209 4751/2096/4223 4750/2095/4222
f 4738/2083/4210 4739/2084/4211 4752/2097/4224
f 4738/2083/4210 4752/2097/4224 4751/2096/4223
f 4739/2084/4211 4582/1929/4054 4752/2097/4224
f 4584/1931/4056 4583/1930/4055 4752/2097/4224
f 4752/2097/4224 4583/1930/4055 4751/2096/4223
f 4581/1928/4053 4584/1931/4056 4752/2097/4224
f 4581/1928/4053 4752/2097/4224 4582/1929/4054
f 4753/2098/4225 4592/1939/4064 4746/2091/4218
f 4747/2092/4219 4596/1943/4068 4753/2098/4225
f 4753/2098/4225 4746/2091/4218 4747/2092/4219
f 4753/2098/4225 4596/1943/4068 4592/1939/4064
f 4703/2048/4175 4702/2047/4174 4754/2099/4226
f 4547/1894/4019 4703/2048/4175 4754/2099/4226
f 4549/1896/4021 4547/1894/4019 4754/2099/4226
f 4754/2099/4226 4702/2047/4174 4701/2046/4173
f 4754/2099/4226 4705/2050/4177 4704/2049/4176
f 4754/2099/4226 4706/2051/4178 4705/2050/4177
f 4709/2054/4181 4708/2053/4180 4754/2099/4226
f 4754/2099/4226 4701/2046/4173 4700/2045/4172
f 4754/2099/4226 4700/2045/4172 4699/2044/4171
f 4549/1896/4021 4754/2099/4226 4704/2049/4176
f 4707/2052/4179 4706/2051/4178 4754/2099/4226
f 4709/2054/4181 4754/2099/4226 4710/2055/4182
f 4699/2044/4171 4698/2043/4170 4754/2099/4226
f 4754/2099/4226 4698/2043/4170 4711/2056/4183
f 4754/2099/4226 4711/2056/4183 4710/2055/4182
f 4708/2053/4180 4707/2052/4179 4754/2099/4226
f 4644/1991/4116 4755/2100/4227 4624/1971/4096
f 4624/1971/4096 4755/2100/4227 4625/1972/4097
f 4601/1948/4073 4600/1947/4072 4756/2101/4228
f 4601/1948/4073 4756/2101/4228 4648/1995/4120
f 4648/1995/4120 4757/2102/4229 4617/1964/4089
f 4618/1965/4090 4617/1964/4089 4757/2102/4229
f 4648/1995/4120 4756/2101/4228 4757/2102/4229
f 4627/1974/4099 4617/1964/4089 4758/2103/4230
f 4616/1963/4088 4758/2103/4230 4617/1964/4089
f 4626/1973/4098 4759/2104/4231 4635/1982/4107
f 4627/1974/4099 4759/2104/4231 4626/1973/4098
f 4627/1974/4099 4758/2103/4230 4759/2104/4231
f 4635/1982/4107 4759/2104/4231 4760/2105/4232
f 4615/1962/4087 4614/1961/4086 4760/2105/4232
f 4635/1982/4107 4760/2105/4232 4614/1961/4086
f 4603/1950/4075 4761/2106/4233 4638/1985/4110
f 4603/1950/4075 4605/1952/4077 4761/2106/4233
f 4639/1986/4111 4761/2106/4233 4607/1954/4079
f 4608/1955/4080 4607/1954/4079 4761/2106/4233
f 4638/1985/4110 4761/2106/4233 4639/1986/4111
f 4640/1987/4112 4607/1954/4079 4762/2107/4234
f 4606/1953/4078 4762/2107/4234 4607/1954/4079
f 4763/2108/4235 4762/2107/4234 4606/1953/4078
f 4608/1955/4080 4761/2106/4233 4764/2109/4236
f 4764/2109/4236 4761/2106/4233 4605/1952/4077
f 4764/2109/4236 4605/1952/4077 4765/2110/4237
f 4765/2110/4237 4610/1957/4082 4609/1956/4081
f 4765/2110/4237 4605/1952/4077 4604/1951/4076
f 4765/2110/4237 4604/1951/4076 4610/1957/4082
f 4766/2111/4238 4759/2104/4231 4758/2103/4230
f 4766/2111/4238 4760/2105/4232 4759/2104/4231
f 4615/1962/4087 4760/2105/4232 4766/2111/4238
f 4766/2111/4238 4758/2103/4230 4616/1963/4088
f 4618/1965/4090 4757/2102/4229 4767/2112/4239
f 4600/1947/4072 4621/1968/4093 4768/2113/4240
f 4756/2101/4228 4600/1947/4072 4768/2113/4240
f 4768/2113/4240 4757/2102/4229 4756/2101/4228
f 4767/2112/4239 4757/2102/4229 4768/2113/4240
f 4755/2100/4227 4769/2114/4241 4625/1972/4097
o rdmobj02
v 0.075996 1.853634 0.024239
v 0.066994 1.857296 0.058567
v 0.072746 1.853573 0.055019
v -0.031265 1.867733 0.082886
v -0.018717 1.870969 0.080078
v -0.030275 1.868222 0.081345
v -0.002490 1.891537 0.100830
v 0.000000 1.886410 0.098511
v 0.000000 1.892818 0.099960
v 0.002490 1.891537 0.100830
v 0.030884 1.865352 0.082069
v 0.031265 1.867733 0.082886
v 0.017731 1.870175 0.081825
v 0.008034 1.880123 0.094673
v 0.009425 1.871090 0.091553
v 0.005237 1.875607 0.095673
v 0.000000 1.880672 0.094803
v 0.000000 1.876645 0.095039
v -0.005237 1.875607 0.095673
v 0.000000 1.867795 0.101410
v -0.030237 1.872921 0.080284
v -0.029655 1.862850 0.077927
v -0.021433 1.862850 0.077629
v -0.034676 1.855892 0.064774
v -0.041302 1.862850 0.058346
v -0.034779 1.855892 0.059895
v 0.025869 1.853328 0.062012
v 0.019247 1.855892 0.068443
v 0.016960 1.855892 0.064133
v 0.036865 1.862850 0.073959
v 0.029655 1.862850 0.077927
v 0.032215 1.855892 0.068909
v 0.034683 1.888851 0.064789
v 0.041306 1.881893 0.058361
v 0.034782 1.888851 0.059914
v 0.020748 1.872371 0.080055
v 0.014403 1.881893 0.073166
v 0.012627 1.872371 0.074883
v -0.059467 1.874324 0.056122
v -0.069870 1.881893 0.038021
v -0.065323 1.871883 0.050388
v -0.068970 1.869869 0.033707
v -0.031712 1.858516 0.083458
v -0.030020 1.854488 0.082901
v -0.013217 1.869260 0.082123
v -0.034298 1.861019 0.079292
v -0.030884 1.865352 0.082069
v 0.025620 1.889156 0.095001
v 0.035988 1.894528 0.089783
v 0.021975 1.895870 0.095848
v 0.044926 1.883236 0.079437
v 0.043228 1.881771 0.075600
v 0.053478 1.879330 0.067001
v 0.030937 1.879635 0.084015
v 0.039566 1.877010 0.079224
v 0.019939 1.873775 0.080765
v 0.031229 1.876217 0.082970
v 0.031334 1.876827 0.085098
v 0.044724 1.872677 0.068466
v 0.036804 1.869747 0.077454
v 0.046940 1.872494 0.071465
v -0.048256 1.862178 -0.091927
v -0.025658 1.859066 -0.096359
v -0.045021 1.858761 -0.087303
v 0.000000 1.859249 -0.099770
v 0.013552 1.863582 -0.106216
v 0.016552 1.859249 -0.099770
v 0.012341 1.846920 0.117699
v 0.031303 1.838558 0.100189
v 0.007469 1.866329 0.102196
v 0.006381 1.853878 0.120071
v -0.053478 1.879330 0.067001
v -0.043228 1.881771 0.075600
v -0.044926 1.883236 0.079437
v -0.021975 1.895871 0.095848
v -0.025620 1.889156 0.095001
v -0.013007 1.889339 0.097733
v -0.053181 1.772030 0.052094
v -0.057938 1.778988 0.033852
v -0.043571 1.763546 0.037022
v -0.041870 1.761287 0.076897
v -0.072983 1.820125 0.005108
v -0.074303 1.833553 0.024317
v -0.074493 1.839108 0.008167
v -0.075996 1.853634 0.024239
v -0.074554 1.836361 0.054379
v -0.072746 1.853573 0.055019
v -0.038654 1.806759 0.092354
v -0.036057 1.795345 0.093697
v -0.033119 1.809261 0.099533
v -0.035564 1.805295 0.086662
v -0.042175 1.798580 0.077095
v -0.032665 1.792965 0.088379
v -0.058037 1.873226 -0.077133
v -0.039303 1.875118 -0.089828
v -0.042107 1.870845 -0.094986
v -0.015636 1.875789 -0.100899
v 0.000000 1.875789 -0.100899
v -0.013023 1.871822 -0.106789
v 0.000000 1.871822 -0.106789
v 0.013023 1.871822 -0.106789
v 0.024437 1.875728 -0.097366
v 0.042107 1.870845 -0.094986
v 0.026047 1.871151 -0.102661
v 0.039303 1.875118 -0.089828
v 0.079811 1.864743 -0.029985
v 0.080956 1.862972 -0.019747
v 0.085465 1.860225 -0.029455
v 0.086708 1.858150 -0.018480
v 0.081284 1.863582 -0.046791
v 0.068398 1.859493 -0.071983
v 0.073433 1.866695 -0.063568
v -0.017601 1.752559 0.106445
v -0.023014 1.748226 0.109077
v -0.017601 1.749080 0.096947
v -0.007975 1.806270 0.104034
v -0.017601 1.806270 0.102852
v -0.007975 1.806270 0.098228
v -0.017601 1.806270 0.097046
v -0.006635 1.840816 0.103523
v -0.004117 1.847103 0.106850
v -0.010348 1.842037 0.111786
v 0.006019 1.849727 0.116692
v 0.010348 1.842037 0.111786
v 0.004117 1.847103 0.106850
v 0.017601 1.755550 0.102356
v 0.007975 1.780758 0.098381
v 0.007975 1.755184 0.103745
v 0.033310 1.772945 0.097107
v 0.027258 1.755368 0.094963
v 0.029961 1.774166 0.091843
v 0.030603 1.818966 0.102348
v 0.033119 1.809261 0.099533
v 0.046856 1.825741 0.090668
v 0.040264 1.780819 0.075439
v 0.047791 1.788327 0.051655
v 0.049492 1.804195 0.050911
v -0.042999 1.971737 -0.037991
v -0.048088 1.973324 -0.017441
v -0.041267 1.981929 -0.015064
v 0.019396 1.984737 0.022549
v 0.030064 1.975216 0.036777
v 0.039711 1.980037 0.008732
v 0.041267 1.981929 -0.015064
v 0.042999 1.971737 -0.037991
v 0.031818 1.980587 -0.031746
v 0.000000 1.983761 -0.037968
v 0.010746 1.978390 -0.051701
v 0.000000 1.972591 -0.062714
v -0.010209 1.900875 0.100250
v -0.011894 1.909420 0.101738
v -0.027445 1.902035 0.095093
v 0.000000 1.900265 0.100426
v 0.000000 1.905574 0.099457
v 0.011894 1.909420 0.101738
v 0.017216 1.912594 0.098747
v 0.029596 1.914670 0.092781
v 0.030552 1.908382 0.096176
v 0.009226 1.915828 0.099327
v 0.000000 1.913265 0.099106
v 0.008857 1.912288 0.097260
v -0.013878 1.958980 0.074585
v -0.031414 1.951108 0.065216
v -0.016087 1.948238 0.079796
v -0.031757 1.963802 0.055508
v -0.046928 1.945920 0.054657
v -0.079186 1.891903 0.005103
v -0.078239 1.910824 0.014634
v -0.080498 1.910275 -0.024115
v 0.069725 1.879879 -0.061832
v 0.070587 1.898433 -0.060684
v 0.074158 1.889888 -0.040424
v 0.070313 1.912532 -0.060974
v 0.080498 1.910275 -0.024115
v 0.068878 1.929744 -0.052689
v 0.040264 1.958126 -0.065643
v 0.035042 1.935543 -0.083511
v 0.020836 1.952816 -0.079666
v 0.000000 1.936641 -0.090630
v 0.000000 1.960262 -0.079041
v -0.056236 1.957821 -0.037930
v -0.058968 1.945614 -0.059219
v -0.064911 1.942501 -0.043167
v 0.058968 1.945614 -0.059219
v 0.056236 1.957821 -0.037930
v 0.064911 1.942501 -0.043167
v 0.057796 1.902462 0.067947
v 0.044411 1.902157 0.084999
v 0.054077 1.897152 0.067322
v 0.043633 1.918149 0.083420
v -0.044411 1.902157 0.084999
v -0.057796 1.902462 0.067947
v -0.054077 1.897152 0.067322
v -0.043633 1.918149 0.083420
v -0.030552 1.908382 0.096176
v -0.029596 1.914670 0.092781
v -0.012090 1.937984 0.085861
v -0.009226 1.915828 0.099327
v -0.018894 1.918209 0.099709
v -0.026369 1.939266 0.080948
v -0.077217 1.887447 -0.015726
v -0.079262 1.878658 -0.000051
v -0.079117 1.875973 -0.007666
v -0.078278 1.879574 -0.025570
v -0.074158 1.889888 -0.040424
v 0.077217 1.887447 -0.015726
v 0.079262 1.878658 -0.000051
v 0.079186 1.891903 0.005103
v 0.079117 1.875973 -0.007666
v 0.078278 1.879574 -0.025570
v 0.030338 1.921383 0.092041
v 0.037334 1.932247 0.070999
v 0.026369 1.939266 0.080948
v 0.068352 1.858699 0.036110
v 0.068970 1.869869 0.033707
v 0.065323 1.871883 0.050388
v 0.069870 1.881893 0.038021
v 0.059467 1.874324 0.056122
v 0.062374 1.891964 0.053726
v -0.006381 1.867855 0.101105
v -0.011076 1.863217 0.095123
v 0.052300 1.851436 0.080055
v 0.059189 1.846309 0.081200
v 0.025517 1.851314 0.091316
v -0.031334 1.876828 0.085098
v -0.031229 1.876217 0.082970
v -0.019939 1.873775 0.080765
v -0.018732 1.874326 0.081635
v -0.017731 1.870175 0.081825
v -0.036804 1.869747 0.077454
v -0.046940 1.872494 0.071465
v -0.044724 1.872677 0.068466
v -0.039188 1.876400 0.078148
v -0.039566 1.877010 0.079224
v -0.030937 1.879635 0.084015
v -0.029614 1.882320 0.087883
v -0.015006 1.877254 0.090225
v -0.026085 1.883785 0.096214
v -0.008034 1.880123 0.094673
v -0.009425 1.871090 0.091553
v -0.040337 1.865413 0.078766
v -0.053211 1.872983 0.063278
v -0.039410 1.885677 0.091034
v 0.008636 1.898861 0.096451
v 0.013141 1.894711 0.097885
v 0.026289 1.900265 0.091362
v 0.042820 1.898556 0.081886
v 0.049210 1.892758 0.077698
v 0.054077 1.897152 0.067322
v 0.052555 1.884091 0.072998
v 0.053211 1.872983 0.063278
v 0.040337 1.865413 0.078766
v 0.013217 1.869260 0.082123
v 0.018732 1.874326 0.081635
v 0.015006 1.877254 0.090225
v 0.029614 1.882320 0.087883
v 0.026085 1.883785 0.096214
v 0.006381 1.867855 0.101105
v 0.011076 1.863217 0.095123
v 0.015019 1.856807 0.089905
v 0.019566 1.850948 0.087364
v 0.030020 1.854488 0.082901
v 0.050922 1.852779 0.077400
v 0.049809 1.860653 0.074348
v 0.062676 1.864986 0.058342
v 0.063866 1.858394 0.059494
v 0.060078 1.870235 0.058628
v 0.057606 1.868587 0.064171
v 0.043995 1.864132 0.073273
v 0.034298 1.861019 0.079292
v 0.031712 1.858516 0.083458
v -0.019253 1.888851 0.068459
v -0.023314 1.888851 0.071053
v -0.014403 1.881893 0.073166
v -0.021437 1.881893 0.077644
v -0.020748 1.872371 0.080055
v -0.012627 1.872371 0.074883
v -0.014400 1.862850 0.073151
v -0.023308 1.855892 0.071030
v -0.019247 1.855892 0.068443
v -0.025869 1.853328 0.062012
v -0.016960 1.855892 0.064133
v -0.010440 1.862850 0.065689
v -0.008055 1.872371 0.066261
v -0.010443 1.881893 0.065697
v -0.016966 1.888851 0.064156
v -0.025875 1.891414 0.062035
v -0.028061 1.888912 0.071220
v -0.029659 1.881893 0.077942
v -0.028055 1.855892 0.071198
v -0.032215 1.855892 0.068909
v -0.036865 1.862850 0.073959
v -0.038567 1.872371 0.075813
v -0.036865 1.881893 0.073975
v -0.032223 1.888851 0.068932
v -0.034683 1.888851 0.064789
v -0.034782 1.888851 0.059914
v -0.041306 1.881893 0.058361
v -0.041130 1.881893 0.066811
v -0.043690 1.872371 0.057785
v -0.043175 1.872677 0.067474
v -0.041126 1.862850 0.066795
v 0.014400 1.862850 0.073151
v 0.023308 1.855892 0.071030
v 0.021433 1.862850 0.077629
v 0.028055 1.855892 0.071198
v 0.010440 1.862850 0.065689
v 0.008055 1.872371 0.066261
v 0.030237 1.872921 0.080284
v 0.041126 1.862850 0.066795
v 0.034676 1.855892 0.064774
v 0.034779 1.855892 0.059895
v 0.041302 1.862850 0.058346
v 0.043690 1.872371 0.057785
v 0.043175 1.872677 0.067474
v 0.038567 1.872371 0.075813
v 0.036865 1.881893 0.073975
v 0.041130 1.881893 0.066811
v 0.025875 1.891414 0.062035
v 0.032223 1.888851 0.068932
v 0.029659 1.881893 0.077942
v 0.021437 1.881893 0.077644
v 0.010443 1.881893 0.065697
v 0.016966 1.888851 0.064156
v 0.019253 1.888851 0.068459
v 0.023314 1.888851 0.071053
v 0.028061 1.888912 0.071220
v 0.074303 1.833553 0.024317
v 0.061161 1.823910 0.041306
v 0.063789 1.813473 0.032085
v 0.074554 1.836361 0.054379
v 0.056282 1.826900 0.054390
v 0.045620 1.820736 0.082336
v 0.041039 1.816097 0.087471
v 0.038654 1.806759 0.092354
v 0.036057 1.795345 0.093697
v 0.060864 1.794735 0.031517
v 0.057812 1.781796 0.039074
v 0.057938 1.778988 0.033852
v 0.053181 1.772030 0.052094
v 0.043571 1.763546 0.037022
v 0.041870 1.761287 0.076897
v 0.030560 1.750484 0.100174
v -0.062374 1.891964 0.053726
v -0.068352 1.858699 0.036110
v -0.043995 1.864132 0.073273
v -0.049809 1.860653 0.074348
v -0.057606 1.868587 0.064171
v -0.062676 1.864986 0.058342
v -0.060078 1.870235 0.058628
v -0.063866 1.858394 0.059494
v -0.050922 1.852779 0.077400
v -0.019566 1.850948 0.087364
v -0.015019 1.856807 0.089905
v 0.013007 1.889339 0.097733
v 0.039410 1.885677 0.091034
v 0.039188 1.876400 0.078148
v 0.030275 1.868222 0.081345
v 0.018717 1.870969 0.080078
v -0.066994 1.857296 0.058567
v -0.052300 1.851436 0.080055
v -0.059189 1.846309 0.081200
v -0.031303 1.838558 0.100189
v -0.025517 1.851314 0.091316
v -0.007469 1.866329 0.102196
v -0.007975 1.760067 0.056126
v -0.017601 1.752132 0.091064
v -0.017599 1.761959 0.053909
v -0.007975 1.751522 0.093964
v -0.017601 1.755550 0.102356
v -0.007975 1.755184 0.103745
v -0.072464 1.844356 0.011537
v -0.077988 1.843929 -0.004839
v -0.069901 1.841304 0.006006
v -0.084663 1.847103 -0.007334
v -0.079475 1.846981 -0.021242
v -0.085228 1.849361 -0.021833
v -0.077858 1.849178 -0.032963
v -0.083481 1.852352 -0.035278
v -0.072861 1.852413 -0.049778
v -0.078186 1.855587 -0.052521
v -0.063843 1.855831 -0.067177
v -0.068398 1.859493 -0.071983
v -0.027103 1.863155 -0.102089
v -0.016552 1.859249 -0.099770
v -0.013552 1.863582 -0.106216
v 0.000000 1.863582 -0.106216
v 0.027103 1.863155 -0.102089
v 0.025658 1.859066 -0.096359
v 0.048256 1.862178 -0.091927
v 0.045021 1.858761 -0.087303
v 0.063843 1.855831 -0.067177
v 0.078186 1.855587 -0.052521
v 0.072861 1.852413 -0.049778
v 0.083481 1.852352 -0.035278
v 0.077858 1.849178 -0.032963
v 0.085228 1.849361 -0.021833
v 0.079475 1.846981 -0.021242
v 0.084663 1.847103 -0.007334
v 0.077988 1.843929 -0.004839
v 0.072464 1.844356 0.011537
v 0.069901 1.841304 0.006006
v 0.024658 1.805965 0.107574
v 0.021778 1.821895 0.110931
v 0.018229 1.833066 0.113358
v 0.000000 1.866573 0.104561
v 0.000000 1.857906 0.122078
v -0.006381 1.853878 0.120071
v -0.012341 1.846920 0.117699
v -0.018229 1.833066 0.113358
v -0.030603 1.818966 0.102348
v -0.021778 1.821895 0.110931
v -0.024658 1.805965 0.107574
v -0.017601 1.780880 0.097092
v -0.017601 1.779415 0.102043
v -0.017601 1.756344 0.052414
v -0.013141 1.894711 0.097885
v -0.008636 1.898861 0.096451
v -0.026291 1.900265 0.091362
v -0.035988 1.894528 0.089783
v -0.042820 1.898556 0.081886
v -0.049210 1.892758 0.077698
v -0.054077 1.897152 0.067322
v -0.052555 1.884091 0.072998
v 0.000000 1.896785 0.096039
v -0.030560 1.750484 0.100174
v -0.027258 1.755368 0.094963
v -0.036877 1.765255 0.073959
v -0.046494 1.775142 0.051441
v -0.050930 1.783931 0.039162
v -0.057812 1.781796 0.039074
v -0.053787 1.795772 0.032341
v -0.060864 1.794735 0.031517
v -0.056686 1.813778 0.031925
v -0.063789 1.813473 0.032085
v -0.054920 1.820920 0.039070
v -0.061161 1.823910 0.041306
v -0.056282 1.826900 0.054390
v -0.051655 1.823604 0.050663
v -0.045620 1.820736 0.082336
v -0.042610 1.817196 0.077126
v -0.037689 1.812435 0.082695
v -0.041039 1.816097 0.087471
v -0.033310 1.772945 0.097107
v -0.029961 1.774166 0.091843
v -0.015013 1.824154 0.107162
v -0.006515 1.827572 0.109535
v 0.000000 1.805782 0.108459
v -0.007975 1.779233 0.103325
v 0.000000 1.777462 0.108536
v -0.007975 1.752193 0.107834
v 0.000000 1.749141 0.113831
v -0.046856 1.825741 0.090668
v -0.023836 1.777095 0.105721
v -0.056999 1.775142 0.021034
v -0.069847 1.791866 0.012120
v -0.049492 1.804195 0.050911
v -0.040264 1.780819 0.075439
v -0.047791 1.788327 0.051655
v -0.007975 1.780758 0.098381
v -0.008716 1.830745 0.102455
v 0.000000 1.832150 0.101837
v 0.000000 1.849788 0.108734
v 0.006635 1.840816 0.103523
v 0.008716 1.830745 0.102455
v 0.000000 1.828975 0.112656
v -0.072914 1.851131 0.018919
v -0.070297 1.855953 0.021486
v -0.078857 1.859432 -0.001845
v -0.083565 1.855465 0.000478
v -0.086708 1.858150 -0.018480
v -0.080956 1.862972 -0.019747
v -0.085465 1.860225 -0.029455
v -0.079811 1.864743 -0.029985
v -0.081284 1.863582 -0.046791
v -0.075935 1.867244 -0.046329
v -0.073433 1.866695 -0.063568
v -0.068306 1.870540 -0.061729
v -0.062099 1.868831 -0.080307
v -0.024437 1.875728 -0.097366
v -0.026047 1.871151 -0.102661
v 0.015636 1.875789 -0.100899
v 0.058037 1.873226 -0.077133
v 0.062099 1.868831 -0.080307
v 0.068306 1.870540 -0.061729
v 0.075935 1.867244 -0.046329
v 0.078857 1.859432 -0.001845
v 0.083565 1.855465 0.000478
v 0.072914 1.851131 0.018919
v 0.070297 1.855953 0.021486
v -0.006019 1.849727 0.116692
v 0.000000 1.853878 0.119957
v 0.015013 1.824154 0.107162
v 0.017601 1.806270 0.102852
v 0.023836 1.777095 0.105721
v 0.017601 1.779415 0.102043
v 0.017601 1.752559 0.106445
v 0.023014 1.748226 0.109077
v -0.022636 1.742672 0.094627
v -0.023426 1.753902 0.039932
v -0.032612 1.763851 0.031513
v -0.007975 1.745907 0.094406
v -0.007975 1.754329 0.054626
v -0.051834 1.775448 0.017262
v -0.061081 1.794246 0.008671
v -0.071442 1.821956 0.001423
v -0.068352 1.858699 0.036110
v -0.063866 1.858394 0.059494
v -0.050922 1.852779 0.077400
v -0.019566 1.850948 0.087364
v -0.015019 1.856807 0.089905
v -0.011076 1.863217 0.095123
v -0.006381 1.867855 0.101105
v 0.000000 1.867795 0.101410
v 0.006381 1.867855 0.101105
v 0.011076 1.863217 0.095123
v 0.015019 1.856807 0.089905
v 0.019566 1.850948 0.087364
v 0.050922 1.852779 0.077400
v 0.063866 1.858394 0.059494
v 0.068352 1.858699 0.036110
v 0.074493 1.839108 0.008167
v 0.072983 1.820125 0.005108
v 0.071442 1.821956 0.001423
v 0.069847 1.791806 0.012120
v 0.061081 1.794246 0.008671
v 0.056999 1.775142 0.021034
v 0.051834 1.775448 0.017262
v 0.032612 1.763851 0.031513
v 0.000000 1.747432 0.054325
v 0.000000 1.740230 0.096466
v 0.006515 1.827572 0.109535
v 0.007975 1.760067 0.056126
v 0.017599 1.761959 0.053909
v 0.017601 1.752132 0.091064
v 0.007975 1.751522 0.093964
v 0.017601 1.780880 0.097092
v 0.017601 1.806270 0.097046
v 0.017601 1.749080 0.096947
v 0.017601 1.756344 0.052414
v 0.007975 1.806270 0.098228
v 0.007975 1.806270 0.104034
v 0.007975 1.779233 0.103325
v 0.007975 1.752193 0.107834
v 0.007975 1.745907 0.094406
v 0.007975 1.754329 0.054626
v 0.036877 1.765255 0.073959
v 0.046494 1.775142 0.051441
v 0.050930 1.783931 0.039162
v 0.053787 1.795772 0.032341
v 0.056686 1.813778 0.031925
v 0.054920 1.820920 0.039070
v 0.051655 1.823604 0.050663
v 0.042610 1.817196 0.077126
v 0.037689 1.812435 0.082695
v 0.035564 1.805295 0.086662
v 0.032665 1.792965 0.088379
v 0.022636 1.742672 0.094627
v 0.023426 1.753902 0.039932
v 0.042175 1.798580 0.077095
v -0.039711 1.980037 0.008732
v -0.029680 1.986812 -0.005534
v -0.031818 1.980587 -0.031746
v -0.035271 1.972530 -0.048512
v -0.040264 1.958126 -0.065643
v -0.056236 1.957821 -0.037930
v -0.057949 1.965572 -0.001689
v -0.043671 1.971981 0.030455
v -0.030064 1.975216 0.036777
v -0.023155 1.967952 0.056320
v -0.011950 1.967403 0.063530
v 0.017464 1.968013 -0.068909
v 0.020836 1.952816 -0.079666
v 0.000000 1.960262 -0.079041
v 0.040264 1.958126 -0.065643
v 0.025307 1.974178 -0.052895
v 0.035271 1.972530 -0.048512
v -0.017464 1.968013 -0.068909
v -0.020836 1.952816 -0.079666
v -0.025307 1.974178 -0.052895
v -0.015076 1.987911 -0.019871
v -0.019396 1.984737 0.022549
v 0.000000 1.979183 0.044418
v 0.000000 1.968074 0.066162
v 0.011950 1.967403 0.063530
v 0.029680 1.986812 -0.005534
v 0.048088 1.973324 -0.017441
v 0.015076 1.987911 -0.019871
v 0.000000 1.986934 0.015692
v 0.000000 1.988155 -0.010995
v -0.010746 1.978390 -0.051701
v 0.056236 1.957821 -0.037930
v 0.057949 1.965572 -0.001689
v 0.043671 1.971981 0.030455
v 0.023155 1.967952 0.056320
v 0.018894 1.918209 0.099709
v -0.008857 1.912288 0.097260
v -0.017216 1.912594 0.098747
v 0.000000 1.944881 0.084824
v -0.043671 1.971981 0.030455
v -0.063423 1.936947 0.038876
v -0.057949 1.965572 -0.001689
v -0.070442 1.943905 -0.002562
v -0.070595 1.916256 0.032829
v -0.075668 1.923824 0.003983
v -0.073738 1.884212 0.037663
v -0.067123 1.896297 0.052738
v 0.000000 1.957271 0.077835
v -0.011950 1.967403 0.063530
v 0.000000 1.968074 0.066162
v 0.011950 1.967403 0.063530
v 0.013878 1.958980 0.074585
v 0.023155 1.967952 0.056320
v 0.031757 1.963802 0.055508
v 0.043671 1.971981 0.030455
v -0.074707 1.875667 0.010407
v -0.071167 1.871029 0.030573
v -0.076149 1.928585 -0.015470
v -0.072411 1.933101 -0.031540
v -0.068878 1.929744 -0.052689
v -0.070313 1.912532 -0.060974
v -0.054718 1.932918 -0.070358
v -0.055313 1.907712 -0.079041
v -0.035042 1.935543 -0.083511
v -0.024353 1.910091 -0.096199
v 0.000000 1.909786 -0.101631
v 0.024353 1.910091 -0.096199
v 0.055313 1.907712 -0.079041
v 0.054718 1.932918 -0.070358
v -0.020836 1.952816 -0.079666
v -0.040264 1.958126 -0.065643
v -0.066605 1.946468 -0.027317
v -0.023155 1.967952 0.056320
v 0.016087 1.948238 0.079796
v 0.031414 1.951108 0.065216
v 0.046928 1.945920 0.054657
v 0.063423 1.936947 0.038876
v 0.057949 1.965572 -0.001689
v 0.070442 1.943905 -0.002562
v 0.066605 1.946468 -0.027317
v 0.072411 1.933101 -0.031540
v 0.076149 1.928585 -0.015470
v 0.075668 1.923824 0.003983
v 0.042820 1.898556 0.081886
v 0.027445 1.902035 0.095093
v 0.026289 1.900265 0.091362
v 0.010209 1.900875 0.100250
v 0.008636 1.898861 0.096451
v 0.000000 1.896785 0.096039
v -0.069725 1.879879 -0.061832
v -0.074616 1.879512 -0.043640
v 0.074616 1.879512 -0.043640
v 0.080116 1.876339 -0.035461
v 0.081505 1.871456 -0.024158
v 0.074707 1.875667 0.010407
v 0.071167 1.871029 0.030573
v 0.068970 1.869869 0.033707
v 0.073738 1.884212 0.037663
v 0.069870 1.881893 0.038021
v 0.067123 1.896297 0.052738
v 0.062374 1.891964 0.053726
v -0.008636 1.898861 0.096451
v -0.026291 1.900265 0.091362
v -0.042820 1.898556 0.081886
v -0.053913 1.924373 0.059708
v -0.037334 1.932247 0.070999
v -0.030338 1.921383 0.092041
v -0.062374 1.891964 0.053726
v -0.069870 1.881893 0.038021
v -0.068970 1.869869 0.033707
v -0.080116 1.876339 -0.035461
v -0.081505 1.871456 -0.024158
v -0.070587 1.898433 -0.060684
v 0.078239 1.910824 0.014634
v 0.070595 1.916256 0.032829
v 0.053913 1.924373 0.059708
v 0.012090 1.937984 0.085861
vt 0.304199 0.461670
vt 0.215088 0.483398
vt 0.229980 0.467041
vt 0.784180 0.739258
vt 0.812012 0.704346
vt 0.798828 0.738281
vt 0.930420 0.628418
vt 0.902832 0.620361
vt 0.939453 0.620361
vt 0.930420 0.612305
vt 0.767090 0.501709
vt 0.784180 0.501465
vt 0.805176 0.549561
vt 0.867188 0.592529
vt 0.807129 0.586670
vt 0.835938 0.602539
vt 0.871094 0.620361
vt 0.843506 0.620361
vt 0.835938 0.638428
vt 0.781494 0.620361
vt 0.569824 0.366211
vt 0.567139 0.320801
vt 0.530273 0.320801
vt 0.611572 0.277588
vt 0.657227 0.313965
vt 0.639893 0.278320
vt 0.553467 0.247559
vt 0.514160 0.277588
vt 0.476563 0.274170
vt 0.599609 0.320801
vt 0.581787 0.277588
vt 0.604248 0.440918
vt 0.656982 0.416992
vt 0.616943 0.446045
vt 0.527100 0.363770
vt 0.488770 0.413574
vt 0.479492 0.363770
vt 0.837646 0.887939
vt 0.895996 0.970459
vt 0.817383 0.919434
vt 0.804443 0.985352
vt 0.716797 0.739990
vt 0.686279 0.734863
vt 0.798828 0.673340
vt 0.734131 0.755127
vt 0.767090 0.739014
vt 0.919678 0.534424
vt 0.955078 0.495850
vt 0.960693 0.546631
vt 0.891357 0.451660
vt 0.871826 0.449463
vt 0.871094 0.399170
vt 0.860596 0.504150
vt 0.852295 0.468018
vt 0.830322 0.534180
vt 0.836426 0.500244
vt 0.848877 0.504395
vt 0.821045 0.447021
vt 0.807373 0.474854
vt 0.821289 0.428955
vt 0.577637 0.509521
vt 0.620605 0.497314
vt 0.579346 0.495605
vt 0.670166 0.498047
vt 0.645996 0.514648
vt 0.638672 0.498535
vt 0.049072 0.453613
vt 0.093262 0.411621
vt 0.042480 0.526367
vt 0.038086 0.479736
vt 0.871094 0.841553
vt 0.871826 0.791260
vt 0.891357 0.789062
vt 0.960693 0.694092
vt 0.919678 0.706543
vt 0.920898 0.663574
vt 0.205566 0.137207
vt 0.261230 0.135986
vt 0.226563 0.070312
vt 0.137695 0.146240
vt 0.355469 0.294434
vt 0.302979 0.360107
vt 0.346680 0.384033
vt 0.233398 0.391357
vt 0.114014 0.290283
vt 0.107666 0.256348
vt 0.097168 0.306885
vt 0.120605 0.272217
vt 0.138184 0.238525
vt 0.117920 0.237305
vt 0.547119 0.552734
vt 0.591553 0.559570
vt 0.590332 0.541504
vt 0.640869 0.560059
vt 0.668457 0.560547
vt 0.646973 0.543945
vt 0.670166 0.544189
vt 0.623291 0.560791
vt 0.622559 0.542236
vt 0.438477 0.519531
vt 0.415039 0.510986
vt 0.432129 0.499512
vt 0.408203 0.489746
vt 0.469238 0.514404
vt 0.524658 0.498535
vt 0.506104 0.526855
vt 0.062500 0.173340
vt 0.072021 0.172607
vt 0.066162 0.147461
vt 0.043213 0.295654
vt 0.063721 0.295898
vt 0.048828 0.284424
vt 0.059082 0.284912
vt 0.040527 0.419189
vt 0.034668 0.447021
vt 0.046631 0.431641
vt 0.037598 0.463135
vt 0.057861 0.170410
vt 0.048828 0.212891
vt 0.048584 0.169922
vt 0.099365 0.204346
vt 0.101563 0.171143
vt 0.110596 0.194336
vt 0.090332 0.342041
vt 0.131592 0.359863
vt 0.139160 0.191406
vt 0.196045 0.181641
vt 0.200928 0.228516
vt 0.782959 0.068848
vt 0.701904 0.048828
vt 0.692383 0.075684
vt 0.544189 0.162109
vt 0.488037 0.119873
vt 0.598633 0.082031
vt 0.758301 0.113037
vt 0.782959 0.234131
vt 0.836914 0.196045
vt 0.880371 0.234131
vt 0.048828 0.679687
vt 0.052002 0.699219
vt 0.088623 0.682861
vt 0.031250 0.677734
vt 0.031250 0.690430
vt 0.064697 0.714111
vt 0.094971 0.726074
vt 0.094482 0.697510
vt 0.046875 0.726318
vt 0.031250 0.718506
vt 0.046387 0.718018
vt 0.068115 0.904541
vt 0.128662 0.895752
vt 0.071289 0.864990
vt 0.146484 0.946289
vt 0.187012 0.881104
vt 0.354736 0.655029
vt 0.330078 0.736572
vt 0.425293 0.717529
vt 0.508789 0.581543
vt 0.505859 0.654297
vt 0.466064 0.633057
vt 0.506592 0.704102
vt 0.495605 0.771729
vt 0.567139 0.856934
vt 0.594971 0.775635
vt 0.622070 0.830566
vt 0.668457 0.777344
vt 0.668457 0.854248
vt 0.487793 0.885498
vt 0.521973 0.820312
vt 0.484375 0.828369
vt 0.182861 0.692871
vt 0.133057 0.681885
vt 0.175781 0.671631
vt 0.133301 0.743652
vt 0.057861 0.824463
vt 0.067871 0.730713
vt 0.097168 0.831299
vt 0.408447 0.632080
vt 0.368164 0.590576
vt 0.387451 0.576416
vt 0.430420 0.590088
vt 0.097168 0.749756
vt 0.135498 0.822998
vt 0.713623 0.265625
vt 0.804443 0.255371
vt 0.817383 0.321289
vt 0.895996 0.270264
vt 0.837646 0.352783
vt 0.965820 0.338379
vt 0.781738 0.640869
vt 0.757080 0.663818
vt 0.154541 0.458740
vt 0.165283 0.440186
vt 0.086914 0.457031
vt 0.848877 0.736328
vt 0.838623 0.738281
vt 0.828125 0.706543
vt 0.837891 0.695312
vt 0.805176 0.691162
vt 0.809814 0.764893
vt 0.821289 0.811768
vt 0.824707 0.792480
vt 0.838867 0.766113
vt 0.852295 0.772705
vt 0.860596 0.736572
vt 0.874268 0.727051
vt 0.851318 0.674561
vt 0.884521 0.706787
vt 0.867188 0.648193
vt 0.807129 0.654053
vt 0.767090 0.776123
vt 0.826904 0.850586
vt 0.896484 0.753662
vt 0.981689 0.591064
vt 0.953125 0.576660
vt 0.993408 0.528564
vt 0.988281 0.462402
vt 0.952881 0.435547
vt 0.992676 0.398193
vt 0.898926 0.416016
vt 0.826904 0.390137
vt 0.767090 0.464844
vt 0.798828 0.567383
vt 0.837891 0.545410
vt 0.851318 0.566162
vt 0.874268 0.513672
vt 0.884521 0.533936
vt 0.781738 0.599854
vt 0.764893 0.577148
vt 0.720459 0.552734
vt 0.680664 0.524414
vt 0.695557 0.508057
vt 0.679199 0.430176
vt 0.732666 0.426758
vt 0.764160 0.351562
vt 0.715820 0.352295
vt 0.804443 0.358643
vt 0.790771 0.380615
vt 0.757813 0.442139
vt 0.734131 0.485840
vt 0.716797 0.500732
vt 0.510010 0.442627
vt 0.538574 0.438232
vt 0.530273 0.406738
vt 0.488770 0.313965
vt 0.535156 0.277588
vt 0.456299 0.316895
vt 0.446289 0.363770
vt 0.460205 0.419434
vt 0.484863 0.450684
vt 0.550293 0.475098
vt 0.560059 0.438232
vt 0.567383 0.406738
vt 0.560059 0.277588
vt 0.607422 0.363770
vt 0.599609 0.406738
vt 0.578857 0.438232
vt 0.630859 0.410645
vt 0.666016 0.363770
vt 0.639160 0.365479
vt 0.627686 0.318604
vt 0.245117 0.302490
vt 0.273193 0.255127
vt 0.206299 0.323730
vt 0.138672 0.328125
vt 0.123779 0.315430
vt 0.271484 0.182617
vt 0.246094 0.149414
vt 0.091797 0.163818
vt 0.965820 0.902344
vt 0.713623 0.975342
vt 0.757813 0.798584
vt 0.732666 0.813965
vt 0.790771 0.860107
vt 0.764160 0.889160
vt 0.804443 0.882080
vt 0.715820 0.888428
vt 0.679199 0.810547
vt 0.678223 0.718018
vt 0.721436 0.685791
vt 0.920898 0.577148
vt 0.896484 0.487061
vt 0.840088 0.468018
vt 0.797607 0.501221
vt 0.810059 0.534424
vt 0.068848 0.053711
vt 0.060547 0.141357
vt 0.091797 0.058105
vt 0.050537 0.141846
vt 0.343750 0.412354
vt 0.380859 0.414062
vt 0.359375 0.392090
vt 0.384033 0.436523
vt 0.419678 0.434814
vt 0.416504 0.449951
vt 0.446777 0.447510
vt 0.445557 0.465332
vt 0.484863 0.465088
vt 0.482666 0.481201
vt 0.525391 0.482178
vt 0.620361 0.512939
vt 0.670166 0.514648
vt 0.075928 0.305908
vt 0.068848 0.360840
vt 0.061279 0.401123
vt 0.028076 0.526855
vt 0.028076 0.494385
vt 0.058838 0.213623
vt 0.063965 0.220459
vt 0.103027 0.044922
vt 0.953125 0.664062
vt 0.981689 0.649658
vt 0.993408 0.712158
vt 0.955078 0.744873
vt 0.988281 0.778320
vt 0.952881 0.805176
vt 0.992676 0.842529
vt 0.898926 0.824707
vt 0.971191 0.620361
vt 0.140381 0.159912
vt 0.194092 0.150146
vt 0.231689 0.161133
vt 0.250488 0.181641
vt 0.257324 0.243164
vt 0.241699 0.271240
vt 0.205811 0.294434
vt 0.148193 0.302002
vt 0.129395 0.290527
vt 0.056885 0.361816
vt 0.039307 0.375732
vt 0.028076 0.301514
vt 0.043457 0.219971
vt 0.028076 0.216309
vt 0.042480 0.172852
vt 0.028076 0.169678
vt 0.075195 0.225098
vt 0.301025 0.111572
vt 0.334961 0.190186
vt 0.045166 0.378418
vt 0.028076 0.392822
vt 0.028076 0.458984
vt 0.028076 0.384277
vt 0.323242 0.450195
vt 0.314941 0.475098
vt 0.372803 0.492432
vt 0.365723 0.474609
vt 0.474854 0.530273
vt 0.510742 0.543457
vt 0.544189 0.534424
vt 0.028076 0.479492
vt 0.078369 0.134277
vt 0.155029 0.015381
vt 0.218750 0.030029
vt 0.045166 0.133301
vt 0.060791 0.041016
vt 0.310791 0.092773
vt 0.344727 0.167236
vt 0.365967 0.298828
vt 0.267334 0.486572
vt 0.210205 0.493408
vt 0.153076 0.468994
vt 0.091309 0.464111
vt 0.074463 0.494141
vt 0.057373 0.529297
vt 0.039551 0.538086
vt 0.027344 0.538086
vt 0.028076 0.029053
vt 0.028076 0.134033
vt 0.654785 0.121582
vt 0.824463 0.099365
vt 0.892090 0.083984
vt 0.782715 0.020996
vt 0.639648 0.014404
vt 0.512939 0.070557
vt 0.415283 0.147217
vt 0.386719 0.191406
vt 0.904785 0.169678
vt 0.945557 0.156250
vt 0.943115 0.234131
vt 0.841797 0.138672
vt 0.711426 0.179199
vt 0.457764 0.234131
vt 0.376465 0.234131
vt 0.571289 0.234131
vt 0.676270 0.234131
vt 0.031250 0.847900
vt 0.249512 0.979248
vt 0.254395 0.844727
vt 0.380859 0.939941
vt 0.377686 0.862061
vt 0.278076 0.765625
vt 0.358154 0.790283
vt 0.269043 0.617920
vt 0.227051 0.671875
vt 0.031250 0.895752
vt 0.069580 0.949463
vt 0.031250 0.946533
vt 0.117188 0.959473
vt 0.340576 0.579346
vt 0.284424 0.554443
vt 0.408691 0.795898
vt 0.449951 0.802490
vt 0.544678 0.772949
vt 0.553711 0.680908
vt 0.623047 0.683594
vt 0.668457 0.678955
vt 0.447266 0.857178
vt 0.132324 0.669922
vt 0.089600 0.669922
vt 0.046631 0.667969
vt 0.031250 0.661621
vt 0.471680 0.585693
vt 0.449463 0.571289
vt 0.424561 0.550781
vt 0.274170 0.548340
vt 0.258789 0.605957
vt 0.217773 0.657959
vt 0.190918 0.794189
vn 0.844000 0.502000 -0.188600
vn 0.538800 0.781000 0.315900
vn 0.840800 0.467900 0.272200
vn -0.141800 0.365800 0.919800
vn -0.762100 0.324300 0.560400
vn -0.112300 0.965800 0.233800
vn 0.044400 0.018300 0.998800
vn 0.000000 -0.442800 0.896600
vn 0.000000 0.354000 0.935200
vn -0.044400 0.018300 0.998800
vn 0.042900 -0.438900 0.897500
vn 0.141800 0.365800 0.919800
vn 0.195200 0.183800 0.963400
vn 0.213600 -0.308600 0.926900
vn 0.828500 0.032300 0.559000
vn 0.355500 0.270600 0.894700
vn -0.000000 -0.237300 0.971400
vn 0.000000 0.297500 0.954700
vn -0.355500 0.270600 0.894700
vn 0.000000 0.794000 0.607900
vn -0.232100 0.015100 0.972600
vn -0.204100 -0.469100 0.859200
vn 0.257700 -0.475000 0.841400
vn -0.520000 -0.841300 0.147900
vn -0.888000 -0.459400 0.018500
vn -0.555100 -0.831700 0.011700
vn 0.040900 -0.984300 0.171800
vn -0.397900 -0.841200 0.366100
vn -0.490400 -0.831700 0.260200
vn 0.609100 -0.475100 0.635000
vn 0.204100 -0.469100 0.859200
vn 0.373700 -0.843900 0.384900
vn 0.520200 0.841300 0.147400
vn 0.888200 0.459000 0.018500
vn 0.555000 0.831800 0.011300
vn -0.290300 -0.005100 0.956900
vn -0.647000 0.473100 0.598000
vn -0.734000 -0.000400 0.679200
vn -0.808500 0.166800 0.564400
vn -0.638100 -0.330800 0.695300
vn -0.872600 0.038900 0.486800
vn -0.894700 -0.103700 0.434500
vn -0.281800 0.181500 0.942100
vn -0.232200 0.175400 0.956700
vn -0.657000 -0.077500 0.749900
vn -0.332800 0.304800 0.892400
vn -0.042900 -0.438900 0.897500
vn 0.239100 0.110000 0.964800
vn 0.486700 0.388600 0.782400
vn 0.230200 0.355300 0.905900
vn 0.326200 -0.876900 0.353100
vn 0.488200 -0.647300 0.585400
vn 0.538100 -0.562200 0.628000
vn 0.310500 -0.339800 0.887700
vn 0.512800 -0.376200 0.771700
vn 0.350900 -0.630800 0.692000
vn 0.183800 -0.945700 0.268100
vn 0.205100 -0.332700 0.920400
vn -0.769000 0.259500 0.584200
vn -0.122500 0.965200 0.231000
vn 0.649300 0.070500 0.757200
vn -0.491500 -0.434300 -0.754900
vn -0.202100 -0.823500 -0.530200
vn -0.257300 -0.855900 -0.448600
vn 0.000000 -0.829900 -0.557900
vn 0.117200 -0.466800 -0.876600
vn 0.108700 -0.810300 -0.575900
vn 0.267200 -0.068400 0.961200
vn 0.609100 0.312800 0.728800
vn 0.571800 0.709100 0.412600
vn 0.432100 0.090700 0.897300
vn -0.538100 -0.562200 0.628000
vn -0.488200 -0.647300 0.585400
vn -0.326200 -0.876900 0.353100
vn -0.230100 0.355400 0.905900
vn -0.239100 0.110000 0.964800
vn -0.218700 -0.228900 0.948600
vn -0.895700 0.011400 0.444400
vn -0.885500 -0.441000 0.146500
vn -0.403700 -0.892700 -0.200100
vn -0.893600 0.054500 0.445500
vn -0.975600 -0.121700 -0.182900
vn -0.960400 -0.260400 0.098800
vn -0.834500 0.191700 -0.516700
vn -0.844000 0.502000 -0.188600
vn -0.884100 -0.388800 0.259400
vn -0.840800 0.467900 0.272200
vn -0.965300 -0.174200 0.194600
vn -0.974000 -0.181000 0.136100
vn -0.730200 -0.104000 0.675300
vn -0.972100 -0.227400 0.058100
vn -0.900400 -0.066000 0.430000
vn -0.983500 -0.143500 0.110400
vn -0.669300 0.432700 -0.604000
vn -0.469300 0.465900 -0.750100
vn -0.457700 0.456300 -0.763100
vn -0.197200 0.471900 -0.859300
vn 0.000000 0.460200 -0.887800
vn -0.125700 0.417800 -0.899800
vn 0.000000 0.438900 -0.898600
vn 0.125700 0.417800 -0.899800
vn 0.373700 0.443700 -0.814600
vn 0.457700 0.456300 -0.763100
vn 0.346400 0.402900 -0.847200
vn 0.469300 0.465900 -0.750100
vn 0.905200 0.413100 -0.099900
vn 0.901200 0.421600 0.100800
vn 0.920800 0.379500 -0.090300
vn 0.930300 0.358900 0.075200
vn 0.891000 0.395100 -0.223500
vn 0.677500 -0.485400 -0.552600
vn 0.824900 0.429400 -0.367700
vn 0.814500 -0.196500 0.545900
vn -0.057300 -0.540100 0.839600
vn 0.916600 -0.392900 0.074000
vn -0.561200 -0.379600 0.735500
vn 0.551600 -0.449800 0.702500
vn -0.608000 -0.583300 0.538600
vn 0.543800 -0.570700 0.615300
vn 0.401600 -0.395200 0.826100
vn 0.321100 -0.639500 0.698500
vn 0.693200 -0.480100 0.537600
vn -0.411000 -0.714500 0.566100
vn -0.693200 -0.480200 0.537600
vn -0.321100 -0.639500 0.698500
vn -0.862000 -0.258600 0.435900
vn 0.731700 0.073000 0.677700
vn 0.909900 -0.195000 0.366300
vn 0.985400 -0.121400 0.119600
vn 0.936600 0.347400 0.045700
vn 0.987200 -0.158200 -0.018600
vn 0.651700 -0.001000 0.758500
vn 0.730200 -0.104000 0.675300
vn 0.733300 -0.281000 0.619200
vn 0.918700 -0.153000 0.364200
vn 0.958100 -0.092100 0.271400
vn 0.955200 -0.096800 0.279700
vn -0.612200 0.726400 -0.312200
vn -0.735700 0.665700 -0.124500
vn -0.565000 0.819500 -0.095300
vn 0.200100 0.947900 0.247700
vn 0.331300 0.861300 0.385300
vn 0.519300 0.839000 0.162300
vn 0.565000 0.819500 -0.095300
vn 0.612200 0.726400 -0.312200
vn 0.317200 0.898500 -0.303500
vn -0.000000 0.956300 -0.292200
vn 0.098500 0.913400 -0.395100
vn -0.000000 0.853800 -0.520600
vn -0.171700 -0.583600 0.793700
vn -0.005700 0.328000 0.944600
vn -0.291000 -0.636500 0.714300
vn 0.000000 -0.430600 0.902600
vn -0.000000 0.227000 0.973900
vn 0.005700 0.328100 0.944600
vn 0.250700 0.043100 0.967100
vn 0.460400 0.246300 0.852900
vn 0.430700 0.066200 0.900100
vn -0.100000 0.055600 0.993400
vn 0.000000 0.167800 0.985800
vn -0.106100 0.080400 0.991100
vn -0.298900 0.631500 0.715500
vn -0.599000 0.470200 0.648100
vn -0.336300 0.487600 0.805700
vn -0.537900 0.637700 0.551400
vn -0.676600 0.451900 0.581300
vn -0.994200 -0.067900 0.083400
vn -0.964700 0.179100 0.193200
vn -0.991800 0.059300 -0.113100
vn 0.887600 -0.021000 -0.460200
vn 0.910600 -0.000300 -0.413300
vn 0.974700 0.046900 -0.218700
vn 0.874400 0.130900 -0.467100
vn 0.991800 0.059300 -0.113100
vn 0.877700 0.321000 -0.355700
vn 0.509600 0.625000 -0.591300
vn 0.404800 0.370100 -0.836100
vn 0.264300 0.497800 -0.826000
vn -0.000000 0.393500 -0.919300
vn 0.000000 0.609400 -0.792900
vn -0.743400 0.619500 -0.252200
vn -0.723700 0.502000 -0.473500
vn -0.850200 0.480500 -0.215200
vn 0.723700 0.502000 -0.473500
vn 0.743400 0.619500 -0.252200
vn 0.850200 0.480500 -0.215200
vn 0.824500 -0.094000 0.558000
vn 0.642500 -0.327400 0.692900
vn 0.799600 -0.210300 0.562400
vn 0.674800 0.400000 0.620200
vn -0.642500 -0.327400 0.692900
vn -0.824500 -0.094000 0.558000
vn -0.799600 -0.210300 0.562400
vn -0.674800 0.400000 0.620200
vn -0.430700 0.066200 0.900100
vn -0.460400 0.246300 0.852900
vn -0.158100 0.485400 0.859900
vn 0.100000 0.055600 0.993400
vn -0.212700 0.187900 0.958900
vn -0.520500 0.528200 0.670900
vn -0.997300 0.003000 -0.074000
vn -0.989800 -0.021600 0.140500
vn -0.996100 0.087300 0.014900
vn -0.949000 0.315100 -0.007600
vn -0.974700 0.046900 -0.218700
vn 0.997300 0.003000 -0.074000
vn 0.989800 -0.021600 0.140500
vn 0.994200 -0.067900 0.083400
vn 0.996100 0.087300 0.014900
vn 0.949000 0.315100 -0.007600
vn 0.535100 0.354300 0.766900
vn 0.657900 0.502700 0.560800
vn 0.520500 0.528200 0.670900
vn 0.908200 0.371600 0.192500
vn 0.894700 -0.103700 0.434500
vn 0.872600 0.038900 0.486800
vn 0.638100 -0.330800 0.695300
vn 0.808500 0.166800 0.564400
vn 0.770200 -0.315000 0.554600
vn -0.490200 0.662100 0.566800
vn -0.886400 0.327500 0.327300
vn 0.306100 0.777600 0.549200
vn 0.683300 0.303700 0.663900
vn 0.405700 0.890800 0.204600
vn -0.205100 -0.332500 0.920500
vn -0.183800 -0.945600 0.268400
vn -0.350900 -0.630900 0.692000
vn -0.412400 -0.565900 0.714000
vn -0.195200 0.183800 0.963400
vn 0.122500 0.965200 0.231000
vn -0.649300 0.070500 0.757200
vn 0.769000 0.259600 0.584100
vn -0.066700 -0.894000 0.443200
vn -0.512800 -0.376200 0.771700
vn -0.310500 -0.339800 0.887800
vn -0.290300 -0.862300 0.414900
vn -0.421400 -0.668800 0.612500
vn -0.230000 -0.392400 0.890600
vn -0.213600 -0.308600 0.926900
vn -0.828500 0.032300 0.559000
vn -0.586800 -0.175000 0.790600
vn -0.699500 0.092800 0.708600
vn -0.546300 -0.365000 0.753900
vn 0.208500 -0.345200 0.915100
vn 0.211200 0.256700 0.943100
vn 0.364400 -0.354500 0.861100
vn 0.660700 -0.228000 0.715200
vn 0.790400 0.214000 0.574000
vn 0.778700 -0.285800 0.558600
vn 0.699500 0.092800 0.708600
vn 0.586800 -0.175000 0.790600
vn 0.657000 -0.077500 0.749900
vn 0.412300 -0.565900 0.714000
vn 0.421400 -0.668800 0.612500
vn 0.290300 -0.862300 0.414900
vn 0.230000 -0.392400 0.890600
vn 0.490200 0.662100 0.566800
vn 0.886400 0.327500 0.327300
vn 0.774800 0.630200 0.050300
vn 0.496000 0.848100 0.186300
vn 0.232200 0.175500 0.956700
vn 0.290900 0.750200 0.593800
vn 0.447300 0.452300 0.771600
vn 0.871600 0.328500 0.363800
vn 0.686700 0.591300 0.422900
vn 0.734700 0.326600 0.594600
vn 0.698500 0.478100 0.532400
vn 0.562300 0.252000 0.787600
vn 0.332800 0.304800 0.892400
vn 0.281800 0.181500 0.942100
vn 0.397900 0.841300 0.365900
vn 0.164600 0.842800 0.512500
vn 0.647000 0.473100 0.598000
vn 0.261100 0.477400 0.839000
vn 0.290300 -0.005100 0.956900
vn 0.734000 -0.000400 0.679200
vn 0.646900 -0.473500 0.597800
vn 0.160300 -0.843900 0.512000
vn 0.397900 -0.841200 0.366100
vn -0.040900 -0.984300 0.171800
vn 0.490400 -0.831700 0.260200
vn 0.784600 -0.459300 0.416400
vn 0.883400 -0.000200 0.468500
vn 0.784900 0.459000 0.416200
vn 0.490500 0.831600 0.260500
vn -0.040400 0.984600 0.169900
vn -0.123600 0.845900 0.518900
vn -0.202800 0.480300 0.853400
vn -0.123800 -0.845300 0.519800
vn -0.373700 -0.843900 0.384900
vn -0.609100 -0.475100 0.635000
vn -0.696800 -0.005700 0.717300
vn -0.610900 0.477500 0.631500
vn -0.377700 0.842800 0.383400
vn -0.520200 0.841300 0.147400
vn -0.555000 0.831800 0.011300
vn -0.888200 0.459000 0.018500
vn -0.849900 0.467300 0.243600
vn -0.999300 -0.001400 0.038500
vn -0.961000 0.010600 0.276400
vn -0.851300 -0.464600 0.243800
vn -0.646900 -0.473500 0.597800
vn -0.160300 -0.843900 0.512000
vn -0.257700 -0.475000 0.841400
vn 0.123800 -0.845300 0.519800
vn -0.784600 -0.459300 0.416400
vn -0.883400 -0.000200 0.468500
vn 0.232100 0.015100 0.972600
vn 0.851300 -0.464600 0.243800
vn 0.520000 -0.841300 0.147900
vn 0.555100 -0.831700 0.011700
vn 0.888000 -0.459400 0.018500
vn 0.999300 -0.001400 0.038500
vn 0.961000 0.010600 0.276400
vn 0.696800 -0.005700 0.717300
vn 0.610900 0.477500 0.631500
vn 0.849900 0.467300 0.243600
vn 0.040400 0.984600 0.169900
vn 0.377700 0.842800 0.383400
vn 0.202800 0.480300 0.853400
vn -0.261100 0.477400 0.839000
vn -0.784900 0.459000 0.416200
vn -0.490500 0.831600 0.260500
vn -0.397900 0.841300 0.365900
vn -0.164600 0.842800 0.512500
vn 0.123600 0.845900 0.518900
vn 0.960400 -0.260400 0.098800
vn 0.504900 -0.753200 0.421600
vn 0.626200 -0.320700 0.710700
vn 0.884100 -0.388800 0.259400
vn 0.479800 -0.866300 0.139000
vn 0.709700 -0.684700 0.165600
vn 0.844100 -0.526300 0.102400
vn 0.965300 -0.174200 0.194600
vn 0.974000 -0.181000 0.136100
vn 0.652100 0.032300 0.757500
vn 0.806600 0.210400 0.552400
vn 0.885400 -0.441100 0.146700
vn 0.895700 0.011400 0.444400
vn 0.403700 -0.892700 -0.200100
vn 0.893600 0.054500 0.445500
vn 0.890200 -0.346300 0.295900
vn -0.770200 -0.315000 0.554600
vn -0.908200 0.371600 0.192500
vn -0.562300 0.252000 0.787600
vn -0.447300 0.452300 0.771600
vn -0.698500 0.478100 0.532400
vn -0.871600 0.328500 0.363800
vn -0.734700 0.326600 0.594700
vn -0.686700 0.591300 0.422900
vn -0.290900 0.750200 0.593800
vn -0.496000 0.848100 0.186300
vn -0.774800 0.630200 0.050300
vn 0.218700 -0.228900 0.948600
vn 0.546300 -0.365000 0.753900
vn 0.066700 -0.894000 0.443200
vn 0.112300 0.965800 0.233800
vn 0.762100 0.324300 0.560400
vn -0.538800 0.781000 0.315900
vn -0.306100 0.777600 0.549200
vn -0.683300 0.303700 0.663900
vn -0.609100 0.312800 0.728800
vn -0.405700 0.890800 0.204600
vn -0.571800 0.709100 0.412600
vn -0.677200 -0.653400 0.338200
vn 0.750300 -0.661000 -0.009900
vn 0.472500 -0.745400 0.470100
vn -0.798000 -0.599800 0.059500
vn 0.862000 -0.258600 0.435900
vn -0.909900 -0.195000 0.366300
vn -0.972700 0.058100 -0.224500
vn -0.461400 -0.882500 0.091300
vn -0.845100 -0.281700 -0.454400
vn -0.808800 -0.576000 0.118900
vn -0.364000 -0.915500 -0.171400
vn -0.785000 -0.601600 -0.147700
vn -0.383600 -0.886500 -0.258600
vn -0.794500 -0.529100 -0.298100
vn -0.362700 -0.878100 -0.312100
vn -0.743100 -0.527400 -0.412000
vn -0.316300 -0.874700 -0.367300
vn -0.677500 -0.485400 -0.552600
vn -0.319600 -0.456500 -0.830400
vn -0.108700 -0.810300 -0.575800
vn -0.117200 -0.466800 -0.876600
vn 0.000000 -0.500500 -0.865700
vn 0.319600 -0.456500 -0.830400
vn 0.202100 -0.823500 -0.530200
vn 0.491500 -0.434300 -0.754900
vn 0.257300 -0.855900 -0.448600
vn 0.316300 -0.874700 -0.367200
vn 0.743100 -0.527400 -0.412000
vn 0.362700 -0.878100 -0.312100
vn 0.794500 -0.529100 -0.298100
vn 0.383600 -0.886500 -0.258600
vn 0.785000 -0.601600 -0.147700
vn 0.364000 -0.915500 -0.171400
vn 0.808800 -0.576000 0.118900
vn 0.461400 -0.882500 0.091300
vn 0.972700 0.058100 -0.224500
vn 0.845100 -0.281700 -0.454500
vn 0.149900 -0.138400 0.979000
vn 0.132700 -0.159400 0.978300
vn 0.109600 -0.191900 0.975300
vn 0.000000 0.860500 0.509400
vn 0.000000 0.445200 0.895400
vn -0.432100 0.090700 0.897300
vn -0.267200 -0.068400 0.961200
vn -0.109600 -0.191900 0.975300
vn -0.651700 -0.001000 0.758500
vn -0.132700 -0.159400 0.978300
vn -0.149900 -0.138400 0.979000
vn 0.636600 0.079500 0.767100
vn 0.878400 0.022000 0.477500
vn 0.726700 -0.611200 0.313500
vn -0.211100 0.256700 0.943100
vn -0.208500 -0.345200 0.915100
vn -0.364400 -0.354500 0.861100
vn -0.486700 0.388600 0.782400
vn -0.660800 -0.228000 0.715100
vn -0.790400 0.214000 0.574000
vn -0.778700 -0.285800 0.558600
vn -0.000000 0.019300 0.999800
vn -0.890200 -0.346300 0.295900
vn -0.936600 0.347400 0.045700
vn -0.785800 0.351800 0.508700
vn -0.743400 0.421800 0.519100
vn -0.666600 0.358000 0.653900
vn -0.806600 0.210400 0.552400
vn -0.620200 0.104200 0.777500
vn -0.652200 0.032400 0.757300
vn -0.469100 -0.347000 0.812100
vn -0.626200 -0.320800 0.710600
vn -0.607500 -0.574300 0.548700
vn -0.500000 -0.754500 0.425100
vn -0.469100 -0.871900 0.140300
vn -0.763000 -0.586300 0.272200
vn -0.708100 -0.688000 0.159100
vn -0.861900 -0.450500 0.232700
vn -0.918300 -0.332000 0.215500
vn -0.844600 -0.526300 0.098500
vn -0.985400 -0.121400 0.119600
vn -0.987200 -0.158200 -0.018600
vn 0.283900 -0.189300 0.940000
vn -0.396200 0.456700 0.796600
vn 0.000000 -0.114400 0.993400
vn -0.887100 0.032000 0.460500
vn -0.000000 0.098400 0.995100
vn -0.841600 -0.238600 0.484500
vn 0.000000 -0.442700 0.896700
vn -0.733300 -0.281000 0.619200
vn -0.145100 0.048800 0.988200
vn -0.602200 -0.743200 -0.291700
vn -0.826400 -0.438000 -0.353900
vn -0.955200 -0.096800 0.279700
vn -0.918700 -0.153000 0.364200
vn -0.958100 -0.092100 0.271400
vn -0.731700 0.073000 0.677700
vn 0.342800 0.301100 0.889900
vn 0.000000 0.398600 0.917100
vn 0.000000 -0.818600 0.574300
vn -0.401600 -0.395200 0.826100
vn -0.342800 0.301100 0.889900
vn 0.000000 0.508200 0.861200
vn -0.862200 0.467600 -0.194800
vn -0.929100 0.367500 0.041800
vn -0.845100 0.440000 0.303700
vn -0.846500 0.313300 0.430400
vn -0.930300 0.358900 0.075200
vn -0.901200 0.421600 0.100800
vn -0.920800 0.379500 -0.090300
vn -0.905200 0.413100 -0.099900
vn -0.891000 0.395100 -0.223500
vn -0.832300 0.508200 -0.221300
vn -0.824900 0.429400 -0.367700
vn -0.820200 0.396800 -0.412100
vn -0.698900 0.372100 -0.610800
vn -0.373700 0.443600 -0.814600
vn -0.346400 0.402900 -0.847200
vn 0.197200 0.471900 -0.859300
vn 0.669300 0.432700 -0.604000
vn 0.698900 0.372100 -0.610800
vn 0.820200 0.396800 -0.412100
vn 0.832300 0.508200 -0.221300
vn 0.845100 0.440000 0.303700
vn 0.846500 0.313300 0.430400
vn 0.862200 0.467600 -0.194800
vn 0.929100 0.367500 0.041800
vn 0.411000 -0.714500 0.566100
vn 0.000000 -0.667700 0.744400
vn -0.283900 -0.189300 0.940000
vn -0.551600 -0.449800 0.702500
vn 0.145100 0.048800 0.988200
vn -0.878400 0.022000 0.477500
vn -0.814500 -0.196500 0.545900
vn 0.057300 -0.540100 0.839600
vn 0.053500 -0.998100 0.030400
vn -0.492200 -0.856900 -0.153100
vn -0.299500 -0.912700 -0.277900
vn -0.857000 -0.512600 0.052600
vn -0.844000 -0.425200 0.327000
vn -0.355600 -0.756900 -0.548400
vn -0.244900 -0.453900 -0.856700
vn -0.895300 -0.004500 -0.445500
vn 0.834400 0.191700 -0.516700
vn 0.975600 -0.121500 -0.182800
vn 0.895200 -0.004400 -0.445600
vn 0.825500 -0.438900 -0.354800
vn 0.242700 -0.453300 -0.857700
vn 0.601700 -0.743600 -0.291700
vn 0.355600 -0.756900 -0.548400
vn 0.299500 -0.912700 -0.277900
vn 0.000000 -0.979600 -0.201200
vn 0.000000 -0.986800 0.161700
vn 0.396200 0.456700 0.796600
vn 0.677200 -0.653400 0.338200
vn -0.472500 -0.745400 0.470100
vn -0.750300 -0.661000 -0.009900
vn 0.798000 -0.599800 0.059500
vn -0.636600 0.079500 0.767100
vn -0.543800 -0.570700 0.615300
vn -0.916600 -0.392900 0.074000
vn -0.726700 -0.611200 0.313500
vn 0.608000 -0.583300 0.538600
vn 0.561200 -0.379600 0.735500
vn 0.887100 0.032000 0.460500
vn 0.841600 -0.238600 0.484500
vn 0.857000 -0.512600 0.052600
vn 0.844000 -0.425200 0.327000
vn 0.785800 0.351800 0.508700
vn 0.743400 0.421800 0.519100
vn 0.666600 0.358000 0.653900
vn 0.620200 0.104200 0.777500
vn 0.469100 -0.347000 0.812100
vn 0.607200 -0.578500 0.544700
vn 0.757300 -0.594500 0.270400
vn 0.853900 -0.463800 0.236200
vn 0.917200 -0.334900 0.215700
vn 0.972100 -0.227400 0.058100
vn 0.983500 -0.143500 0.110400
vn -0.053500 -0.998100 0.030400
vn 0.492200 -0.856900 -0.153100
vn 0.900400 -0.066000 0.430000
vn -0.519300 0.839000 0.162300
vn -0.242500 0.969800 0.024400
vn -0.317200 0.898500 -0.303500
vn -0.452700 0.790400 -0.412600
vn -0.509600 0.625000 -0.591300
vn -0.778800 0.625400 0.047900
vn -0.601900 0.724600 0.335800
vn -0.331300 0.861300 0.385300
vn -0.326900 0.814500 0.479300
vn -0.209900 0.827900 0.520000
vn 0.220300 0.753500 -0.619500
vn -0.000000 0.609400 -0.792800
vn 0.293600 0.855700 -0.426100
vn 0.452700 0.790400 -0.412600
vn -0.220300 0.753500 -0.619500
vn -0.264300 0.497800 -0.826000
vn -0.293600 0.855700 -0.426000
vn -0.097300 0.984500 -0.146000
vn -0.200100 0.947900 0.247700
vn -0.000000 0.920200 0.391500
vn 0.000000 0.812800 0.582600
vn 0.209900 0.827900 0.520000
vn 0.242500 0.969800 0.024400
vn 0.735700 0.665700 -0.124500
vn 0.097300 0.984500 -0.146000
vn -0.000000 0.990200 0.139500
vn 0.000000 0.999700 -0.022800
vn -0.098500 0.913400 -0.395100
vn 0.778800 0.625400 0.047900
vn 0.601900 0.724600 0.335800
vn 0.326900 0.814500 0.479300
vn 0.212700 0.187900 0.958900
vn 0.106100 0.080400 0.991100
vn -0.250700 0.043100 0.967100
vn 0.000000 0.450400 0.892800
vn -0.849800 0.357900 0.386900
vn -0.906400 0.414700 0.080200
vn -0.912900 0.230500 0.336800
vn -0.947200 0.284200 0.148400
vn -0.836900 -0.260200 0.481500
vn -0.838800 -0.135800 0.527200
vn 0.000000 0.620300 0.784300
vn 0.298900 0.631500 0.715500
vn 0.537900 0.637700 0.551400
vn -0.958600 -0.135000 0.250600
vn -0.939500 -0.216700 0.265300
vn -0.952700 0.302900 -0.024000
vn -0.915900 0.364900 -0.167000
vn -0.877700 0.321000 -0.355700
vn -0.874400 0.130900 -0.467100
vn -0.643000 0.334000 -0.689200
vn -0.635000 0.124400 -0.762400
vn -0.404800 0.370100 -0.836100
vn -0.334900 0.192300 -0.922400
vn -0.000000 0.212600 -0.977100
vn 0.334900 0.192300 -0.922400
vn 0.635000 0.124400 -0.762400
vn 0.643000 0.334000 -0.689200
vn -0.854700 0.496500 -0.151700
vn 0.336300 0.487600 0.805700
vn 0.599000 0.470200 0.648100
vn 0.676600 0.451900 0.581300
vn 0.849800 0.357900 0.386900
vn 0.906400 0.414700 0.080200
vn 0.854700 0.496500 -0.151700
vn 0.915900 0.364900 -0.167000
vn 0.952700 0.302900 -0.024000
vn 0.947200 0.284200 0.148400
vn 0.291000 -0.636500 0.714300
vn 0.171700 -0.583600 0.793700
vn -0.887600 -0.021000 -0.460200
vn -0.912400 0.166700 -0.373900
vn 0.912400 0.166700 -0.373900
vn 0.966600 0.150100 -0.207600
vn 0.994100 0.104600 -0.028300
vn 0.958600 -0.135000 0.250600
vn 0.939500 -0.216700 0.265300
vn 0.836900 -0.260200 0.481500
vn 0.838800 -0.135800 0.527200
vn -0.660700 -0.228000 0.715200
vn -0.776200 0.364400 0.514500
vn -0.657900 0.502700 0.560800
vn -0.535100 0.354300 0.766900
vn -0.966600 0.150100 -0.207600
vn -0.994100 0.104600 -0.028300
vn -0.910600 -0.000300 -0.413300
vn 0.964700 0.179100 0.193200
vn 0.912900 0.230500 0.336800
vn 0.776200 0.364400 0.514500
vn 0.158100 0.485400 0.859900
usemtl head.bmp
s 1
f 4770/2115/4242 4771/2116/4243 4772/2117/4244
f 4773/2118/4245 4774/2119/4246 4775/2120/4247
f 4776/2121/4248 4777/2122/4249 4778/2123/4250
f 4778/2123/4250 4777/2122/4249 4779/2124/4251
f 4780/2125/4252 4781/2126/4253 4782/2127/4254
f 4783/2128/4255 4779/2124/4251 4777/2122/4249
f 4784/2129/4256 4783/2128/4255 4785/2130/4257
f 4786/2131/4258 4783/2128/4255 4777/2122/4249
f 4785/2130/4257 4783/2128/4255 4786/2131/4258
f 4785/2130/4257 4786/2131/4258 4787/2132/4259
f 4787/2132/4259 4786/2131/4258 4788/2133/4260
f 4787/2132/4259 4789/2134/4261 4785/2130/4257
f 4787/2132/4259 4788/2133/4260 4789/2134/4261
f 4790/2135/4262 4791/2136/4263 4792/2137/4264
f 4793/2138/4265 4794/2139/4266 4795/2140/4267
f 4796/2141/4268 4797/2142/4269 4798/2143/4270
f 4799/2144/4271 4800/2136/4272 4801/2145/4273
f 4802/2146/4274 4803/2147/4275 4804/2148/4276
f 4805/2149/4277 4806/2150/4278 4807/2151/4279
f 4808/2152/4280 4809/2153/4281 4810/2154/4282
f 4810/2154/4282 4809/2153/4281 4811/2155/4283
f 4812/2156/4284 4813/2157/4285 4814/2158/4286
f 4812/2156/4284 4814/2158/4286 4815/2159/4287
f 4815/2159/4287 4814/2158/4286 4816/2160/4288
f 4817/2161/4289 4818/2162/4290 4819/2163/4291
f 4820/2164/4292 4821/2165/4293 4822/2166/4294
f 4820/2164/4292 4823/2167/4295 4821/2165/4293
f 4823/2167/4295 4824/2168/4296 4821/2165/4293
f 4825/2169/4297 4826/2170/4298 4827/2171/4299
f 4823/2167/4295 4827/2171/4299 4824/2168/4296
f 4826/2170/4298 4824/2168/4296 4827/2171/4299
f 4828/2172/4300 4829/2173/4301 4830/2174/4302
f 4829/2173/4301 4781/2126/4253 4830/2174/4302
f 4831/2175/4303 4832/2176/4304 4833/2177/4305
f 4834/2178/4306 4835/2179/4307 4836/2180/4308
f 4837/2181/4309 4838/2182/4310 4839/2183/4311
f 4837/2181/4309 4839/2183/4311 4840/2184/4312
f 4841/2185/4313 4842/2186/4314 4843/2187/4315
f 4844/2188/4316 4845/2189/4317 4846/2190/4318
f 4847/2191/4319 4848/2192/4320 4849/2193/4321
f 4847/2191/4319 4849/2193/4321 4850/2194/4322
f 4851/2195/4323 4852/2196/4324 4853/2197/4325
f 4852/2196/4324 4854/2115/4326 4853/2197/4325
f 4852/2196/4324 4855/2198/4327 4854/2115/4326
f 4855/2198/4327 4856/2117/4328 4854/2115/4326
f 4857/2199/4329 4858/2200/4330 4859/2201/4331
f 4857/2199/4329 4860/2202/4332 4858/2200/4330
f 4860/2202/4332 4861/2203/4333 4862/2204/4334
f 4858/2200/4330 4860/2202/4332 4862/2204/4334
f 4863/2205/4335 4864/2206/4336 4865/2207/4337
f 4866/2208/4338 4867/2209/4339 4868/2210/4340
f 4867/2209/4339 4869/2211/4341 4868/2210/4340
f 4867/2209/4339 4870/2210/4342 4869/2211/4341
f 4835/2179/4307 4869/2211/4341 4870/2210/4342
f 4871/2212/4343 4872/2207/4344 4873/2213/4345
f 4871/2212/4343 4874/2206/4346 4872/2207/4344
f 4875/2214/4347 4876/2215/4348 4877/2216/4349
f 4876/2215/4348 4878/2217/4350 4877/2216/4349
f 4875/2214/4347 4877/2216/4349 4879/2218/4351
f 4880/2219/4352 4881/2220/4353 4879/2218/4351
f 4882/2221/4354 4883/2222/4355 4884/2223/4356
f 4885/2224/4357 4886/2225/4358 4887/2226/4359
f 4886/2225/4358 4888/2227/4360 4887/2226/4359
f 4889/2228/4361 4890/2229/4362 4891/2230/4363
f 4892/2231/4364 4837/2181/4309 4840/2184/4312
f 4892/2231/4364 4893/2230/4365 4837/2181/4309
f 4892/2231/4364 4894/2229/4366 4893/2230/4365
f 4895/2232/4367 4896/2233/4368 4897/2234/4369
f 4898/2235/4370 4899/2236/4371 4900/2237/4372
f 4901/2238/4373 4902/2201/4374 4903/2239/4375
f 4901/2238/4373 4903/2239/4375 4838/2182/4310
f 4904/2240/4376 4900/2237/4372 4899/2236/4371
f 4904/2240/4376 4905/2241/4377 4906/2242/4378
f 4907/2243/4379 4908/2244/4380 4909/2245/4381
f 4910/2246/4382 4911/2247/4383 4912/2248/4384
f 4913/2245/4385 4914/2243/4386 4915/2249/4387
f 4916/2250/4388 4917/2251/4389 4918/2252/4390
f 4919/2253/4391 4920/2254/4392 4921/2255/4393
f 4919/2253/4391 4922/2256/4394 4920/2254/4392
f 4922/2256/4394 4923/2257/4395 4920/2254/4392
f 4922/2256/4394 4924/2254/4396 4923/2257/4395
f 4925/2258/4397 4924/2254/4396 4926/2259/4398
f 4926/2259/4398 4924/2254/4396 4927/2260/4399
f 4928/2261/4400 4929/2262/4401 4930/2263/4402
f 4924/2254/4396 4930/2263/4402 4923/2257/4395
f 4928/2261/4400 4930/2263/4402 4925/2258/4397
f 4929/2262/4401 4923/2257/4395 4930/2263/4402
f 4924/2254/4396 4925/2258/4397 4930/2263/4402
f 4931/2264/4403 4932/2265/4404 4933/2266/4405
f 4931/2264/4403 4934/2267/4406 4932/2265/4404
f 4934/2267/4406 4935/2268/4407 4932/2265/4404
f 4936/2269/4408 4937/2270/4409 4938/2271/4410
f 4939/2272/4411 4940/2273/4412 4941/2274/4413
f 4941/2274/4413 4940/2273/4412 4942/2275/4414
f 4941/2274/4413 4942/2275/4414 4943/2271/4415
f 4943/2271/4415 4942/2275/4414 4944/2276/4416
f 4945/2277/4417 4946/2278/4418 4947/2279/4419
f 4947/2279/4419 4946/2278/4418 4948/2280/4420
f 4947/2279/4419 4948/2280/4420 4949/2281/4421
f 4950/2282/4422 4951/2283/4423 4952/2284/4424
f 4953/2283/4425 4945/2277/4417 4954/2282/4426
f 4953/2283/4425 4954/2282/4426 4955/2284/4427
f 4944/2276/4416 4953/2283/4425 4955/2284/4427
f 4956/2285/4428 4957/2286/4429 4958/2287/4430
f 4959/2288/4431 4927/2260/4399 4957/2286/4429
f 4926/2259/4398 4927/2260/4399 4959/2288/4431
f 4956/2285/4428 4959/2288/4431 4957/2286/4429
f 4960/2286/4432 4961/2285/4433 4962/2287/4434
f 4960/2286/4432 4963/2288/4435 4961/2285/4433
f 4963/2288/4435 4960/2286/4432 4964/2260/4436
f 4960/2286/4432 4921/2255/4393 4964/2260/4436
f 4921/2255/4393 4920/2254/4392 4964/2260/4436
f 4920/2254/4392 4965/2259/4437 4964/2260/4436
f 4963/2288/4435 4964/2260/4436 4965/2259/4437
f 4929/2262/4401 4966/2289/4438 4967/2261/4439
f 4967/2261/4439 4966/2289/4438 4968/2290/4440
f 4966/2289/4438 4933/2266/4405 4969/2291/4441
f 4933/2266/4405 4932/2265/4404 4969/2291/4441
f 4966/2289/4438 4969/2291/4441 4968/2290/4440
f 4936/2269/4408 4970/2292/4442 4971/2293/4443
f 4938/2271/4410 4970/2292/4442 4936/2269/4408
f 4971/2293/4443 4970/2292/4442 4972/2294/4444
f 4970/2292/4442 4973/2295/4445 4972/2294/4444
f 4938/2271/4410 4974/2274/4446 4970/2292/4442
f 4970/2292/4442 4974/2274/4446 4973/2295/4445
f 4941/2274/4413 4943/2271/4415 4975/2292/4447
f 4976/2293/4448 4975/2292/4447 4977/2269/4449
f 4943/2271/4415 4977/2269/4449 4975/2292/4447
f 4976/2293/4448 4978/2294/4450 4975/2292/4447
f 4941/2274/4413 4975/2292/4447 4979/2295/4451
f 4978/2294/4450 4979/2295/4451 4975/2292/4447
f 4980/2296/4452 4926/2259/4398 4959/2288/4431
f 4981/2297/4453 4982/2291/4454 4980/2296/4452
f 4981/2297/4453 4980/2296/4452 4959/2288/4431
f 4983/2298/4455 4984/2299/4456 4985/2300/4457
f 4985/2300/4457 4984/2299/4456 4986/2301/4458
f 4985/2300/4457 4986/2301/4458 4987/2302/4459
f 4987/2302/4459 4986/2301/4458 4988/2303/4460
f 4788/2133/4260 4989/2304/4461 4789/2134/4261
f 4990/2305/4462 4989/2304/4461 4788/2133/4260
f 4772/2117/4244 4771/2116/4243 4991/2306/4463
f 4772/2117/4244 4991/2306/4463 4992/2307/4464
f 4992/2307/4464 4991/2306/4463 4838/2182/4310
f 4838/2182/4310 4903/2239/4375 4992/2307/4464
f 4838/2182/4310 4993/2308/4465 4839/2183/4311
f 4838/2182/4310 4991/2306/4463 4993/2308/4465
f 4994/2309/4466 4995/2310/4467 4996/2311/4468
f 4994/2309/4466 4996/2311/4468 4997/2312/4469
f 4997/2312/4469 4996/2311/4468 4998/2313/4470
f 4816/2160/4288 4998/2313/4470 4773/2118/4245
f 4814/2158/4286 4998/2313/4470 4816/2160/4288
f 4814/2158/4286 4997/2312/4469 4998/2313/4470
f 4998/2313/4470 4774/2119/4246 4773/2118/4245
f 4998/2313/4470 4996/2311/4468 4774/2119/4246
f 4773/2118/4245 4775/2120/4247 4999/2314/4471
f 4773/2118/4245 4999/2314/4471 5000/2315/4472
f 5000/2315/4472 4999/2314/4471 5001/2316/4473
f 5000/2315/4472 5001/2316/4473 5002/2317/4474
f 5000/2315/4472 5002/2317/4474 5003/2318/4475
f 5003/2318/4475 4995/2310/4467 4994/2309/4466
f 5003/2318/4475 5002/2317/4474 4995/2310/4467
f 5004/2319/4476 4994/2309/4466 4997/2312/4469
f 4842/2186/4314 5003/2318/4475 5004/2319/4476
f 4842/2186/4314 5004/2319/4476 4843/2187/4315
f 5003/2318/4475 4994/2309/4466 5004/2319/4476
f 5004/2319/4476 4997/2312/4469 5005/2320/4477
f 4843/2187/4315 5004/2319/4476 5005/2320/4477
f 5005/2320/4477 4997/2312/4469 5006/2321/4478
f 5005/2320/4477 5006/2321/4478 5007/2322/4479
f 5007/2322/4479 5006/2321/4478 5008/2323/4480
f 4776/2121/4248 5008/2323/4480 4777/2122/4249
f 4845/2189/4317 5007/2322/4479 5008/2323/4480
f 4845/2189/4317 5008/2323/4480 4846/2190/4318
f 4846/2190/4318 5008/2323/4480 4776/2121/4248
f 4786/2131/4258 4777/2122/4249 5008/2323/4480
f 4788/2133/4260 4786/2131/4258 5008/2323/4480
f 5008/2323/4480 5006/2321/4478 5009/2324/4481
f 5009/2324/4481 5006/2321/4478 4997/2312/4469
f 5009/2324/4481 4997/2312/4469 4814/2158/4286
f 4990/2305/4462 5009/2324/4481 4814/2158/4286
f 4990/2305/4462 4788/2133/4260 5009/2324/4481
f 4788/2133/4260 5008/2323/4480 5009/2324/4481
f 5010/2325/4482 4773/2118/4245 5000/2315/4472
f 4816/2160/4288 4773/2118/4245 5010/2325/4482
f 4815/2159/4287 4816/2160/4288 5010/2325/4482
f 5011/2326/4483 5003/2318/4475 4842/2186/4314
f 4841/2185/4313 5011/2326/4483 4842/2186/4314
f 5011/2326/4483 5000/2315/4472 5003/2318/4475
f 5010/2325/4482 5000/2315/4472 5011/2326/4483
f 4841/2185/4313 4808/2152/4280 5011/2326/4483
f 5012/2327/4484 5005/2320/4477 5007/2322/4479
f 5012/2327/4484 5007/2322/4479 4845/2189/4317
f 4843/2187/4315 5005/2320/4477 5012/2327/4484
f 4778/2123/4250 4779/2124/4251 5013/2328/4485
f 5013/2328/4485 4779/2124/4251 5014/2329/4486
f 5015/2330/4487 4819/2163/4291 4818/2162/4290
f 5015/2330/4487 5014/2329/4486 4819/2163/4291
f 5013/2328/4485 5014/2329/4486 5015/2330/4487
f 5015/2330/4487 4818/2162/4290 5016/2331/4488
f 5016/2331/4488 4818/2162/4290 5017/2332/4489
f 5018/2333/4430 5017/2332/4489 4988/2303/4460
f 5016/2331/4488 5017/2332/4489 5018/2333/4430
f 4988/2303/4460 5017/2332/4489 5019/2334/4490
f 4820/2164/4292 4822/2166/4294 5019/2334/4490
f 4988/2303/4460 5019/2334/4490 4987/2302/4459
f 4987/2302/4459 5019/2334/4490 4822/2166/4294
f 4987/2302/4459 4822/2166/4294 5020/2335/4491
f 5020/2335/4491 4822/2166/4294 4821/2165/4293
f 5020/2335/4491 4821/2165/4293 4824/2168/4296
f 5020/2335/4491 4824/2168/4296 4830/2174/4302
f 5021/2336/4492 4781/2126/4253 4780/2125/4252
f 5021/2336/4492 4830/2174/4302 4781/2126/4253
f 5020/2335/4491 4830/2174/4302 5021/2336/4492
f 4780/2125/4252 4782/2127/4254 5022/2337/4493
f 5023/2338/4494 4825/2169/4297 4827/2171/4299
f 4825/2169/4297 5023/2338/4494 4782/2127/4254
f 5022/2337/4493 5023/2338/4494 4784/2129/4256
f 5023/2338/4494 4827/2171/4299 4823/2167/4295
f 5022/2337/4493 4782/2127/4254 5023/2338/4494
f 5024/2339/4495 4783/2128/4255 4784/2129/4256
f 4784/2129/4256 5023/2338/4494 5024/2339/4495
f 5024/2339/4495 5023/2338/4494 5025/2340/4496
f 5025/2340/4496 5023/2338/4494 4823/2167/4295
f 5025/2340/4496 4823/2167/4295 4820/2164/4292
f 5024/2339/4495 5026/2341/4497 4783/2128/4255
f 4783/2128/4255 5026/2341/4497 4817/2161/4289
f 5024/2339/4495 5025/2340/4496 5026/2341/4497
f 4785/2130/4257 4789/2134/4261 5027/2342/4498
f 4784/2129/4256 5028/2343/4499 5022/2337/4493
f 4785/2130/4257 5028/2343/4499 4784/2129/4256
f 4785/2130/4257 5027/2342/4498 5028/2343/4499
f 5022/2337/4493 5028/2343/4499 5029/2344/4500
f 5022/2337/4493 5029/2344/4500 5030/2345/4501
f 5022/2337/4493 5030/2345/4501 5031/2346/4502
f 5031/2346/4502 5030/2345/4501 5032/2347/4503
f 5031/2346/4502 5032/2347/4503 5033/2348/4504
f 5033/2348/4504 5032/2347/4503 5034/2349/4505
f 5034/2349/4505 5035/2350/4506 4983/2298/4455
f 5034/2349/4505 5032/2347/4503 5035/2350/4506
f 5034/2349/4505 4983/2298/4455 5036/2351/4507
f 5036/2351/4507 4983/2298/4455 4985/2300/4457
f 5036/2351/4507 5020/2335/4491 5034/2349/4505
f 5036/2351/4507 4985/2300/4457 4987/2302/4459
f 5036/2351/4507 4987/2302/4459 5020/2335/4491
f 5034/2349/4505 5037/2352/4508 5033/2348/4504
f 5033/2348/4504 5037/2352/4508 5020/2335/4491
f 5034/2349/4505 5020/2335/4491 5037/2352/4508
f 5038/2353/4509 5020/2335/4491 5021/2336/4492
f 5033/2348/4504 5020/2335/4491 5038/2353/4509
f 5038/2353/4509 5021/2336/4492 5039/2354/4510
f 5039/2354/4510 5021/2336/4492 4780/2125/4252
f 5039/2354/4510 4780/2125/4252 5022/2337/4493
f 5039/2354/4510 5033/2348/4504 5038/2353/4509
f 5039/2354/4510 5022/2337/4493 5040/2355/4511
f 5040/2355/4511 5033/2348/4504 5039/2354/4510
f 5040/2355/4511 5031/2346/4502 5033/2348/4504
f 5040/2355/4511 5022/2337/4493 5031/2346/4502
f 5041/2356/4512 5042/2357/4513 5043/2150/4514
f 5042/2357/4513 5044/2358/4515 5043/2150/4514
f 5044/2358/4515 5045/2149/4516 5043/2150/4514
f 4790/2135/4262 4792/2137/4264 5045/2149/4516
f 4790/2135/4262 5045/2149/4516 5044/2358/4515
f 5045/2149/4516 5046/2151/4517 5043/2150/4514
f 5045/2149/4516 5047/2359/4518 5046/2151/4517
f 5045/2149/4516 4792/2137/4264 5047/2359/4518
f 4791/2136/4263 5048/2360/4519 4792/2137/4264
f 4792/2137/4264 5048/2360/4519 5047/2359/4518
f 5048/2360/4519 5049/2142/4520 5047/2359/4518
f 5048/2360/4519 5050/2141/4521 5049/2142/4520
f 4793/2138/4265 4795/2140/4267 5050/2141/4521
f 5050/2141/4521 5051/2143/4522 5049/2142/4520
f 5051/2143/4522 5052/2361/4523 5049/2142/4520
f 5052/2361/4523 5047/2359/4518 5049/2142/4520
f 5053/2362/4524 5046/2151/4517 5047/2359/4518
f 5053/2362/4524 5043/2150/4514 5046/2151/4517
f 5052/2361/4523 5053/2362/4524 5047/2359/4518
f 5053/2362/4524 5054/2363/4525 5043/2150/4514
f 5054/2363/4525 5055/2364/4526 5043/2150/4514
f 5055/2364/4526 5041/2356/4512 5043/2150/4514
f 5056/2365/4527 5042/2357/4513 5041/2356/4512
f 5055/2364/4526 5056/2365/4527 5041/2356/4512
f 5056/2365/4527 5057/2366/4528 5042/2357/4513
f 5057/2366/4528 5058/2367/4529 5042/2357/4513
f 5058/2367/4529 5044/2358/4515 5042/2357/4513
f 5058/2367/4529 4790/2135/4262 5044/2358/4515
f 5059/2368/4530 5050/2141/4521 5048/2360/4519
f 4791/2136/4263 5059/2368/4530 5048/2360/4519
f 4793/2138/4265 5050/2141/4521 5060/2145/4531
f 5059/2368/4530 4791/2136/4263 5060/2145/4531
f 5059/2368/4530 5060/2145/4531 5050/2141/4521
f 4791/2136/4263 4790/2135/4262 5061/2144/4532
f 4791/2136/4263 5061/2144/4532 5060/2145/4531
f 4790/2135/4262 5062/2369/4533 5061/2144/4532
f 4790/2135/4262 5063/2370/4534 5062/2369/4533
f 4790/2135/4262 5058/2367/4529 5063/2370/4534
f 5058/2367/4529 5064/2371/4535 5063/2370/4534
f 5058/2367/4529 5057/2366/4528 5064/2371/4535
f 5057/2366/4528 5056/2365/4527 5064/2371/4535
f 5056/2365/4527 5065/2146/4536 5064/2371/4535
f 5056/2365/4527 5066/2148/4537 5065/2146/4536
f 5066/2148/4537 5067/2147/4538 5065/2146/4536
f 5068/2372/4539 5062/2369/4533 5063/2370/4534
f 5068/2372/4539 5063/2370/4534 5064/2371/4535
f 5068/2372/4539 5064/2371/4535 5065/2146/4536
f 5065/2146/4536 5067/2147/4538 5068/2372/4539
f 5068/2372/4539 5067/2147/4538 5069/2373/4540
f 5070/2374/4541 5062/2369/4533 5068/2372/4539
f 5068/2372/4539 5069/2373/4540 5070/2374/4541
f 5070/2374/4541 5069/2373/4540 5071/2375/4542
f 5071/2375/4542 4794/2139/4266 4793/2138/4265
f 4793/2138/4265 5060/2145/4531 5071/2375/4542
f 5071/2375/4542 5060/2145/4531 5061/2144/4532
f 5071/2375/4542 5061/2144/4532 5062/2369/4533
f 5071/2375/4542 5062/2369/4533 5070/2374/4541
f 5071/2375/4542 5069/2373/4540 4794/2139/4266
f 4807/2151/4279 5072/2359/4543 4805/2149/4277
f 5072/2359/4543 4797/2142/4269 5073/2360/4544
f 4796/2141/4268 5073/2360/4544 4797/2142/4269
f 5072/2359/4543 5073/2360/4544 5074/2137/4545
f 5074/2137/4545 5073/2360/4544 4800/2136/4272
f 4805/2149/4277 5072/2359/4543 5074/2137/4545
f 4800/2136/4272 5073/2360/4544 5075/2368/4546
f 4800/2136/4272 5075/2368/4546 4801/2145/4273
f 4801/2145/4273 5075/2368/4546 4796/2141/4268
f 4796/2141/4268 5075/2368/4546 5073/2360/4544
f 4798/2143/4270 4797/2142/4269 5076/2361/4547
f 5076/2361/4547 4797/2142/4269 5072/2359/4543
f 5076/2361/4547 5072/2359/4543 5077/2362/4548
f 4807/2151/4279 4806/2150/4278 5077/2362/4548
f 5077/2362/4548 5072/2359/4543 4807/2151/4279
f 5078/2135/4549 4800/2136/4272 4799/2144/4271
f 4805/2149/4277 5074/2137/4545 5078/2135/4549
f 5078/2135/4549 5074/2137/4545 4800/2136/4272
f 4799/2144/4271 4801/2145/4273 5079/2375/4550
f 5079/2375/4550 4801/2145/4273 5080/2138/4551
f 5080/2138/4551 4801/2145/4273 4796/2141/4268
f 5080/2138/4551 4796/2141/4268 5081/2140/4552
f 5082/2139/4553 5079/2375/4550 5080/2138/4551
f 5081/2140/4552 5082/2139/4553 5080/2138/4551
f 5082/2139/4553 5083/2373/4554 5079/2375/4550
f 5083/2373/4554 5084/2374/4555 5079/2375/4550
f 5085/2369/4556 4799/2144/4271 5079/2375/4550
f 5085/2369/4556 5078/2135/4549 4799/2144/4271
f 5084/2374/4555 5085/2369/4556 5079/2375/4550
f 5086/2370/4557 5078/2135/4549 5085/2369/4556
f 5087/2372/4558 4803/2147/4275 4802/2146/4274
f 5086/2370/4557 5085/2369/4556 5087/2372/4558
f 5087/2372/4558 5083/2373/4554 4803/2147/4275
f 5087/2372/4558 5085/2369/4556 5084/2374/4555
f 5087/2372/4558 5084/2374/4555 5083/2373/4554
f 4802/2146/4274 4804/2148/4276 5088/2365/4559
f 4802/2146/4274 5088/2365/4559 5089/2371/4560
f 4802/2146/4274 5089/2371/4560 5087/2372/4558
f 5087/2372/4558 5089/2371/4560 5086/2370/4557
f 5086/2370/4557 5089/2371/4560 5090/2367/4561
f 5086/2370/4557 5090/2367/4561 5078/2135/4549
f 5078/2135/4549 5091/2358/4562 4805/2149/4277
f 5078/2135/4549 5090/2367/4561 5091/2358/4562
f 4805/2149/4277 5091/2358/4562 4806/2150/4278
f 5077/2362/4548 4806/2150/4278 5092/2363/4563
f 4806/2150/4278 5093/2364/4564 5092/2363/4563
f 5094/2356/4565 5088/2365/4559 5093/2364/4564
f 4806/2150/4278 5094/2356/4565 5093/2364/4564
f 5094/2356/4565 5095/2357/4566 5088/2365/4559
f 5095/2357/4566 5094/2356/4565 4806/2150/4278
f 5095/2357/4566 4806/2150/4278 5091/2358/4562
f 5095/2357/4566 5091/2358/4562 5090/2367/4561
f 5095/2357/4566 5096/2366/4567 5088/2365/4559
f 5096/2366/4567 5089/2371/4560 5088/2365/4559
f 5096/2366/4567 5090/2367/4561 5089/2371/4560
f 5096/2366/4567 5095/2357/4566 5090/2367/4561
f 5097/2196/4568 5098/2376/4569 5099/2377/4570
f 4992/2307/4464 4903/2239/4375 5100/2198/4571
f 4770/2115/4242 5100/2198/4571 5097/2196/4568
f 4772/2117/4244 5100/2198/4571 4770/2115/4242
f 4992/2307/4464 5100/2198/4571 4772/2117/4244
f 5097/2196/4568 5100/2198/4571 5098/2376/4569
f 5098/2376/4569 5100/2198/4571 5101/2378/4572
f 5102/2379/4573 5100/2198/4571 4903/2239/4375
f 5101/2378/4572 5100/2198/4571 5102/2379/4573
f 5103/2380/4574 4903/2239/4375 4902/2201/4374
f 5102/2379/4573 4903/2239/4375 5103/2380/4574
f 5103/2380/4574 4902/2201/4374 5104/2199/4575
f 5104/2199/4575 4902/2201/4374 5105/2200/4576
f 5106/2381/4577 5107/2382/4578 5108/2192/4579
f 5108/2192/4579 5107/2382/4578 5109/2191/4580
f 5108/2192/4579 5109/2191/4580 5110/2193/4581
f 5110/2193/4581 5109/2191/4580 5111/2194/4582
f 5110/2193/4581 5111/2194/4582 5112/2383/4583
f 4898/2235/4370 5112/2383/4583 4899/2236/4371
f 5112/2383/4583 5111/2194/4582 4899/2236/4371
f 4808/2152/4280 5113/2384/4584 4809/2153/4281
f 4810/2154/4282 4811/2155/4283 5114/2385/4585
f 4815/2159/4287 5010/2325/4482 5115/2386/4586
f 5115/2386/4586 5010/2325/4482 5011/2326/4483
f 5115/2386/4586 5011/2326/4483 5116/2387/4587
f 4815/2159/4287 5116/2387/4587 4812/2156/4284
f 4815/2159/4287 5115/2386/4586 5116/2387/4587
f 4812/2156/4284 5116/2387/4587 4813/2157/4285
f 5116/2387/4587 5011/2326/4483 5117/2388/4588
f 5118/2389/4589 5117/2388/4588 5011/2326/4483
f 5116/2387/4587 5117/2388/4588 5118/2389/4589
f 5119/2390/4590 4808/2152/4280 4810/2154/4282
f 5119/2390/4590 4810/2154/4282 5114/2385/4585
f 5119/2390/4590 5114/2385/4585 5118/2389/4589
f 5118/2389/4589 5011/2326/4483 5119/2390/4590
f 5119/2390/4590 5011/2326/4483 4808/2152/4280
f 5118/2389/4589 5114/2385/4585 5120/2391/4591
f 5121/2392/4592 5116/2387/4587 5118/2389/4589
f 5121/2392/4592 4813/2157/4285 5116/2387/4587
f 5120/2391/4591 5121/2392/4592 5118/2389/4589
f 5121/2392/4592 5122/2393/4593 4813/2157/4285
f 5122/2393/4593 4814/2158/4286 4813/2157/4285
f 5122/2393/4593 5123/2394/4594 4814/2158/4286
f 5123/2394/4594 4990/2305/4462 4814/2158/4286
f 5124/2395/4595 4819/2163/4291 5014/2329/4486
f 5124/2395/4595 5014/2329/4486 4779/2124/4251
f 4783/2128/4255 4817/2161/4289 5124/2395/4595
f 5124/2395/4595 4817/2161/4289 4819/2163/4291
f 4783/2128/4255 5124/2395/4595 4779/2124/4251
f 5025/2340/4496 4820/2164/4292 5125/2396/4596
f 5026/2341/4497 5125/2396/4596 4817/2161/4289
f 5125/2396/4596 4820/2164/4292 5019/2334/4490
f 4817/2161/4289 5125/2396/4596 4818/2162/4290
f 5125/2396/4596 5017/2332/4489 4818/2162/4290
f 5125/2396/4596 5019/2334/4490 5017/2332/4489
f 5026/2341/4497 5025/2340/4496 5125/2396/4596
f 4826/2170/4298 5126/2397/4597 4824/2168/4296
f 5126/2397/4597 4830/2174/4302 4824/2168/4296
f 5126/2397/4597 4828/2172/4300 4830/2174/4302
f 4829/2173/4301 5127/2398/4598 4781/2126/4253
f 5128/2399/4599 4782/2127/4254 4781/2126/4253
f 5128/2399/4599 4825/2169/4297 4782/2127/4254
f 5127/2398/4598 5128/2399/4599 4781/2126/4253
f 4854/2115/4326 4856/2117/4328 5129/2116/4600
f 4856/2117/4328 5130/2306/4601 5129/2116/4600
f 4855/2198/4327 5131/2307/4602 4856/2117/4328
f 4856/2117/4328 5131/2307/4602 5130/2306/4601
f 5131/2307/4602 5132/2182/4603 5130/2306/4601
f 5132/2182/4603 5133/2308/4604 5130/2306/4601
f 5132/2182/4603 5134/2183/4605 5133/2308/4604
f 5135/2400/4606 5136/2401/4607 5137/2402/4608
f 5135/2400/4606 5138/2403/4609 5136/2401/4607
f 5139/2232/4610 4882/2221/4354 4884/2223/4356
f 5138/2403/4609 5139/2232/4610 5136/2401/4607
f 5139/2232/4610 4884/2223/4356 5136/2401/4607
f 5138/2403/4609 5140/2234/4611 5139/2232/4610
f 5141/2404/4612 5142/2405/4613 5143/2406/4614
f 4853/2197/4325 5141/2404/4612 5143/2406/4614
f 4851/2195/4323 4853/2197/4325 5143/2406/4614
f 5141/2404/4612 5144/2407/4615 5142/2405/4613
f 5144/2407/4615 5145/2408/4616 5142/2405/4613
f 5144/2407/4615 5146/2409/4617 5145/2408/4616
f 5146/2409/4617 5147/2410/4618 5145/2408/4616
f 5146/2409/4617 5148/2411/4619 5147/2410/4618
f 5148/2411/4619 5149/2412/4620 5147/2410/4618
f 5148/2411/4619 5150/2413/4621 5149/2412/4620
f 5150/2413/4621 5151/2414/4622 5149/2412/4620
f 5150/2413/4621 5152/2219/4623 5151/2414/4622
f 5152/2219/4623 4831/2175/4303 4833/2177/4305
f 5152/2219/4623 4833/2177/4305 5151/2414/4622
f 4831/2175/4303 5153/2415/4624 4832/2176/4304
f 4831/2175/4303 4865/2207/4337 5153/2415/4624
f 4832/2176/4304 5153/2415/4624 5154/2180/4625
f 5153/2415/4624 4868/2210/4340 5155/2179/4626
f 5154/2180/4625 5155/2179/4626 4834/2178/4306
f 5154/2180/4625 5153/2415/4624 5155/2179/4626
f 5155/2179/4626 4868/2210/4340 4869/2211/4341
f 4834/2178/4306 5155/2179/4626 5156/2416/4627
f 5155/2179/4626 4869/2211/4341 5156/2416/4627
f 5156/2416/4627 4869/2211/4341 4835/2179/4307
f 4834/2178/4306 5156/2416/4627 4835/2179/4307
f 5157/2415/4628 4873/2213/4345 4872/2207/4344
f 4835/2179/4307 4870/2210/4342 5157/2415/4628
f 5157/2415/4628 4870/2210/4342 4873/2213/4345
f 4836/2180/4308 4835/2179/4307 5157/2415/4628
f 4836/2180/4308 5157/2415/4628 5158/2176/4629
f 5157/2415/4628 4872/2207/4344 5159/2175/4630
f 5158/2176/4629 5157/2415/4628 5159/2175/4630
f 5158/2176/4629 5159/2175/4630 5160/2177/4631
f 5160/2177/4631 5159/2175/4630 4880/2219/4352
f 5160/2177/4631 4880/2219/4352 5161/2414/4632
f 5161/2414/4632 4880/2219/4352 5162/2413/4633
f 5162/2413/4633 4879/2218/4351 4877/2216/4349
f 4880/2219/4352 4879/2218/4351 5162/2413/4633
f 5161/2414/4632 5162/2413/4633 5163/2412/4634
f 5162/2413/4633 4877/2216/4349 5164/2411/4635
f 5163/2412/4634 5162/2413/4633 5164/2411/4635
f 5163/2412/4634 5164/2411/4635 5165/2410/4636
f 5165/2410/4636 5164/2411/4635 5166/2409/4637
f 5164/2411/4635 4877/2216/4349 5166/2409/4637
f 5166/2409/4637 4877/2216/4349 4878/2217/4350
f 5165/2410/4636 5166/2409/4637 5167/2408/4638
f 5167/2408/4638 5166/2409/4637 5168/2407/4639
f 5166/2409/4637 4878/2217/4350 5168/2407/4639
f 5167/2408/4638 5168/2407/4639 5169/2405/4640
f 5169/2405/4640 5168/2407/4639 5170/2404/4641
f 5169/2405/4640 5170/2404/4641 5171/2406/4642
f 5172/2417/4643 5105/2200/4576 4902/2201/4374
f 5173/2418/4644 5172/2417/4643 4901/2238/4373
f 5172/2417/4643 4902/2201/4374 4901/2238/4373
f 5174/2419/4645 4901/2238/4373 4838/2182/4310
f 4893/2230/4365 5174/2419/4645 4837/2181/4309
f 5173/2418/4644 4901/2238/4373 5174/2419/4645
f 5174/2419/4645 4838/2182/4310 4837/2181/4309
f 4840/2184/4312 4839/2183/4311 5175/2420/4646
f 4840/2184/4312 5175/2420/4646 5176/2421/4647
f 5176/2421/4647 5175/2420/4646 5177/2184/4648
f 5177/2184/4648 5175/2420/4646 5134/2183/4605
f 5178/2181/4649 5134/2183/4605 5132/2182/4603
f 5177/2184/4648 5134/2183/4605 5178/2181/4649
f 4891/2230/4363 5178/2181/4649 5179/2419/4650
f 5178/2181/4649 5132/2182/4603 5179/2419/4650
f 5179/2419/4650 5132/2182/4603 5180/2238/4651
f 5179/2419/4650 5180/2238/4651 5181/2418/4652
f 4859/2201/4331 4858/2200/4330 5182/2417/4653
f 5181/2418/4652 5180/2238/4651 5182/2417/4653
f 4859/2201/4331 5182/2417/4653 5180/2238/4651
f 4888/2227/4360 4886/2225/4358 5183/2422/4654
f 4888/2227/4360 5183/2422/4654 4887/2226/4359
f 5183/2422/4654 5184/2423/4655 5139/2232/4610
f 5139/2232/4610 5184/2423/4655 4882/2221/4354
f 5183/2422/4654 4886/2225/4358 5184/2423/4655
f 5136/2401/4607 4884/2223/4356 5185/2424/4656
f 5136/2401/4607 5185/2424/4656 5137/2402/4608
f 5135/2400/4606 5137/2402/4608 5185/2424/4656
f 4844/2188/4316 4846/2190/4318 5186/2425/4657
f 5186/2425/4657 4846/2190/4318 4776/2121/4248
f 5187/2426/4658 4776/2121/4248 4778/2123/4250
f 5186/2425/4657 4776/2121/4248 5187/2426/4658
f 5186/2425/4657 5188/2427/4659 4844/2188/4316
f 5186/2425/4657 5187/2426/4658 5188/2427/4659
f 5189/2428/4660 5012/2327/4484 4845/2189/4317
f 4844/2188/4316 5188/2427/4659 5189/2428/4660
f 5189/2428/4660 4845/2189/4317 4844/2188/4316
f 5189/2428/4660 5188/2427/4659 5190/2429/4661
f 5191/2430/4662 5012/2327/4484 5189/2428/4660
f 5189/2428/4660 5190/2429/4661 5191/2430/4662
f 5191/2430/4662 5190/2429/4661 5192/2431/4434
f 5191/2430/4662 5192/2431/4434 5113/2384/4584
f 5191/2430/4662 5113/2384/4584 5193/2432/4663
f 5193/2432/4663 4843/2187/4315 5012/2327/4484
f 5193/2432/4663 4808/2152/4280 4841/2185/4313
f 5193/2432/4663 5113/2384/4584 4808/2152/4280
f 4841/2185/4313 4843/2187/4315 5193/2432/4663
f 5193/2432/4663 5012/2327/4484 5191/2430/4662
f 5187/2426/4658 4778/2123/4250 5194/2433/4664
f 5194/2433/4664 4778/2123/4250 5013/2328/4485
f 4850/2194/4322 4849/2193/4321 5195/2383/4665
f 5195/2383/4665 5196/2236/4666 4850/2194/4322
f 4850/2194/4322 5197/2434/4667 4847/2191/4319
f 4850/2194/4322 5196/2236/4666 5197/2434/4667
f 4847/2191/4319 5197/2434/4667 5198/2435/4668
f 4847/2191/4319 5198/2435/4668 5199/2436/4669
f 4847/2191/4319 5199/2436/4669 5200/2382/4670
f 5200/2382/4670 4848/2192/4320 4847/2191/4319
f 5200/2382/4670 5199/2436/4669 5201/2437/4671
f 5200/2382/4670 5202/2381/4672 4848/2192/4320
f 5200/2382/4670 5201/2437/4671 5202/2381/4672
f 5202/2381/4672 5201/2437/4671 5203/2438/4673
f 5204/2377/4674 4852/2196/4324 4851/2195/4323
f 5202/2381/4672 5203/2438/4673 5204/2377/4674
f 5204/2377/4674 5203/2438/4673 5205/2439/4675
f 5206/2376/4676 4855/2198/4327 4852/2196/4324
f 5204/2377/4674 5205/2439/4675 5206/2376/4676
f 5204/2377/4674 5206/2376/4676 4852/2196/4324
f 5206/2376/4676 5205/2439/4675 5207/2378/4677
f 5206/2376/4676 5207/2378/4677 4855/2198/4327
f 5207/2378/4677 5205/2439/4675 5208/2440/4678
f 5207/2378/4677 5208/2440/4678 5209/2379/4679
f 5207/2378/4677 5209/2379/4679 4855/2198/4327
f 5209/2379/4679 5208/2440/4678 5210/2441/4680
f 4857/2199/4329 5211/2442/4681 4860/2202/4332
f 5211/2442/4681 4861/2203/4333 4860/2202/4332
f 5210/2441/4680 4861/2203/4333 5211/2442/4681
f 5209/2379/4679 5210/2441/4680 5211/2442/4681
f 5209/2379/4679 5211/2442/4681 5212/2380/4682
f 5212/2380/4682 5211/2442/4681 4857/2199/4329
f 5212/2380/4682 4857/2199/4329 4859/2201/4331
f 5213/2235/4683 5196/2236/4666 5195/2383/4665
f 4858/2200/4330 4862/2204/4334 5213/2235/4683
f 5213/2235/4683 5214/2237/4684 5196/2236/4666
f 4861/2203/4333 5214/2237/4684 4862/2204/4334
f 5213/2235/4683 4862/2204/4334 5214/2237/4684
f 5215/2443/4685 4891/2230/4363 5179/2419/4650
f 5215/2443/4685 5181/2418/4652 5182/2417/4653
f 5215/2443/4685 5179/2419/4650 5181/2418/4652
f 4886/2225/4358 5215/2443/4685 5182/2417/4653
f 4886/2225/4358 4885/2224/4357 5216/2444/4686
f 5215/2443/4685 4886/2225/4358 5216/2444/4686
f 4885/2224/4357 5217/2445/4687 5216/2444/4686
f 4885/2224/4357 5218/2446/4688 5217/2445/4687
f 5218/2446/4688 5219/2447/4689 5217/2445/4687
f 5218/2446/4688 5220/2448/4690 5219/2447/4689
f 5140/2234/4611 5220/2448/4690 5218/2446/4688
f 5220/2448/4690 5221/2449/4691 5219/2447/4689
f 5209/2379/4679 5222/2239/4692 4855/2198/4327
f 5222/2239/4692 5132/2182/4603 5131/2307/4602
f 5209/2379/4679 5212/2380/4682 5222/2239/4692
f 5212/2380/4682 4859/2201/4331 5222/2239/4692
f 4855/2198/4327 5222/2239/4692 5131/2307/4602
f 5222/2239/4692 5180/2238/4651 5132/2182/4603
f 5222/2239/4692 4859/2201/4331 5180/2238/4651
f 5184/2423/4655 4886/2225/4358 5223/2450/4693
f 4886/2225/4358 5182/2417/4653 5223/2450/4693
f 4882/2221/4354 5223/2450/4693 4883/2222/4355
f 4858/2200/4330 5213/2235/4683 5223/2450/4693
f 5213/2235/4683 5195/2383/4665 5223/2450/4693
f 4858/2200/4330 5223/2450/4693 5182/2417/4653
f 5195/2383/4665 4883/2222/4355 5223/2450/4693
f 4882/2221/4354 5184/2423/4655 5223/2450/4693
f 4849/2193/4321 4848/2192/4320 5224/2451/4694
f 5202/2381/4672 5204/2377/4674 5225/2452/4695
f 4848/2192/4320 5225/2452/4695 5224/2451/4694
f 5204/2377/4674 4851/2195/4323 5225/2452/4695
f 4848/2192/4320 5202/2381/4672 5225/2452/4695
f 5205/2439/4675 5226/2242/4696 5208/2440/4678
f 5210/2441/4680 5226/2242/4696 4861/2203/4333
f 5203/2438/4673 5226/2242/4696 5205/2439/4675
f 5201/2437/4671 5226/2242/4696 5203/2438/4673
f 5208/2440/4678 5226/2242/4696 5210/2441/4680
f 5197/2434/4667 5196/2236/4666 5227/2240/4697
f 5196/2236/4666 5214/2237/4684 5227/2240/4697
f 5198/2435/4668 5197/2434/4667 5227/2240/4697
f 4861/2203/4333 5226/2242/4696 5227/2240/4697
f 4861/2203/4333 5227/2240/4697 5214/2237/4684
f 5226/2242/4696 5201/2437/4671 5228/2241/4698
f 5201/2437/4671 5199/2436/4669 5228/2241/4698
f 5198/2435/4668 5227/2240/4697 5228/2241/4698
f 5199/2436/4669 5198/2435/4668 5228/2241/4698
f 5226/2242/4696 5228/2241/4698 5227/2240/4697
f 5229/2233/4699 5218/2446/4688 4885/2224/4357
f 5229/2233/4699 5140/2234/4611 5218/2446/4688
f 5183/2422/4654 5229/2233/4699 4887/2226/4359
f 5183/2422/4654 5139/2232/4610 5229/2233/4699
f 5139/2232/4610 5140/2234/4611 5229/2233/4699
f 4887/2226/4359 5229/2233/4699 4885/2224/4357
f 5215/2443/4685 5216/2444/4686 5230/2453/4700
f 5230/2453/4700 4889/2228/4361 4891/2230/4363
f 5230/2453/4700 4891/2230/4363 5215/2443/4685
f 5230/2453/4700 5231/2454/4701 4889/2228/4361
f 5216/2444/4686 5231/2454/4701 5230/2453/4700
f 5231/2454/4701 4890/2229/4362 4889/2228/4361
f 5232/2455/4702 4894/2229/4366 4892/2231/4364
f 4894/2229/4366 5232/2455/4702 5231/2454/4701
f 5231/2454/4701 5232/2455/4702 4890/2229/4362
f 4894/2229/4366 5231/2454/4701 5233/2228/4703
f 4893/2230/4365 4894/2229/4366 5233/2228/4703
f 4893/2230/4365 5233/2228/4703 5234/2453/4704
f 5233/2228/4703 5231/2454/4701 5234/2453/4704
f 5216/2444/4686 5235/2456/4705 5231/2454/4701
f 5235/2456/4705 5216/2444/4686 5217/2445/4687
f 4853/2197/4325 5236/2457/4706 5141/2404/4612
f 4853/2197/4325 4854/2115/4326 5236/2457/4706
f 4854/2115/4326 5237/2458/4707 5236/2457/4706
f 4971/2293/4443 4972/2294/4444 5238/2459/4708
f 5236/2457/4706 5237/2458/4707 5238/2459/4708
f 5236/2457/4706 5238/2459/4708 5239/2460/4709
f 5239/2460/4709 5144/2407/4615 5141/2404/4612
f 5236/2457/4706 5239/2460/4709 5141/2404/4612
f 5239/2460/4709 5238/2459/4708 5240/2217/4710
f 5239/2460/4709 5240/2217/4710 5144/2407/4615
f 5240/2217/4710 5146/2409/4617 5144/2407/4615
f 5238/2459/4708 5241/2215/4711 5240/2217/4710
f 5146/2409/4617 5242/2216/4712 5148/2411/4619
f 5241/2215/4711 5242/2216/4712 5240/2217/4710
f 5240/2217/4710 5242/2216/4712 5146/2409/4617
f 5148/2411/4619 5242/2216/4712 5150/2413/4621
f 5241/2215/4711 5243/2214/4713 5242/2216/4712
f 5243/2214/4713 5244/2218/4714 5242/2216/4712
f 5150/2413/4621 5242/2216/4712 5244/2218/4714
f 5150/2413/4621 5244/2218/4714 5152/2219/4623
f 5243/2214/4713 5245/2461/4715 5244/2218/4714
f 5152/2219/4623 5244/2218/4714 5246/2220/4716
f 5245/2461/4715 5246/2220/4716 5244/2218/4714
f 5245/2461/4715 5247/2462/4717 5246/2220/4716
f 4863/2205/4335 4865/2207/4337 5248/2463/4718
f 5247/2462/4717 5248/2463/4718 5246/2220/4716
f 5152/2219/4623 5246/2220/4716 5248/2463/4718
f 5152/2219/4623 5248/2463/4718 4831/2175/4303
f 4831/2175/4303 5248/2463/4718 4865/2207/4337
f 5247/2462/4717 4863/2205/4335 5248/2463/4718
f 4864/2206/4336 5249/2212/4719 4865/2207/4337
f 5153/2415/4624 5250/2213/4720 4868/2210/4340
f 5249/2212/4719 5250/2213/4720 4865/2207/4337
f 5249/2212/4719 4866/2208/4338 5250/2213/4720
f 5153/2415/4624 4865/2207/4337 5250/2213/4720
f 4866/2208/4338 4868/2210/4340 5250/2213/4720
f 4867/2209/4339 5251/2208/4721 4870/2210/4342
f 5251/2208/4721 4871/2212/4343 4873/2213/4345
f 5251/2208/4721 4873/2213/4345 4870/2210/4342
f 4874/2206/4346 5252/2205/4722 4872/2207/4344
f 5252/2205/4722 5253/2463/4723 4872/2207/4344
f 5159/2175/4630 5253/2463/4723 4880/2219/4352
f 5159/2175/4630 4872/2207/4344 5253/2463/4723
f 4880/2219/4352 5253/2463/4723 4881/2220/4353
f 5252/2205/4722 5254/2462/4724 5253/2463/4723
f 5254/2462/4724 4881/2220/4353 5253/2463/4723
f 5252/2205/4722 4939/2272/4411 5254/2462/4724
f 5254/2462/4724 5255/2461/4725 4881/2220/4353
f 5254/2462/4724 4939/2272/4411 5255/2461/4725
f 5255/2461/4725 4879/2218/4351 4881/2220/4353
f 5255/2461/4725 4875/2214/4347 4879/2218/4351
f 5256/2459/4726 4978/2294/4450 4976/2293/4448
f 4876/2215/4348 5256/2459/4726 4878/2217/4350
f 5256/2459/4726 5257/2460/4727 4878/2217/4350
f 5168/2407/4639 5257/2460/4727 5170/2404/4641
f 5168/2407/4639 4878/2217/4350 5257/2460/4727
f 5170/2404/4641 5257/2460/4727 5258/2457/4728
f 5256/2459/4726 5258/2457/4728 5257/2460/4727
f 5256/2459/4726 5259/2458/4729 5258/2457/4728
f 5259/2458/4729 4770/2115/4242 5258/2457/4728
f 4890/2229/4362 5232/2455/4702 5260/2231/4730
f 5260/2231/4730 5177/2184/4648 5178/2181/4649
f 4890/2229/4362 5260/2231/4730 4891/2230/4363
f 4891/2230/4363 5260/2231/4730 5178/2181/4649
f 5261/2464/4731 5176/2421/4647 5177/2184/4648
f 5261/2464/4731 4840/2184/4312 5176/2421/4647
f 5261/2464/4731 4892/2231/4364 4840/2184/4312
f 5260/2231/4730 5261/2464/4731 5177/2184/4648
f 5232/2455/4702 5261/2464/4731 5260/2231/4730
f 5232/2455/4702 4892/2231/4364 5261/2464/4731
f 4893/2230/4365 5234/2453/4704 5262/2443/4732
f 5262/2443/4732 5172/2417/4643 5173/2418/4644
f 4893/2230/4365 5262/2443/4732 5174/2419/4645
f 5262/2443/4732 5173/2418/4644 5174/2419/4645
f 5262/2443/4732 5263/2225/4733 5172/2417/4643
f 5264/2450/4734 4898/2235/4370 5105/2200/4576
f 5264/2450/4734 5105/2200/4576 5172/2417/4643
f 5263/2225/4733 5264/2450/4734 5172/2417/4643
f 5264/2450/4734 5112/2383/4583 4898/2235/4370
f 5263/2225/4733 5265/2423/4735 5264/2450/4734
f 5265/2423/4735 5266/2221/4736 5264/2450/4734
f 5265/2423/4735 4895/2232/4367 5266/2221/4736
f 5266/2221/4736 5267/2222/4737 5264/2450/4734
f 5267/2222/4737 5112/2383/4583 5264/2450/4734
f 5268/2465/4738 4883/2222/4355 5195/2383/4665
f 4883/2222/4355 5268/2465/4738 4884/2223/4356
f 4884/2223/4356 5268/2465/4738 5185/2424/4656
f 5268/2465/4738 5269/2466/4739 5185/2424/4656
f 5268/2465/4738 5195/2383/4665 5269/2466/4739
f 5195/2383/4665 5270/2467/4740 5269/2466/4739
f 4849/2193/4321 5270/2467/4740 5195/2383/4665
f 4849/2193/4321 5224/2451/4694 5270/2467/4740
f 5140/2234/4611 5138/2403/4609 5271/2468/4741
f 5140/2234/4611 5271/2468/4741 5220/2448/4690
f 5138/2403/4609 5135/2400/4606 5272/2469/4742
f 5138/2403/4609 5272/2469/4742 5271/2468/4741
f 5272/2469/4742 5135/2400/4606 5185/2424/4656
f 5224/2451/4694 5273/2470/4743 5270/2467/4740
f 5224/2451/4694 5225/2452/4695 5274/2471/4744
f 5224/2451/4694 5274/2471/4744 5273/2470/4743
f 4851/2195/4323 5143/2406/4614 5275/2472/4745
f 5225/2452/4695 5275/2472/4745 5274/2471/4744
f 5225/2452/4695 4851/2195/4323 5275/2472/4745
f 4854/2115/4326 5276/2473/4585 5237/2458/4707
f 5129/2116/4600 5130/2306/4601 5277/2474/4591
f 4854/2115/4326 5129/2116/4600 5277/2474/4591
f 4854/2115/4326 5277/2474/4591 5276/2473/4585
f 5130/2306/4601 5133/2308/4604 5278/2475/4592
f 5130/2306/4601 5278/2475/4592 5277/2474/4591
f 5133/2308/4604 5279/2476/4593 5278/2475/4592
f 5279/2476/4593 5133/2308/4604 5280/2477/4594
f 5280/2477/4594 5133/2308/4604 5134/2183/4605
f 5280/2477/4594 5134/2183/4605 5281/2478/4462
f 5281/2478/4462 5134/2183/4605 5282/2479/4461
f 5282/2479/4461 5134/2183/4605 5175/2420/4646
f 5282/2479/4461 5175/2420/4646 5283/2480/4261
f 5284/2479/4498 5175/2420/4646 4839/2183/4311
f 5283/2480/4261 5175/2420/4646 5284/2479/4498
f 5284/2479/4498 4839/2183/4311 5285/2478/4499
f 5285/2478/4499 4839/2183/4311 5286/2477/4500
f 5286/2477/4500 4839/2183/4311 4993/2308/4465
f 5286/2477/4500 4993/2308/4465 5287/2476/4501
f 5288/2475/4503 4993/2308/4465 4991/2306/4463
f 5287/2476/4501 4993/2308/4465 5288/2475/4503
f 5289/2474/4506 4991/2306/4463 4771/2116/4243
f 5289/2474/4506 4771/2116/4243 4770/2115/4242
f 5288/2475/4503 4991/2306/4463 5289/2474/4506
f 5289/2474/4506 4770/2115/4242 5290/2473/4455
f 5290/2473/4455 4770/2115/4242 5259/2458/4729
f 5258/2457/4728 5291/2197/4746 5170/2404/4641
f 5258/2457/4728 4770/2115/4242 5291/2197/4746
f 5170/2404/4641 5291/2197/4746 5171/2406/4642
f 4770/2115/4242 5097/2196/4568 5291/2197/4746
f 5171/2406/4642 5291/2197/4746 5292/2195/4747
f 5291/2197/4746 5097/2196/4568 5292/2195/4747
f 5292/2195/4747 5097/2196/4568 5099/2377/4570
f 5171/2406/4642 5292/2195/4747 5293/2472/4748
f 5292/2195/4747 5099/2377/4570 5294/2452/4749
f 5294/2452/4749 5099/2377/4570 5106/2381/4577
f 5294/2452/4749 5106/2381/4577 5108/2192/4579
f 5293/2472/4748 5292/2195/4747 5294/2452/4749
f 5293/2472/4748 5294/2452/4749 5295/2471/4750
f 5295/2471/4750 5294/2452/4749 5296/2451/4751
f 5296/2451/4751 5108/2192/4579 5110/2193/4581
f 5294/2452/4749 5108/2192/4579 5296/2451/4751
f 5295/2471/4750 5296/2451/4751 5297/2470/4752
f 5298/2467/4753 5110/2193/4581 5112/2383/4583
f 5298/2467/4753 5296/2451/4751 5110/2193/4581
f 5297/2470/4752 5296/2451/4751 5298/2467/4753
f 5271/2468/4741 5272/2469/4742 5299/2481/4754
f 5271/2468/4741 5299/2481/4754 5300/2482/4755
f 5271/2468/4741 5300/2482/4755 5220/2448/4690
f 5300/2482/4755 5221/2449/4691 5220/2448/4690
f 5301/2444/4756 5234/2453/4704 5231/2454/4701
f 5217/2445/4687 5301/2444/4756 5235/2456/4705
f 5301/2444/4756 5262/2443/4732 5234/2453/4704
f 5262/2443/4732 5301/2444/4756 5263/2225/4733
f 5235/2456/4705 5301/2444/4756 5231/2454/4701
f 5302/2400/4757 5303/2402/4758 5304/2401/4759
f 5305/2403/4760 4895/2232/4367 4897/2234/4369
f 5302/2400/4757 5304/2401/4759 5305/2403/4760
f 5305/2403/4760 5304/2401/4759 4895/2232/4367
f 5265/2423/4735 5306/2422/4761 4895/2232/4367
f 5263/2225/4733 5306/2422/4761 5265/2423/4735
f 5263/2225/4733 5307/2227/4762 5306/2422/4761
f 5306/2422/4761 4896/2233/4368 4895/2232/4367
f 5267/2222/4737 5266/2221/4736 5308/2223/4763
f 5308/2223/4763 4895/2232/4367 5304/2401/4759
f 5266/2221/4736 4895/2232/4367 5308/2223/4763
f 5309/2424/4764 5303/2402/4758 5302/2400/4757
f 5309/2424/4764 5304/2401/4759 5303/2402/4758
f 5308/2223/4763 5304/2401/4759 5309/2424/4764
f 5307/2227/4762 5263/2225/4733 5310/2226/4765
f 5307/2227/4762 5310/2226/4765 5306/2422/4761
f 5306/2422/4761 5310/2226/4765 4896/2233/4368
f 5263/2225/4733 5311/2224/4766 5310/2226/4765
f 5301/2444/4756 5311/2224/4766 5263/2225/4733
f 5301/2444/4756 5217/2445/4687 5311/2224/4766
f 5310/2226/4765 5311/2224/4766 4896/2233/4368
f 5217/2445/4687 5312/2446/4767 5311/2224/4766
f 4896/2233/4368 5311/2224/4766 5312/2446/4767
f 5217/2445/4687 5219/2447/4689 5312/2446/4767
f 4896/2233/4368 5312/2446/4767 4897/2234/4369
f 5219/2447/4689 5313/2448/4768 5312/2446/4767
f 5313/2448/4768 5221/2449/4691 5300/2482/4755
f 4897/2234/4369 5312/2446/4767 5313/2448/4768
f 5219/2447/4689 5221/2449/4691 5313/2448/4768
f 5314/2468/4769 5313/2448/4768 5300/2482/4755
f 5299/2481/4754 5314/2468/4769 5300/2482/4755
f 4897/2234/4369 5314/2468/4769 5305/2403/4760
f 4897/2234/4369 5313/2448/4768 5314/2468/4769
f 5315/2469/4770 5309/2424/4764 5302/2400/4757
f 5299/2481/4754 5315/2469/4770 5314/2468/4769
f 5305/2403/4760 5314/2468/4769 5315/2469/4770
f 5305/2403/4760 5315/2469/4770 5302/2400/4757
f 5111/2194/4582 5316/2434/4771 4899/2236/4371
f 4904/2240/4376 4899/2236/4371 5316/2434/4771
f 5111/2194/4582 5109/2191/4580 5316/2434/4771
f 4904/2240/4376 5316/2434/4771 5317/2435/4772
f 5109/2191/4580 5317/2435/4772 5316/2434/4771
f 4905/2241/4377 4904/2240/4376 5317/2435/4772
f 5109/2191/4580 5318/2436/4773 5317/2435/4772
f 4905/2241/4377 5317/2435/4772 5318/2436/4773
f 5109/2191/4580 5107/2382/4578 5318/2436/4773
f 4905/2241/4377 5318/2436/4773 5319/2437/4774
f 5107/2382/4578 5106/2381/4577 5319/2437/4774
f 4905/2241/4377 5319/2437/4774 4906/2242/4378
f 5107/2382/4578 5319/2437/4774 5318/2436/4773
f 5106/2381/4577 5320/2438/4775 5319/2437/4774
f 5106/2381/4577 5099/2377/4570 5320/2438/4775
f 5319/2437/4774 5320/2438/4775 4906/2242/4378
f 5099/2377/4570 5098/2376/4569 5321/2439/4776
f 5099/2377/4570 5321/2439/4776 5320/2438/4775
f 4906/2242/4378 5320/2438/4775 5321/2439/4776
f 5098/2376/4569 5101/2378/4572 5322/2440/4777
f 5098/2376/4569 5322/2440/4777 5321/2439/4776
f 4906/2242/4378 5321/2439/4776 5322/2440/4777
f 5101/2378/4572 5102/2379/4573 5323/2441/4778
f 5101/2378/4572 5323/2441/4778 5322/2440/4777
f 4906/2242/4378 5322/2440/4777 5323/2441/4778
f 5102/2379/4573 5103/2380/4574 5323/2441/4778
f 5103/2380/4574 5324/2442/4779 5323/2441/4778
f 5103/2380/4574 5104/2199/4575 5324/2442/4779
f 5104/2199/4575 5105/2200/4576 5325/2202/4780
f 5104/2199/4575 5325/2202/4780 5324/2442/4779
f 4898/2235/4370 4900/2237/4372 5326/2204/4781
f 5105/2200/4576 4898/2235/4370 5326/2204/4781
f 5105/2200/4576 5326/2204/4781 5325/2202/4780
f 5308/2223/4763 5309/2424/4764 5327/2465/4782
f 5267/2222/4737 5308/2223/4763 5327/2465/4782
f 5112/2383/4583 5267/2222/4737 5327/2465/4782
f 5112/2383/4583 5328/2466/4783 5298/2467/4753
f 5309/2424/4764 5328/2466/4783 5327/2465/4782
f 5327/2465/4782 5328/2466/4783 5112/2383/4583
f 5326/2204/4781 5329/2203/4784 5325/2202/4780
f 5329/2203/4784 5324/2442/4779 5325/2202/4780
f 5326/2204/4781 4900/2237/4372 5329/2203/4784
f 4900/2237/4372 4904/2240/4376 5329/2203/4784
f 4906/2242/4378 5323/2441/4778 5329/2203/4784
f 5329/2203/4784 5323/2441/4778 5324/2442/4779
f 4904/2240/4376 4906/2242/4378 5329/2203/4784
f 4909/2245/4381 4908/2244/4380 5330/2248/4785
f 4909/2245/4381 5330/2248/4785 5331/2483/4786
f 4909/2245/4381 5331/2483/4786 5332/2249/4787
f 4909/2245/4381 5332/2249/4787 4907/2243/4379
f 4907/2243/4379 5332/2249/4787 5333/2484/4788
f 4907/2243/4379 5333/2484/4788 5334/2485/4789
f 4907/2243/4379 5335/2486/4422 4908/2244/4380
f 4907/2243/4379 5334/2485/4789 5335/2486/4422
f 4908/2244/4380 5335/2486/4422 5336/2487/4790
f 4908/2244/4380 5336/2487/4790 5330/2248/4785
f 5330/2248/4785 5336/2487/4790 5337/2488/4791
f 5330/2248/4785 5337/2488/4791 5338/2247/4792
f 5338/2247/4792 5337/2488/4791 5339/2489/4793
f 5338/2247/4792 5339/2489/4793 5340/2490/4794
f 4917/2251/4389 5341/2491/4795 4918/2252/4390
f 5342/2492/4419 5343/2493/4796 5341/2491/4795
f 4918/2252/4390 5341/2491/4795 5343/2493/4796
f 5342/2492/4419 5341/2491/4795 5344/2485/4417
f 4917/2251/4389 5345/2494/4797 5341/2491/4795
f 5344/2485/4417 5341/2491/4795 5345/2494/4797
f 4915/2249/4387 5346/2484/4798 5345/2494/4797
f 4914/2243/4386 5344/2485/4417 5346/2484/4798
f 4915/2249/4387 4914/2243/4386 5346/2484/4798
f 5344/2485/4417 5345/2494/4797 5346/2484/4798
f 4918/2252/4390 5343/2493/4796 5347/2491/4799
f 5347/2491/4799 5343/2493/4796 5348/2492/4800
f 5347/2491/4799 5348/2492/4800 5334/2485/4789
f 5349/2494/4801 5333/2484/4788 5332/2249/4787
f 5349/2494/4801 5334/2485/4789 5333/2484/4788
f 5347/2491/4799 5334/2485/4789 5349/2494/4801
f 5349/2494/4801 5332/2249/4787 5350/2495/4802
f 5350/2495/4802 5332/2249/4787 5331/2483/4786
f 5351/2246/4803 5338/2247/4792 5340/2490/4794
f 5351/2246/4803 5330/2248/4785 5338/2247/4792
f 5350/2495/4802 5331/2483/4786 5351/2246/4803
f 5351/2246/4803 5331/2483/4786 5330/2248/4785
f 5351/2246/4803 5340/2490/4794 5352/2496/4804
f 5352/2496/4804 5340/2490/4794 5353/2497/4805
f 5352/2496/4804 5354/2490/4806 4910/2246/4382
f 5352/2496/4804 5353/2497/4805 5354/2490/4806
f 4910/2246/4382 5354/2490/4806 4911/2247/4383
f 4910/2246/4382 4912/2248/4384 5355/2483/4807
f 5355/2483/4807 4912/2248/4384 4913/2245/4385
f 4913/2245/4385 4915/2249/4387 5355/2483/4807
f 4913/2245/4385 5356/2244/4808 4914/2243/4386
f 4913/2245/4385 4912/2248/4384 5356/2244/4808
f 5355/2483/4807 5357/2495/4809 4910/2246/4382
f 5355/2483/4807 4915/2249/4387 5357/2495/4809
f 4916/2250/4388 5357/2495/4809 4917/2251/4389
f 5357/2495/4809 5345/2494/4797 4917/2251/4389
f 5357/2495/4809 4915/2249/4387 5345/2494/4797
f 4910/2246/4382 5357/2495/4809 5358/2498/4810
f 5352/2496/4804 5358/2498/4810 5351/2246/4803
f 5351/2246/4803 5358/2498/4810 5350/2495/4802
f 4910/2246/4382 5358/2498/4810 5352/2496/4804
f 5358/2498/4810 5357/2495/4809 5359/2499/4811
f 4916/2250/4388 5350/2495/4802 5359/2499/4811
f 5358/2498/4810 5359/2499/4811 5350/2495/4802
f 5357/2495/4809 4916/2250/4388 5359/2499/4811
f 5360/2251/4812 5349/2494/4801 5350/2495/4802
f 4916/2250/4388 5360/2251/4812 5350/2495/4802
f 5360/2251/4812 4916/2250/4388 4918/2252/4390
f 5360/2251/4812 5347/2491/4799 5349/2494/4801
f 5360/2251/4812 4918/2252/4390 5347/2491/4799
f 4914/2243/4386 5356/2244/4808 5361/2486/4426
f 4914/2243/4386 5361/2486/4426 5344/2485/4417
f 5356/2244/4808 5362/2487/4813 5361/2486/4426
f 5356/2244/4808 4912/2248/4384 5362/2487/4813
f 4912/2248/4384 5363/2488/4814 5362/2487/4813
f 4912/2248/4384 4911/2247/4383 5363/2488/4814
f 4911/2247/4383 5364/2489/4815 5363/2488/4814
f 4911/2247/4383 5354/2490/4806 5364/2489/4815
f 4982/2291/4454 5365/2290/4816 4980/2296/4452
f 4980/2296/4452 5365/2290/4816 4926/2259/4398
f 5365/2290/4816 4925/2258/4397 4926/2259/4398
f 5365/2290/4816 4928/2261/4400 4925/2258/4397
f 5366/2263/4817 4920/2254/4392 4923/2257/4395
f 5366/2263/4817 4929/2262/4401 4967/2261/4439
f 4929/2262/4401 5366/2263/4817 4923/2257/4395
f 4920/2254/4392 5367/2258/4818 4965/2259/4437
f 5366/2263/4817 4967/2261/4439 5367/2258/4818
f 5367/2258/4818 4967/2261/4439 4968/2290/4440
f 5366/2263/4817 5367/2258/4818 4920/2254/4392
f 5367/2258/4818 4968/2290/4440 4965/2259/4437
f 5368/2500/4819 4931/2264/4403 4933/2266/4405
f 5368/2500/4819 4933/2266/4405 4966/2289/4438
f 4929/2262/4401 5368/2500/4819 4966/2289/4438
f 4934/2267/4406 5369/2501/4791 4935/2268/4407
f 5369/2501/4791 5370/2502/4820 4935/2268/4407
f 5369/2501/4791 5371/2503/4790 5370/2502/4820
f 5371/2503/4790 5372/2504/4821 5370/2502/4820
f 5372/2504/4821 5373/2505/4822 5370/2502/4820
f 5372/2504/4821 5374/2506/4823 5373/2505/4822
f 5374/2506/4823 4937/2270/4409 5373/2505/4822
f 4938/2271/4410 4937/2270/4409 5374/2506/4823
f 4936/2269/4408 5375/2507/4824 4937/2270/4409
f 4937/2270/4409 5375/2507/4824 5373/2505/4822
f 5375/2507/4824 5376/2508/4825 5373/2505/4822
f 5373/2505/4822 5376/2508/4825 4961/2285/4433
f 5376/2508/4825 4962/2287/4434 4961/2285/4433
f 4931/2264/4403 5377/2509/4826 5378/2510/4794
f 4931/2264/4403 5368/2500/4819 5377/2509/4826
f 5378/2510/4794 5377/2509/4826 5379/2511/4805
f 5377/2509/4826 5380/2510/4806 5379/2511/4805
f 5368/2500/4819 5381/2264/4827 5377/2509/4826
f 5377/2509/4826 5381/2264/4827 5380/2510/4806
f 5381/2264/4827 5382/2512/4815 5380/2510/4806
f 5381/2264/4827 5383/2267/4828 5382/2512/4815
f 5383/2267/4828 5384/2501/4814 5382/2512/4815
f 4936/2269/4408 4971/2293/4443 5385/2513/4829
f 5386/2514/4830 5385/2513/4829 5276/2473/4585
f 5385/2513/4829 4971/2293/4443 5238/2459/4708
f 5385/2513/4829 5375/2507/4824 4936/2269/4408
f 5385/2513/4829 5238/2459/4708 5237/2458/4707
f 5385/2513/4829 5237/2458/4707 5276/2473/4585
f 5386/2514/4830 5375/2507/4824 5385/2513/4829
f 5387/2515/4831 5374/2506/4823 5372/2504/4821
f 4938/2271/4410 5374/2506/4823 5387/2515/4831
f 5387/2515/4831 5372/2504/4821 5388/2516/4832
f 5387/2515/4831 5388/2516/4832 4938/2271/4410
f 4952/2284/4424 5389/2276/4833 5388/2516/4832
f 4951/2283/4423 5389/2276/4833 4952/2284/4424
f 4938/2271/4410 5388/2516/4832 5389/2276/4833
f 4938/2271/4410 5389/2276/4833 5390/2275/4834
f 5390/2275/4834 4974/2274/4446 4938/2271/4410
f 5390/2275/4834 5389/2276/4833 5391/2517/4835
f 4951/2283/4423 5391/2517/4835 5389/2276/4833
f 5390/2275/4834 5391/2517/4835 5392/2518/4836
f 4863/2205/4335 5392/2518/4836 4864/2206/4336
f 5392/2518/4836 5391/2517/4835 5393/2278/4837
f 5392/2518/4836 5393/2278/4837 5394/2519/4838
f 5394/2519/4838 5393/2278/4837 4948/2280/4420
f 4864/2206/4336 5392/2518/4836 5394/2519/4838
f 4864/2206/4336 5394/2519/4838 5249/2212/4719
f 5249/2212/4719 5394/2519/4838 4866/2208/4338
f 4867/2209/4339 5395/2520/4839 5251/2208/4721
f 4866/2208/4338 5395/2520/4839 4867/2209/4339
f 4866/2208/4338 5394/2519/4838 5395/2520/4839
f 5394/2519/4838 4948/2280/4420 5395/2520/4839
f 4871/2212/4343 5396/2519/4840 4874/2206/4346
f 5395/2520/4839 4948/2280/4420 5396/2519/4840
f 5396/2519/4840 4948/2280/4420 4946/2278/4418
f 5251/2208/4721 5396/2519/4840 4871/2212/4343
f 5251/2208/4721 5395/2520/4839 5396/2519/4840
f 5397/2518/4841 4942/2275/4414 4940/2273/4412
f 5252/2205/4722 5397/2518/4841 4939/2272/4411
f 4874/2206/4346 5397/2518/4841 5252/2205/4722
f 5396/2519/4840 4946/2278/4418 5397/2518/4841
f 4874/2206/4346 5396/2519/4840 5397/2518/4841
f 5397/2518/4841 4940/2273/4412 4939/2272/4411
f 5397/2518/4841 4946/2278/4418 5398/2517/4842
f 5397/2518/4841 5398/2517/4842 4942/2275/4414
f 4944/2276/4416 4942/2275/4414 5398/2517/4842
f 4944/2276/4416 5398/2517/4842 4953/2283/4425
f 4953/2283/4425 5398/2517/4842 4945/2277/4417
f 4945/2277/4417 5398/2517/4842 4946/2278/4418
f 5399/2279/4800 4948/2280/4420 5393/2278/4837
f 4949/2281/4421 4948/2280/4420 5399/2279/4800
f 5399/2279/4800 5393/2278/4837 5400/2277/4789
f 5400/2277/4789 5393/2278/4837 5391/2517/4835
f 5400/2277/4789 5391/2517/4835 4951/2283/4423
f 4950/2282/4422 5400/2277/4789 4951/2283/4423
f 5401/2521/4843 5372/2504/4821 5371/2503/4790
f 5371/2503/4790 4950/2282/4422 5401/2521/4843
f 4950/2282/4422 4952/2284/4424 5401/2521/4843
f 4952/2284/4424 5388/2516/4832 5401/2521/4843
f 5401/2521/4843 5388/2516/4832 5372/2504/4821
f 4934/2267/4406 4931/2264/4403 5402/2512/4793
f 4931/2264/4403 5378/2510/4794 5402/2512/4793
f 4934/2267/4406 5402/2512/4793 5369/2501/4791
f 5368/2500/4819 5403/2266/4844 5381/2264/4827
f 5403/2266/4844 5404/2265/4845 5381/2264/4827
f 5404/2265/4845 5383/2267/4828 5381/2264/4827
f 5403/2266/4844 4982/2291/4454 5404/2265/4845
f 5404/2265/4845 4982/2291/4454 4981/2297/4453
f 5404/2265/4845 5405/2268/4846 5383/2267/4828
f 5404/2265/4845 4981/2297/4453 5405/2268/4846
f 5405/2268/4846 5384/2501/4814 5383/2267/4828
f 5405/2268/4846 5406/2502/4847 5384/2501/4814
f 5406/2502/4847 5407/2503/4813 5384/2501/4814
f 5406/2502/4847 5408/2504/4848 5407/2503/4813
f 5409/2521/4849 4954/2282/4426 5407/2503/4813
f 5408/2504/4848 5409/2521/4849 5407/2503/4813
f 5409/2521/4849 4955/2284/4427 4954/2282/4426
f 5409/2521/4849 5410/2516/4850 4955/2284/4427
f 4943/2271/4415 4944/2276/4416 5410/2516/4850
f 4944/2276/4416 4955/2284/4427 5410/2516/4850
f 5409/2521/4849 5408/2504/4848 5410/2516/4850
f 4943/2271/4415 5410/2516/4850 5411/2515/4851
f 5408/2504/4848 5411/2515/4851 5410/2516/4850
f 5412/2506/4852 4943/2271/4415 5411/2515/4851
f 5408/2504/4848 5412/2506/4852 5411/2515/4851
f 4957/2286/4429 5413/2522/4488 4958/2287/4430
f 4957/2286/4429 5414/2255/4853 5413/2522/4488
f 4927/2260/4399 4924/2254/4396 5414/2255/4853
f 4927/2260/4399 5414/2255/4853 4957/2286/4429
f 5414/2255/4853 5415/2523/4487 5413/2522/4488
f 4924/2254/4396 5416/2253/4854 5414/2255/4853
f 4924/2254/4396 4922/2256/4394 5416/2253/4854
f 5414/2255/4853 5416/2253/4854 5415/2523/4487
f 5416/2253/4854 5417/2524/4485 5415/2523/4487
f 5416/2253/4854 5418/2525/4664 5417/2524/4485
f 4922/2256/4394 4919/2253/4391 5418/2525/4664
f 4922/2256/4394 5418/2525/4664 5416/2253/4854
f 5245/2461/4715 5419/2272/4855 5247/2462/4717
f 5247/2462/4717 5419/2272/4855 4863/2205/4335
f 5420/2526/4856 4974/2274/4446 5419/2272/4855
f 4863/2205/4335 5419/2272/4855 5392/2518/4836
f 5245/2461/4715 5420/2526/4856 5419/2272/4855
f 5255/2461/4725 4939/2272/4411 5421/2526/4857
f 5421/2526/4857 4939/2272/4411 4941/2274/4413
f 5422/2527/4858 4941/2274/4413 4979/2295/4451
f 5421/2526/4857 5422/2527/4858 5255/2461/4725
f 5421/2526/4857 4941/2274/4413 5422/2527/4858
f 5255/2461/4725 5423/2528/4859 4875/2214/4347
f 5256/2459/4726 5423/2528/4859 4978/2294/4450
f 5255/2461/4725 5422/2527/4858 5423/2528/4859
f 4875/2214/4347 5423/2528/4859 4876/2215/4348
f 4978/2294/4450 5423/2528/4859 4979/2295/4451
f 5423/2528/4859 5422/2527/4858 4979/2295/4451
f 4876/2215/4348 5423/2528/4859 5256/2459/4726
f 5256/2459/4726 5424/2513/4860 5259/2458/4729
f 5256/2459/4726 4976/2293/4448 5424/2513/4860
f 5424/2513/4860 4976/2293/4448 4977/2269/4449
f 5259/2458/4729 5424/2513/4860 5290/2473/4455
f 5290/2473/4455 5424/2513/4860 5425/2514/4861
f 5290/2473/4455 5425/2514/4861 5426/2529/4456
f 5424/2513/4860 4977/2269/4449 5427/2507/4862
f 5425/2514/4861 5424/2513/4860 5427/2507/4862
f 5426/2529/4456 5425/2514/4861 5427/2507/4862
f 5426/2529/4456 5427/2507/4862 5428/2530/4458
f 5429/2508/4863 4956/2285/4428 4958/2287/4430
f 5428/2530/4458 5427/2507/4862 5429/2508/4863
f 5428/2530/4458 5429/2508/4863 5430/2531/4460
f 5430/2531/4460 5429/2508/4863 4958/2287/4430
f 4919/2253/4391 5431/2524/4658 5418/2525/4664
f 4919/2253/4391 4921/2255/4393 5432/2523/4659
f 4919/2253/4391 5432/2523/4659 5431/2524/4658
f 4960/2286/4432 4962/2287/4434 5433/2522/4864
f 4921/2255/4393 5433/2522/4864 5432/2523/4659
f 4921/2255/4393 4960/2286/4432 5433/2522/4864
f 5370/2502/4820 5373/2505/4822 5434/2532/4865
f 5373/2505/4822 4961/2285/4433 5434/2532/4865
f 4963/2288/4435 5434/2532/4865 4961/2285/4433
f 4935/2268/4407 5370/2502/4820 5434/2532/4865
f 4963/2288/4435 5435/2297/4866 5434/2532/4865
f 4935/2268/4407 5434/2532/4865 5435/2297/4866
f 4932/2265/4404 4935/2268/4407 5435/2297/4866
f 4932/2265/4404 5435/2297/4866 4969/2291/4441
f 5436/2296/4867 4963/2288/4435 4965/2259/4437
f 5436/2296/4867 4968/2290/4440 4969/2291/4441
f 5436/2296/4867 4965/2259/4437 4968/2290/4440
f 5436/2296/4867 4969/2291/4441 5435/2297/4866
f 4963/2288/4435 5436/2296/4867 5435/2297/4866
f 5376/2508/4825 5437/2531/4584 4962/2287/4434
f 5376/2508/4825 5375/2507/4824 5438/2530/4281
f 5376/2508/4825 5438/2530/4281 5437/2531/4584
f 5375/2507/4824 5439/2529/4283 5438/2530/4281
f 5386/2514/4830 5276/2473/4585 5439/2529/4283
f 5375/2507/4824 5386/2514/4830 5439/2529/4283
f 4974/2274/4446 5440/2527/4868 4973/2295/4445
f 5245/2461/4715 5440/2527/4868 5420/2526/4856
f 5420/2526/4856 5440/2527/4868 4974/2274/4446
f 5441/2528/4869 5238/2459/4708 4972/2294/4444
f 5441/2528/4869 4972/2294/4444 4973/2295/4445
f 5440/2527/4868 5441/2528/4869 4973/2295/4445
f 5241/2215/4711 5238/2459/4708 5441/2528/4869
f 5243/2214/4713 5441/2528/4869 5245/2461/4715
f 5245/2461/4715 5441/2528/4869 5440/2527/4868
f 5241/2215/4711 5441/2528/4869 5243/2214/4713
f 5392/2518/4836 5442/2273/4870 5390/2275/4834
f 5419/2272/4855 4974/2274/4446 5442/2273/4870
f 5419/2272/4855 5442/2273/4870 5392/2518/4836
f 5390/2275/4834 5442/2273/4870 4974/2274/4446
f 5412/2506/4852 5443/2270/4871 4943/2271/4415
f 4943/2271/4415 5443/2270/4871 4977/2269/4449
f 5443/2270/4871 5427/2507/4862 4977/2269/4449
f 5444/2505/4872 5429/2508/4863 5427/2507/4862
f 5444/2505/4872 4956/2285/4428 5429/2508/4863
f 5412/2506/4852 5444/2505/4872 5443/2270/4871
f 5408/2504/4848 5444/2505/4872 5412/2506/4852
f 5406/2502/4847 5444/2505/4872 5408/2504/4848
f 5443/2270/4871 5444/2505/4872 5427/2507/4862
f 5405/2268/4846 4981/2297/4453 5445/2532/4873
f 5445/2532/4873 4959/2288/4431 4956/2285/4428
f 5445/2532/4873 4981/2297/4453 4959/2288/4431
f 5406/2502/4847 5445/2532/4873 5444/2505/4872
f 5405/2268/4846 5445/2532/4873 5406/2502/4847
f 5444/2505/4872 5445/2532/4873 4956/2285/4428
f 5368/2500/4819 4929/2262/4401 5446/2289/4874
f 5446/2289/4874 4929/2262/4401 4928/2261/4400
f 5446/2289/4874 4928/2261/4400 5365/2290/4816
f 4982/2291/4454 5446/2289/4874 5365/2290/4816
f 5368/2500/4819 5446/2289/4874 5403/2266/4844
f 5403/2266/4844 5446/2289/4874 4982/2291/4454
