mtllib base.mtl
# Blender 4.3.2
# www.blender.org
o model
v -0.794778 1.508202 0.013761
v -0.793024 1.528466 0.014390
v -0.770086 1.538834 0.019169
v -0.776245 1.468966 0.026425
v -0.782616 1.482023 0.027711
v -0.760957 1.509495 0.005762
v -0.745466 1.487347 0.011806
v -0.753152 1.524359 0.035885
v -0.771676 1.539142 0.013282
v -0.762065 1.449686 0.040835
v -0.766733 1.486515 0.039210
v -0.755715 1.449989 0.033191
v -0.751323 1.357672 0.052417
v -0.750529 1.371903 0.050354
v -0.743153 1.358118 0.044646
v -0.709171 1.535355 0.008446
v -0.728063 1.336894 0.052075
v -0.731655 1.432958 0.055848
v -0.731406 1.373840 0.063834
v -0.725560 1.433683 0.041369
v -0.731643 1.548074 0.023717
v -0.722892 1.389693 0.035995
v -0.720740 1.489187 0.058176
v -0.729298 1.450523 0.059517
v -0.702419 1.528900 0.047979
v -0.726562 1.645202 0.003872
v -0.726801 1.647742 -0.019353
v -0.704873 1.347270 0.068427
v -0.705159 1.455409 0.069358
v -0.707895 1.550727 0.028863
v -0.722885 1.651557 0.046168
v -0.723835 1.647665 -0.046435
v -0.709545 1.323781 0.048173
v -0.708549 1.510072 0.007794
v -0.710587 1.668433 -0.000549
v -0.712502 1.667592 0.081073
v -0.716031 1.243792 0.043746
v -0.708130 1.324686 0.058056
v -0.708951 1.550116 0.017253
v -0.710569 1.659543 -0.090828
v -0.704515 1.245621 0.033981
v -0.689416 1.418702 0.030203
v -0.705845 1.494729 0.013528
v -0.709416 1.558715 0.000556
v -0.703428 1.638049 -0.050487
v -0.710396 1.660330 0.080979
v -0.706608 1.669997 -0.044786
v -0.696048 1.680769 0.065899
v -0.702604 1.267703 0.042731
v -0.680750 1.354141 0.028076
v -0.681443 1.374380 0.080996
v -0.682092 1.396932 0.026019
v -0.698386 1.450747 0.032978
v -0.701867 1.470224 0.023797
v -0.698716 1.509283 0.057679
v -0.704867 1.610850 -0.046539
v -0.705013 1.593393 0.041538
v -0.706871 1.635166 0.017443
v -0.709372 1.634563 -0.014528
v -0.705831 1.673186 0.038346
v -0.696865 1.222070 0.044205
v -0.691190 1.222538 0.034633
v -0.680669 1.443266 0.081321
v -0.703740 1.504754 -0.048934
v -0.701875 1.641789 0.050836
v -0.694590 1.643783 -0.076125
v -0.695542 1.671885 -0.116664
v -0.696965 1.675861 -0.069789
v -0.696312 1.751565 -0.029396
v -0.696113 1.755435 0.024437
v -0.698786 1.191159 0.042095
v -0.684522 1.274292 0.051604
v -0.656288 1.303222 0.035575
v -0.689218 1.471125 0.072974
v -0.695419 1.492920 0.065054
v -0.692464 1.557995 0.084226
v -0.690410 1.562894 -0.096023
v -0.695817 1.675003 0.110966
v -0.683427 1.687439 0.088418
v -0.692341 1.733974 0.056924
v -0.671856 1.423697 0.087512
v -0.696221 1.438981 0.038544
v -0.686337 1.508679 -0.097936
v -0.688091 1.649367 -0.094832
v -0.690399 1.651328 0.082840
v -0.679529 1.744384 -0.088156
v -0.668917 1.331207 0.069925
v -0.697345 1.440747 -0.000045
v -0.687660 1.510673 0.087859
v -0.682727 1.684031 -0.099010
v -0.673762 1.181321 0.037876
v -0.674980 1.180504 0.046829
v -0.666162 1.303744 0.043741
v -0.679178 1.459889 0.098716
v -0.673574 1.669957 0.131200
v -0.685809 1.785023 -0.053290
v -0.672568 1.864787 0.006199
v -0.692314 1.440532 -0.050645
v -0.671365 1.668339 -0.136192
v -0.675624 1.678703 -0.138703
v -0.676550 1.689137 0.101426
v -0.650775 1.212403 0.024430
v -0.671173 1.360766 -0.006788
v -0.662686 1.399530 0.089900
v -0.674846 1.443817 -0.098488
v -0.674212 1.517531 0.122743
v -0.662742 1.660008 0.124233
v -0.660303 1.660701 -0.134243
v -0.674170 1.679733 0.135445
v -0.662718 1.822207 -0.092136
v -0.670530 1.865959 -0.043663
v -0.679205 1.204943 0.053721
v -0.672184 1.368777 0.025858
v -0.670897 1.473732 0.115619
v -0.661062 1.564067 -0.135352
v -0.665640 1.597273 0.121896
v -0.663567 1.689663 -0.125020
v -0.649404 1.870838 0.091489
v -0.674684 1.833161 0.051336
v -0.669501 1.866085 0.042206
v -0.666683 1.363596 -0.052729
v -0.650712 1.367020 0.085925
v -0.649681 1.367057 -0.098938
v -0.664389 1.777765 0.098073
v -0.653512 1.869939 -0.091762
v -0.655540 1.222285 0.063998
v -0.647035 1.232498 0.025120
v -0.657921 1.691328 0.124329
v -0.653897 1.788533 -0.116374
v -0.658383 1.147306 0.046991
v -0.650499 1.136565 0.041269
v -0.658212 1.167147 0.034729
v -0.661899 1.302621 0.049989
v -0.643894 1.442384 -0.137129
v -0.658856 1.519749 0.120272
v -0.655465 1.504921 -0.136943
v -0.658678 1.575518 0.142497
v -0.643491 1.758195 0.127219
v -0.655173 1.275658 0.055266
v -0.663903 1.347209 0.027067
v -0.659921 1.420198 0.112736
v -0.657165 1.471203 0.111195
v -0.658960 1.499462 0.115280
v -0.652016 1.595734 0.150548
v -0.651190 1.678467 0.155175
v -0.632581 1.692668 -0.152040
v -0.646516 1.169438 0.058272
v -0.652674 1.323858 0.030055
v -0.612803 1.272278 -0.082461
v -0.641947 1.658597 0.140789
v -0.612606 1.657419 0.167313
v -0.629633 1.690953 0.146538
v -0.649455 1.135234 0.047832
v -0.638436 1.295829 0.051563
v -0.653803 1.547725 0.129579
v -0.638340 1.639889 0.144570
v -0.643841 1.679538 -0.160050
v -0.633919 1.784395 -0.138689
v -0.642874 1.320200 0.064076
v -0.645946 1.345383 0.075484
v -0.648009 1.389145 0.116288
v -0.648741 1.425037 0.111347
v -0.646461 1.569792 0.135943
v -0.637304 1.166261 0.036035
v -0.636469 1.238527 0.062439
v -0.643936 1.445060 0.127596
v -0.624997 1.836639 0.129334
v -0.556219 1.889289 0.087825
v -0.629431 1.151289 0.049894
v -0.629593 1.272087 0.033484
v -0.641231 1.296458 0.033969
v -0.630250 1.331312 0.096447
v -0.632667 1.340688 0.115495
v -0.618391 1.369563 -0.137647
v -0.632702 1.379843 0.114781
v -0.619395 1.511365 0.154367
v -0.632479 1.596478 0.146802
v -0.628636 1.188863 0.061801
v -0.627738 1.274774 -0.046670
v -0.619057 1.268386 0.066934
v -0.632757 1.621198 0.162192
v -0.629816 1.667895 -0.157449
v -0.611250 1.747167 0.153718
v -0.618922 1.878936 -0.133742
v -0.614189 1.168282 0.055493
v -0.622240 1.207648 0.034846
v -0.631627 1.273760 0.002209
v -0.610322 1.434040 0.152399
v -0.619995 1.617964 0.155725
v -0.623653 1.654326 0.151268
v -0.621834 1.678167 0.168380
v -0.608797 1.173798 0.051658
v -0.621549 1.257227 0.036848
v -0.623135 1.266674 0.051731
v -0.602592 1.437540 -0.162294
v -0.628350 1.532535 -0.157993
v -0.620454 1.351820 0.119289
v -0.629591 1.398629 0.129352
v -0.610596 1.688404 0.158238
v -0.620098 1.878257 0.125874
v -0.612241 1.247194 0.051507
v -0.607206 1.298266 0.104932
v -0.613279 1.301427 0.111621
v -0.628019 1.345250 0.123441
v -0.612970 1.248568 0.038400
v -0.606950 1.263663 0.081004
v -0.605354 1.322257 0.123570
v -0.608793 1.557824 0.160353
v -0.612059 1.642516 0.172332
v -0.567432 1.186966 -0.056388
v -0.609478 1.310772 0.128589
v -0.593857 1.681108 -0.174820
v -0.609488 1.241952 0.046225
v -0.585213 1.481608 0.165797
v -0.560711 1.888195 -0.087241
v -0.603235 1.196790 0.053622
v -0.590461 1.386677 -0.159436
v -0.587993 1.367414 0.151349
v -0.598660 1.641073 0.166674
v -0.585412 1.885166 0.149001
v -0.584119 1.885777 -0.154986
v -0.593619 1.227973 0.059402
v -0.583085 1.261137 0.131418
v -0.592470 1.502500 -0.170861
v -0.600586 1.789204 -0.160711
v -0.589823 1.263047 -0.110382
v -0.593101 1.276887 0.108764
v -0.583624 1.666659 0.177508
v -0.569909 1.761220 -0.175363
v -0.568048 1.178683 -0.029089
v -0.554001 1.180842 -0.078368
v -0.566526 1.266705 -0.135575
v -0.578979 1.421204 0.163773
v -0.593900 1.290812 0.133394
v -0.595690 1.306249 0.126255
v -0.570755 1.660027 0.174139
v -0.568200 1.769579 0.169056
v -0.589521 1.263758 0.118584
v -0.570539 1.274066 0.133288
v -0.584444 1.575686 -0.174283
v -0.581246 1.203812 0.045990
v -0.565121 1.239503 0.116229
v -0.579703 1.258519 0.112360
v -0.567384 1.256555 0.140568
v -0.567727 1.414099 -0.170510
v -0.562952 1.319542 -0.154312
v -0.557523 1.448782 0.166752
v -0.573504 1.679666 0.174079
v -0.547788 1.175359 0.081683
v -0.552062 1.891165 -0.165391
v -0.552062 1.891150 0.160318
v -0.538139 1.180631 -0.102853
v -0.564393 1.232368 0.124681
v -0.558176 1.170345 0.047226
v -0.555414 1.578138 0.169017
v -0.542626 1.223813 0.146413
v -0.551013 1.249804 0.138602
v -0.547072 1.697282 -0.182085
v -0.567107 1.175438 0.004570
v -0.518112 1.195560 -0.132921
v -0.540634 1.367008 0.161726
v -0.561091 1.513358 -0.173144
v -0.545978 1.694366 0.176553
v -0.531408 1.260513 -0.152425
v -0.525817 1.293856 0.157875
v -0.541132 1.499466 0.164503
v -0.503700 1.105601 -0.052822
v -0.551093 1.620917 -0.177154
v -0.496876 1.899414 -0.144653
v -0.520731 1.136239 0.077902
v -0.537128 1.543770 0.164238
v -0.524403 1.153600 0.090175
v -0.541229 1.208615 0.130369
v -0.526117 1.627394 -0.172804
v -0.534001 1.205048 0.124173
v -0.538763 1.329207 -0.163162
v -0.509755 1.356461 0.159395
v -0.536054 1.581123 0.165914
v -0.525773 1.819666 -0.176158
v -0.513184 1.897846 0.137158
v -0.514485 1.109945 -0.025210
v -0.510430 1.117774 0.062946
v -0.490079 1.111462 -0.087405
v -0.545266 1.217518 0.122988
v -0.522252 1.831570 0.169927
v -0.512802 1.107615 0.017963
v -0.512736 1.183283 0.137942
v -0.521991 1.365984 -0.166401
v -0.526315 1.452080 -0.165559
v -0.508765 1.892221 -0.168037
v -0.525840 1.046282 0.076884
v -0.527769 1.063017 0.083097
v -0.527888 1.102191 0.077173
v -0.522195 1.192450 0.124373
v -0.499186 1.185208 0.151101
v -0.520944 1.218883 0.142637
v -0.529573 1.548287 -0.166423
v -0.507357 1.690073 -0.176232
v -0.513159 1.892306 0.163507
v -0.505395 1.899568 -0.000627
v -0.520943 1.078354 0.069244
v -0.504659 1.556712 0.150948
v -0.515347 1.132836 0.086735
v -0.527034 1.249603 0.149845
v -0.504936 1.491566 0.149281
v -0.501321 1.718649 0.171642
v -0.493460 1.065671 0.063879
v -0.487678 1.151498 -0.127148
v -0.505969 1.173895 0.124609
v -0.496421 1.441005 0.146969
v -0.495854 1.057725 0.088194
v -0.506451 1.087650 0.092046
v -0.480656 1.278769 0.158184
v -0.462696 1.249789 -0.160355
v -0.503987 0.877774 0.043948
v -0.491728 1.622441 0.152768
v -0.494560 1.898324 0.141485
v -0.509226 0.873604 0.041889
v -0.453485 1.185727 -0.156248
v -0.500361 1.528248 -0.150432
v -0.477508 1.832608 -0.171784
v -0.491314 0.865201 0.050741
v -0.462489 1.062596 -0.019482
v -0.489368 1.123357 0.097663
v -0.486132 1.151344 0.123849
v -0.466803 1.162854 -0.145825
v -0.493992 1.437439 -0.149555
v -0.499216 1.588202 -0.154791
v -0.492749 1.628194 -0.158070
v -0.467163 1.710248 0.157012
v -0.494909 1.765950 0.170800
v -0.492585 0.809561 0.047936
v -0.498214 0.840413 0.045718
v -0.490450 0.830296 0.032610
v -0.490386 0.863651 0.031877
v -0.469231 1.053056 0.084403
v -0.496511 1.346902 -0.160197
v -0.470464 1.745512 0.164765
v -0.457410 1.776237 -0.170330
v -0.491715 1.897483 0.067103
v -0.492833 0.789598 0.039662
v -0.492797 1.044188 0.078015
v -0.474132 1.073928 0.022661
v -0.493715 1.098182 0.056494
v -0.492546 1.896811 -0.119958
v -0.481963 1.900763 -0.022139
v -0.485506 0.773065 0.038331
v -0.486940 0.776804 0.045836
v -0.473188 0.815901 0.054327
v -0.454779 1.200330 0.155035
v -0.472129 1.351248 -0.149149
v -0.490582 1.897463 -0.066117
v -0.456185 0.881091 0.050554
v -0.467439 0.888933 0.040340
v -0.471091 1.078510 0.056925
v -0.460908 1.099939 -0.103825
v -0.468022 1.585866 -0.129829
v -0.474394 1.858970 -0.161441
v -0.478627 1.884174 0.077908
v -0.482743 1.898918 0.036190
v -0.466258 1.107786 0.099673
v -0.464346 1.304448 0.151712
v -0.487139 1.371377 0.148743
v -0.470937 1.522188 -0.125901
v -0.448741 1.794500 0.161884
v -0.469881 1.836225 0.164137
v -0.475077 0.774859 0.043756
v -0.461708 0.805371 0.030606
v -0.466279 1.129813 0.130002
v -0.477851 1.179457 0.144911
v -0.471937 1.861243 0.152061
v -0.448741 1.874830 0.028382
v -0.437032 1.063328 -0.083545
v -0.470623 1.130465 0.119295
v -0.471212 1.531905 0.122149
v -0.473183 1.878088 -0.083751
v -0.469815 1.873447 0.139386
v -0.455583 0.845352 0.022286
v -0.452851 1.060553 0.075524
v -0.476766 1.093067 0.098005
v -0.466122 1.446087 -0.125856
v -0.465895 1.456859 0.120293
v -0.467609 1.585024 0.124850
v -0.468361 1.869092 -0.129757
v -0.470570 1.873451 -0.144977
v -0.451104 1.383474 -0.124873
v -0.445581 1.716669 -0.156272
v -0.463825 1.861034 -0.102795
v -0.465994 1.865342 0.110340
v -0.461092 0.787207 0.041561
v -0.434378 0.821798 0.054528
v -0.428340 0.855318 0.056764
v -0.451764 1.066679 0.088767
v -0.462907 1.062063 -0.002674
v -0.457991 1.067173 0.064630
v -0.450509 1.090024 0.095283
v -0.461031 1.151147 0.147146
v -0.447373 1.527636 -0.094834
v -0.449027 1.644691 -0.130578
v -0.439932 1.873398 -0.159977
v -0.441591 1.869082 -0.027130
v -0.444916 0.806260 0.048324
v -0.437394 1.047097 0.057868
v -0.446329 1.145538 0.141622
v -0.443394 1.157485 0.147964
v -0.473096 1.367905 0.140977
v -0.449262 1.682072 0.140752
v -0.457947 1.858356 -0.089494
v -0.457103 1.858350 0.083472
v -0.446347 1.856005 0.066438
v -0.431868 1.275479 -0.148659
v -0.449762 1.379992 0.119402
v -0.443098 1.584173 0.092896
v -0.437177 1.613960 -0.101232
v -0.440835 1.873202 0.154331
v -0.423551 0.889305 0.033857
v -0.446551 0.966964 0.054608
v -0.448956 0.969516 0.068155
v -0.447167 1.001065 0.064543
v -0.424018 1.036754 -0.052117
v -0.431057 1.329490 -0.127993
v -0.443669 1.581033 -0.098092
v -0.447533 1.856295 -0.069769
v -0.433146 1.874228 0.098290
v -0.441500 1.884850 -0.143907
v -0.441844 0.808967 0.041702
v -0.446407 1.003120 0.077883
v -0.429045 1.030688 0.085279
v -0.439213 1.086149 0.109091
v -0.408235 1.078008 -0.122417
v -0.424716 1.104699 0.131728
v -0.443230 1.450086 -0.095497
v -0.445666 1.483324 0.090635
v -0.450517 1.636542 0.123329
v -0.428361 0.998166 0.053925
v -0.428635 1.252141 0.149153
v -0.419018 1.316460 0.120095
v -0.425751 1.375683 0.091520
v -0.447375 1.529525 0.091232
v -0.397565 1.796332 0.141227
v -0.437253 1.850909 -0.052892
v -0.437166 1.849534 0.050561
v -0.437440 0.897877 0.043941
v -0.436146 0.929395 0.045999
v -0.433870 0.946335 0.061215
v -0.429568 1.030999 0.073721
v -0.420650 1.207442 0.154060
v -0.431176 1.390030 -0.096186
v -0.436696 1.412769 0.091272
v -0.420293 1.684510 0.114989
v -0.411114 1.734014 0.131963
v -0.430397 0.949222 0.048330
v -0.411515 0.966845 0.044948
v -0.425707 1.055221 0.099340
v -0.403118 1.166984 -0.155317
v -0.429266 1.451513 -0.063925
v -0.432817 1.541526 -0.063827
v -0.430926 1.556342 0.060385
v -0.419748 1.653801 -0.100956
v -0.412481 1.851637 -0.001982
v -0.414810 0.818164 0.046871
v -0.414632 0.912121 0.042057
v -0.429645 0.948855 0.068417
v -0.408678 0.981867 0.086019
v -0.417977 1.027666 0.061468
v -0.433161 1.502662 0.060149
v -0.421133 1.612685 0.061741
v -0.415223 1.768918 -0.153369
v -0.423442 0.926867 0.056522
v -0.411190 1.329611 -0.106276
v -0.417361 1.392831 0.060168
v -0.425895 1.504223 0.028622
v -0.425865 1.532974 -0.030654
v -0.424840 1.602084 -0.067694
v -0.416730 1.646947 0.084625
v -0.396814 1.736046 -0.128129
v -0.391786 1.822169 -0.148310
v -0.441263 1.885338 0.138083
v -0.419881 0.847720 0.035397
v -0.416767 0.905167 0.051047
v -0.417040 0.932795 0.048304
v -0.392195 1.121868 -0.148438
v -0.400657 1.228763 -0.147162
v -0.422491 1.557754 0.000695
v -0.422373 1.570210 0.031295
v -0.418568 1.848551 0.026475
v -0.426978 1.864068 -0.072336
v -0.406079 1.850948 0.029459
v -0.409297 0.833926 0.051205
v -0.418015 0.925780 0.055210
v -0.379686 0.994967 -0.032402
v -0.427472 1.445634 0.057974
v -0.421984 1.454008 0.028710
v -0.418469 1.592616 -0.033812
v -0.406168 1.834215 0.147097
v -0.419500 1.846492 -0.034808
v -0.406833 0.839817 0.043824
v -0.393094 0.943333 0.089124
v -0.381887 1.019993 -0.088101
v -0.414565 1.076020 0.114948
v -0.380956 1.147508 0.151737
v -0.350598 1.143998 -0.149153
v -0.391229 1.267980 -0.124860
v -0.421875 1.450802 -0.030876
v -0.422659 1.469560 0.000689
v -0.407500 1.646758 -0.069899
v -0.402032 1.840833 -0.019684
v -0.399719 1.859997 -0.142996
v -0.392026 1.859318 0.113680
v -0.407039 0.891984 0.043680
v -0.388456 0.910106 0.073610
v -0.405404 1.016546 0.054776
v -0.405992 1.132514 0.148786
v -0.420335 1.286914 0.135073
v -0.398662 1.338592 -0.080253
v -0.416512 1.389759 -0.065254
v -0.409139 1.395711 0.000015
v -0.406186 1.627452 0.000923
v -0.404691 1.635223 -0.035855
v -0.404859 1.848626 -0.033607
v -0.405851 1.866045 -0.123941
v -0.403895 0.864427 0.047929
v -0.399992 1.029313 0.090643
v -0.405618 1.335944 0.091697
v -0.410201 1.392931 -0.033469
v -0.395929 1.656701 0.046373
v -0.403737 1.838879 0.012532
v -0.390700 0.937483 0.051960
v -0.377286 0.990421 0.002647
v -0.346998 1.039526 0.127785
v -0.395921 1.346685 0.061900
v -0.410369 1.622888 0.030330
v -0.383056 1.845404 0.046590
v -0.353460 0.899806 0.077941
v -0.387735 1.003112 0.050484
v -0.387056 1.026822 0.090925
v -0.412007 1.398899 0.031563
v -0.379211 1.720681 -0.099325
v -0.373074 1.808203 -0.131271
v -0.403478 1.858769 0.141440
v -0.360451 0.987430 -0.059526
v -0.333574 1.029759 -0.128506
v -0.371138 1.085490 -0.141380
v -0.367835 1.170776 0.148774
v -0.364418 1.256769 0.109884
v -0.392501 1.354500 0.005509
v -0.379013 1.823553 0.132617
v -0.390322 1.832665 -0.019682
v -0.384510 1.822289 -0.009856
v -0.360289 0.911116 0.086640
v -0.367434 0.998832 0.093856
v -0.393614 1.350964 -0.040511
v -0.386342 1.667502 -0.035760
v -0.371653 1.718679 0.082009
v -0.352308 1.296031 -0.048604
v -0.394394 1.357465 0.032277
v -0.377147 1.677063 0.001065
v -0.377546 1.692847 -0.066044
v -0.366289 1.749333 -0.104557
v -0.355163 1.790009 0.108351
v -0.377519 1.848492 0.132201
v -0.372365 0.962308 0.096185
v -0.375674 1.847486 -0.101981
v -0.372101 0.990981 0.052034
v -0.327598 1.089869 -0.147087
v -0.369362 1.218587 0.133156
v -0.370347 1.833284 -0.031706
v -0.356370 0.978806 0.056655
v -0.309840 1.131923 -0.139026
v -0.337478 1.228837 -0.102330
v -0.349299 1.280047 0.070375
v -0.321123 1.757940 -0.014858
v -0.364311 1.729502 -0.091549
v -0.354092 0.900276 0.081447
v -0.345462 0.988465 -0.087936
v -0.359092 1.277804 0.087819
v -0.355382 1.823085 -0.009852
v -0.374171 0.951845 0.052032
v -0.355357 0.951710 0.094089
v -0.351988 0.996636 0.090440
v -0.357266 1.032246 0.116688
v -0.339166 1.055938 0.137910
v -0.361696 1.705556 0.042381
v -0.362487 1.726909 -0.097156
v -0.366858 1.736078 -0.103187
v -0.376850 1.848556 -0.136179
v -0.341055 1.831256 -0.032592
v -0.344748 1.018207 -0.116507
v -0.337111 1.114011 0.147913
v -0.353260 1.764413 -0.096886
v -0.299442 0.927085 0.009687
v -0.334063 1.183798 -0.129722
v -0.353385 1.741414 -0.099062
v -0.348036 0.947572 0.065803
v -0.324643 0.951379 0.042896
v -0.308467 1.119734 0.140887
v -0.344399 1.284718 0.048467
v -0.349590 1.454301 -0.114866
v -0.349362 1.545071 -0.117787
v -0.350451 1.670196 -0.115257
v -0.354242 1.693014 -0.115150
v -0.352681 1.729008 -0.109491
v -0.354278 1.734314 -0.093937
v -0.342774 1.743457 -0.065381
v -0.357425 1.834721 0.092969
v -0.346059 0.971814 0.064250
v -0.351545 1.434607 -0.121923
v -0.343940 1.385902 -0.112382
v -0.344923 1.672827 -0.123117
v -0.347377 1.670790 -0.110308
v -0.340525 1.675387 -0.108193
v -0.347534 1.715557 -0.101609
v -0.345079 1.823646 -0.102342
v -0.345862 1.824676 0.102009
v -0.342367 0.914835 0.080676
v -0.317080 1.073898 0.145256
v -0.355945 1.283399 -0.077246
v -0.341292 1.414717 -0.111482
v -0.343443 1.448516 -0.127611
v -0.341739 1.555603 -0.111354
v -0.320792 1.759021 0.032964
v -0.327452 1.802646 -0.007403
v -0.332889 0.928971 0.084024
v -0.310501 0.938233 -0.040949
v -0.340884 0.982197 0.087088
v -0.345486 1.382588 -0.120685
v -0.338941 1.642731 -0.124623
v -0.336336 1.677208 -0.117473
v -0.324404 1.749331 -0.067703
v -0.335055 1.789867 -0.070192
v -0.344868 1.819273 -0.049714
v -0.336601 0.969016 0.075886
v -0.308121 0.974610 0.110661
v -0.343482 1.285957 0.001761
v -0.324297 1.254606 0.036581
v -0.335190 1.372081 -0.124105
v -0.333632 1.380441 -0.109691
v -0.334465 1.588243 -0.112721
v -0.334657 0.972009 0.081788
v -0.314925 1.040289 -0.139902
v -0.320891 1.195359 0.111084
v -0.312816 1.217563 0.078078
v -0.334231 1.432798 -0.119645
v -0.332980 1.600016 -0.121187
v -0.324438 1.763905 -0.041717
v -0.307916 0.949901 0.080500
v -0.305338 1.179269 -0.108229
v -0.334937 1.353998 -0.112873
v -0.320834 1.354001 -0.105039
v -0.334550 1.775704 0.076711
v -0.329736 1.805499 -0.057431
v -0.316437 1.346348 -0.115496
v -0.329511 1.383253 -0.118698
v -0.321300 1.797401 0.044154
v -0.298652 1.015101 0.137821
v -0.322915 1.239421 -0.070433
v -0.322324 1.794960 -0.014021
v -0.316724 1.811438 -0.020655
v -0.323736 1.253629 -0.043708
v -0.308019 1.298937 -0.103800
v -0.303965 1.308628 -0.108792
v -0.304427 1.769213 -0.047059
v -0.272908 0.932548 -0.106320
v -0.320164 1.326175 -0.101394
v -0.255422 0.935794 -0.125335
v -0.306146 1.328974 -0.104654
v -0.314396 1.764438 -0.061858
v -0.298115 1.784707 -0.037003
v -0.283528 1.124988 0.127091
v -0.278139 1.129744 -0.122117
v -0.306003 1.225950 -0.049989
v -0.273438 1.035239 -0.146354
v -0.298081 1.273853 -0.089447
v -0.301854 1.306865 -0.093465
v -0.293974 1.292934 -0.103585
v -0.265414 0.912223 0.079869
v -0.271200 1.027291 0.145638
v -0.270108 1.161514 -0.080164
v -0.302099 1.218468 0.047348
v -0.292817 1.252311 -0.092234
v -0.283543 1.167428 0.092995
v -0.280139 1.218776 -0.090735
v -0.272971 1.217008 -0.091911
v -0.283280 1.270639 -0.090764
v -0.264951 0.903590 0.055580
v -0.236736 0.899191 0.106242
v -0.278126 1.236974 -0.081000
v -0.279795 1.253216 -0.094553
v -0.247274 0.883824 -0.033820
v -0.285959 0.974166 0.127908
v -0.236631 0.953729 0.144823
v -0.244225 1.071920 -0.134896
v -0.282321 1.191120 -0.048752
v -0.279090 1.209463 -0.083527
v -0.234097 0.965303 -0.149968
v -0.259308 1.138189 0.095017
v -0.266005 1.151089 -0.091704
v -0.265279 1.171125 -0.077439
v -0.268080 1.169046 0.049662
v -0.264894 1.166994 -0.046412
v -0.266075 1.172423 0.000838
v -0.234229 0.870966 -0.000881
v -0.248957 0.889181 -0.061044
v -0.262369 1.057528 -0.143006
v -0.248952 1.148003 0.050621
v -0.268255 1.171579 -0.087074
v -0.264337 1.192265 -0.076449
v -0.270295 1.224323 -0.087014
v -0.251815 1.109442 -0.117189
v -0.236812 0.938670 -0.139596
v -0.259580 1.151380 -0.076357
v -0.258855 1.192033 -0.081954
v -0.272911 0.918635 -0.084289
v -0.238797 0.974573 0.149932
v -0.255312 1.168688 -0.086972
v -0.230547 0.870356 0.037253
v -0.262500 1.050278 0.144589
v -0.244094 1.150622 -0.001082
v -0.214047 0.904188 0.133170
v -0.214569 0.989955 -0.156448
v -0.251701 1.140688 -0.082623
v -0.237812 1.139757 -0.049549
v -0.241839 1.058000 0.139861
v -0.240000 1.088402 0.124079
v -0.238670 0.405653 0.003579
v -0.219039 0.867293 0.074373
v -0.214647 0.876644 -0.106953
v -0.234352 0.407080 -0.060782
v -0.216177 1.082887 -0.113848
v -0.212059 1.118671 0.050882
v -0.197515 0.484504 -0.057376
v -0.201399 0.483825 -0.000077
v -0.199699 1.094790 -0.086125
v -0.227844 0.410688 -0.090742
v -0.233558 0.407984 0.069980
v -0.207230 1.099947 0.087434
v -0.222309 0.413959 -0.115468
v -0.221873 0.414211 0.114220
v -0.204855 0.364950 -0.059042
v -0.208041 0.397137 0.114353
v -0.185729 0.840114 -0.086833
v -0.219387 0.988513 0.154660
v -0.206900 1.014689 0.152449
v -0.206499 1.066711 0.123694
v -0.206497 0.394129 -0.115595
v -0.194831 0.457703 0.128884
v -0.198800 0.450561 -0.128531
v -0.177526 0.898078 -0.151657
v -0.173477 0.926291 -0.160400
v -0.171692 0.936994 0.161627
v -0.210409 0.363665 0.001743
v -0.199298 1.020886 -0.150962
v -0.205177 1.038664 0.144293
v -0.196997 1.047366 -0.137935
v -0.208647 1.122690 -0.001612
v -0.206447 0.497172 -0.000887
v -0.167640 0.987638 0.159769
v -0.203788 0.365123 0.063489
v -0.195671 0.484712 0.075012
v -0.199614 0.496648 0.075889
v -0.187339 0.370942 0.114326
v -0.197279 0.367356 -0.084510
v -0.188046 0.484901 0.102046
v -0.201972 0.496213 -0.056682
v -0.192562 0.528865 -0.053229
v -0.192880 0.529081 0.040141
v -0.195380 1.064436 -0.123965
v -0.180571 1.098854 0.047924
v -0.191660 0.293011 0.064541
v -0.187737 0.369147 -0.115285
v -0.190329 0.484870 -0.091217
v -0.181998 0.865491 0.129909
v -0.181784 1.099827 -0.047147
v -0.167103 0.423464 0.134215
v -0.192806 0.497757 -0.098069
v -0.187516 0.527455 0.090245
v -0.186285 0.527546 -0.094349
v -0.195795 0.530344 -0.000862
v -0.191588 0.809192 -0.067092
v -0.192223 0.806197 0.002146
v -0.191231 0.810507 0.083845
v -0.191041 0.813941 -0.103001
v -0.190287 0.816731 0.114762
v -0.187712 0.828727 -0.141781
v -0.188520 0.828984 -0.000694
v -0.188659 0.833250 0.049965
v -0.162936 1.030999 0.144711
v -0.178148 0.328188 0.116666
v -0.170821 0.395325 -0.128931
v -0.179527 0.388950 0.122365
v -0.157583 0.423786 -0.141388
v -0.167180 0.539457 0.000474
v -0.185612 0.846321 0.100888
v -0.187878 0.833022 -0.053920
v -0.187428 0.828257 0.140704
v -0.183391 0.861517 -0.125715
v -0.176891 0.894433 0.151630
v -0.169703 0.964323 -0.163995
v -0.179276 1.085061 0.086366
v -0.191272 0.289123 -0.062369
v -0.179816 0.248396 0.065235
v -0.176610 0.483159 -0.141226
v -0.176662 0.487119 0.140542
v -0.169975 0.525021 0.135933
v -0.179922 0.860375 -0.169595
v -0.174108 0.914071 0.157440
v -0.165255 1.015385 -0.153174
v -0.165329 1.010960 0.153206
v -0.158272 1.076633 -0.093423
v -0.198325 0.287429 0.001311
v -0.171552 0.292866 0.117524
v -0.177304 0.321072 -0.117704
v -0.166795 0.474993 0.141213
v -0.177818 0.526631 -0.116227
v -0.159339 0.797037 -0.120120
v -0.181858 0.851360 0.162674
v -0.175343 0.880794 0.179105
v -0.166526 0.997659 -0.158743
v -0.177229 1.102293 0.002496
v -0.169521 0.524693 -0.138682
v -0.166425 0.538447 -0.024349
v -0.162015 0.537688 0.061783
v -0.149503 0.776291 -0.001096
v -0.143241 0.490758 -0.176146
v -0.166136 0.538419 0.023593
v -0.159141 0.798078 0.124578
v -0.170930 0.908783 -0.186471
v -0.167571 0.922765 0.188607
v -0.167857 0.168942 0.000710
v -0.171218 0.293791 -0.118699
v -0.151371 0.336697 0.134206
v -0.161402 0.485603 0.156818
v -0.160007 0.537783 -0.068294
v -0.156827 0.784957 -0.068782
v -0.151593 0.856164 0.170202
v -0.161927 0.972169 -0.187452
v -0.159827 1.051775 0.128943
v -0.158778 1.068797 0.104895
v -0.156023 1.086310 0.071174
v -0.159193 0.250706 -0.119722
v -0.156518 0.391158 0.134520
v -0.158912 0.389113 -0.135681
v -0.147385 0.472525 -0.149972
v -0.139304 0.522935 -0.166111
v -0.150762 0.535386 -0.097843
v -0.157115 0.785525 0.072214
v -0.158483 0.823699 0.150641
v -0.155986 0.819475 -0.149014
v -0.149762 0.864973 -0.175940
v -0.144865 0.886747 0.184306
v -0.160856 0.979675 0.184724
v -0.163282 1.032177 -0.144327
v -0.162330 1.046353 -0.133410
v -0.159976 1.061651 -0.118524
v -0.157539 1.082698 -0.083143
v -0.155072 1.093185 -0.049626
v -0.154215 1.098064 -0.009690
v -0.154548 1.097154 0.013132
v -0.161322 0.173921 -0.061284
v -0.148721 0.213386 -0.120531
v -0.156513 0.417273 0.139404
v -0.152722 0.565146 0.056588
v -0.160564 0.567475 -0.005067
v -0.151466 0.845369 -0.166016
v -0.157095 1.018258 0.173302
v -0.156675 1.022009 -0.173371
v -0.157202 1.080879 0.085508
v -0.155104 1.093937 0.046419
v -0.161234 0.176156 0.063475
v -0.158811 0.248713 0.118769
v -0.144580 0.197948 0.120207
v -0.152825 0.340796 -0.134619
v -0.131994 0.468589 0.151162
v -0.141235 0.522909 0.162372
v -0.135111 0.534093 -0.121587
v -0.150945 0.538290 0.086985
v -0.153703 0.566592 -0.052691
v -0.152772 1.049345 0.157579
v -0.152336 1.051737 -0.158212
v -0.129980 0.240412 -0.138014
v -0.139874 0.491715 0.177687
v -0.137127 0.563852 0.090231
v -0.143015 0.573456 0.005648
v -0.147508 0.909421 -0.189101
v -0.148721 1.081147 0.129659
v -0.148589 1.081285 -0.130984
v -0.142070 1.115986 0.047708
v -0.140940 0.278955 -0.136110
v -0.144317 0.565929 -0.075574
v -0.137864 0.574453 -0.054446
v -0.145503 0.776936 0.108442
v -0.135587 0.808778 -0.182468
v -0.135835 0.924118 -0.190655
v -0.145236 1.101647 0.095725
v -0.142096 1.115753 -0.049391
v -0.141325 1.119066 -0.001249
v -0.139158 0.270404 0.136539
v -0.121772 0.433858 0.136379
v -0.124970 0.481929 -0.171344
v -0.120793 0.532167 0.136770
v -0.133428 0.561318 -0.106366
v -0.146699 0.774661 0.064993
v -0.134267 0.811825 0.185026
v -0.145154 1.100840 -0.099974
v -0.138718 0.081882 0.000594
v -0.138107 0.106946 0.065545
v -0.139225 0.108373 -0.062082
v -0.121115 0.217054 0.139793
v -0.138982 0.576278 0.031104
v -0.135108 0.576502 0.059763
v -0.141243 0.597855 -0.001177
v -0.124781 0.786615 -0.168850
v -0.131973 0.906564 0.189453
v -0.133438 0.966082 0.185937
v -0.135278 0.978840 -0.185029
v -0.127551 1.051627 -0.154763
v -0.140484 0.184742 -0.121789
v -0.126859 0.335274 -0.123052
v -0.129400 0.349110 0.122220
v -0.116747 0.394811 -0.127344
v -0.103115 0.455316 0.137273
v -0.130169 0.461712 -0.146661
v -0.140548 0.534867 0.112845
v -0.134753 0.596811 0.059988
v -0.144754 0.773077 -0.110158
v -0.135110 0.776999 0.146124
v -0.135740 0.863513 -0.189536
v -0.130898 1.014133 0.172467
v -0.127727 0.073052 -0.062289
v -0.133723 0.067234 0.001947
v -0.119822 0.122172 -0.124897
v -0.128956 0.151300 0.123186
v -0.128891 0.357870 -0.122658
v -0.113424 0.531303 -0.145251
v -0.123732 0.576306 -0.092231
v -0.134434 0.596737 -0.062666
v -0.127235 0.600495 -0.000015
v -0.138753 0.760287 0.101396
v -0.108065 0.762702 -0.156368
v -0.130820 1.048331 0.154966
v -0.118715 1.073056 0.132389
v -0.116023 0.198444 -0.140799
v -0.112975 0.256951 -0.126824
v -0.125567 0.321229 0.123731
v -0.118817 0.367015 0.128819
v -0.090668 0.469041 0.174186
v -0.109885 0.515533 -0.182399
v -0.116477 0.575079 0.110074
v -0.124234 0.596012 0.086674
v -0.118715 0.599709 0.064480
v -0.132805 0.672024 0.001337
v -0.125655 0.672294 0.058554
v -0.122596 0.785886 0.168346
v -0.098574 1.104513 0.058018
v -0.126950 0.074065 0.068020
v -0.109005 0.455502 -0.139373
v -0.104198 0.489345 -0.198177
v -0.110951 0.516397 0.180029
v -0.109870 0.557726 0.132680
v -0.109532 0.555864 -0.134716
v -0.116382 0.575055 -0.112093
v -0.124602 0.596447 -0.086048
v -0.120628 0.599991 -0.058057
v -0.123506 0.601131 -0.028041
v -0.123422 0.600844 0.034978
v -0.114175 0.649843 0.054633
v -0.125747 0.682895 -0.002293
v -0.125192 0.717822 0.000470
v -0.123552 0.720000 -0.082230
v -0.094743 0.692581 -0.104700
v -0.126758 0.758507 0.119671
v -0.110209 0.766931 0.157676
v -0.115375 0.802396 0.174725
v -0.117729 0.877478 -0.178156
v -0.128903 1.021612 -0.169938
v -0.098539 1.104965 -0.055743
v -0.103788 0.059134 0.067509
v -0.096355 0.054159 -0.064275
v -0.097417 0.154573 -0.144526
v -0.112901 0.260982 0.126817
v -0.101400 0.410657 0.132866
v -0.115779 0.595367 -0.110581
v -0.116408 0.672134 -0.087572
v -0.118066 0.672864 0.081140
v -0.114961 0.686593 0.067109
v -0.111037 0.689919 -0.071549
v -0.111572 0.690548 0.047552
v -0.119006 0.805887 -0.176433
v -0.116337 0.851882 0.177324
v -0.115529 0.844895 -0.177163
v -0.101548 1.074780 -0.127723
v -0.119358 0.082243 -0.091522
v -0.118937 0.085855 0.098795
v -0.098573 0.489007 0.200075
v -0.102496 0.598753 -0.104750
v -0.113520 0.600300 -0.074745
v -0.104540 0.598982 0.099250
v -0.106554 0.638417 0.054970
v -0.112743 0.639972 0.000953
v -0.125796 0.671344 -0.062045
v -0.112935 0.689659 -0.002774
v -0.110700 0.691664 0.073436
v -0.117179 0.878264 0.178252
v -0.112294 0.942156 -0.178419
v -0.107365 0.977887 0.174125
v -0.102812 1.033061 0.150914
v -0.101635 1.050432 0.140898
v -0.109266 0.094192 -0.127530
v -0.109250 0.094139 0.126854
v -0.102147 0.219208 -0.130457
v -0.092103 0.468943 -0.173288
v -0.115377 0.595003 0.109561
v -0.106588 0.638442 -0.058550
v -0.114734 0.911526 -0.180904
v -0.110677 0.946865 0.178785
v -0.108129 0.972651 -0.173946
v -0.105053 0.995025 0.168196
v -0.103803 1.030358 -0.152547
v -0.100180 1.092526 0.100209
v -0.099113 1.093014 -0.098610
v -0.054110 0.045112 0.103908
v -0.078867 0.117566 -0.147544
v -0.107121 0.177987 0.142425
v -0.121836 0.299317 -0.124378
v -0.098187 0.527390 0.154267
v -0.099234 0.576130 0.127306
v -0.106169 0.672668 0.112368
v -0.105398 0.672632 -0.114492
v -0.101115 0.693283 0.093086
v -0.100108 0.742849 0.149839
v -0.100661 0.823680 -0.179907
v -0.109512 0.827438 0.179258
v -0.086627 0.863843 0.208424
v -0.086655 0.899432 0.208109
v -0.105530 0.997997 -0.166561
v -0.105412 1.013527 -0.160614
v -0.104545 1.012634 0.160735
v -0.096519 0.435631 -0.130871
v -0.099119 0.593812 -0.127665
v -0.090321 0.636643 -0.100350
v -0.097773 0.637708 0.078940
v -0.101823 0.684060 -0.107001
v -0.102442 1.051500 -0.140457
v -0.098349 0.214262 0.131035
v -0.069459 0.321623 -0.174325
v -0.096954 0.527193 -0.155492
v -0.093365 0.599120 0.111898
v -0.089318 0.693362 0.115285
v -0.102434 0.689685 -0.089221
v -0.090309 0.720027 -0.142208
v -0.095137 0.813984 0.178703
v -0.096713 1.069626 0.128273
v -0.097246 1.108454 0.000041
v -0.085628 0.179937 -0.134465
v -0.083668 0.290061 0.156213
v -0.069587 0.322745 0.173728
v -0.075079 0.521670 0.168423
v -0.066811 0.543644 -0.162171
v -0.078412 0.559077 0.152019
v -0.070426 0.559040 -0.152955
v -0.080540 0.592354 0.140323
v -0.090357 0.636992 0.098731
v -0.087492 0.713036 0.140001
v -0.084359 0.986155 -0.190615
v -0.086694 0.185491 0.133349
v -0.082341 0.371015 0.155163
v -0.089487 0.452705 0.130035
v -0.088628 0.453543 -0.130989
v -0.065770 0.555675 -0.160200
v -0.076361 0.596913 -0.127762
v -0.083268 0.794058 -0.169793
v -0.078789 0.792445 0.170166
v -0.081523 0.840879 0.208639
v -0.085402 0.851836 -0.208028
v -0.090245 1.048171 -0.151677
v -0.088956 1.046963 0.152439
v -0.075159 1.072952 0.103804
v -0.081962 0.076838 -0.133443
v -0.081626 0.125366 0.147152
v -0.071954 0.445420 -0.146149
v -0.083895 0.452694 0.136230
v -0.080445 0.484424 0.207476
v -0.058345 0.556732 0.160203
v -0.093707 0.576338 -0.132796
v -0.076502 0.591384 -0.143642
v -0.087805 0.691591 -0.117754
v -0.046372 0.773776 0.160558
v -0.064986 0.819246 0.208054
v -0.085264 0.922011 -0.206941
v -0.082988 0.946533 0.202414
v -0.086251 1.006129 0.180954
v -0.086402 1.012209 -0.178188
v -0.087603 0.039623 -0.000068
v -0.072720 0.154138 0.134112
v -0.062358 0.372209 -0.167624
v -0.065446 0.443181 0.150842
v -0.079281 0.508232 -0.185494
v -0.066427 0.595691 0.133678
v -0.074482 0.674316 0.141994
v -0.076744 0.687330 0.134135
v -0.075982 0.687596 -0.134551
v -0.069053 0.822198 -0.207444
v -0.074037 1.085567 -0.055261
v -0.074592 0.156568 -0.135105
v -0.071327 0.231312 -0.154671
v -0.059708 0.265494 0.167489
v -0.080779 0.484753 -0.207859
v -0.065438 0.513339 -0.174925
v -0.070841 0.571371 0.145910
v -0.065606 0.635502 0.121545
v -0.075216 0.674408 -0.142506
v -0.075940 1.058466 0.134105
v -0.075261 1.091857 -0.003293
v -0.059970 0.063008 0.136909
v -0.070719 0.477834 -0.210622
v -0.040513 0.554766 0.167290
v -0.067603 0.635510 -0.121789
v -0.075879 1.079881 -0.086154
v -0.073833 1.088404 0.029462
v -0.052510 0.028975 0.071344
v -0.052754 0.437356 -0.159669
v -0.047667 0.448737 0.185877
v -0.049893 0.576723 -0.154227
v -0.060659 0.783255 -0.166338
v -0.065880 0.849613 0.205953
v -0.067990 0.911410 -0.205591
v -0.064826 0.977584 0.188759
v -0.056053 1.006820 0.168467
v -0.075720 1.070229 -0.109527
v -0.074632 1.083612 0.067421
v -0.050758 0.027544 -0.069803
v -0.061042 0.106170 0.148700
v -0.063809 0.172221 0.143853
v -0.053565 0.436746 0.158462
v -0.057824 0.448667 0.176092
v -0.061391 0.836888 -0.205404
v -0.055946 0.931709 0.201483
v -0.063559 0.983189 -0.187008
v -0.062931 0.997267 0.178729
v -0.059893 1.022194 0.158598
v -0.071015 1.044287 -0.144152
v -0.077135 1.060339 -0.131847
v -0.042167 0.013849 0.001556
v -0.057998 0.104014 -0.149440
v -0.056198 0.246697 -0.166642
v -0.056093 0.404464 0.163412
v -0.041125 0.704229 0.136637
v -0.060578 0.960485 -0.196032
v -0.061142 1.001590 -0.176337
v -0.062185 1.021683 -0.160764
v -0.050552 0.140978 -0.132264
v -0.030762 0.478054 -0.201607
v -0.054925 0.501713 0.180193
v -0.048961 0.589525 0.153855
v -0.046245 0.594525 -0.142269
v -0.044113 0.593798 0.142916
v -0.045478 0.681352 0.152486
v -0.026186 0.767048 -0.156890
v -0.046808 0.940103 -0.199504
v -0.041275 1.079385 0.096481
v -0.031660 0.303576 0.183936
v -0.039843 0.444288 -0.183979
v -0.037113 0.478976 0.201591
v -0.035807 0.513175 -0.184604
v -0.040576 0.559480 -0.161116
v -0.039177 0.574075 0.155576
v -0.053485 0.907362 -0.196596
v -0.054411 1.007971 -0.163669
v -0.056294 1.092314 -0.000118
v -0.051865 0.141884 0.132526
v -0.038984 0.455363 0.218492
v -0.034072 0.513298 0.185424
v -0.037255 0.634851 0.132760
v -0.045684 0.679287 -0.153936
v -0.055524 0.795911 0.184343
v -0.053530 0.906140 0.198677
v -0.055237 0.944383 0.200209
v -0.044914 0.958740 0.207533
v -0.048541 1.059943 -0.142461
v -0.000788 1.082153 -0.100370
v -0.041271 0.184162 -0.160950
v 0.000104 0.284979 -0.191847
v -0.043031 0.495923 -0.183097
v -0.017015 0.519650 -0.179582
v -0.043397 0.588975 -0.155960
v -0.043621 0.634731 -0.132296
v -0.052765 0.859673 -0.196463
v -0.046392 0.861798 0.198824
v -0.034447 1.021265 0.164591
v -0.032392 1.087350 -0.048804
v -0.055136 0.060010 -0.137674
v -0.025784 0.237405 0.174458
v -0.016462 0.250659 -0.180257
v -0.025050 0.372256 -0.173851
v -0.045015 0.555532 -0.166258
v -0.030971 0.844083 0.197696
v -0.028172 0.053433 0.136833
v -0.041683 0.183854 0.160155
v -0.026475 0.428904 0.162532
v -0.038505 0.454689 -0.218898
v -0.035900 0.668043 0.149960
v -0.025461 0.689346 -0.156338
v -0.028609 0.706251 -0.138200
v -0.039815 0.893357 -0.209873
v -0.038117 0.913742 0.211383
v -0.031204 0.938136 0.199459
v -0.044833 0.990738 0.201196
v -0.006140 1.023221 -0.166018
v -0.041744 1.060102 0.142853
v -0.000099 0.014574 -0.067810
v -0.030137 0.803080 0.208752
v -0.033788 0.802642 -0.207252
v -0.033618 0.837633 -0.196646
v -0.029445 0.852179 -0.209670
v -0.038989 0.874467 0.211158
v -0.007686 0.521774 0.179902
v 0.005753 0.634611 -0.136112
v -0.027532 0.708419 0.138827
v -0.028069 0.927894 -0.202673
v -0.003888 1.003827 -0.165888
v 0.000429 0.046113 -0.137341
v -0.023470 0.427830 -0.163623
v -0.001736 0.447536 0.222008
v -0.016899 0.481814 -0.187656
v -0.030610 0.486888 0.186068
v -0.017557 0.920351 -0.210728
v -0.015278 1.087310 0.055124
v -0.000355 0.000000 0.000600
v -0.000038 0.447288 -0.222132
v -0.001691 0.673592 0.156037
v 0.002268 0.761632 0.154662
v -0.014125 0.834127 0.197218
v -0.043191 0.957484 -0.207043
v 0.000292 0.436020 0.190846
v 0.000637 0.589372 0.158277
v 0.000556 0.761560 -0.154737
v -0.014212 0.848493 0.210809
v -0.019330 0.898378 0.210925
v -0.014062 0.933664 0.211286
v -0.016383 0.943027 -0.197846
v -0.003388 0.944713 0.200011
v -0.005291 0.479377 0.190350
v 0.000657 0.553980 -0.171969
v 0.000261 0.703498 0.160364
v -0.000540 0.726438 -0.142220
v -0.001271 0.799688 -0.207279
v -0.012920 0.831853 -0.197609
v 0.004394 0.934468 -0.209664
v -0.018590 1.004332 0.165610
v -0.000279 1.060783 -0.147525
v 0.054392 0.103419 -0.149926
v 0.000105 0.284751 0.192245
v 0.000138 0.437420 -0.192994
v 0.001687 0.537354 0.174193
v -0.000135 0.562456 0.161250
v -0.007942 0.593514 0.146777
v 0.000093 0.674775 -0.156770
v -0.000925 0.704056 -0.161032
v -0.006305 0.863092 -0.209226
v -0.008735 0.865301 0.210418
v 0.003408 1.023680 0.165723
v 0.000528 0.046419 0.136873
v -0.010155 0.101160 0.149497
v 0.045449 0.140941 0.132560
v 0.014281 0.328030 -0.182431
v 0.010597 0.472996 -0.202743
v -0.001720 0.471360 0.203389
v 0.031618 0.513001 0.186099
v -0.002067 0.562227 -0.161752
v 0.004467 0.633400 0.135282
v -0.002966 0.658204 0.145627
v -0.011885 0.902859 0.204966
v 0.006979 1.082189 0.097501
v -0.000386 1.103897 -0.000612
v 0.036137 0.140473 -0.132390
v -0.000317 0.422202 -0.165920
v 0.004897 0.554007 0.172292
v 0.000355 0.593119 -0.146318
v -0.001877 0.728806 0.141799
v 0.031093 0.802342 0.208174
v -0.009127 0.887687 -0.205561
v -0.043173 0.989966 -0.201845
v 0.043107 0.989667 0.202402
v -0.010636 0.134813 0.134074
v 0.000091 0.422004 0.166511
v 0.017163 0.481799 -0.187473
v 0.026928 0.512317 -0.187044
v 0.029178 0.817011 -0.203946
v -0.004113 0.874433 0.203106
v 0.041893 0.183258 0.159834
v 0.003697 0.869566 -0.200893
v 0.006376 0.899896 -0.200039
v 0.002996 0.904159 0.204263
v 0.006090 0.909058 -0.207463
v 0.041560 0.184083 -0.160716
v 0.030814 0.859565 0.209746
v 0.023018 0.246994 0.177182
v 0.015152 0.589239 -0.158562
v 0.012449 0.696225 0.157547
v 0.007537 0.869154 0.208800
v 0.021175 0.878926 -0.201729
v 0.004485 0.910950 0.210980
v 0.029469 0.943364 -0.198736
v 0.053765 1.007506 0.164461
v 0.017267 1.087224 -0.058906
v 0.000316 0.014578 0.068266
v 0.020928 0.427430 -0.164047
v 0.032613 0.478555 0.200885
v 0.051412 0.525731 -0.172990
v 0.027310 0.844839 -0.209863
v 0.024466 0.859549 -0.208777
v 0.015678 0.898663 0.208858
v 0.044813 0.990186 -0.201710
v 0.033732 0.431110 0.161962
v 0.038018 0.454444 -0.219389
v 0.045008 0.447355 0.186644
v 0.015282 0.449719 0.220374
v 0.019379 0.482671 0.188074
v 0.028119 0.708725 0.138406
v 0.033393 0.802497 -0.207098
v 0.030404 0.844791 0.210512
v 0.028547 0.940750 0.199462
v 0.042049 0.959102 -0.206967
v 0.000067 1.061068 0.146923
v 0.030743 1.087624 0.047345
v 0.047223 1.094478 -0.000321
v 0.050961 0.028013 0.070840
v 0.024204 0.052592 -0.138214
v 0.059212 0.104800 0.149007
v 0.052242 0.574356 -0.153706
v 0.043464 0.593645 0.142593
v 0.047309 0.594077 -0.141791
v 0.019508 0.830146 0.196188
v 0.031672 0.831422 -0.197746
v 0.024383 0.868322 0.198424
v 0.041668 0.958173 0.208348
v 0.043934 0.447010 -0.186912
v 0.055828 0.558874 -0.157776
v 0.062339 0.590254 0.149420
v 0.035270 0.670635 0.151013
v 0.019768 0.711176 -0.138253
v 0.038842 0.770256 0.158484
v 0.033237 0.820283 0.203868
v 0.025153 0.890565 0.202948
v 0.030546 0.897801 0.210838
v 0.048380 1.020730 -0.163371
v 0.050254 1.060151 0.141355
v 0.045314 0.497143 -0.182230
v 0.041952 0.555535 -0.167301
v 0.050924 0.571489 0.153477
v 0.040440 0.634161 0.131900
v 0.053205 0.778559 -0.163590
v 0.032001 0.891580 -0.209270
v 0.034238 0.923721 0.211640
v 0.048783 1.059600 -0.142980
v 0.046633 0.023032 -0.051108
v 0.052660 0.436535 0.158672
v 0.065300 0.492932 -0.197374
v 0.059680 0.527954 0.168904
v 0.041936 0.836516 0.201630
v 0.034297 0.923345 -0.210057
v 0.050780 0.027710 -0.069612
v 0.038489 0.056250 0.137278
v 0.061374 0.144854 -0.132246
v 0.064637 0.283835 0.168682
v 0.038958 0.454733 0.218555
v 0.047937 0.496970 0.181969
v 0.043097 0.554902 0.167014
v 0.044417 0.634441 -0.131802
v 0.045386 0.014985 0.000183
v 0.042294 0.434060 -0.161835
v 0.046967 0.559566 0.160234
v 0.044445 0.679081 -0.153705
v 0.058440 0.768789 -0.157638
v 0.048428 0.889744 0.212012
v 0.055397 1.009613 -0.162282
v 0.055160 0.226800 0.162140
v 0.059506 0.256763 -0.166950
v 0.069362 0.323039 0.173681
v 0.070059 0.676851 0.144540
v 0.044400 0.700187 -0.137022
v 0.049503 0.924754 -0.197326
v 0.055873 0.944481 0.199976
v 0.056236 0.404912 -0.163797
v 0.093585 0.726808 -0.144603
v 0.069726 0.845872 -0.205341
v 0.056375 0.857096 -0.196868
v 0.056056 0.853280 0.203443
v 0.043076 0.866595 -0.209582
v 0.074992 1.083680 0.067507
v 0.058087 0.061715 0.136894
v 0.059078 0.061899 -0.137074
v 0.080599 0.592362 -0.141230
v 0.064557 0.819144 -0.207142
v 0.045572 0.893572 -0.209658
v 0.061051 0.956227 -0.196477
v 0.061382 1.022262 0.158986
v 0.081869 0.173409 -0.134937
v 0.080030 0.484410 0.207015
v 0.066996 0.512158 -0.174881
v 0.064051 0.693116 0.134650
v 0.075698 0.787107 0.166432
v 0.065664 0.820511 0.207941
v 0.057914 0.907743 0.199991
v 0.065412 0.981817 0.187414
v 0.061761 1.025028 -0.156759
v 0.063276 0.144236 0.132482
v 0.071278 0.154130 -0.134739
v 0.073787 0.158132 0.135026
v 0.056222 0.438534 -0.157469
v 0.066431 0.511480 0.175724
v 0.076239 0.553592 0.154587
v 0.067610 0.554746 -0.158176
v 0.072868 0.596020 0.130544
v 0.076139 0.596807 -0.129167
v 0.073957 0.674795 -0.143233
v 0.076153 0.688258 -0.134059
v 0.079622 0.838295 0.208732
v 0.060239 0.878818 0.201503
v 0.059085 0.885536 -0.198566
v 0.054324 0.937097 -0.201060
v 0.064044 0.983940 -0.186882
v 0.063012 1.004556 0.173575
v 0.076249 1.058739 0.133320
v 0.076390 1.080515 -0.084946
v 0.081337 0.045842 0.069464
v 0.089251 0.050333 -0.067020
v 0.068727 0.321154 -0.174559
v 0.062619 0.803083 0.189936
v 0.061794 1.004605 -0.172498
v 0.073760 1.087844 -0.035917
v 0.115854 0.087310 0.106044
v 0.072228 0.111405 -0.148015
v 0.067798 0.443932 0.148738
v 0.078825 0.484348 -0.207768
v 0.066840 0.634726 -0.122474
v 0.068815 0.869426 0.205721
v 0.076829 1.060004 -0.132715
v 0.076748 1.071972 0.105764
v 0.073984 1.091032 0.007502
v 0.066110 0.634865 0.121795
v 0.098941 0.740059 0.149153
v 0.089742 0.799673 -0.172049
v 0.075364 0.115767 0.147077
v 0.095136 0.152246 -0.144514
v 0.086622 0.185231 0.134544
v 0.105722 0.247567 0.130600
v 0.085061 0.454351 0.135931
v 0.079837 0.453178 -0.141228
v 0.081135 0.463538 -0.171141
v 0.085419 0.525643 -0.162750
v 0.081789 0.556889 -0.150709
v 0.083393 0.842515 -0.207725
v 0.082922 0.942948 0.203162
v 0.084331 0.967945 -0.196501
v 0.086635 1.017278 -0.174962
v 0.108902 0.094381 0.127228
v 0.088801 0.452607 -0.131329
v 0.089255 0.468767 0.173959
v 0.090512 0.637920 0.098668
v 0.084315 0.921532 -0.206567
v 0.096804 0.210800 -0.130956
v 0.106712 0.514220 -0.183412
v 0.091917 0.573467 -0.134214
v 0.093430 0.575445 0.131343
v 0.089496 0.592993 0.134070
v 0.082492 0.635101 -0.107440
v 0.077202 0.690716 0.133323
v 0.099347 0.811085 0.176166
v 0.087793 0.872380 0.209092
v 0.084822 0.991954 0.187906
v 0.087950 1.039804 0.159904
v 0.091524 1.065786 -0.132981
v 0.100205 1.094322 -0.094450
v 0.098113 1.105011 -0.054517
v 0.097788 0.087092 -0.130415
v 0.078108 0.523089 0.166307
v 0.093535 0.693752 -0.109038
v 0.088005 0.878226 -0.208272
v 0.097995 1.073464 0.124336
v 0.100441 1.091072 0.101411
v 0.098168 1.104967 0.055149
v 0.095570 1.107863 -0.002893
v 0.133617 0.066805 0.001100
v 0.092252 0.145247 0.145361
v 0.096496 0.350908 -0.150352
v 0.125312 0.365032 0.124557
v 0.107363 0.410393 -0.129166
v 0.087857 0.452625 0.130460
v 0.109937 0.515985 0.180481
v 0.105482 0.673049 -0.114370
v 0.109646 0.765792 -0.157415
v 0.125953 0.074540 0.070723
v 0.105898 0.489741 0.195577
v 0.106896 0.562583 -0.133402
v 0.089823 0.692957 0.113552
v 0.109994 0.829343 -0.176845
v 0.099382 0.214616 0.130771
v 0.099956 0.454835 -0.137011
v 0.107085 0.456213 0.138650
v 0.107284 0.470087 -0.164382
v 0.108373 0.490023 -0.195531
v 0.101861 0.598685 0.104605
v 0.115359 0.595153 0.109464
v 0.104721 0.599233 -0.104516
v 0.091093 0.636908 -0.098891
v 0.098029 0.638373 0.078506
v 0.113525 0.836818 0.176601
v 0.109260 0.948666 0.178952
v 0.104618 1.020432 0.156961
v 0.102986 1.036532 -0.148994
v 0.100405 1.052735 -0.140288
v 0.127185 0.073004 -0.063846
v 0.117949 0.084333 -0.097774
v 0.110021 0.094081 -0.127416
v 0.115972 0.532820 -0.141838
v 0.106063 0.672793 0.112829
v 0.102310 0.692220 -0.090851
v 0.098197 0.692337 0.097235
v 0.116909 0.851433 -0.176998
v 0.115604 0.894719 0.180130
v 0.113693 0.922161 -0.179635
v 0.104992 1.021084 -0.156533
v 0.103489 1.041713 0.145795
v 0.118592 0.207282 0.140690
v 0.109144 0.406909 0.127881
v 0.101435 0.637724 -0.071283
v 0.115996 0.653775 0.057828
v 0.117982 0.804332 -0.175764
v 0.117507 0.878383 -0.178932
v 0.107548 0.969966 -0.174571
v 0.105622 0.994815 0.168248
v 0.105682 0.996952 -0.167266
v 0.104149 1.076726 -0.127604
v 0.125728 0.139378 -0.123422
v 0.110105 0.186566 -0.142184
v 0.124951 0.321057 -0.123516
v 0.135780 0.521956 -0.168062
v 0.116681 0.595521 -0.107854
v 0.107934 0.638368 -0.055568
v 0.124793 0.672390 -0.066815
v 0.125853 0.673779 0.059069
v 0.110788 0.691038 -0.072858
v 0.105727 0.690614 0.081284
v 0.137968 0.755977 0.099486
v 0.109730 0.946199 -0.178182
v 0.114423 1.073683 0.130613
v 0.125842 0.142225 0.124017
v 0.112908 0.263015 0.127047
v 0.114541 0.473506 0.166118
v 0.115238 0.531161 0.141676
v 0.115860 0.557383 0.127097
v 0.118874 0.599723 -0.065744
v 0.111800 0.639099 -0.000294
v 0.107390 0.639202 0.052568
v 0.116781 0.673073 0.084226
v 0.111254 0.689673 0.023042
v 0.110318 0.690145 0.070856
v 0.112272 0.689812 -0.032186
v 0.127082 0.787711 -0.169392
v 0.134267 0.810519 0.183459
v 0.125508 1.036201 -0.162356
v 0.144658 1.101500 -0.098438
v 0.141925 1.115711 0.049586
v 0.110734 0.250447 -0.126818
v 0.122777 0.312913 0.124461
v 0.113649 0.600149 0.074514
v 0.117832 0.684431 -0.065076
v 0.142146 0.765823 -0.103434
v 0.109880 0.767358 0.158219
v 0.118082 0.875793 0.178202
v 0.128885 1.048137 0.155262
v 0.128069 0.235961 -0.138465
v 0.124596 0.379262 -0.125948
v 0.135083 0.394786 -0.132990
v 0.116380 0.575640 -0.111149
v 0.125858 0.596733 0.080768
v 0.114466 0.618620 -0.054075
v 0.122507 0.653654 0.000222
v 0.134047 0.804661 0.178607
v 0.135028 0.957225 0.187595
v 0.132900 0.918718 -0.190216
v 0.141411 1.119137 -0.001062
v 0.160569 0.172815 -0.063320
v 0.132056 0.249213 0.137736
v 0.127920 0.356070 -0.122163
v 0.139757 0.522254 0.163944
v 0.136541 0.563912 -0.098594
v 0.125420 0.578543 -0.085334
v 0.126996 0.576410 0.081142
v 0.135183 0.596901 -0.058943
v 0.123235 0.601080 -0.031978
v 0.123147 0.601176 0.027608
v 0.121823 0.599691 0.057284
v 0.124698 0.683176 0.001785
v 0.130795 0.730990 -0.000611
v 0.135877 0.872013 0.190056
v 0.135156 1.005884 0.176852
v 0.139362 0.271996 -0.136355
v 0.127938 0.340585 0.122015
v 0.133494 0.463827 0.148387
v 0.134665 0.471049 -0.155137
v 0.156612 0.476405 0.148381
v 0.142878 0.490058 -0.174913
v 0.116559 0.574751 0.109753
v 0.124475 0.602881 -0.002931
v 0.132251 0.672921 -0.001683
v 0.140057 0.779673 -0.134267
v 0.134842 0.859050 -0.189706
v 0.133024 0.980223 -0.184266
v 0.141956 1.116102 -0.049057
v 0.141428 0.117840 0.066542
v 0.134368 0.776948 0.146115
v 0.134943 0.810165 -0.183421
v 0.148965 1.080992 0.129777
v 0.140894 0.185467 0.120788
v 0.144029 0.291392 0.136030
v 0.151185 0.325390 -0.134760
v 0.140299 0.491629 0.176961
v 0.146648 0.535304 -0.106842
v 0.137235 0.578748 -0.049981
v 0.134674 0.596698 0.059602
v 0.149623 0.775617 0.000227
v 0.137687 0.908982 0.189415
v 0.146887 0.106550 0.000903
v 0.144671 0.198494 -0.120548
v 0.153276 0.356868 0.134589
v 0.138371 0.432591 -0.139161
v 0.161788 0.430970 0.140093
v 0.169212 0.524945 -0.139581
v 0.134177 0.534581 0.120148
v 0.146517 0.569916 -0.046373
v 0.135787 0.580053 0.054073
v 0.142842 0.896307 -0.186237
v 0.162266 0.968141 -0.187999
v 0.154026 1.040525 -0.164528
v 0.152425 1.051502 0.156362
v 0.148644 1.078631 -0.134735
v 0.151656 0.223717 0.119179
v 0.163203 0.264023 0.117876
v 0.157704 0.406689 -0.136512
v 0.135931 0.565255 0.091932
v 0.145299 0.569944 0.048795
v 0.141497 0.576105 0.000416
v 0.141001 0.597556 0.000837
v 0.147447 0.778233 0.106942
v 0.146385 0.889029 0.184038
v 0.158251 1.006927 -0.178750
v 0.152572 0.418962 0.138012
v 0.158273 0.475918 -0.147489
v 0.150399 0.779990 -0.079497
v 0.157411 0.819726 -0.149252
v 0.148658 0.862202 -0.174619
v 0.151706 0.851303 0.168311
v 0.157093 1.017806 0.173758
v 0.145498 1.101691 0.094852
v 0.152993 0.537662 -0.086510
v 0.145200 0.534944 0.104885
v 0.154075 0.783867 0.088833
v 0.160895 0.800159 -0.123334
v 0.161767 0.803526 0.129912
v 0.154954 0.838878 -0.160696
v 0.160152 0.988166 0.182528
v 0.156927 1.081727 -0.086219
v 0.160289 0.173250 0.064541
v 0.173834 0.301259 -0.117319
v 0.174641 0.306839 0.116603
v 0.171146 0.428174 -0.137666
v 0.152812 0.566238 0.055143
v 0.154857 1.092878 -0.050325
v 0.154457 1.092774 0.049740
v 0.158822 0.247744 -0.118864
v 0.167458 0.482619 0.149161
v 0.163863 0.536996 -0.061237
v 0.153337 0.566507 -0.054073
v 0.167809 0.538998 0.000968
v 0.158397 0.566659 0.016062
v 0.159554 0.822033 0.147971
v 0.165080 0.941772 0.188782
v 0.162934 1.035163 -0.142980
v 0.158189 1.073622 -0.100502
v 0.159949 1.061186 0.117458
v 0.157549 1.080482 0.085810
v 0.153264 1.098294 0.000012
v 0.169368 0.173830 0.000832
v 0.151829 0.223652 -0.119660
v 0.182710 0.344626 -0.115980
v 0.162580 0.536776 0.066647
v 0.160169 0.566666 -0.008417
v 0.180278 0.860927 -0.169561
v 0.172669 0.899634 -0.185492
v 0.170885 0.904416 0.185906
v 0.162228 1.045331 0.133271
v 0.161152 1.052499 -0.128955
v 0.183584 1.100150 -0.048417
v 0.170700 0.390953 0.125670
v 0.180314 0.482655 0.135253
v 0.166963 0.537691 -0.029978
v 0.179935 0.859526 0.168634
v 0.165708 1.006674 0.155417
v 0.166479 1.004819 -0.155266
v 0.165072 1.023441 -0.148412
v 0.164560 1.023274 0.149107
v 0.184962 1.099740 0.052719
v 0.175233 0.229505 0.063384
v 0.168970 0.524857 0.138603
v 0.187687 0.827761 0.140727
v 0.186677 0.832989 -0.146608
v 0.171195 0.953867 -0.162514
v 0.167729 0.990877 -0.159408
v 0.169011 0.982203 0.159401
v 0.182431 1.083704 -0.092197
v 0.178716 1.102842 -0.000546
v 0.182576 0.526737 -0.103404
v 0.192158 0.806365 -0.001129
v 0.191367 0.810154 0.079681
v 0.189442 0.822711 -0.129995
v 0.175179 0.908611 0.156293
v 0.175398 0.916500 -0.157487
v 0.173087 0.932228 0.160557
v 0.175543 0.485263 -0.141906
v 0.190214 0.817889 0.118158
v 0.177448 0.898647 -0.151212
v 0.194495 1.058711 -0.128448
v 0.192725 0.462273 0.129928
v 0.185360 0.484211 -0.110946
v 0.194049 0.496152 -0.095214
v 0.188364 0.527898 0.086642
v 0.191390 0.811484 -0.088883
v 0.179515 0.882088 0.143982
v 0.228493 1.008949 0.151628
v 0.201909 1.057176 0.132741
v 0.181781 1.083720 0.089490
v 0.201375 1.097290 -0.082239
v 0.198410 0.287761 0.000380
v 0.183017 0.257131 -0.060592
v 0.192609 0.295843 0.062922
v 0.193625 0.299131 -0.060589
v 0.181951 0.343265 0.115304
v 0.199664 0.495683 0.076598
v 0.180724 0.873490 -0.137286
v 0.185061 0.848159 -0.107028
v 0.184269 0.854103 0.116661
v 0.187402 0.369821 0.113367
v 0.188185 0.371358 -0.114523
v 0.192051 0.529136 -0.055753
v 0.188410 0.828864 0.003447
v 0.188314 0.832736 -0.049515
v 0.187800 0.834157 0.053769
v 0.186385 0.843727 -0.093198
v 0.186316 0.844126 0.093380
v 0.208319 0.963545 0.156369
v 0.227644 1.070522 0.129758
v 0.208651 0.875586 -0.112798
v 0.219545 0.884043 0.108715
v 0.207608 0.898880 0.135186
v 0.208930 1.077870 -0.114463
v 0.206285 1.120190 -0.000482
v 0.204688 0.365708 -0.059172
v 0.197417 0.483227 -0.058631
v 0.195724 0.530426 0.005232
v 0.241003 0.879721 -0.047805
v 0.213503 1.120025 0.050165
v 0.209988 0.362576 0.000253
v 0.222016 0.413307 -0.116118
v 0.210488 0.400088 0.114310
v 0.201687 0.482637 0.004254
v 0.201976 0.496322 -0.057871
v 0.227989 0.865135 -0.005905
v 0.252694 1.012908 -0.149568
v 0.218600 1.105380 0.090703
v 0.203921 0.366015 0.063985
v 0.205767 0.439805 -0.124303
v 0.195310 0.483622 0.077590
v 0.206262 0.496380 0.000668
v 0.230314 1.064393 -0.135393
v 0.232056 1.134440 -0.049412
v 0.221385 0.414221 0.114408
v 0.193095 0.484052 -0.084027
v 0.233110 0.873912 0.047567
v 0.267972 0.908907 -0.072320
v 0.244759 0.960390 0.144324
v 0.239629 1.040320 0.145436
v 0.239186 0.963121 -0.148506
v 0.244918 1.150450 0.000911
v 0.234262 0.407444 -0.063369
v 0.224794 0.435215 0.000948
v 0.254638 0.936923 0.126505
v 0.247612 1.038634 -0.146929
v 0.254838 1.124659 -0.105919
v 0.212620 0.451045 0.069077
v 0.252242 1.151424 0.049579
v 0.238630 0.405524 -0.001308
v 0.233626 0.407638 0.068574
v 0.274102 1.115196 0.126890
v 0.261129 0.947740 -0.130035
v 0.268230 1.011974 0.145952
v 0.253540 1.139929 -0.085958
v 0.269150 0.925616 -0.102631
v 0.269148 1.047922 0.145403
v 0.272367 1.064881 -0.143783
v 0.258501 1.103493 -0.125256
v 0.267480 1.153469 0.080004
v 0.261522 0.915433 0.096118
v 0.283897 1.096124 0.139397
v 0.277981 1.149298 0.102646
v 0.258560 1.150165 -0.076253
v 0.254482 1.160442 -0.081086
v 0.267518 1.168611 -0.052528
v 0.264624 1.196012 -0.077385
v 0.261520 1.197743 -0.088237
v 0.298034 0.929004 0.045470
v 0.270628 1.226203 -0.087483
v 0.305584 0.969202 0.108491
v 0.267845 1.151910 -0.090443
v 0.266774 1.168410 -0.079280
v 0.273338 1.177214 0.047709
v 0.269738 1.177501 0.000087
v 0.273418 1.199187 -0.090995
v 0.287668 1.003670 -0.140499
v 0.292707 1.104247 -0.141003
v 0.268878 1.161843 -0.077435
v 0.267798 1.167828 -0.086500
v 0.279162 1.227542 -0.093400
v 0.287461 0.936178 0.090579
v 0.316548 0.978974 -0.108619
v 0.281057 1.219568 -0.082054
v 0.281373 1.266535 -0.091538
v 0.304993 1.060525 0.144007
v 0.293420 1.147769 0.119169
v 0.291282 1.185034 -0.083569
v 0.287121 1.270270 -0.099642
v 0.325514 0.950617 -0.038481
v 0.314545 1.018638 0.132717
v 0.306728 1.228473 -0.031562
v 0.293286 1.287680 -0.089424
v 0.314211 0.994911 0.121474
v 0.313959 1.095726 0.145590
v 0.326737 1.178502 -0.127302
v 0.312176 1.227434 0.059371
v 0.309993 1.233901 0.025581
v 0.293318 1.265816 -0.086894
v 0.291104 1.247071 -0.089477
v 0.295378 1.273688 -0.100503
v 0.300118 1.315791 -0.102992
v 0.313698 0.938155 -0.001254
v 0.317550 1.035828 0.136818
v 0.305608 1.073151 -0.145632
v 0.309016 1.224590 -0.057043
v 0.316916 0.959933 0.084940
v 0.326566 1.234532 -0.080499
v 0.304194 1.286289 -0.098429
v 0.313235 1.316705 -0.110477
v 0.298360 1.786552 -0.036590
v 0.322967 1.037973 -0.137269
v 0.368548 1.210346 0.136265
v 0.312203 1.309701 -0.096849
v 0.309465 1.329394 -0.111042
v 0.317393 1.346219 -0.103221
v 0.304359 1.770007 -0.047285
v 0.317501 1.811883 -0.021520
v 0.337288 1.211149 0.114769
v 0.329110 1.215987 -0.102255
v 0.329147 0.957263 0.053836
v 0.356881 0.983273 -0.058776
v 0.358949 0.999095 -0.086105
v 0.356769 1.173020 -0.144933
v 0.339512 1.782867 -0.078712
v 0.347772 1.084478 -0.144921
v 0.327341 1.230016 0.087249
v 0.331515 1.806400 -0.058178
v 0.321817 1.752121 -0.062225
v 0.305825 1.769210 -0.052540
v 0.321475 1.758827 0.032242
v 0.320341 1.757774 -0.005562
v 0.322369 1.798751 0.046417
v 0.323525 1.798552 -0.011626
v 0.323267 1.783809 -0.020196
v 0.353412 1.016701 0.106351
v 0.358592 1.137015 -0.150908
v 0.365515 1.167136 0.148257
v 0.340419 1.376052 -0.110867
v 0.336406 1.374267 -0.124316
v 0.329021 1.382632 -0.118081
v 0.327484 1.760343 -0.044817
v 0.336748 0.970107 0.076521
v 0.346994 1.023577 -0.119520
v 0.385783 1.155898 0.152369
v 0.326337 1.335048 -0.108234
v 0.339566 1.396980 -0.111716
v 0.355374 1.739027 -0.102147
v 0.332282 1.747489 -0.039052
v 0.333728 1.776401 0.074495
v 0.332838 1.806945 -0.009439
v 0.340256 1.830684 -0.032571
v 0.342356 1.277379 -0.056587
v 0.345861 1.282329 0.057824
v 0.335192 1.418019 -0.116526
v 0.332778 1.630175 -0.117893
v 0.337937 1.740657 -0.077995
v 0.337065 1.750256 -0.057701
v 0.333505 0.929490 0.083875
v 0.342943 0.975010 0.090698
v 0.337384 0.978667 0.085055
v 0.347532 1.264476 0.084196
v 0.337070 1.423926 -0.124465
v 0.337142 1.567271 -0.124584
v 0.339578 1.524215 -0.112355
v 0.334154 1.543257 -0.119135
v 0.334203 1.582997 -0.112620
v 0.337953 1.669252 -0.122585
v 0.338297 1.675243 -0.110739
v 0.342535 0.970902 0.069625
v 0.373676 1.068282 0.131613
v 0.371718 1.102337 0.145172
v 0.353554 1.300625 -0.025751
v 0.351609 1.296385 0.036111
v 0.344366 1.436370 -0.127449
v 0.345578 1.715469 -0.106996
v 0.356021 1.760891 -0.100858
v 0.352315 1.799489 0.107671
v 0.351453 1.823424 -0.044777
v 0.346339 1.826241 0.101807
v 0.350502 0.904057 0.079597
v 0.354546 0.949637 0.061368
v 0.362262 0.982626 0.053508
v 0.376336 1.083484 -0.139781
v 0.344705 1.379428 -0.116665
v 0.344223 1.582982 -0.110687
v 0.345365 1.674978 -0.108234
v 0.353615 1.734383 -0.076824
v 0.353816 1.822064 -0.010777
v 0.373387 1.239720 -0.127040
v 0.382453 1.288135 -0.104856
v 0.351268 1.421819 -0.121632
v 0.348875 1.473474 -0.113201
v 0.347398 1.659749 -0.121954
v 0.353854 1.695850 -0.115964
v 0.355832 1.731758 -0.093544
v 0.376010 1.679670 0.003873
v 0.350078 1.707195 -0.115041
v 0.370258 1.690985 -0.029887
v 0.359032 1.797477 -0.116997
v 0.366522 1.841157 0.092422
v 0.352002 0.930864 0.091160
v 0.352545 0.973985 0.059274
v 0.356698 1.005326 0.091051
v 0.350193 1.425771 -0.115193
v 0.350709 1.521239 -0.121429
v 0.349772 1.660031 -0.115095
v 0.346159 1.824384 -0.103484
v 0.405345 1.301387 0.116608
v 0.356815 1.698065 -0.107404
v 0.378599 1.684183 0.044675
v 0.386357 1.681919 -0.068155
v 0.378830 1.759414 0.115773
v 0.386200 1.855271 -0.111733
v 0.378907 1.849077 0.132693
v 0.367287 0.911091 0.071438
v 0.367242 0.972886 0.096286
v 0.362610 0.978599 0.008979
v 0.412898 1.021722 -0.032070
v 0.376686 1.019003 0.093797
v 0.367256 1.017625 0.092206
v 0.386729 1.184934 -0.151544
v 0.370491 1.318137 -0.052379
v 0.365912 1.729800 -0.097685
v 0.365336 1.738445 -0.103971
v 0.379573 0.932096 0.089076
v 0.388434 1.056496 -0.119703
v 0.393579 1.335008 -0.077048
v 0.393820 1.342190 0.064277
v 0.375304 1.715358 0.083575
v 0.376587 1.723626 -0.099604
v 0.388807 1.746458 -0.124708
v 0.386669 1.825746 -0.145896
v 0.377317 1.849090 -0.136350
v 0.395535 1.861650 0.126962
v 0.409461 0.945667 0.044110
v 0.377096 0.993620 0.051922
v 0.411800 1.177073 -0.156140
v 0.390795 1.347441 -0.038129
v 0.389038 1.350294 0.030411
v 0.381718 1.839131 0.013085
v 0.393461 1.800123 0.139562
v 0.384368 1.822291 -0.009967
v 0.395512 1.854202 0.070368
v 0.376449 1.834981 -0.029527
v 0.390771 0.913150 0.070318
v 0.389093 1.003636 0.052096
v 0.416812 1.669060 -0.106727
v 0.397051 1.076714 0.121346
v 0.433363 1.169058 0.153048
v 0.422168 1.313886 -0.127049
v 0.401488 1.644139 0.037226
v 0.400371 1.644995 -0.034448
v 0.411288 1.730190 0.130334
v 0.392872 1.832522 -0.019752
v 0.435258 1.046689 -0.054984
v 0.391797 1.050775 0.105012
v 0.431595 1.292717 0.138974
v 0.408089 1.334742 -0.099435
v 0.405460 1.660510 0.076026
v 0.422720 1.670133 0.108490
v 0.403452 1.784757 -0.148936
v 0.428191 0.999275 0.084161
v 0.429430 1.261690 0.146734
v 0.408135 1.389709 0.002087
v 0.409821 1.389605 0.034967
v 0.414217 1.831838 0.150913
v 0.400926 1.837446 0.011757
v 0.405582 1.845877 -0.006276
v 0.417360 0.926139 0.053431
v 0.407831 1.058521 0.108026
v 0.402941 1.328462 0.094295
v 0.403460 1.358662 -0.071061
v 0.399347 1.641729 -0.000085
v 0.408268 1.645321 -0.068902
v 0.440218 1.873752 -0.160056
v 0.414616 1.853572 -0.043852
v 0.405392 1.016259 0.054931
v 0.431817 1.390208 -0.096373
v 0.410310 1.391163 -0.034717
v 0.417575 1.845864 -0.029496
v 0.411218 1.854831 0.040806
v 0.413085 1.862733 0.144800
v 0.403918 0.862383 0.048636
v 0.410493 0.860289 0.038692
v 0.413808 0.899072 0.038951
v 0.410186 0.903003 0.046247
v 0.404614 0.920840 0.072366
v 0.415404 0.971610 0.082457
v 0.426505 0.988056 0.049648
v 0.416799 1.847036 0.026360
v 0.407946 0.831042 0.046894
v 0.414375 0.817986 0.048242
v 0.419451 0.883719 0.053781
v 0.445331 1.047201 0.008451
v 0.410682 1.028294 0.090303
v 0.478065 1.111820 -0.100212
v 0.426655 1.058886 0.097745
v 0.420318 1.111592 0.134684
v 0.442578 1.142846 0.143188
v 0.436773 1.284509 -0.147966
v 0.450479 1.781031 -0.167839
v 0.441642 1.885292 0.137877
v 0.426119 1.035842 0.052639
v 0.439440 1.106129 -0.125425
v 0.417745 1.387226 0.064823
v 0.414513 1.382718 -0.067259
v 0.421297 1.444328 0.030559
v 0.425528 1.427357 -0.064112
v 0.413374 1.612862 0.032888
v 0.447240 1.780815 0.160842
v 0.441785 1.885098 -0.144235
v 0.422277 0.907959 0.050638
v 0.419791 0.935028 0.046478
v 0.418556 1.026185 0.061053
v 0.406460 1.039285 -0.088529
v 0.416651 1.083074 0.122746
v 0.425443 1.487190 -0.028079
v 0.423764 1.480131 -0.002606
v 0.413655 1.605706 -0.014635
v 0.432396 1.870935 -0.094092
v 0.434167 1.873664 0.097151
v 0.453008 1.068707 0.089857
v 0.446193 1.182967 -0.156344
v 0.447682 1.252233 -0.157317
v 0.430320 1.453319 0.059830
v 0.422913 1.569976 0.030184
v 0.420702 1.620302 0.068071
v 0.465156 1.715730 0.159255
v 0.440920 0.826589 0.031395
v 0.427537 0.879703 0.032568
v 0.424390 0.928857 0.057728
v 0.442873 0.958870 0.065386
v 0.429216 1.031284 0.071364
v 0.439272 1.088471 0.113712
v 0.460353 1.148263 -0.140339
v 0.448140 1.371867 0.120547
v 0.430400 1.385873 0.091551
v 0.425200 1.526075 0.021195
v 0.422915 1.569055 -0.030835
v 0.423494 1.606638 -0.067712
v 0.441579 1.634462 0.111472
v 0.450579 1.842223 -0.166343
v 0.457398 1.881170 0.031660
v 0.442563 0.809286 0.041717
v 0.431991 0.895927 0.037651
v 0.449785 0.977088 0.070939
v 0.430461 1.031334 0.083085
v 0.432181 1.484599 -0.064168
v 0.433588 1.532472 0.062210
v 0.430855 1.571239 0.064533
v 0.433532 1.537002 -0.065180
v 0.438007 1.674165 -0.133543
v 0.437778 1.849935 0.051681
v 0.440097 1.853259 -0.059288
v 0.444481 0.808218 0.049531
v 0.444048 0.838406 0.061047
v 0.455039 0.841945 0.022677
v 0.434172 0.946319 0.061313
v 0.432253 0.949320 0.049454
v 0.447300 1.002506 0.064927
v 0.447379 1.002444 0.076199
v 0.495593 1.273659 0.158737
v 0.441054 1.600258 -0.098885
v 0.442057 1.863035 0.076383
v 0.458456 0.859012 0.059788
v 0.437425 0.897672 0.043613
v 0.448578 1.113981 0.130294
v 0.452823 1.391812 -0.123598
v 0.443432 1.451521 0.090908
v 0.435278 1.628422 0.142396
v 0.444107 1.651130 0.123267
v 0.457286 1.664894 0.141674
v 0.439621 1.874291 0.153522
v 0.468514 1.889067 -0.041213
v 0.437510 0.925225 0.045216
v 0.446927 0.967421 0.055165
v 0.452792 1.141988 0.144832
v 0.484873 1.337950 0.152634
v 0.445089 1.457447 -0.096394
v 0.448271 1.535793 -0.096475
v 0.442024 1.597172 0.095134
v 0.441895 1.608744 0.122728
v 0.448351 1.609030 0.108046
v 0.461185 1.618176 -0.131395
v 0.444546 1.724890 -0.157925
v 0.464159 1.838257 0.163175
v 0.451923 1.857822 -0.079627
v 0.458362 0.890174 0.045787
v 0.475248 1.173027 -0.147387
v 0.467716 1.276923 0.156358
v 0.448545 1.538778 0.092912
v 0.449500 1.650701 0.159563
v 0.450750 1.857487 0.073162
v 0.459071 0.864028 0.025196
v 0.508395 1.101219 -0.001296
v 0.470737 1.070512 -0.028818
v 0.451202 1.091059 0.096161
v 0.460873 1.432884 0.118690
v 0.451381 1.594743 0.141958
v 0.454504 1.600569 0.154922
v 0.466948 1.868364 0.117140
v 0.470277 0.779277 0.039747
v 0.456430 1.062942 0.071540
v 0.452060 1.060673 0.083434
v 0.484936 1.409968 0.142843
v 0.466022 1.452906 -0.124763
v 0.461432 1.588874 0.116760
v 0.459417 1.620966 0.166301
v 0.470529 1.862416 -0.157890
v 0.462226 1.859642 -0.101620
v 0.469928 1.077290 0.057202
v 0.466083 1.169240 0.145777
v 0.469752 1.353907 -0.147453
v 0.470697 1.505666 -0.126066
v 0.465870 1.497448 0.116943
v 0.465754 1.584963 0.138702
v 0.461058 1.858980 0.091640
v 0.439535 1.878995 -0.119138
v 0.466314 0.783579 0.046285
v 0.494945 1.108790 -0.074481
v 0.474853 1.073092 0.093504
v 0.458600 1.109654 0.109040
v 0.536795 1.347421 -0.165805
v 0.506853 1.351313 -0.163255
v 0.471677 1.361554 0.142931
v 0.469790 1.562695 -0.127506
v 0.476815 1.882959 0.080953
v 0.477047 1.881947 -0.083777
v 0.482614 0.884990 0.042248
v 0.492440 1.044078 0.077671
v 0.484143 1.156057 0.135899
v 0.475909 1.154110 0.142832
v 0.472378 1.588914 0.155281
v 0.485596 1.660954 0.178335
v 0.470366 1.683615 -0.160521
v 0.479001 1.671719 0.158175
v 0.468723 1.839378 -0.169675
v 0.473831 1.864657 0.150336
v 0.467643 1.868517 -0.126968
v 0.470535 1.874200 0.138067
v 0.482023 1.901051 -0.001782
v 0.486447 0.775322 0.045209
v 0.480102 0.823803 0.055323
v 0.469566 1.107684 0.098901
v 0.508441 1.253388 0.155844
v 0.499755 1.719813 -0.177382
v 0.470594 1.873180 -0.145930
v 0.476769 1.139130 0.120867
v 0.476922 1.174404 0.150280
v 0.487878 1.418341 -0.148056
v 0.491789 1.507045 0.141322
v 0.473854 1.583519 0.129956
v 0.481985 1.624794 0.170986
v 0.490212 1.789669 0.169367
v 0.484231 0.818832 0.030498
v 0.478140 1.077947 0.027979
v 0.500803 1.163581 -0.125935
v 0.496171 1.457219 -0.150048
v 0.486947 1.598397 0.160629
v 0.497811 1.604861 -0.156685
v 0.508200 1.698899 0.171548
v 0.495829 1.876360 0.163141
v 0.487288 0.773703 0.039398
v 0.503976 0.865593 0.037134
v 0.505597 0.876310 0.041024
v 0.490635 1.556306 0.141167
v 0.495949 1.899686 -0.145130
v 0.492418 0.804712 0.047489
v 0.505071 1.048705 0.084208
v 0.504025 1.106487 -0.053361
v 0.489241 1.159510 0.125625
v 0.490089 1.585098 0.144358
v 0.491153 1.897614 0.067105
v 0.491922 1.898614 -0.061326
v 0.503596 1.079003 0.092295
v 0.489688 1.094290 0.056045
v 0.506151 1.212010 0.146301
v 0.514893 1.360856 0.160122
v 0.500733 1.533243 -0.151172
v 0.508859 1.654431 0.179912
v 0.495932 1.899687 0.141059
v 0.492705 0.788797 0.039190
v 0.498279 0.837473 0.044928
v 0.503253 1.132299 0.091690
v 0.520464 1.213099 0.150321
v 0.528915 1.257997 -0.152473
v 0.508349 0.874768 0.044425
v 0.505676 1.064423 0.066412
v 0.499924 1.257263 -0.160250
v 0.515024 1.420979 0.157050
v 0.499264 1.599946 0.152578
v 0.500722 1.637714 0.169337
v 0.510890 1.664246 0.185209
v 0.506173 1.673309 0.168388
v 0.513143 1.892977 -0.168031
v 0.527844 1.607971 -0.170976
v 0.513902 1.892969 0.163936
v 0.512140 1.898205 -0.052678
v 0.510407 1.898471 0.058525
v 0.504571 1.108181 0.059030
v 0.519730 1.418186 -0.163901
v 0.515924 1.532370 0.155226
v 0.512086 1.107674 -0.027109
v 0.528808 1.213829 -0.134935
v 0.507601 1.184852 0.130565
v 0.506131 1.622146 0.158437
v 0.521649 1.814935 -0.176558
v 0.535619 1.178569 -0.104730
v 0.529641 1.532704 -0.165614
v 0.523518 1.124131 0.081199
v 0.512088 1.134130 0.083814
v 0.542516 1.178347 0.091733
v 0.529428 1.068452 0.075874
v 0.525873 1.070050 0.084536
v 0.512911 1.110189 0.032987
v 0.524143 1.129753 0.059486
v 0.521451 1.147976 0.085485
v 0.513584 1.649197 0.162130
v 0.525800 1.046526 0.078713
v 0.525056 1.119783 0.075326
v 0.558089 1.173342 -0.058813
v 0.544315 1.208694 0.117586
v 0.537950 1.356013 0.161649
v 0.531196 1.651644 0.183820
v 0.531312 1.672630 0.173738
v 0.552501 1.891285 -0.165035
v 0.544667 1.438502 0.165698
v 0.542933 1.535141 0.165292
v 0.548661 1.672718 0.183231
v 0.556082 1.691012 0.176980
v 0.548745 1.177181 -0.083015
v 0.538074 1.217997 0.128770
v 0.553776 1.264855 0.143675
v 0.551036 1.891350 0.160208
v 0.537051 1.143867 0.051383
v 0.560033 1.353051 0.159163
v 0.545795 1.425571 -0.171201
v 0.558093 1.689833 -0.181341
v 0.546331 1.123764 0.071989
v 0.560409 1.165458 -0.022488
v 0.555999 1.258536 0.146278
v 0.555682 1.558275 -0.173642
v 0.546387 1.175394 0.081429
v 0.558064 1.258519 -0.137524
v 0.561736 1.328865 -0.156563
v 0.568593 1.144674 0.075466
v 0.547567 1.156330 0.049310
v 0.558132 1.249454 0.140302
v 0.543217 1.626365 0.171255
v 0.562124 1.600315 0.176125
v 0.531227 1.777988 0.173081
v 0.579325 1.432517 0.165226
v 0.558234 1.826512 -0.171448
v 0.569901 1.886386 0.080583
v 0.562031 1.174990 0.051873
v 0.573840 1.265926 0.128619
v 0.567507 1.534423 0.167502
v 0.563307 1.593597 0.169861
v 0.575697 1.648218 0.191218
v 0.612453 1.877271 -0.050337
v 0.572294 1.136939 0.067681
v 0.564362 1.191410 0.073158
v 0.577432 1.432819 -0.170812
v 0.575541 1.706501 -0.178333
v 0.570558 1.238390 -0.112493
v 0.600190 1.163091 0.061169
v 0.569247 1.177601 0.014587
v 0.586335 1.233831 -0.084256
v 0.580640 1.223802 0.082804
v 0.584766 1.261553 0.114841
v 0.578634 1.284254 0.141473
v 0.572349 1.318231 0.147855
v 0.567819 1.782584 0.168216
v 0.568286 1.190198 0.061643
v 0.591038 1.317988 0.136014
v 0.585254 1.680963 0.186511
v 0.574949 1.702529 0.180793
v 0.585090 1.885606 -0.154883
v 0.577276 1.191956 -0.029358
v 0.591395 1.223917 -0.057608
v 0.585689 1.263396 -0.114844
v 0.574945 1.702213 0.171921
v 0.585082 1.148013 0.065793
v 0.601584 1.166207 0.065600
v 0.584969 1.211501 0.052274
v 0.586567 1.309671 -0.137757
v 0.587956 1.502645 0.166036
v 0.591197 1.576773 -0.174119
v 0.580200 1.614614 0.184348
v 0.584433 1.883830 0.149620
v 0.669797 1.865433 0.041778
v 0.602137 1.177641 0.063390
v 0.599832 1.382091 0.149475
v 0.586772 1.586403 0.168325
v 0.578904 1.886432 0.150542
v 0.596163 1.308542 0.136349
v 0.586002 1.489642 -0.171726
v 0.616699 1.688342 -0.164452
v 0.581940 1.885916 0.149901
v 0.581267 1.886159 0.150089
v 0.598103 1.409467 -0.160146
v 0.629948 1.272697 0.013690
v 0.610492 1.321539 0.120249
v 0.589112 1.673937 -0.176099
v 0.605568 1.680248 -0.170805
v 0.603323 1.595421 0.162184
v 0.594139 1.676173 0.166660
v 0.604843 1.769647 -0.161141
v 0.614536 1.333717 0.127619
v 0.623056 1.357622 0.124216
v 0.603350 1.603053 0.172796
v 0.603031 1.657828 0.162577
v 0.624184 1.272949 0.052825
v 0.617787 1.458597 0.151682
v 0.626586 1.670224 -0.159811
v 0.600374 1.640531 0.188113
v 0.618540 1.682840 0.155048
v 0.620292 1.878487 -0.132596
v 0.629835 1.274830 -0.029480
v 0.610607 1.274669 -0.089170
v 0.608186 1.638191 0.159877
v 0.619297 1.878419 0.126685
v 0.626138 1.278084 -0.055501
v 0.624396 1.383253 -0.137078
v 0.644326 1.677886 0.156071
v 0.609197 1.760492 0.153499
v 0.609819 1.271815 0.086600
v 0.609894 1.442979 -0.159970
v 0.626119 1.560251 -0.160186
v 0.635351 1.668731 0.156638
v 0.650100 1.870417 0.090219
v 0.620907 1.492512 -0.159377
v 0.636702 1.788544 0.128323
v 0.633049 1.358097 0.119085
v 0.630466 1.369469 -0.124176
v 0.625724 1.574274 0.152475
v 0.623279 1.660144 0.152593
v 0.639501 1.680207 -0.161626
v 0.642476 1.425902 0.127014
v 0.648776 1.354493 0.088950
v 0.644835 1.441682 -0.135689
v 0.640845 1.659258 0.141049
v 0.645158 1.748678 -0.135718
v 0.648565 1.871740 -0.099317
v 0.653849 1.335373 0.051208
v 0.645826 1.377413 0.111407
v 0.658929 1.422459 0.105500
v 0.651193 1.683210 -0.154613
v 0.658732 1.501877 0.124623
v 0.656214 1.501213 -0.135371
v 0.655449 1.662842 -0.138149
v 0.658213 1.827711 -0.099523
v 0.663594 1.345413 0.008576
v 0.660211 1.533159 0.126110
v 0.649261 1.691498 0.131842
v 0.647829 1.318909 -0.046730
v 0.652601 1.369793 -0.095937
v 0.671718 1.672198 0.135296
v 0.666025 1.361811 -0.052404
v 0.663807 1.394697 0.091925
v 0.659434 1.808654 0.097218
v 0.672367 1.365019 -0.005790
v 0.665265 1.659172 0.120748
v 0.672913 1.681039 0.135048
v 0.656482 1.691068 -0.132681
v 0.668395 1.402555 0.098730
v 0.660553 1.565098 -0.135546
v 0.678616 1.818492 0.049078
v 0.667173 1.364735 0.051304
v 0.673721 1.437147 -0.097818
v 0.671507 1.425918 0.093132
v 0.672131 1.657124 -0.118156
v 0.675095 1.689652 0.103752
v 0.679365 1.417563 0.070603
v 0.689546 1.506152 0.084967
v 0.689705 1.555225 -0.096443
v 0.681393 1.684650 -0.100844
v 0.670530 1.743760 0.099379
v 0.667954 1.866442 -0.055411
v 0.693278 1.442063 -0.049809
v 0.685268 1.499943 -0.098097
v 0.671155 1.668819 -0.137252
v 0.673798 1.759821 -0.094145
v 0.681691 1.802189 -0.056327
v 0.685194 1.416243 0.084568
v 0.676661 1.678485 -0.137564
v 0.672320 1.865252 -0.024421
v 0.672437 1.865062 0.012874
v 0.697210 1.441290 -0.004639
v 0.688983 1.428002 0.086227
v 0.684681 1.443868 0.076603
v 0.692046 1.571317 0.085378
v 0.692838 1.668448 0.110409
v 0.687688 1.686480 0.081429
v 0.690888 1.431827 0.054145
v 0.697139 1.670061 -0.115063
v 0.692011 1.477314 0.069557
v 0.688531 1.648993 -0.094571
v 0.691100 1.752933 0.051264
v 0.684848 1.807239 0.021765
v 0.694851 1.439808 0.045079
v 0.696145 1.642225 -0.073181
v 0.691849 1.651440 0.081586
v 0.696883 1.675587 -0.070679
v 0.695728 1.676380 0.110032
v 0.698229 1.452473 0.035061
v 0.705446 1.559015 -0.050015
v 0.710763 1.656803 -0.088475
v 0.695150 1.735198 -0.053361
v 0.701600 1.471271 0.024954
v 0.703663 1.503037 -0.049668
v 0.702541 1.525527 0.049637
v 0.704526 1.636735 -0.046007
v 0.707098 1.666742 -0.090461
v 0.708954 1.429524 0.076875
v 0.695988 1.495475 0.064754
v 0.704370 1.484425 0.018870
v 0.706750 1.498925 0.011902
v 0.704674 1.540262 0.041485
v 0.703356 1.640542 0.047474
v 0.705567 1.635652 0.021609
v 0.707181 1.669877 -0.040645
v 0.697388 1.748111 -0.027571
v 0.697785 1.749268 0.023146
v 0.737589 1.466051 0.023410
v 0.709429 1.528172 0.007177
v 0.708732 1.548427 0.014543
v 0.707798 1.562186 0.024897
v 0.709129 1.603810 -0.003290
v 0.709096 1.634506 -0.002329
v 0.721351 1.646478 -0.047521
v 0.720619 1.650662 0.047251
v 0.702959 1.676017 0.048442
v 0.719067 1.660606 0.056884
v 0.710210 1.669045 0.009010
v 0.739640 1.437194 0.059153
v 0.712690 1.665228 0.083864
v 0.721182 1.656195 -0.047346
v 0.730772 1.438342 0.049148
v 0.725465 1.559258 0.023244
v 0.723029 1.514612 0.049731
v 0.724418 1.645789 -0.022892
v 0.727279 1.646282 0.005438
v 0.758726 1.486225 0.044876
v 0.759390 1.535246 0.009798
v 0.764445 1.504048 0.006711
v 0.760455 1.450873 0.040902
v 0.768270 1.545842 0.018704
v 0.770940 1.462867 0.038969
v 0.790945 1.535434 0.014883
v 0.775788 1.473579 0.026252
v 0.787683 1.504343 0.023723
v 0.795381 1.512635 0.012425
v 0.790218 1.497721 0.018557
vn -0.2317 0.0502 -0.9715
vn -0.1924 0.1178 -0.9742
vn -0.0964 0.1592 -0.9825
vn -0.8995 -0.4356 -0.0333
vn -0.4344 0.8857 0.1637
vn -0.3182 0.9384 0.1350
vn -0.3638 0.9199 0.1464
vn -0.1094 0.2070 -0.9722
vn -0.1688 -0.4247 -0.8895
vn -0.1984 -0.3847 -0.9014
vn -0.0357 -0.3730 -0.9272
vn -0.1985 -0.3848 -0.9014
vn -0.8598 -0.4443 0.2516
vn -0.0685 -0.4814 -0.8738
vn -0.6857 -0.0668 -0.7248
vn 0.0062 0.0909 -0.9958
vn -0.2451 0.9625 0.1166
vn -0.5446 -0.5943 -0.5918
vn -0.5380 -0.5924 -0.5996
vn -0.5390 -0.5927 -0.5985
vn -0.5028 0.0870 -0.8600
vn -0.5012 0.0835 -0.8613
vn -0.4985 0.0775 -0.8634
vn -0.4975 0.0754 -0.8642
vn -0.8831 0.3051 -0.3565
vn -0.1531 0.9600 -0.2343
vn -0.1454 0.9680 -0.2046
vn -0.1124 0.9903 -0.0817
vn -0.9583 0.2829 0.0408
vn -0.8643 0.5025 0.0224
vn -0.7763 0.6279 -0.0558
vn 0.0402 -0.2368 -0.9707
vn 0.0829 -0.3023 -0.9496
vn -0.0353 0.5124 -0.8580
vn -0.7681 0.6369 -0.0665
vn -0.7729 0.6338 -0.0296
vn -0.6412 0.7652 0.0574
vn -0.2520 -0.0097 -0.9677
vn -0.2198 0.1838 -0.9581
vn -0.2282 0.1623 -0.9600
vn 0.0384 0.0267 -0.9989
vn -0.1017 0.9939 -0.0431
vn -0.8856 -0.2618 0.3837
vn -0.8598 -0.2551 0.4424
vn -0.8503 -0.2526 0.4618
vn -0.2804 -0.1984 -0.9391
vn -0.1996 -0.1537 -0.9678
vn 0.1058 -0.3508 -0.9305
vn -0.7255 0.6834 -0.0808
vn -0.6404 0.3302 -0.6934
vn 0.0943 -0.3986 -0.9123
vn -0.9710 -0.2366 -0.0357
vn -0.9865 -0.1617 0.0251
vn -0.9937 -0.0943 -0.0602
vn -0.9737 -0.0959 -0.2066
vn -0.9996 -0.0183 -0.0232
vn -0.9997 0.0116 -0.0213
vn -0.9794 0.0194 -0.2012
vn -0.9956 0.0694 0.0635
vn -0.9842 0.0221 0.1756
vn -0.9792 0.0153 0.2024
vn -0.9972 0.0331 0.0672
vn -0.9635 0.0111 0.2675
vn -0.9657 0.0135 -0.2591
vn -0.9866 0.0289 -0.1603
vn -0.9539 -0.2893 0.0801
vn -0.8077 0.5862 -0.0636
vn -0.6636 0.7480 -0.0057
vn -0.2337 0.0146 -0.9722
vn -0.9869 -0.1607 0.0115
vn -0.9540 -0.0091 -0.2996
vn -0.6878 0.7198 -0.0941
vn -0.6015 0.7978 0.0405
vn -0.9678 0.1377 -0.2109
vn -0.9896 0.1437 0.0053
vn -0.9792 0.1765 -0.0997
vn -0.9773 0.1825 0.1072
vn -0.9735 0.1315 0.1868
vn -0.1497 0.3327 -0.9311
vn -0.9595 -0.0215 0.2808
vn -0.9391 -0.0537 0.3393
vn -0.9551 -0.0152 0.2959
vn -0.9486 0.0233 -0.3157
vn -0.5889 0.7945 -0.1480
vn -0.5603 0.8180 0.1300
vn -0.9304 0.1528 0.3333
vn -0.8587 0.0878 -0.5048
vn -0.2090 -0.2216 -0.9525
vn -0.9853 -0.1694 0.0202
vn -0.9673 -0.2533 0.0166
vn -0.9469 0.0298 -0.3201
vn -0.9473 0.0108 0.3200
vn -0.5307 0.8253 0.1927
vn -0.9476 0.1844 -0.2610
vn -0.9005 0.0004 0.4348
vn -0.9409 -0.1715 0.2921
vn -0.8896 -0.1870 0.4166
vn -0.9336 -0.1080 -0.3418
vn -0.5778 0.8050 -0.1344
vn -0.4048 0.9126 0.0579
vn -0.8847 0.1425 -0.4438
vn -0.8735 0.1306 -0.4691
vn -0.3435 0.3715 -0.8625
vn -0.9463 -0.2340 -0.2231
vn -0.9097 -0.2272 -0.3477
vn -0.9428 0.2067 0.2615
vn -0.9773 0.2099 0.0285
vn -0.2825 -0.1774 -0.9427
vn -0.2850 -0.1911 -0.9393
vn -0.2849 -0.1804 -0.9414
vn -0.5455 0.4758 -0.6900
vn -0.9095 -0.2588 0.3253
vn -0.2641 -0.1894 -0.9457
vn -0.1462 -0.0640 -0.9872
vn -0.9316 -0.3618 -0.0358
vn -0.7874 -0.0892 -0.6099
vn -0.8014 -0.0044 -0.5981
vn -0.8009 -0.0121 -0.5987
vn -0.8750 0.1708 -0.4530
vn -0.9600 0.2146 -0.1799
vn -0.3035 -0.2046 -0.9306
vn -0.8791 -0.2940 0.3752
vn -0.8140 0.0179 -0.5806
vn -0.5734 -0.5462 -0.6107
vn -0.5589 -0.4050 -0.7236
vn -0.4806 -0.5782 -0.6593
vn -0.4536 0.8474 -0.2760
vn -0.4658 0.8441 -0.2656
vn -0.4924 0.8414 0.2229
vn -0.8366 0.1855 0.5155
vn -0.8138 -0.3232 -0.4830
vn -0.8265 -0.1634 0.5387
vn -0.9265 0.0311 0.3749
vn -0.7847 -0.1051 -0.6109
vn -0.3966 0.8539 0.3369
vn -0.3703 0.8587 0.3543
vn -0.7554 0.1244 -0.6433
vn -0.9814 0.1759 0.0772
vn -0.8508 -0.4372 -0.2915
vn -0.8692 -0.4619 -0.1766
vn -0.8707 -0.4648 -0.1609
vn -0.1387 0.0598 -0.9885
vn -0.1260 0.1137 -0.9855
vn -0.0935 0.1012 -0.9905
vn -0.6239 0.5398 0.5651
vn -0.5310 0.4825 0.6966
vn -0.6439 0.5448 0.5372
vn -0.1266 -0.1654 -0.9781
vn -0.8758 -0.3188 0.3623
vn -0.8727 -0.2827 0.3981
vn -0.7842 0.1492 -0.6023
vn -0.8559 0.1925 -0.4800
vn -0.8329 -0.4181 -0.3626
vn -0.4079 -0.2528 -0.8773
vn -0.4385 -0.2923 -0.8499
vn -0.0271 0.1427 -0.9894
vn -0.1765 -0.2211 -0.9591
vn -0.7707 -0.1825 -0.6106
vn -0.7668 -0.2001 -0.6099
vn -0.8190 0.0130 -0.5737
vn -0.3314 -0.5794 -0.7446
vn -0.3768 -0.6874 -0.6209
vn -0.8211 -0.1324 0.5552
vn -0.5054 -0.3937 -0.7678
vn -0.3849 0.8556 -0.3462
vn -0.8042 -0.5943 0.0074
vn -0.8946 -0.3490 0.2791
vn -0.8866 -0.3175 0.3365
vn -0.8924 0.1820 0.4129
vn -0.8546 0.2507 0.4548
vn -0.7725 0.3236 0.5465
vn -0.4084 0.7044 -0.5805
vn -0.2971 0.6699 -0.6804
vn -0.3465 0.6869 -0.6388
vn -0.1428 -0.0836 -0.9862
vn -0.8001 -0.4482 -0.3987
vn -0.9069 -0.3509 -0.2332
vn -0.6463 0.1290 -0.7521
vn -0.5752 0.0940 -0.8126
vn -0.1937 0.9807 0.0256
vn -0.1860 0.9824 0.0155
vn -0.1983 0.9801 -0.0019
vn 0.0529 -0.1961 -0.9792
vn 0.0519 -0.2140 -0.9755
vn 0.0519 -0.2130 -0.9757
vn -0.1937 0.9809 -0.0178
vn -0.1925 0.9812 -0.0098
vn 0.0510 -0.2296 -0.9720
vn 0.1089 0.1593 -0.9812
vn -0.8611 -0.4676 -0.1993
vn -0.8821 -0.4572 0.1131
vn -0.8938 -0.4182 0.1620
vn -0.8146 -0.2622 0.5173
vn -0.8558 -0.1680 0.4892
vn -0.8253 -0.2230 0.5188
vn -0.5807 -0.0093 -0.8141
vn -0.5067 0.0034 -0.8621
vn -0.4794 -0.0415 -0.8766
vn -0.6077 0.0139 -0.7941
vn -0.1951 0.9805 -0.0244
vn -0.6277 -0.2710 -0.7297
vn -0.5536 -0.0822 -0.8287
vn -0.6437 0.1568 -0.7490
vn -0.1234 -0.0392 -0.9916
vn 0.5439 -0.4039 -0.7356
vn 0.5704 -0.2286 -0.7889
vn 0.6055 -0.5070 -0.6135
vn 0.3306 -0.0768 -0.9407
vn 0.5141 -0.0735 -0.8546
vn 0.4869 -0.2866 -0.8251
vn 0.3757 0.0074 -0.9267
vn -0.8443 -0.4580 0.2781
vn -0.8000 -0.4406 0.4073
vn -0.8413 -0.3772 0.3873
vn -0.4164 -0.1173 -0.9016
vn -0.7294 0.5590 0.3944
vn -0.1850 0.9827 0.0092
vn -0.5280 -0.1269 -0.8397
vn -0.4029 -0.1895 -0.8954
vn -0.2921 -0.5297 -0.7963
vn -0.2359 -0.4737 -0.8485
vn -0.1584 0.7772 0.6090
vn -0.2670 0.8186 0.5086
vn -0.1907 0.7866 0.5872
vn -0.7391 -0.4345 0.5147
vn -0.7480 -0.3845 0.5410
vn -0.7055 -0.4285 -0.5645
vn -0.1905 0.9811 -0.0353
vn -0.7571 -0.5546 0.3452
vn -0.7252 -0.5672 -0.3904
vn -0.7195 -0.5775 -0.3858
vn -0.7153 -0.5935 -0.3689
vn -0.3007 0.0245 -0.9534
vn -0.2351 0.6451 -0.7270
vn -0.4548 0.1171 -0.8829
vn -0.6500 -0.6979 -0.3008
vn -0.1875 0.9815 0.0393
vn -0.2244 -0.7911 -0.5690
vn -0.2300 -0.0434 -0.9722
vn 0.2735 0.3321 0.9027
vn 0.3051 0.4268 0.8513
vn 0.2838 0.4011 0.8709
vn -0.4132 0.1239 -0.9021
vn -0.8741 -0.4853 -0.0191
vn -0.8112 -0.5539 0.1873
vn -0.8190 -0.5716 0.0495
vn -0.6487 -0.5697 -0.5046
vn -0.7014 -0.5420 -0.4629
vn -0.5595 -0.3529 -0.7500
vn -0.1768 0.9841 -0.0180
vn -0.7394 -0.5538 -0.3830
vn -0.1236 -0.0300 -0.9919
vn -0.1288 -0.0858 -0.9880
vn -0.2318 0.0856 -0.9690
vn -0.1679 0.9855 0.0228
vn -0.3839 -0.2255 -0.8954
vn 0.0761 -0.0242 -0.9968
vn -0.6351 -0.5921 -0.4960
vn -0.5840 -0.6436 -0.4948
vn 0.2961 0.4134 0.8610
vn 0.2734 0.4010 0.8743
vn -0.0105 -0.0049 -0.9999
vn -0.1917 0.1161 -0.9746
vn -0.1550 -0.1311 -0.9792
vn -0.5271 -0.4147 -0.7418
vn 0.0962 -0.0739 -0.9926
vn -0.6602 -0.5168 -0.5450
vn -0.1572 0.9874 0.0201
vn -0.3456 -0.2536 -0.9035
vn 0.1222 -0.0228 -0.9922
vn -0.0261 0.0769 -0.9967
vn -0.1479 0.9885 0.0324
vn -0.1672 0.9859 0.0068
vn 0.3441 0.0255 -0.9386
vn 0.3538 -0.0487 -0.9341
vn 0.2998 -0.1217 -0.9462
vn -0.0953 0.9924 0.0781
vn -0.6788 -0.6430 -0.3546
vn -0.6404 -0.6369 -0.4293
vn -0.5809 -0.6589 -0.4779
vn -0.6883 -0.6752 -0.2654
vn -0.6220 -0.6222 -0.4753
vn -0.0402 0.9606 -0.2750
vn -0.9771 -0.0347 -0.2099
vn -0.7630 -0.0073 -0.6464
vn -0.7891 -0.0257 -0.6138
vn -0.6928 0.0757 -0.7171
vn -0.6471 -0.5763 -0.4991
vn 0.2522 -0.1025 -0.9622
vn -0.0189 0.1156 -0.9931
vn -0.6933 0.1294 -0.7090
vn -0.7330 -0.6732 -0.0973
vn -0.7260 -0.6830 0.0806
vn -0.8114 -0.5837 0.0303
vn -0.7067 0.1633 -0.6884
vn -0.0544 0.9771 0.2055
vn -0.1164 0.9932 0.0044
vn -0.2430 -0.2073 -0.9476
vn -0.2695 -0.1840 -0.9453
vn -0.3040 -0.1626 -0.9387
vn -0.5150 -0.5049 -0.6927
vn 0.1091 0.0213 -0.9938
vn -0.3999 -0.0396 -0.9157
vn -0.3071 -0.1397 -0.9414
vn 0.3419 0.1099 -0.9333
vn 0.5460 0.0787 -0.8341
vn 0.1466 0.0586 -0.9875
vn -0.0388 0.9945 0.0970
vn 0.5280 -0.1082 -0.8423
vn -0.8765 -0.1750 0.4485
vn -0.9135 -0.1460 0.3797
vn -0.9190 -0.1412 0.3682
vn -0.8711 -0.0339 -0.4898
vn -0.2594 -0.0879 -0.9618
vn -0.4768 -0.0184 -0.8788
vn -0.4071 -0.0193 -0.9132
vn 0.2522 -0.0357 -0.9670
vn 0.1829 0.9831 0.0098
vn 0.1439 0.9896 0.0014
vn -0.0299 0.9989 0.0360
vn -0.8702 -0.1794 0.4589
vn -0.1009 0.9934 -0.0548
vn -0.0792 0.9964 -0.0309
vn -0.2749 0.6806 -0.6791
vn -0.1415 -0.1822 -0.9730
vn -0.4477 -0.1272 -0.8851
vn -0.2053 0.4731 -0.8567
vn -0.1498 0.4334 -0.8887
vn -0.1625 0.4218 -0.8920
vn 0.4377 0.2831 -0.8534
vn 0.6101 0.5850 -0.5343
vn 0.6058 0.6200 -0.4987
vn 0.6129 0.5495 -0.5679
vn -0.1839 -0.1338 -0.9738
vn -0.1657 -0.1123 -0.9798
vn -0.1725 -0.2195 -0.9602
vn -0.5214 -0.5996 -0.6072
vn 0.5575 -0.0149 -0.8300
vn 0.6933 -0.1447 -0.7059
vn 0.7224 -0.0100 -0.6914
vn -0.2428 -0.0993 -0.9650
vn -0.3414 -0.3775 -0.8608
vn 0.6496 0.7458 -0.1480
vn 0.5881 0.8040 -0.0873
vn 0.6217 0.7487 -0.2300
vn 0.4852 -0.1866 -0.8543
vn 0.3671 -0.1656 -0.9153
vn 0.4438 -0.6180 -0.6489
vn 0.4125 -0.5456 -0.7295
vn 0.4201 -0.4755 -0.7729
vn -0.1178 0.3747 -0.9196
vn -0.2892 0.7511 -0.5934
vn -0.2865 0.7565 -0.5879
vn -0.2835 0.7624 -0.5817
vn -0.8432 -0.4353 0.3156
vn -0.7867 -0.5602 0.2596
vn -0.8040 -0.5164 0.2948
vn -0.4158 -0.5260 -0.7419
vn 0.3139 0.0955 -0.9447
vn -0.3099 0.7269 0.6128
vn -0.3185 0.7089 0.6293
vn -0.3001 0.7462 0.5942
vn -0.3499 0.8822 0.3150
vn -0.3564 0.8793 0.3158
vn -0.3660 0.8776 0.3096
vn -0.3635 0.8746 -0.3208
vn -0.3788 0.8773 -0.2946
vn -0.3661 0.8785 -0.3068
vn -0.0936 0.3167 -0.9439
vn -0.1107 0.3599 -0.9264
vn -0.2890 0.9568 0.0314
vn -0.6881 -0.6110 0.3914
vn -0.7070 -0.5499 0.4448
vn -0.6510 -0.6282 0.4261
vn -0.2802 0.7686 -0.5751
vn -0.3355 0.8753 -0.3482
vn -0.9828 0.0350 -0.1811
vn -0.9897 0.0404 -0.1371
vn -0.9984 0.0568 0.0015
vn -0.9970 0.0619 0.0473
vn -0.6221 -0.7380 -0.2613
vn -0.6506 -0.7532 -0.0973
vn 0.4042 0.2145 -0.8892
vn 0.4788 0.1887 -0.8574
vn 0.6177 0.3110 -0.7223
vn 0.6858 0.2212 -0.6933
vn 0.7258 0.6393 -0.2541
vn 0.7054 0.6459 -0.2920
vn -0.3603 0.8664 -0.3458
vn 0.3765 -0.2437 -0.8938
vn 0.3660 -0.2593 -0.8938
vn 0.3727 -0.2664 -0.8889
vn -0.1135 0.6744 -0.7296
vn -0.3114 0.1499 -0.9384
vn -0.4355 0.2928 -0.8512
vn -0.3016 0.2547 -0.9188
vn -0.8576 0.5135 -0.0302
vn -0.8569 0.5153 -0.0154
vn -0.8531 0.5205 0.0351
vn -0.3040 0.8644 -0.4004
vn -0.3007 0.8799 0.3680
vn -0.9932 0.0335 0.1113
vn -0.2702 0.8794 0.3920
vn -0.9374 0.2938 -0.1868
vn -0.0394 0.0385 -0.9985
vn 0.0422 -0.0609 -0.9973
vn -0.5543 0.0769 -0.8288
vn -0.2877 0.1937 -0.9379
vn -0.5445 0.5215 -0.6569
vn -0.8513 0.5220 0.0526
vn -0.1280 -0.2310 -0.9645
vn 0.2614 0.1698 -0.9502
vn -0.2298 0.8635 0.4489
vn 0.6481 0.7599 0.0497
vn 0.5894 0.7955 0.1407
vn 0.6339 0.7460 0.2041
vn -0.1832 0.0076 -0.9830
vn -0.2856 0.3305 -0.8996
vn 0.3586 -0.1008 -0.9280
vn 0.3496 0.0958 -0.9320
vn 0.4672 0.0085 -0.8841
vn 0.3450 -0.0043 -0.9386
vn 0.4739 0.0341 -0.8799
vn 0.2198 0.2527 -0.9422
vn 0.3028 0.2826 -0.9102
vn 0.2384 0.2595 -0.9359
vn -0.3962 0.7472 -0.5336
vn -0.2970 0.8478 -0.4393
vn 0.3636 -0.2823 -0.8878
vn 0.4011 -0.2709 -0.8751
vn 0.3769 0.3079 -0.8736
vn -0.1644 0.8957 0.4131
vn -0.1756 0.8609 0.4775
vn -0.1502 0.9763 -0.1558
vn 0.0837 -0.1899 -0.9782
vn -0.1535 0.2533 -0.9551
vn 0.2046 0.1079 -0.9729
vn 0.5036 0.0567 -0.8621
vn 0.4937 0.1167 -0.8618
vn 0.5371 0.0116 -0.8435
vn -0.0826 0.2031 -0.9757
vn -0.2790 -0.3716 -0.8855
vn -0.1649 0.8460 0.5070
vn 0.3836 0.9095 -0.1601
vn 0.4884 0.8720 -0.0321
vn 0.4327 0.8912 -0.1365
vn 0.4180 0.2118 -0.8834
vn 0.3544 0.9177 -0.1793
vn 0.2093 -0.3039 -0.9294
vn 0.4090 -0.3067 -0.8595
vn 0.2922 -0.1629 -0.9424
vn 0.0227 0.8155 -0.5783
vn -0.0170 0.8130 -0.5820
vn -0.0108 0.8115 -0.5842
vn -0.3754 -0.3985 -0.8368
vn 0.1425 0.0574 -0.9881
vn 0.1954 0.0144 -0.9806
vn -0.0172 0.8034 -0.5951
vn -0.0047 -0.0821 -0.9966
vn -0.5576 -0.6629 -0.4997
vn -0.4766 -0.5157 -0.7119
vn 0.6590 0.4733 -0.5845
vn 0.5548 0.3698 -0.7453
vn 0.7102 0.3973 -0.5811
vn 0.3115 0.7698 0.5571
vn 0.5403 0.8356 -0.0993
vn 0.5049 0.8567 0.1053
vn 0.5656 0.8230 0.0514
vn 0.3842 -0.0695 -0.9206
vn -0.0218 0.8022 -0.5967
vn -0.9287 -0.3228 0.1824
vn -0.8815 -0.4668 -0.0709
vn 0.6088 0.7925 -0.0350
vn 0.4554 0.3788 -0.8057
vn 0.4761 0.3458 -0.8085
vn 0.5170 0.4099 -0.7515
vn -0.9764 -0.1616 -0.1431
vn -0.5987 -0.6404 -0.4811
vn -0.4104 0.1590 -0.8979
vn -0.3052 -0.0482 -0.9511
vn -0.3610 0.1159 -0.9254
vn -0.3515 -0.0813 -0.9327
vn 0.6779 -0.1351 -0.7227
vn 0.6952 -0.0223 -0.7184
vn 0.8098 -0.1094 -0.5764
vn 0.7353 0.5173 -0.4377
vn -0.9193 -0.0553 0.3895
vn -0.9644 0.0010 0.2645
vn -0.9706 0.0102 0.2405
vn 0.5464 -0.0978 -0.8318
vn 0.4738 -0.2140 -0.8543
vn -0.9466 -0.1972 0.2550
vn -0.9518 -0.1681 0.2566
vn -0.9822 0.0264 -0.1859
vn -0.8484 -0.0181 0.5291
vn -0.8061 -0.0637 -0.5883
vn -0.8187 0.0045 -0.5743
vn -0.8082 -0.0536 -0.5864
vn -0.7904 -0.1285 -0.5989
vn -0.4201 0.1587 -0.8935
vn -0.3968 -0.0837 -0.9141
vn -0.5031 -0.0595 -0.8622
vn -0.5628 -0.0072 -0.8266
vn -0.5886 0.0123 -0.8083
vn -0.3905 -0.0842 -0.9168
vn -0.1542 0.0188 -0.9879
vn 0.4693 0.1909 -0.8622
vn 0.4297 0.2684 -0.8621
vn 0.4533 0.2233 -0.8630
vn 0.0389 0.8146 -0.5787
vn 0.6216 0.5144 -0.5908
vn -0.6312 -0.4156 -0.6549
vn -0.6375 -0.4129 -0.6505
vn -0.6362 -0.4135 -0.6514
vn 0.6680 0.0665 -0.7412
vn 0.6635 0.1335 -0.7362
vn 0.6563 0.2752 -0.7025
vn 0.7362 0.6751 -0.0483
vn 0.7148 0.6991 -0.0190
vn 0.3601 0.7247 -0.5874
vn -0.2524 -0.2474 -0.9355
vn 0.5782 0.1010 -0.8096
vn 0.6499 -0.0018 -0.7600
vn 0.6811 0.0311 -0.7315
vn 0.5112 0.0011 -0.8594
vn 0.5074 0.0015 -0.8617
vn 0.6154 0.0673 -0.7854
vn 0.5477 0.1222 -0.8277
vn -0.9138 -0.4030 -0.0506
vn -0.9010 -0.4134 0.1314
vn -0.8976 -0.4137 0.1525
vn -0.6301 -0.4161 -0.6557
vn 0.6555 0.3063 -0.6903
vn 0.6600 0.3199 -0.6797
vn -0.5958 -0.6090 -0.5235
vn -0.1681 -0.3540 -0.9200
vn -0.2698 -0.3493 -0.8973
vn -0.2382 -0.3641 -0.9004
vn -0.5309 -0.5078 -0.6784
vn -0.9134 -0.4012 -0.0687
vn 0.4847 0.4502 -0.7499
vn -0.6386 -0.6965 -0.3273
vn 0.1144 0.1999 -0.9731
vn -0.9422 -0.2579 0.2140
vn -0.9443 -0.2573 0.2053
vn -0.9445 -0.2572 0.2044
vn 0.6531 0.3181 -0.6872
vn -0.1699 -0.0733 -0.9827
vn -0.1149 -0.3027 -0.9461
vn 0.2949 0.2306 -0.9273
vn 0.7588 0.5277 -0.3818
vn 0.6554 0.6211 -0.4298
vn -0.1009 -0.2704 -0.9574
vn -0.9419 -0.2580 0.2152
vn -0.8963 -0.3301 -0.2961
vn -0.9390 -0.2704 -0.2127
vn -0.8812 -0.3475 -0.3207
vn -0.4370 -0.2536 -0.8630
vn -0.3038 -0.1930 -0.9330
vn 0.0214 0.1381 -0.9902
vn -0.1890 -0.1177 -0.9749
vn -0.1883 -0.1148 -0.9754
vn -0.1897 -0.1208 -0.9744
vn 0.7346 0.1655 -0.6580
vn 0.6738 0.0733 -0.7353
vn 0.6830 0.0757 -0.7265
vn 0.1989 0.4010 -0.8942
vn -0.9486 -0.2535 -0.1895
vn -0.4428 -0.3879 -0.8084
vn -0.9187 -0.2881 0.2702
vn -0.1902 -0.1234 -0.9739
vn 0.4352 0.4510 -0.7792
vn 0.5196 0.5272 -0.6723
vn -0.9513 -0.0352 -0.3064
vn -0.8855 0.3625 0.2906
vn -0.9943 -0.1051 -0.0179
vn 0.7801 0.1359 -0.6107
vn 0.8107 0.2179 -0.5434
vn 0.4560 -0.0380 -0.8892
vn 0.3561 0.0347 -0.9338
vn 0.3943 0.0075 -0.9190
vn -0.2203 -0.0778 -0.9723
vn -0.0442 0.1920 -0.9804
vn -0.6496 -0.7352 -0.1937
vn -0.6240 -0.6541 -0.4277
vn 0.6280 0.5756 -0.5236
vn 0.3946 0.6859 -0.6113
vn -0.8974 0.4311 -0.0939
vn -0.9022 0.4314 0.0019
vn -0.8929 0.4355 -0.1147
vn -0.8786 0.4509 -0.1571
vn -0.9018 0.4322 0.0002
vn -0.8896 0.4414 0.1177
vn -0.8872 0.4349 0.1539
vn 0.3991 0.7076 -0.5831
vn -0.6372 -0.7138 -0.2906
vn -0.2765 -0.1804 -0.9439
vn -0.7883 -0.5822 0.1988
vn -0.7900 -0.5793 0.2007
vn -0.8237 -0.5670 0.0056
vn -0.8545 0.5044 -0.1246
vn -0.8611 0.4620 -0.2125
vn -0.5598 -0.5997 -0.5718
vn 0.0185 0.2991 -0.9540
vn -0.4184 -0.3831 -0.8235
vn -0.8026 -0.5728 -0.1667
vn -0.7698 -0.5869 -0.2511
vn -0.7734 -0.5733 -0.2706
vn -0.7653 -0.5859 -0.2666
vn -0.8616 0.4818 0.1597
vn -0.8703 0.4414 0.2186
vn 0.1447 0.5243 -0.8392
vn -0.9666 -0.1607 -0.1998
vn -0.9780 -0.2086 0.0050
vn -0.9876 -0.1566 0.0083
vn -0.9605 -0.1628 0.2258
vn -0.6662 -0.7337 0.1334
vn -0.6607 -0.7133 0.2339
vn -0.6631 -0.7421 0.0973
vn 0.2297 0.6942 -0.6821
vn -0.9306 -0.3416 -0.1316
vn -0.9356 -0.3531 0.0061
vn -0.9360 -0.3521 0.0012
vn -0.8618 0.4486 0.2367
vn -0.9314 -0.3221 0.1696
vn -0.9527 0.2752 -0.1290
vn -0.9533 0.3019 0.0067
vn -0.9503 0.2903 -0.1127
vn -0.9530 0.3029 0.0084
vn -0.9457 0.3093 0.1001
vn -0.9509 -0.2109 -0.2265
vn -0.9512 -0.2015 0.2335
vn -0.9339 -0.1688 -0.3153
vn -0.9019 -0.3129 -0.2978
vn -0.8681 0.4516 -0.2059
vn -0.9528 0.2913 0.0848
vn 0.5777 0.7506 -0.3207
vn 0.6454 0.7433 -0.1760
vn 0.5532 0.7551 -0.3518
vn -0.3306 -0.2584 -0.9077
vn -0.3418 -0.1895 -0.9205
vn -0.4392 -0.1746 -0.8813
vn -0.9261 -0.3032 -0.2246
vn -0.9249 -0.3012 -0.2322
vn -0.9275 0.2239 -0.2994
vn -0.9307 0.2512 -0.2659
vn -0.9416 0.3180 0.1111
vn -0.9863 0.1649 -0.0035
vn -0.9883 0.1526 0.0023
vn -0.9871 0.1599 0.0017
vn -0.9879 0.1548 0.0005
vn -0.9896 0.1435 0.0090
vn -0.2053 -0.0719 -0.9761
vn -0.9391 -0.2469 0.2389
vn -0.3305 -0.2595 -0.9074
vn -0.3690 -0.1467 -0.9178
vn -0.3592 -0.1078 -0.9270
vn -0.8661 0.4436 0.2306
vn -0.9150 0.1946 0.3535
vn -0.9121 0.2006 0.3577
vn -0.9135 0.1976 0.3556
vn -0.9852 0.1713 0.0018
vn -0.9941 0.1088 -0.0024
vn -0.9863 0.1639 0.0171
vn -0.9878 0.1546 0.0188
vn -0.9864 0.1558 -0.0527
vn -0.9881 0.1464 -0.0480
vn -0.9808 0.1950 0.0066
vn -0.9856 0.1626 0.0458
vn -0.3405 -0.1066 -0.9342
vn -0.8430 0.4774 -0.2476
vn -0.9102 0.2044 0.3603
vn -0.9020 0.2444 -0.3559
vn -0.3029 0.9530 0.0007
vn -0.3039 0.9511 0.0553
vn -0.3032 0.9529 0.0049
vn -0.9863 0.1317 -0.0996
vn -0.9879 0.1464 0.0508
vn -0.9852 0.1490 0.0843
vn -0.0707 0.2610 -0.9627
vn 0.5191 0.8287 0.2092
vn 0.5330 0.7886 0.3068
vn 0.4588 0.8411 0.2863
vn -0.9306 -0.2725 0.2445
vn -0.9216 -0.1867 -0.3404
vn -0.9208 -0.3057 -0.2421
vn 0.0415 0.9988 -0.0257
vn -0.2975 0.9522 -0.0690
vn -0.2967 0.9537 -0.0492
vn -0.9870 0.1216 0.1048
vn -0.9812 0.1380 0.1347
vn -0.9853 0.1115 -0.1292
vn -0.0730 0.1620 -0.9841
vn -0.0853 0.2442 -0.9660
vn 0.1965 0.8048 -0.5601
vn -0.9588 -0.2839 0.0041
vn -0.9319 -0.2752 -0.2361
vn -0.9057 -0.2422 -0.3479
vn -0.9132 -0.2194 -0.3433
vn -0.9015 0.2036 -0.3818
vn -0.9000 0.1780 -0.3979
vn -0.2184 0.9645 -0.1483
vn -0.2829 0.9541 -0.0985
vn -0.3385 0.9393 0.0564
vn -0.2473 0.9615 0.1193
vn -0.2798 0.9560 0.0880
vn -0.9795 0.1090 -0.1696
vn 0.0598 0.5124 -0.8566
vn 0.0175 0.4644 -0.8854
vn 0.3450 0.8975 -0.2746
vn 0.8947 0.2139 -0.3922
vn -0.9747 0.1088 0.1950
vn -0.9702 0.0780 0.2295
vn -0.9842 0.0868 -0.1544
vn -0.9588 0.1255 -0.2549
vn 0.1360 0.6321 -0.7629
vn -0.6844 0.2328 -0.6910
vn -0.7308 0.1653 -0.6623
vn -0.6947 0.2185 -0.6853
vn -0.1850 0.9660 0.1805
vn -0.1915 -0.4382 -0.8783
vn -0.1178 -0.2856 -0.9511
vn -0.1312 -0.3551 -0.9256
vn -0.9487 0.1428 -0.2820
vn -0.9780 0.0787 0.1930
vn -0.9426 0.1568 0.2948
vn 0.1637 0.6749 -0.7195
vn -0.5352 -0.0860 -0.8403
vn -0.5307 -0.0814 -0.8436
vn -0.6315 0.3002 -0.7149
vn -0.1621 0.9659 -0.2019
vn -0.1712 0.9673 -0.1873
vn -0.1788 0.9662 0.1858
vn -0.2036 0.9658 -0.1603
vn -0.9409 0.1495 0.3040
vn -0.9452 0.1539 -0.2880
vn -0.9295 0.2083 0.3042
vn 0.1821 0.8133 0.5526
vn 0.1907 0.7973 0.5727
vn 0.1813 0.8166 0.5480
vn 0.2029 0.9302 -0.3060
vn 0.2027 0.9636 -0.1742
vn 0.2160 0.9511 -0.2209
vn 0.1948 0.9573 0.2138
vn 0.1778 0.8768 0.4468
vn 0.1884 0.9605 0.2049
vn 0.1755 0.9842 0.0213
vn 0.1835 0.9823 -0.0387
vn 0.1914 0.9788 0.0730
vn -0.9022 -0.2449 -0.3550
vn -0.8959 0.3586 -0.2622
vn -0.9333 0.3523 -0.0691
vn -0.9230 0.3192 -0.2149
vn -0.9575 0.2684 -0.1057
vn -0.9540 0.2746 0.1201
vn -0.9383 0.3343 0.0887
vn -0.9446 0.3125 0.1003
vn -0.9692 0.2005 -0.1433
vn -0.3427 -0.6316 -0.6954
vn -0.3107 -0.6402 -0.7026
vn -0.9230 0.2260 -0.3114
vn -0.9247 0.2222 0.3090
vn -0.9185 0.2349 -0.3179
vn -0.9090 0.2852 -0.3039
vn -0.9114 0.3361 0.2376
vn -0.9138 0.2886 0.2858
vn -0.9088 0.3143 0.2744
vn 0.1563 0.9357 0.3162
vn 0.1833 0.8756 0.4469
vn -0.5338 -0.0930 -0.8405
vn -0.5286 -0.0969 -0.8433
vn -0.3183 -0.0994 -0.9428
vn -0.9587 0.2524 0.1315
vn -0.1506 -0.4903 -0.8584
vn -0.1116 0.0005 -0.9938
vn 0.0108 0.1460 -0.9892
vn -0.1136 -0.0097 -0.9935
vn -0.9010 0.3229 -0.2896
vn -0.8902 0.3588 -0.2808
vn -0.9028 0.3900 0.1813
vn -0.9082 0.3682 0.1991
vn -0.9246 -0.3011 0.2332
vn -0.8964 -0.2564 0.3616
vn -0.8981 -0.2472 0.3637
vn -0.5329 -0.1017 -0.8401
vn -0.8437 0.3732 0.3859
vn -0.7459 0.4366 0.5029
vn -0.8691 0.3151 0.3813
vn -0.7897 0.4220 0.4452
vn -0.8407 0.3609 0.4036
vn -0.8945 0.3860 -0.2257
vn -0.8951 0.3903 -0.2154
vn -0.8871 0.4241 -0.1822
vn -0.8866 0.4389 0.1461
vn -0.8862 0.4443 0.1317
vn -0.8735 0.4768 0.0979
vn -0.8720 0.4709 -0.1341
vn -0.8640 0.4983 -0.0716
vn -0.8763 0.4599 -0.1436
vn -0.8976 -0.2603 -0.3557
vn -0.5560 -0.1297 -0.8210
vn -0.8479 0.4046 -0.3427
vn -0.8253 0.3946 -0.4038
vn -0.4335 0.8955 -0.1010
vn -0.3150 0.9490 -0.0138
vn -0.3535 0.9349 0.0318
vn -0.4392 0.8887 -0.1315
vn -0.3658 0.9271 0.0815
vn -0.8148 -0.3442 -0.4664
vn -0.7432 -0.5465 -0.3860
vn -0.8542 -0.2993 -0.4252
vn -0.8066 -0.1443 -0.5732
vn -0.0930 0.0103 -0.9956
vn 0.0563 0.2118 -0.9757
vn 0.1031 0.3650 -0.9253
vn -0.8615 0.5040 -0.0614
vn -0.8600 0.5036 0.0820
vn -0.8617 0.5035 0.0633
vn -0.8537 0.5205 -0.0143
vn -0.8537 0.5205 0.0194
vn -0.8504 0.5261 0.0001
vn -0.9246 -0.3063 -0.2263
vn -0.9467 -0.3208 -0.0304
vn -0.9231 -0.3022 -0.2379
vn -0.0785 0.9510 -0.2991
vn -0.7051 0.3747 -0.6019
vn -0.7333 0.4253 -0.5305
vn -0.3722 0.8946 -0.2473
vn -0.6175 0.7865 0.0106
vn -0.5782 0.8038 0.1398
vn -0.6020 0.7981 0.0241
vn 0.1624 -0.2118 -0.9637
vn 0.0708 -0.1874 -0.9797
vn 0.1496 -0.2120 -0.9657
vn -0.5553 0.8150 0.1656
vn -0.9953 0.0853 0.0466
vn -0.9859 0.0986 0.1350
vn -0.9974 0.0720 0.0017
vn -0.9897 0.0972 -0.1055
vn -0.9229 -0.3840 -0.0286
vn -0.9201 -0.3916 0.0044
vn -0.9234 -0.3839 -0.0000
vn -0.9197 -0.3905 0.0404
vn -0.7085 -0.5708 -0.4149
vn -0.6966 -0.6099 -0.3778
vn -0.6891 -0.2349 -0.6855
vn -0.6949 -0.1715 -0.6983
vn -0.7283 -0.1695 -0.6640
vn -0.9461 -0.3235 0.0117
vn -0.8910 -0.2925 -0.3473
vn -0.5664 -0.1370 -0.8127
vn -0.5610 -0.1367 -0.8165
vn -0.5559 -0.1463 -0.8183
vn 0.4248 0.0637 -0.9031
vn 0.4273 0.0340 -0.9035
vn 0.4222 0.0426 -0.9055
vn 0.2138 -0.1766 -0.9608
vn 0.2134 -0.2042 -0.9554
vn -0.9727 0.0231 0.2309
vn -0.9729 0.0208 0.2303
vn -0.9876 0.1109 -0.1114
vn -0.1090 -0.0185 -0.9939
vn -0.9268 -0.2972 0.2294
vn 0.4211 0.1333 -0.8972
vn 0.4251 0.1131 -0.8981
vn 0.2153 -0.1922 -0.9574
vn -0.3471 0.9017 -0.2578
vn -0.6783 0.6863 -0.2624
vn -0.7036 0.6723 -0.2302
vn -0.6879 0.6812 -0.2505
vn -0.1850 0.9827 -0.0026
vn -0.1940 0.9791 0.0608
vn -0.2019 0.9758 0.0845
vn 0.1186 0.3853 -0.9151
vn 0.1259 0.4360 -0.8911
vn 0.1216 0.4396 -0.8899
vn -0.8902 -0.2794 0.3598
vn -0.8795 -0.2785 0.3859
vn -0.8878 -0.2742 0.3696
vn -0.5520 -0.1398 -0.8221
vn 0.4112 0.1703 -0.8955
vn -0.4173 0.3502 -0.8386
vn -0.3970 0.3172 -0.8613
vn -0.4238 0.3610 -0.8307
vn -0.0578 0.9493 -0.3090
vn -0.6800 0.6495 0.3402
vn -0.6221 0.7288 0.2862
vn -0.9368 0.0152 -0.3496
vn -0.9320 0.0339 -0.3608
vn -0.9333 0.0554 -0.3547
vn -0.9267 0.0731 -0.3687
vn -0.1957 0.9807 0.0024
vn -0.2094 0.9751 -0.0732
vn -0.5726 -0.7458 0.3405
vn -0.5291 -0.7149 0.4571
vn -0.5999 -0.7322 0.3224
vn 0.1483 0.7478 -0.6471
vn 0.2533 0.7704 -0.5851
vn 0.1262 0.6789 -0.7233
vn 0.1799 0.9437 -0.2776
vn 0.2134 0.9620 -0.1704
vn 0.2052 0.9611 -0.1850
vn 0.2330 0.9725 -0.0029
vn 0.2127 0.9630 0.1653
vn 0.2357 0.9718 0.0021
vn -0.5059 -0.1366 -0.8517
vn -0.5218 -0.1558 -0.8387
vn -0.6142 0.3737 0.6951
vn -0.5945 0.4415 0.6721
vn -0.5856 0.4407 -0.6803
vn -0.2124 0.9708 -0.1113
vn -0.2127 0.9743 -0.0742
vn -0.3025 0.9528 -0.0254
vn -0.6893 -0.7198 0.0823
vn -0.8396 -0.5106 0.1854
vn -0.8562 -0.4738 0.2059
vn -0.8529 -0.5220 -0.0004
vn -0.8152 0.5544 -0.1677
vn -0.8359 0.5486 0.0174
vn -0.8373 0.5465 -0.0190
vn -0.8326 0.5325 0.1522
vn -0.9180 -0.3944 0.0415
vn 0.1007 0.7058 -0.7012
vn 0.1540 0.8294 -0.5370
vn 0.2015 0.9599 0.1948
vn -0.6044 0.5078 -0.6138
vn -0.7047 0.4482 0.5500
vn -0.6577 0.6964 -0.2872
vn -0.9367 0.0587 -0.3451
vn -0.9386 0.3448 -0.0098
vn -0.9308 0.3428 0.1267
vn -0.9380 0.3466 0.0010
vn -0.8138 0.5335 -0.2306
vn -0.9181 -0.3934 0.0472
vn -0.7620 -0.4820 -0.4324
vn -0.7108 -0.5692 -0.4132
vn -0.7850 -0.4549 -0.4205
vn -0.8872 -0.3019 -0.3489
vn -0.8872 -0.3019 -0.3488
vn -0.5688 0.3987 -0.7194
vn -0.9354 0.0538 -0.3495
vn -0.2165 0.9697 0.1134
vn -0.1754 0.9663 0.1885
vn -0.1879 0.9677 0.1682
vn -0.2326 0.9672 -0.1016
vn -0.1684 0.9694 -0.1788
vn -0.9340 0.3407 -0.1080
vn -0.8131 0.5011 -0.2964
vn -0.8294 0.4700 0.3020
vn -0.8511 0.4801 0.2124
vn -0.4666 0.8844 0.0087
vn -0.4667 0.8844 0.0071
vn -0.4671 0.8841 -0.0095
vn -0.4660 0.8844 0.0253
vn 0.5034 -0.0307 -0.8635
vn 0.4281 0.0558 -0.9020
vn 0.5509 -0.0310 -0.8340
vn 0.4237 0.8141 -0.3971
vn 0.1692 0.9488 -0.2668
vn 0.3478 0.2159 -0.9123
vn 0.4048 0.1852 -0.8954
vn 0.3732 0.2051 -0.9048
vn -0.4416 0.3907 -0.8077
vn -0.1743 0.9705 -0.1664
vn -0.9348 0.3400 -0.1025
vn -0.9351 0.3387 -0.1043
vn -0.9092 0.3521 0.2223
vn -0.8163 0.4835 -0.3160
vn -0.7391 0.6735 0.0081
vn -0.7621 0.6475 -0.0011
vn -0.7417 0.6707 0.0071
vn -0.8382 0.4529 0.3037
vn -0.7758 -0.4716 -0.4192
vn -0.9952 0.0834 -0.0511
vn 0.4074 0.1644 -0.8983
vn 0.4310 0.3173 -0.8447
vn 0.4394 0.3004 -0.8466
vn -0.3158 -0.7003 -0.6401
vn -0.2961 -0.7789 -0.5529
vn -0.3404 -0.7732 -0.5350
vn -0.5256 0.5229 0.6711
vn -0.6747 0.0747 -0.7343
vn -0.6892 0.0448 -0.7232
vn -0.5976 0.0080 -0.8017
vn -0.8793 0.3162 -0.3562
vn -0.8753 0.3149 -0.3670
vn -0.8795 0.3123 -0.3591
vn -0.8818 0.3165 -0.3497
vn -0.7643 0.6448 -0.0021
vn -0.1842 -0.0020 -0.9829
vn -0.6419 0.2297 -0.7316
vn -0.6063 0.3677 -0.7051
vn -0.6541 0.2734 -0.7053
vn -0.4004 -0.2241 -0.8885
vn -0.4364 -0.1862 -0.8803
vn -0.6725 -0.0555 -0.7381
vn -0.6396 0.0452 -0.7674
vn -0.5560 -0.0526 -0.8295
vn -0.5621 0.1603 -0.8113
vn 0.0541 0.9096 -0.4119
vn -0.5932 0.5164 -0.6177
vn -0.9010 0.3414 0.2676
vn -0.8743 0.3433 0.3430
vn -0.8713 0.3385 0.3552
vn -0.8197 0.4705 -0.3266
vn -0.5731 0.7755 -0.2650
vn -0.6747 0.6739 -0.3010
vn -0.5357 0.7996 -0.2714
vn -0.8980 0.0451 -0.4377
vn 0.4420 0.3882 -0.8087
vn 0.4529 0.4173 -0.7879
vn 0.6487 0.3459 -0.6779
vn 0.3356 0.2133 -0.9176
vn -0.6505 -0.0998 -0.7529
vn -0.1345 0.9590 -0.2493
vn -0.1323 0.9635 0.2328
vn -0.8827 0.3232 -0.3410
vn -0.8047 -0.5224 0.2822
vn -0.8180 -0.4894 0.3022
vn -0.8199 -0.4817 0.3094
vn -0.8229 -0.4818 0.3013
vn -0.6832 0.6549 -0.3230
vn -0.6856 -0.0232 -0.7276
vn -0.6884 -0.0232 -0.7250
vn -0.6748 0.0504 -0.7363
vn -0.6538 0.1674 -0.7379
vn -0.6621 0.0957 -0.7433
vn -0.6465 0.2472 -0.7217
vn -0.5878 -0.0805 -0.8050
vn -0.5361 -0.1658 -0.8277
vn 0.0638 0.8971 -0.4372
vn -0.3981 0.3928 -0.8290
vn -0.3995 0.3441 -0.8497
vn -0.3351 0.2422 -0.9105
vn -0.4575 0.4108 -0.7887
vn -0.7214 0.2778 0.6343
vn -0.6607 0.2735 0.6990
vn -0.6579 0.2934 0.6936
vn -0.7790 -0.4606 0.4254
vn -0.7687 -0.4675 0.4365
vn -0.7639 -0.4675 0.4450
vn -0.7061 -0.0692 -0.7047
vn -0.5489 0.4330 -0.7150
vn -0.5046 0.4209 -0.7538
vn -0.5467 0.4263 -0.7207
vn 0.3460 0.2228 -0.9114
vn 0.3091 -0.2032 -0.9290
vn 0.2910 -0.2062 -0.9342
vn 0.3616 -0.1654 -0.9175
vn -0.3168 0.1800 -0.9313
vn -0.3238 0.7613 -0.5617
vn -0.2808 0.7888 -0.5468
vn -0.1833 0.8396 -0.5113
vn -0.1145 0.9455 -0.3048
vn -0.4582 0.7957 0.3961
vn -0.6512 0.6478 -0.3952
vn 0.1383 -0.3785 -0.9152
vn 0.0865 -0.2761 -0.9572
vn 0.0113 -0.3686 -0.9295
vn -0.6302 0.3343 -0.7008
vn -0.4894 0.5259 0.6957
vn -0.5520 0.4421 0.7070
vn -0.5181 0.4822 0.7064
vn -0.5513 0.4166 -0.7229
vn -0.5358 -0.7586 -0.3707
vn -0.5443 -0.7570 -0.3615
vn -0.5146 -0.8225 -0.2423
vn -0.3257 -0.2760 -0.9043
vn -0.5822 -0.1249 -0.8034
vn -0.3750 0.3691 -0.8504
vn -0.4142 0.3970 -0.8190
vn -0.4114 0.4005 -0.8188
vn -0.6694 0.0108 -0.7429
vn -0.4577 -0.0725 -0.8862
vn -0.6463 0.5119 -0.5660
vn -0.6518 0.5289 -0.5435
vn -0.6522 0.4091 -0.6382
vn -0.6834 0.4369 -0.5849
vn -0.5028 -0.1915 -0.8429
vn -0.5597 0.1973 -0.8048
vn -0.5360 0.1825 -0.8243
vn 0.0383 0.5218 -0.8522
vn 0.1847 0.7891 -0.5858
vn -0.0982 0.9572 0.2722
vn -0.0847 0.9509 0.2976
vn -0.0740 0.9454 0.3173
vn -0.5656 -0.5438 -0.6200
vn -0.6063 -0.4301 -0.6689
vn -0.6031 -0.4347 -0.6688
vn 0.6119 0.7776 -0.1447
vn 0.6057 0.7821 -0.1467
vn 0.3319 0.2356 -0.9134
vn 0.2423 0.3235 -0.9147
vn -0.5549 0.1870 -0.8106
vn -0.5814 0.2510 -0.7739
vn 0.1731 0.7578 -0.6290
vn -0.6221 0.2846 -0.7293
vn -0.6409 0.2704 -0.7184
vn -0.6367 0.2737 -0.7209
vn -0.6443 0.3672 -0.6709
vn -0.7778 -0.4477 -0.4410
vn -0.8018 -0.4287 -0.4164
vn -0.7778 -0.4578 -0.4307
vn 0.3508 0.6487 -0.6754
vn 0.3844 0.7186 -0.5795
vn -0.1589 0.6863 -0.7098
vn -0.3211 0.3550 -0.8780
vn -0.0976 0.9369 -0.3358
vn -0.6561 0.2586 -0.7089
vn -0.6083 -0.4978 -0.6183
vn -0.5954 -0.4795 -0.6447
vn -0.5979 -0.4830 -0.6397
vn 0.4275 0.7656 0.4807
vn 0.4026 0.7902 0.4620
vn 0.3383 0.8456 0.4130
vn -0.5153 0.1783 -0.8382
vn -0.2234 0.2973 -0.9283
vn -0.3674 0.0047 -0.9301
vn 0.1169 0.0188 -0.9930
vn 0.0968 0.1211 -0.9879
vn 0.1131 0.0530 -0.9922
vn 0.1744 0.3806 -0.9081
vn 0.2810 0.5377 -0.7949
vn 0.2220 0.4150 -0.8823
vn 0.3232 0.5991 -0.7326
vn 0.3881 0.6437 -0.6595
vn 0.5663 0.7476 -0.3468
vn 0.5703 0.7877 -0.2332
vn -0.5235 -0.7742 -0.3557
vn -0.1839 -0.2665 -0.9461
vn -0.4856 -0.1994 -0.8512
vn 0.0210 -0.3749 -0.9268
vn 0.0035 -0.4430 -0.8965
vn 0.0165 -0.3501 -0.9366
vn 0.1485 0.1019 -0.9837
vn 0.1470 0.0459 -0.9881
vn 0.2768 0.5174 -0.8097
vn -0.3774 -0.8869 -0.2666
vn 0.1279 0.3648 -0.9223
vn -0.4027 -0.1699 -0.8994
vn -0.1488 -0.2645 -0.9528
vn 0.1791 0.6395 -0.7476
vn 0.1264 0.5982 -0.7913
vn -0.0466 0.9372 0.3456
vn -0.3856 0.4600 -0.7998
vn -0.3637 0.5271 -0.7680
vn -0.3578 0.5140 -0.7796
vn 0.0982 0.1926 -0.9763
vn 0.0863 0.2635 -0.9608
vn -0.0264 0.9995 -0.0149
vn -0.0829 0.9965 0.0121
vn -0.0643 0.9829 -0.1726
vn -0.4394 -0.8014 -0.4059
vn -0.5106 -0.7678 -0.3870
vn -0.3726 -0.8398 -0.3949
vn -0.5399 -0.7320 -0.4155
vn -0.2878 0.3604 -0.8873
vn -0.0954 0.8289 -0.5511
vn -0.3451 0.0504 -0.9372
vn 0.6435 0.4895 -0.5885
vn -0.1061 0.9190 -0.3797
vn -0.0980 0.9154 -0.3903
vn -0.0046 0.9601 -0.2796
vn -0.0654 0.9636 -0.2594
vn -0.0552 0.9822 0.1794
vn -0.0962 0.9250 0.3675
vn -0.0732 0.9549 0.2877
vn -0.0160 0.9924 0.1217
vn 0.0785 0.4079 -0.9096
vn -0.4529 -0.1874 -0.8716
vn -0.3280 -0.4469 -0.8323
vn -0.2421 -0.4926 -0.8359
vn -0.2896 -0.4681 -0.8349
vn -0.3432 0.7911 0.5064
vn -0.2871 0.5003 -0.8169
vn -0.1835 0.4797 -0.8580
vn -0.1606 0.4703 -0.8678
vn -0.2934 0.5086 -0.8094
vn -0.1010 0.9226 -0.3723
vn -0.0185 0.9879 -0.1537
vn -0.1630 0.1480 -0.9755
vn -0.1086 0.1673 -0.9799
vn -0.0939 0.1644 -0.9819
vn 0.3453 0.7791 -0.5233
vn 0.4343 0.7745 -0.4598
vn 0.4125 0.7765 -0.4762
vn 0.0080 0.5982 -0.8013
vn -0.0113 0.6443 -0.7647
vn 0.0025 0.6084 -0.7936
vn -0.0564 0.9265 -0.3720
vn -0.3977 0.2381 -0.8861
vn -0.3848 0.2258 -0.8950
vn -0.3937 0.2343 -0.8889
vn -0.3692 0.4912 0.7890
vn -0.3581 0.5675 0.7414
vn -0.3108 0.5805 0.7526
vn -0.5546 0.1916 -0.8097
vn -0.4819 0.2683 -0.8341
vn -0.5698 0.1744 -0.8030
vn -0.6181 0.4535 -0.6421
vn 0.5031 0.4326 0.7482
vn -0.0627 0.2144 -0.9747
vn -0.2224 0.1884 -0.9566
vn -0.1166 0.8300 -0.5455
vn -0.1168 0.3134 -0.9424
vn -0.0416 0.9229 -0.3828
vn -0.4049 0.2449 -0.8809
vn -0.3758 -0.4189 -0.8266
vn -0.5747 -0.1023 -0.8119
vn -0.7033 -0.0126 -0.7108
vn -0.6548 -0.0486 -0.7543
vn 0.5103 -0.0752 -0.8567
vn 0.5220 -0.0764 -0.8495
vn 0.4832 -0.1747 -0.8579
vn -0.5487 -0.2340 -0.8026
vn -0.6107 0.1255 -0.7818
vn -0.3112 -0.1568 -0.9373
vn -0.1641 0.1530 -0.9745
vn 0.1047 0.5702 -0.8148
vn -0.2376 0.0147 -0.9713
vn -0.3099 0.0468 -0.9496
vn -0.1834 0.0383 -0.9823
vn -0.4057 0.6063 -0.6839
vn -0.4233 0.6249 -0.6559
vn 0.0142 -0.2791 -0.9602
vn -0.0245 -0.3175 -0.9479
vn -0.6882 0.4666 0.5556
vn -0.0036 0.4512 -0.8924
vn -0.0378 0.9831 0.1793
vn 0.0013 0.1724 -0.9850
vn 0.0148 -0.2175 -0.9760
vn 0.0309 0.2906 -0.9563
vn 0.2846 0.2549 -0.9241
vn -0.0874 0.1244 -0.9884
vn -0.0964 0.1537 -0.9834
vn -0.0068 0.0083 -0.9999
vn -0.5446 -0.4673 -0.6964
vn -0.4466 0.3308 -0.8313
vn -0.3665 0.3869 -0.8462
vn -0.3542 0.4167 -0.8372
vn -0.1962 -0.0470 -0.9794
vn 0.0065 -0.0101 -0.9999
vn -0.0222 0.4444 -0.8956
vn -0.0092 -0.2274 -0.9737
vn -0.0647 0.1824 -0.9811
vn 0.3272 0.7789 -0.5351
vn 0.0748 0.2479 -0.9659
vn -0.4488 0.3439 -0.8248
vn 0.0223 0.9244 -0.3807
vn 0.0429 0.9026 -0.4284
vn -0.0029 0.9208 -0.3900
vn 0.0515 0.8806 -0.4710
vn 0.0011 0.9108 -0.4128
vn 0.0150 0.2181 -0.9758
vn 0.0134 0.9440 0.3296
vn -0.0436 0.9368 0.3472
vn -0.0741 0.2446 -0.9668
vn 0.0182 0.2415 -0.9702
vn -0.0752 0.2460 -0.9664
vn -0.0703 -0.4384 -0.8960
vn -0.0844 -0.4516 -0.8882
vn 0.0140 -0.4495 -0.8931
vn 0.0140 0.0109 -0.9998
vn 0.0012 -0.0200 -0.9998
vn 0.0071 0.0216 -0.9997
vn -0.4040 0.4916 0.7714
vn 0.0089 0.9631 0.2690
vn 0.1350 -0.2554 -0.9574
vn -0.0095 0.7882 -0.6153
vn -0.0944 0.8724 0.4796
vn -0.0901 0.8633 0.4966
vn -0.0119 0.7983 0.6022
vn -0.0896 0.2099 -0.9736
vn -0.0436 -0.1172 -0.9921
vn 0.0091 0.9515 -0.3074
vn -0.0708 -0.0947 -0.9930
vn -0.0806 -0.1119 -0.9904
vn -0.0029 -0.1368 -0.9906
vn -0.0053 -0.0273 -0.9996
vn 0.0352 0.9851 -0.1686
vn -0.0562 0.0428 -0.9975
vn 0.0004 0.7782 -0.6280
vn -0.2769 0.4852 -0.8294
vn 0.0247 0.2865 -0.9578
vn 0.0240 0.9213 0.3880
vn 0.0473 0.9210 0.3867
vn -0.0329 0.9157 0.4005
vn -0.0045 0.1787 -0.9839
vn 0.0042 0.9547 -0.2974
vn -0.4896 0.5776 -0.6533
vn -0.0013 0.9723 -0.2339
vn 0.0898 0.1768 -0.9801
vn -0.0377 0.5892 -0.8071
vn 0.0051 0.6008 -0.7994
vn -0.0997 0.1791 -0.9788
vn -0.0115 0.9371 0.3487
vn -0.4714 0.5722 -0.6711
vn -0.0968 0.9190 0.3821
vn -0.0099 0.9700 0.2431
vn 0.0008 0.7155 -0.6986
vn -0.0004 0.2389 -0.9710
vn -0.0579 0.2535 -0.9656
vn -0.2764 0.4792 -0.8330
vn -0.1977 0.7872 0.5842
vn 0.1374 0.0071 -0.9905
vn 0.0656 -0.0070 -0.9978
vn 0.0168 0.7977 0.6028
vn -0.0106 -0.1444 -0.9895
vn 0.0103 0.1715 -0.9851
vn 0.8938 0.1647 -0.4171
vn -0.0262 0.4162 -0.9089
vn 0.0687 0.8563 0.5120
vn 0.0133 0.8660 0.4999
vn -0.1822 0.8492 0.4956
vn 0.3379 -0.0033 -0.9412
vn -0.4147 0.0638 0.9077
vn -0.3840 0.0695 0.9207
vn -0.3381 0.0777 0.9379
vn -0.0066 -0.2869 -0.9579
vn -0.0196 -0.2973 -0.9546
vn -0.0310 -0.3063 -0.9514
vn 0.0798 0.9171 -0.3906
vn 0.0031 0.8658 -0.5004
vn 0.0298 0.8857 -0.4633
vn -0.0159 0.0641 -0.9978
vn -0.0659 0.0339 -0.9973
vn 0.0011 0.1580 -0.9874
vn -0.0015 0.1648 -0.9863
vn 0.0004 0.1600 -0.9871
vn -0.0668 0.1758 -0.9822
vn 0.0010 0.3951 -0.9187
vn 0.0938 0.7285 -0.6786
vn -0.4857 -0.5586 0.6724
vn -0.0176 0.7948 -0.6066
vn -0.0362 0.9166 -0.3982
vn 0.0577 0.9839 0.1692
vn -0.0446 0.4130 -0.9096
vn 0.2363 0.3340 -0.9125
vn 0.0344 0.9297 0.3667
vn 0.0588 0.9418 0.3309
vn 0.0981 0.2360 -0.9668
vn -0.0236 0.0545 -0.9982
vn -0.0023 0.1670 -0.9860
vn -0.0641 0.9099 0.4098
vn 0.0632 -0.0469 -0.9969
vn 0.1271 0.9746 0.1841
vn 0.0443 -0.5497 -0.8342
vn -0.0579 -0.5415 -0.8387
vn 0.0527 -0.5410 -0.8394
vn 0.2606 0.0094 -0.9654
vn 0.0027 0.7211 -0.6929
vn 0.0773 0.8865 -0.4562
vn 0.1255 0.0933 -0.9877
vn 0.1405 0.0273 -0.9897
vn 0.1496 0.2341 -0.9606
vn 0.0818 -0.1408 -0.9867
vn 0.3227 0.8286 0.4575
vn -0.2069 0.3032 -0.9302
vn -0.4360 -0.5748 -0.6925
vn 0.0496 -0.2522 -0.9664
vn -0.1137 0.5837 -0.8040
vn -0.0292 -0.2921 -0.9560
vn -0.0054 -0.3383 -0.9410
vn 0.1627 0.4491 -0.8786
vn 0.0757 0.1559 -0.9849
vn -0.2824 0.8786 -0.3851
vn -0.2863 0.8569 -0.4287
vn -0.2055 0.6951 -0.6889
vn 0.0818 0.8974 -0.4337
vn 0.0488 0.9329 -0.3569
vn 0.1813 0.5169 -0.8367
vn 0.0946 0.9155 -0.3911
vn 0.1876 0.9585 -0.2146
vn 0.1603 0.1526 -0.9752
vn 0.1353 0.1573 -0.9782
vn 0.1991 0.2443 -0.9490
vn 0.1922 0.2909 -0.9373
vn -0.6758 0.1479 -0.7221
vn -0.0320 0.0236 -0.9992
vn 0.0190 -0.1546 -0.9878
vn -0.0455 -0.0056 -0.9990
vn -0.0497 -0.0825 -0.9953
vn 0.0538 -0.1717 -0.9837
vn 0.1965 0.7519 0.6293
vn 0.0094 0.0606 -0.9981
vn 0.0661 -0.0559 -0.9962
vn 0.1084 0.2461 -0.9632
vn -0.0110 -0.4261 -0.9046
vn -0.0487 0.0146 -0.9987
vn 0.2025 0.4567 -0.8663
vn 0.1503 0.1378 -0.9790
vn -0.2984 0.7421 -0.6002
vn 0.1237 0.7832 0.6094
vn 0.2379 -0.4294 -0.8712
vn -0.0074 -0.4568 -0.8895
vn 0.1821 -0.4494 -0.8746
vn -0.0318 -0.2190 -0.9752
vn -0.0161 -0.2884 -0.9574
vn -0.0675 -0.4092 -0.9099
vn -0.0907 -0.4036 -0.9104
vn -0.1581 -0.2755 -0.9482
vn -0.0549 0.8961 -0.4405
vn 0.0060 -0.4889 -0.8723
vn -0.3074 0.3431 -0.8876
vn -0.3285 0.4207 -0.8456
vn -0.3234 0.4012 -0.8570
vn -0.3009 0.3202 -0.8983
vn -0.1485 -0.2327 -0.9611
vn -0.0576 0.8817 -0.4683
vn 0.2335 0.2779 -0.9318
vn 0.1074 0.9426 -0.3163
vn -0.1485 0.0583 -0.9872
vn -0.0609 0.0788 -0.9950
vn 0.0306 0.9944 -0.1008
vn 0.2903 0.0486 -0.9557
vn 0.3441 0.5915 -0.7292
vn 0.2978 0.5924 -0.7486
vn 0.3276 0.5352 -0.7787
vn 0.4873 0.0376 -0.8724
vn 0.4909 0.0788 -0.8676
vn 0.5277 0.0957 -0.8440
vn 0.2852 0.4453 -0.8487
vn -0.0691 0.4014 -0.9133
vn 0.4432 -0.1684 -0.8805
vn 0.3174 -0.1571 -0.9352
vn 0.3179 -0.1560 -0.9352
vn 0.2413 0.1796 -0.9537
vn -0.2100 0.7570 -0.6187
vn 0.2419 0.7502 -0.6154
vn 0.2405 0.7466 -0.6203
vn 0.2336 0.7292 -0.6432
vn 0.3688 0.2481 -0.8958
vn 0.3691 0.2484 -0.8956
vn 0.3690 0.2483 -0.8957
vn 0.6368 -0.0803 -0.7668
vn 0.6234 -0.0878 -0.7770
vn 0.5933 -0.1042 -0.7982
vn -0.4640 -0.0855 -0.8817
vn 0.0757 0.9643 -0.2537
vn 0.0577 0.9874 0.1471
vn -0.0827 0.4029 -0.9115
vn 0.3550 0.3152 -0.8801
vn 0.2703 0.7142 0.6456
vn 0.1026 0.9128 0.3954
vn 0.1153 0.9308 0.3469
vn 0.0967 0.9855 -0.1391
vn -0.1645 0.6447 -0.7465
vn 0.2646 0.4244 -0.8660
vn 0.2631 0.4229 -0.8672
vn -0.7758 -0.1018 -0.6227
vn -0.6193 0.4787 -0.6224
vn 0.3693 0.2486 -0.8954
vn -0.1608 0.0455 -0.9859
vn -0.5355 0.0006 -0.8446
vn -0.1500 0.2961 -0.9433
vn -0.1343 0.3800 -0.9152
vn -0.1276 0.3197 -0.9389
vn 0.1297 0.9115 -0.3902
vn 0.0608 0.9808 0.1853
vn -0.3823 0.2896 -0.8775
vn -0.3784 0.2482 -0.8917
vn -0.3590 0.2260 -0.9056
vn 0.3643 0.3790 -0.8506
vn 0.1179 0.9451 -0.3047
vn -0.0078 -0.2605 -0.9654
vn -0.1175 0.1560 -0.9808
vn -0.3381 0.5849 -0.7372
vn -0.3395 0.5122 -0.7889
vn -0.3495 0.5356 -0.7687
vn -0.3636 0.1583 -0.9180
vn 0.1001 0.9464 0.3071
vn -0.1405 0.0830 -0.9866
vn 0.6452 -0.0986 -0.7576
vn 0.5931 -0.1510 -0.7908
vn -0.0721 0.8243 -0.5616
vn 0.2320 0.7250 -0.6486
vn 0.2718 0.3031 -0.9134
vn 0.4177 0.3914 -0.8200
vn 0.3856 0.5217 -0.7610
vn 0.4299 0.5509 -0.7153
vn -0.1138 0.4020 -0.9085
vn -0.3275 0.6132 -0.7189
vn -0.2575 0.6203 -0.7409
vn -0.2816 0.6286 -0.7250
vn -0.5685 0.7541 -0.3290
vn -0.5834 0.7698 -0.2591
vn -0.5630 0.7766 -0.2826
vn -0.6265 0.7737 -0.0941
vn -0.6143 0.7757 -0.1444
vn -0.6179 0.7858 0.0269
vn -0.6129 0.7901 -0.0120
vn -0.3277 0.2113 -0.9209
vn -0.0780 0.8505 -0.5201
vn -0.1925 0.0199 -0.9811
vn -0.3617 0.7863 -0.5009
vn -0.3218 0.7941 -0.5156
vn -0.4004 0.7772 -0.4854
vn -0.3749 0.2162 -0.9015
vn 0.5274 0.1908 -0.8279
vn 0.5489 0.1812 -0.8160
vn 0.5327 0.1959 -0.8233
vn -0.0275 -0.3769 -0.9259
vn -0.4997 0.7794 0.3780
vn -0.3999 0.8290 0.3909
vn -0.4445 0.7767 0.4462
vn -0.6001 0.7725 0.2074
vn -0.6121 0.7758 0.1531
vn 0.2277 0.9475 -0.2245
vn 0.1726 0.9634 0.2052
vn 0.1819 0.9662 0.1827
vn 0.1212 0.9600 0.2526
vn 0.6229 0.3053 -0.7203
vn 0.6611 0.2251 -0.7157
vn 0.6094 0.3185 -0.7261
vn 0.6324 0.3224 -0.7044
vn 0.2887 0.6097 -0.7382
vn -0.4627 0.7591 -0.4579
vn -0.5484 0.7607 0.3472
vn -0.3690 0.2163 -0.9039
vn 0.7644 0.5587 0.3219
vn 0.7063 0.5530 0.4420
vn 0.7453 0.5572 0.3661
vn 0.6138 0.3420 -0.7116
vn 0.5674 0.4490 -0.6902
vn 0.6144 0.3814 -0.6907
vn 0.2680 0.4461 -0.8539
vn 0.3909 0.3847 -0.8362
vn 0.3546 0.4381 -0.8260
vn 0.0912 0.9407 -0.3266
vn 0.8752 0.3630 -0.3199
vn 0.8850 0.3269 -0.3314
vn 0.9252 0.3286 -0.1895
vn 0.7868 0.5253 -0.3240
vn 0.7783 0.5339 -0.3305
vn 0.7955 0.5049 -0.3351
vn 0.7185 0.1630 -0.6762
vn 0.6538 0.2044 -0.7285
vn 0.6640 0.2077 -0.7183
vn 0.6282 0.2919 -0.7212
vn -0.0329 0.4711 -0.8814
vn -0.4064 -0.2241 -0.8858
vn -0.3244 -0.2061 -0.9232
vn -0.2659 -0.2168 -0.9393
vn 0.1212 0.9461 -0.3004
vn 0.2366 0.9533 -0.1879
vn -0.1803 0.9130 -0.3661
vn -0.2129 0.9606 -0.1788
vn -0.1695 0.8989 -0.4040
vn -0.4105 0.2108 -0.8872
vn 0.6703 -0.0604 -0.7396
vn 0.6418 -0.1291 -0.7560
vn 0.5186 0.2012 -0.8310
vn -0.1342 -0.2245 -0.9652
vn -0.4041 0.2806 -0.8706
vn -0.4804 0.3407 -0.8082
vn -0.2817 0.4370 -0.8542
vn -0.1533 0.8480 -0.5074
vn -0.2365 0.9716 -0.0023
vn -0.2122 0.9596 0.1846
vn -0.2136 0.9616 0.1723
vn 0.7924 0.5157 0.3257
vn 0.8140 0.4755 0.3336
vn 0.7848 0.5379 0.3079
vn -0.4744 0.3487 -0.8083
vn -0.4044 0.4492 -0.7966
vn -0.1220 0.8337 -0.5386
vn -0.1741 0.8785 0.4448
vn -0.4135 0.1882 -0.8908
vn -0.3085 -0.2122 -0.9273
vn 0.1847 0.9779 0.0975
vn 0.9486 0.3085 -0.0704
vn 0.9450 0.3271 0.0037
vn 0.5854 0.8067 0.0804
vn 0.7279 0.6856 0.0075
vn 0.6989 0.7145 0.0320
vn 0.7680 -0.4789 -0.4252
vn 0.7631 -0.4755 -0.4377
vn 0.7723 -0.4894 -0.4050
vn -0.1450 -0.4359 -0.8882
vn -0.1438 -0.4219 -0.8952
vn 0.6798 0.1107 -0.7249
vn -0.2297 0.5607 -0.7955
vn -0.2392 0.9710 0.0032
vn 0.5075 0.2874 -0.8123
vn 0.5535 0.2845 -0.7827
vn 0.0686 0.9468 0.3143
vn 0.0276 0.9297 0.3673
vn 0.0743 0.9499 0.3037
vn 0.2128 0.9725 -0.0945
vn 0.2129 0.9742 -0.0751
vn 0.6448 0.7084 0.2871
vn 0.6693 0.7430 -0.0084
vn 0.5555 0.8309 -0.0317
vn 0.4903 0.8710 0.0307
vn 0.0112 -0.0396 -0.9992
vn 0.0573 -0.0248 -0.9980
vn -0.0881 -0.0711 -0.9936
vn -0.5666 -0.0391 -0.8230
vn -0.5735 -0.0589 -0.8171
vn -0.5406 -0.0508 -0.8397
vn -0.4898 0.0052 -0.8718
vn -0.4126 0.1358 -0.9007
vn -0.4687 0.0098 -0.8833
vn -0.2327 0.2016 -0.9514
vn -0.4003 0.1304 -0.9070
vn -0.2757 -0.3913 -0.8780
vn 0.6857 0.3959 -0.6108
vn 0.5505 0.4842 -0.6801
vn 0.6722 0.4302 -0.6025
vn 0.6167 0.5354 -0.5770
vn 0.2149 0.9744 0.0658
vn 0.2160 0.9745 0.0610
vn -0.4344 -0.0944 -0.8958
vn -0.2221 0.9605 -0.1678
vn 0.1890 0.9796 -0.0681
vn -0.3742 -0.1190 -0.9197
vn -0.4180 0.0773 -0.9051
vn -0.4060 0.1015 -0.9082
vn -0.3277 -0.1977 -0.9239
vn 0.2964 0.9551 0.0033
vn 0.2963 0.9549 0.0174
vn -0.1399 0.4872 -0.8620
vn -0.1519 0.5954 -0.7889
vn -0.4421 0.0328 -0.8964
vn 0.2069 0.9632 -0.1715
vn 0.7676 0.5532 0.3237
vn 0.7524 0.5815 0.3095
vn 0.7652 0.5578 0.3215
vn 0.2862 0.9562 0.0616
vn -0.0207 -0.1450 -0.9892
vn -0.0091 -0.2677 -0.9634
vn 0.5801 0.7866 0.2115
vn 0.6581 0.7122 -0.2443
vn 0.7126 0.6825 -0.1626
vn 0.7017 0.7037 -0.1115
vn -0.1170 0.3185 -0.9407
vn -0.4580 0.0176 -0.8888
vn 0.1585 0.9675 -0.1969
vn 0.1535 0.9653 0.2112
vn 0.3769 0.9210 0.0985
vn 0.3165 0.9332 0.1702
vn 0.3460 0.9288 0.1327
vn 0.6934 0.7202 -0.0209
vn 0.0532 -0.0325 -0.9981
vn -0.0256 0.1161 -0.9929
vn 0.8714 0.4873 -0.0557
vn 0.8692 0.4944 0.0010
vn 0.8711 0.4910 0.0029
vn 0.1733 0.9654 0.1946
vn 0.2873 0.9438 -0.1634
vn 0.3680 0.9254 -0.0907
vn 0.3197 0.9383 -0.1323
vn 0.4590 0.8882 0.0212
vn 0.4301 0.9025 -0.0210
vn 0.8205 -0.1218 -0.5585
vn 0.7712 -0.1028 -0.6283
vn 0.8448 -0.1351 -0.5177
vn 0.0892 -0.2081 -0.9740
vn 0.0496 -0.2269 -0.9726
vn -0.0867 -0.1332 -0.9873
vn 0.8768 0.4605 -0.1386
vn 0.8761 0.4636 -0.1323
vn 0.5605 -0.1243 -0.8187
vn 0.5491 -0.1010 -0.8296
vn 0.5672 -0.1345 -0.8125
vn 0.0353 -0.0756 -0.9965
vn 0.2059 0.9675 0.1470
vn 0.8060 0.4964 -0.3223
vn 0.8543 0.3839 -0.3504
vn 0.8459 0.3995 -0.3533
vn 0.3023 0.9529 0.0253
vn 0.8557 0.4109 -0.3147
vn -0.2132 0.9506 -0.2255
vn -0.1965 0.9805 0.0028
vn -0.3340 0.9045 -0.2653
vn -0.2374 0.9469 0.2169
vn -0.2177 0.9479 0.2327
vn 0.2861 -0.4642 -0.8383
vn 0.1111 -0.5167 -0.8489
vn 0.2570 -0.5373 -0.8033
vn -0.1458 0.8139 -0.5624
vn -0.1610 0.9082 -0.3864
vn -0.2516 0.8413 -0.4784
vn -0.1990 0.8782 0.4350
vn -0.1337 0.7923 -0.5952
vn -0.1759 0.9844 0.0015
vn 0.2420 0.9638 0.1118
vn -0.1646 0.7741 0.6113
vn -0.1745 0.6189 0.7659
vn -0.2284 0.7297 0.6445
vn -0.2179 0.6806 -0.6995
vn 0.2724 0.9581 -0.0886
vn 0.2512 0.9597 -0.1261
vn 0.9194 0.2964 -0.2585
vn 0.8957 0.3606 -0.2601
vn 0.9139 0.2568 -0.3143
vn 0.5403 -0.0690 -0.8386
vn 0.5367 -0.0621 -0.8415
vn 0.5344 -0.0635 -0.8428
vn 0.2838 0.9565 -0.0681
vn 0.2874 0.9568 -0.0430
vn -0.5164 0.7971 -0.3131
vn 0.3163 -0.2894 -0.9034
vn 0.3162 -0.2675 -0.9102
vn 0.3402 -0.1964 -0.9196
vn 0.9026 0.1672 -0.3967
vn 0.9044 0.1960 -0.3791
vn 0.9258 0.2584 -0.2759
vn -0.1423 0.5748 -0.8058
vn -0.0890 0.5459 -0.8331
vn 0.2899 0.9570 0.0103
vn -0.5403 0.8415 -0.0050
vn -0.5758 0.8176 -0.0035
vn -0.5597 0.8248 -0.0798
vn 0.3487 -0.1548 -0.9244
vn 0.3665 -0.0970 -0.9254
vn 0.3802 -0.0723 -0.9221
vn 0.9882 0.1529 0.0064
vn 0.9861 0.1643 0.0252
vn 0.9890 0.1481 -0.0003
vn 0.9885 0.1512 -0.0033
vn 0.9909 0.1346 0.0048
vn 0.9873 0.1592 0.0015
vn 0.0671 0.1794 -0.9815
vn 0.0393 0.2603 -0.9647
vn 0.1356 0.0051 -0.9907
vn -0.3319 0.6677 -0.6664
vn 0.1738 -0.0360 -0.9841
vn -0.2820 0.7911 -0.5429
vn -0.6363 0.7507 -0.1780
vn -0.5812 0.7835 0.2198
vn -0.5376 0.8096 0.2354
vn 0.5635 -0.5716 -0.5964
vn 0.5615 -0.5795 -0.5907
vn 0.5539 -0.5501 -0.6250
vn 0.7930 -0.5836 -0.1746
vn 0.7413 -0.6086 -0.2831
vn 0.7592 -0.5942 -0.2657
vn 0.2918 -0.2200 -0.9308
vn 0.3291 -0.2308 -0.9157
vn -0.0282 0.3434 -0.9388
vn -0.1308 0.3496 -0.9277
vn -0.0380 0.3526 -0.9350
vn -0.3383 0.5963 -0.7280
vn -0.5575 0.7610 0.3318
vn 0.0304 0.1079 -0.9937
vn -0.6843 0.7018 0.1979
vn 0.8941 0.4363 -0.1014
vn 0.8976 0.4407 0.0055
vn 0.8930 0.4380 -0.1036
vn 0.4039 -0.3570 -0.8423
vn -0.1238 0.3352 -0.9340
vn -0.6779 0.7351 0.0057
vn -0.5603 0.6447 -0.5199
vn -0.5604 0.6436 -0.5213
vn -0.5623 0.5762 -0.5931
vn -0.6667 0.6871 -0.2887
vn -0.5219 0.5243 -0.6728
vn -0.2551 0.3199 -0.9125
vn -0.6099 0.6098 -0.5061
vn -0.7036 0.6554 -0.2746
vn -0.7511 0.6390 -0.1659
vn -0.6890 0.6319 0.3548
vn -0.6307 0.5514 0.5460
vn -0.8446 -0.0867 0.5283
vn -0.7869 0.6171 0.0013
vn -0.3364 0.3258 -0.8836
vn -0.9423 0.1177 -0.3134
vn -0.9247 0.2323 0.3016
vn -0.9187 0.2551 0.3016
vn -0.9165 0.2604 0.3037
vn -0.3023 0.0042 -0.9532
vn -0.2335 -0.0033 -0.9723
vn -0.2942 0.0054 -0.9557
vn -0.9227 0.2742 0.2711
vn -0.6414 0.5761 -0.5067
vn -0.7304 0.6229 -0.2802
vn -0.7888 0.5896 0.1734
vn -0.2240 -0.0158 -0.9745
vn -0.4053 0.3185 -0.8569
vn 0.9018 -0.1014 0.4201
vn -0.2213 -0.0378 -0.9745
vn 0.2200 -0.1136 -0.9689
vn -0.0767 0.1318 -0.9883
vn -0.5792 0.2063 -0.7887
vn -0.5787 0.1314 -0.8049
vn -0.5749 0.0573 -0.8162
vn -0.9242 0.2731 0.2669
vn -0.7271 0.5754 -0.3745
vn -0.5682 -0.0144 -0.8228
vn -0.6479 0.2948 0.7023
vn -0.8392 0.1717 -0.5161
vn -0.8396 0.1804 -0.5124
vn -0.8376 0.1938 -0.5107
vn -0.6064 0.4844 -0.6305
vn -0.8250 0.5594 -0.0800
vn 0.1203 -0.1573 -0.9802
vn -0.1197 0.1042 -0.9873
vn -0.7968 0.5431 0.2649
vn 0.7553 -0.3506 -0.5537
vn 0.6947 -0.3770 -0.6126
vn 0.7491 -0.3526 -0.5608
vn -0.0470 -0.1358 -0.9896
vn -0.0471 -0.1539 -0.9870
vn -0.0195 -0.1996 -0.9797
vn -0.7818 0.1793 -0.5971
vn -0.7963 0.5501 -0.2516
vn -0.8274 0.5569 0.0720
vn -0.7514 0.4259 0.5041
vn -0.8004 0.4070 0.4401
vn -0.7956 0.4090 0.4469
vn -0.7778 0.1777 -0.6028
vn -0.2180 -0.1145 -0.9692
vn -0.2556 -0.1187 -0.9595
vn -0.6493 0.4878 -0.5835
vn -0.7344 0.5137 -0.4437
vn -0.9524 -0.1924 -0.2365
vn 0.1644 -0.1622 -0.9730
vn -0.1572 0.0936 -0.9831
vn -0.4252 0.3422 -0.8379
vn -0.6557 0.3516 -0.6682
vn -0.6593 0.3008 -0.6891
vn -0.6484 0.3450 -0.6786
vn -0.4407 0.3395 -0.8310
vn -0.8568 0.4851 -0.1751
vn -0.6571 0.2787 -0.7004
vn -0.7158 0.5049 0.4824
vn -0.7567 -0.6438 -0.1134
vn -0.1192 0.0180 -0.9927
vn -0.2676 -0.1221 -0.9558
vn -0.9196 0.3589 0.1600
vn -0.9970 0.0570 -0.0527
vn -0.9987 0.0502 -0.0012
vn -0.9980 0.0582 -0.0246
vn -0.9994 0.0295 -0.0200
vn -0.9918 0.0440 -0.1200
vn -0.6644 0.6623 -0.3464
vn -0.6873 0.6766 -0.2642
vn -0.6632 0.6615 -0.3502
vn 0.4252 -0.3573 -0.8316
vn 0.3843 -0.3918 -0.8359
vn 0.4315 -0.3678 -0.8238
vn -0.5872 0.4495 0.6731
vn -0.6163 0.0421 -0.7864
vn -0.5960 0.0700 -0.7999
vn -0.5715 0.1023 -0.8142
vn -0.9839 0.0103 -0.1784
vn -0.5051 0.3555 0.7865
vn 0.5261 -0.5811 -0.6209
vn 0.5663 -0.5549 -0.6094
vn -0.2573 0.1509 -0.9545
vn 0.7027 -0.4307 -0.5664
vn 0.7395 -0.3459 -0.5775
vn 0.6944 -0.4201 -0.5842
vn -0.6476 0.6509 -0.3962
vn -0.7975 0.5390 -0.2710
vn -0.7928 0.5451 0.2727
vn -0.5793 0.0653 0.8125
vn -0.5993 0.0579 0.7984
vn -0.7140 0.0121 0.7001
vn -0.9792 0.0456 -0.1977
vn -0.9793 0.1752 -0.1013
vn -0.9823 0.1252 -0.1392
vn -0.9934 -0.0173 0.1133
vn -0.7578 -0.4204 -0.4991
vn -0.7072 -0.5263 -0.4722
vn -0.7619 -0.3800 -0.5245
vn -0.6753 -0.1367 -0.7247
vn -0.6216 -0.1977 -0.7580
vn -0.7184 -0.1171 -0.6857
vn -0.9969 0.0787 -0.0047
vn -0.6994 0.0380 0.7137
vn -0.6581 0.1408 0.7396
vn -0.6493 0.1603 0.7435
vn -0.7106 0.4796 0.5148
vn -0.8146 0.5714 0.0998
vn -0.8122 0.5801 -0.0609
vn -0.6409 0.0063 -0.7676
vn -0.9732 0.0003 -0.2300
vn -0.7847 -0.0034 0.6198
vn -0.8617 -0.0664 0.5030
vn -0.8591 -0.0063 -0.5117
vn -0.8406 -0.0182 -0.5414
vn -0.8427 -0.0172 -0.5381
vn -0.8735 -0.0777 0.4806
vn -0.7512 0.0181 -0.6598
vn -0.7464 0.0190 -0.6652
vn -0.8705 0.0286 0.4913
vn -0.9913 0.1270 -0.0355
vn -0.9845 0.1662 -0.0555
vn -0.9887 0.1435 -0.0438
vn -0.9368 -0.0394 0.3476
vn -0.9218 -0.0328 0.3864
vn -0.8818 -0.0347 0.4704
vn -0.6796 0.7324 -0.0421
vn -0.7364 0.6763 -0.0170
vn -0.6174 0.7861 -0.0307
vn -0.7278 -0.1514 -0.6688
vn -0.3812 0.0018 -0.9245
vn -0.3777 -0.0006 -0.9259
vn -0.3783 -0.0002 -0.9257
vn -0.9809 0.1835 -0.0643
vn -0.2941 -0.8558 0.4256
vn -0.3665 -0.8467 0.3857
vn -0.3415 -0.7739 0.5333
vn -0.6867 0.0630 -0.7242
vn -0.6804 0.1062 -0.7251
vn -0.6308 0.7738 -0.0577
vn -0.2090 0.7442 -0.6344
vn -0.1278 0.7965 -0.5910
vn -0.1343 0.7927 -0.5947
vn -0.5800 -0.2576 -0.7728
vn -0.3820 0.0023 -0.9242
vn 0.0395 0.0220 -0.9990
vn -0.0362 0.0199 -0.9991
vn 0.1613 0.0989 -0.9819
vn -0.6275 0.3398 -0.7005
vn -0.5880 0.3764 -0.7160
vn -0.6162 0.3506 -0.7052
vn -0.8318 -0.5545 0.0267
vn -0.8071 -0.5450 0.2272
vn -0.8285 -0.5583 -0.0436
vn -0.9003 -0.1046 -0.4226
vn -0.9459 -0.0406 -0.3219
vn -0.8933 -0.1161 -0.4343
vn -0.6170 0.7847 0.0592
vn -0.6755 0.7337 0.0729
vn -0.5771 0.8093 0.1098
vn -0.5531 0.3847 -0.7390
vn -0.6662 0.4501 -0.5946
vn 0.4987 -0.1073 -0.8601
vn 0.6219 -0.0169 -0.7829
vn 0.5300 -0.0859 -0.8437
vn 0.1205 0.0539 -0.9912
vn 0.2821 0.1707 -0.9441
vn 0.2029 0.1445 -0.9685
vn -0.7865 -0.0147 0.6174
vn -0.8551 -0.1545 -0.4949
vn -0.8574 -0.1470 -0.4932
vn -0.5492 0.8318 -0.0813
vn -0.6960 -0.1181 -0.7083
vn -0.7855 0.4823 -0.3877
vn 0.7267 -0.1899 -0.6602
vn 0.7375 -0.2649 -0.6212
vn 0.6054 0.0112 -0.7958
vn 0.6038 0.0114 -0.7971
vn -0.8989 0.3100 0.3098
vn -0.5521 0.8317 -0.0581
vn -0.4934 0.8662 0.0786
vn -0.0533 0.8360 -0.5462
vn -0.7764 0.5952 -0.2071
vn -0.5753 0.3875 -0.7203
vn -0.2843 -0.3507 -0.8923
vn -0.2963 -0.3319 -0.8956
vn -0.3059 -0.2215 -0.9259
vn -0.1423 0.8870 0.4393
vn -0.0966 0.8703 0.4830
vn -0.1466 0.8325 0.5343
vn -0.5948 0.8035 0.0249
vn 0.3103 0.1792 -0.9336
vn -0.1435 0.3920 -0.9087
vn -0.1762 0.0631 -0.9823
vn -0.3287 -0.1626 -0.9303
vn -0.2648 -0.3852 -0.8840
vn -0.3499 -0.2150 -0.9118
vn -0.2217 0.1235 -0.9673
vn -0.8537 0.5099 0.1055
vn 0.3731 -0.4092 -0.8327
vn 0.2605 -0.3642 -0.8941
vn 0.3523 -0.4518 -0.8196
vn 0.0989 -0.1918 -0.9764
vn -0.7984 0.4944 0.3436
vn -0.6363 -0.2268 -0.7374
vn -0.6651 -0.1444 -0.7326
vn -0.6012 -0.3082 -0.7373
vn -0.7231 -0.0017 -0.6907
vn -0.6777 -0.0867 -0.7302
vn -0.7230 -0.0072 -0.6908
vn -0.4347 0.8926 -0.1193
vn -0.4436 -0.5462 -0.7105
vn -0.4428 -0.5458 -0.7113
vn -0.5510 -0.4664 -0.6920
vn -0.6245 -0.1529 -0.7659
vn -0.5963 -0.2384 -0.7665
vn -0.4154 0.8989 -0.1393
vn -0.5518 0.8339 -0.0103
vn -0.4912 0.8677 -0.0759
vn -0.0589 0.1217 -0.9908
vn -0.1498 0.0597 -0.9869
vn -0.0896 0.0828 -0.9925
vn -0.0668 -0.0319 -0.9973
vn -0.8537 0.5058 -0.1241
vn 0.0159 0.8083 -0.5886
vn 0.0096 0.8080 -0.5891
vn 0.0272 0.8217 -0.5693
vn -0.4396 0.8828 0.1657
vn -0.6064 0.3343 -0.7215
vn -0.8780 -0.4429 0.1816
vn -0.8138 -0.5322 0.2333
vn -0.7933 -0.4472 0.4132
vn -0.7920 -0.5139 -0.3295
vn -0.7263 -0.5142 -0.4562
vn -0.7431 -0.3923 -0.5421
vn -0.3439 0.9248 -0.1630
vn -0.7333 0.3858 -0.5599
vn -0.9038 0.4278 -0.0121
vn -0.8959 -0.4442 0.0074
vn -0.7463 0.6641 0.0458
vn -0.7473 0.6600 0.0773
vn -0.6755 0.7294 0.1077
vn -0.0194 0.1097 -0.9938
vn 0.2348 0.1960 -0.9521
vn -0.8556 0.4300 -0.2880
vn -0.9270 0.3379 0.1628
vn -0.8535 -0.4098 -0.3218
vn -0.8815 -0.4500 -0.1432
vn -0.6810 0.7150 0.1585
vn -0.3693 0.0841 -0.9255
vn -0.4128 0.1982 -0.8890
vn -0.3447 0.1095 -0.9323
vn -0.8161 0.2824 -0.5043
vn -0.9454 0.2971 -0.1344
vn -0.0238 0.8615 -0.5072
vn 0.0215 0.8403 -0.5417
vn -0.3759 0.9090 0.1801
vn -0.4592 0.7913 0.4037
vn -0.4827 0.7598 0.4356
vn -0.4674 0.7820 0.4123
vn -0.8391 -0.0779 -0.5384
vn -0.8370 0.0092 -0.5471
vn -0.8344 -0.0027 -0.5511
vn -0.8455 0.1505 -0.5124
vn -0.8344 0.1908 -0.5170
vn -0.2172 -0.4906 -0.8439
vn 0.1082 0.2607 -0.9593
vn 0.1121 -0.1713 -0.9788
vn -0.8790 0.3619 -0.3104
vn -0.9589 -0.2758 -0.0664
vn -0.0689 0.8666 -0.4942
vn -0.2204 0.8316 0.5098
vn -0.2224 0.8391 0.4964
vn -0.9108 -0.2681 -0.3140
vn -0.3778 -0.0972 -0.9208
vn -0.2816 -0.0413 -0.9586
vn -0.6471 0.6850 -0.3346
vn -0.5392 0.7946 -0.2789
vn -0.5852 0.7533 -0.3003
vn -0.6383 0.7252 0.2581
vn -0.4130 0.9025 0.1219
vn -0.9574 0.2869 0.0321
vn -0.4249 0.2348 -0.8743
vn -0.8791 0.3281 0.3457
vn -0.9739 0.1529 0.1679
vn -0.9834 0.1806 0.0156
vn -0.9760 -0.1389 0.1679
vn -0.9425 -0.2994 0.1485
vn -0.3917 0.9077 -0.1504
vn -0.8087 0.2464 -0.5342
vn -0.2251 0.1094 -0.9682
vn -0.7219 0.4465 0.5286
vn -0.8102 0.2824 0.5136
vn -0.9533 0.1772 -0.2447
vn -0.9392 0.1168 0.3228
vn -0.9892 0.0567 -0.1354
vn -0.9968 0.0800 -0.0062
vn -0.9807 -0.1309 -0.1452
vn -0.9272 -0.1466 0.3448
vn -0.3775 0.9079 0.1824
vn -0.3284 0.9237 -0.1972
vn -0.3846 -0.0734 -0.9201
vn -0.3763 0.0383 -0.9257
vn -0.2393 0.1264 -0.9627
vn 0.3638 0.3880 -0.8468
vn -0.6772 0.2615 0.6877
vn -0.9792 -0.0271 0.2009
vn -0.5667 -0.2915 -0.7706
vn -0.4713 0.7382 -0.4827
vn -0.4128 -0.3626 -0.8356
vn -0.4393 -0.2478 -0.8635
vn -0.3638 -0.3137 -0.8771
vn -0.0328 0.2498 -0.9677
vn -0.0015 0.2051 -0.9787
vn 0.0340 0.2114 -0.9768
vn 0.2276 0.0043 -0.9737
vn 0.2249 0.0217 -0.9741
vn 0.2470 0.0340 -0.9684
vn -0.9994 0.0156 0.0301
vn -0.8203 -0.2210 -0.5275
vn -0.3496 -0.1348 -0.9271
vn -0.2704 0.0442 -0.9617
vn -0.6172 0.7678 0.1719
vn -0.3777 0.9071 0.1858
vn -0.4815 0.7492 0.4548
vn 0.0247 0.3354 -0.9417
vn -0.8929 0.1741 -0.4153
vn -0.9503 0.0613 -0.3053
vn -0.9440 -0.0301 0.3284
vn -0.9425 -0.0566 -0.3293
vn 0.3086 0.8818 -0.3566
vn 0.3032 0.8683 -0.3926
vn 0.3414 0.8160 -0.4665
vn -0.4766 -0.4833 -0.7343
vn 0.4360 0.3249 -0.8392
vn 0.4868 0.4705 -0.7360
vn -0.6987 0.2091 -0.6842
vn -0.6847 0.6462 0.3371
vn 0.3099 0.8900 -0.3344
vn 0.3210 0.8614 -0.3936
vn -0.0705 -0.0709 -0.9950
vn 0.7331 0.0372 -0.6791
vn -0.8506 0.1021 -0.5158
vn -0.8534 -0.0410 -0.5196
vn -0.9477 -0.1377 -0.2879
vn -0.9395 -0.1470 -0.3094
vn -0.9699 -0.1076 -0.2186
vn -0.9574 0.2489 -0.1465
vn -0.6713 0.6800 -0.2949
vn -0.8940 -0.4291 0.1286
vn -0.8982 -0.1855 -0.3986
vn -0.6782 -0.2484 -0.6916
vn -0.8793 0.4565 0.1360
vn -0.8429 0.5218 0.1314
vn -0.8458 0.5170 0.1318
vn -0.6368 -0.3128 -0.7047
vn 0.3880 0.8329 -0.3945
vn 0.3032 0.8730 0.3821
vn 0.2619 0.8763 0.4042
vn 0.3357 0.8692 0.3631
vn -0.5776 0.7982 -0.1711
vn 0.0876 0.2509 -0.9640
vn 0.3670 0.1165 -0.9229
vn -0.4805 0.1919 -0.8557
vn -0.8620 0.1077 0.4953
vn -0.8612 -0.0404 0.5066
vn -0.5527 -0.4650 -0.6916
vn -0.8320 -0.4028 0.3814
vn -0.7949 0.5937 0.1251
vn -0.7237 0.6328 0.2756
vn 0.3385 0.8878 -0.3117
vn 0.3582 0.8753 -0.3248
vn -0.7250 0.0193 -0.6885
vn -0.7898 -0.0986 -0.6053
vn 0.1593 0.2431 -0.9568
vn -0.2347 0.0451 -0.9710
vn -0.7228 0.0968 -0.6842
vn 0.4771 0.7905 -0.3841
vn -0.1299 -0.2899 -0.9482
vn 0.2273 0.8591 -0.4586
vn 0.0798 -0.1035 -0.9914
vn -0.7303 0.1188 0.6728
vn -0.7467 0.0255 0.6647
vn -0.1326 0.0497 -0.9899
vn -0.0903 0.4592 -0.8838
vn -0.6518 0.7146 -0.2541
vn -0.6912 0.6758 -0.2560
vn 0.2587 0.7173 -0.6470
vn 0.2831 0.7319 -0.6198
vn 0.3043 0.7439 -0.5950
vn -0.7129 0.6889 0.1308
vn 0.2499 0.8383 0.4846
vn 0.2500 0.8348 0.4905
vn 0.2500 0.7614 0.5981
vn -0.4589 -0.2071 -0.8640
vn -0.5114 -0.1528 -0.8457
vn -0.5258 0.7628 0.3764
vn -0.5072 0.7409 0.4402
vn -0.4189 0.7605 0.4961
vn 0.3429 0.8880 -0.3064
vn -0.5520 0.8338 0.0071
vn -0.6900 0.6725 -0.2676
vn -0.8373 0.5467 -0.0078
vn -0.8378 0.5458 -0.0083
vn 0.3934 0.8803 0.2650
vn 0.3987 0.8608 0.3163
vn 0.4077 0.8558 0.3184
vn 0.1612 0.5075 -0.8464
vn -0.5316 0.0914 -0.8421
vn -0.5513 0.0471 -0.8330
vn -0.2034 -0.0602 -0.9772
vn -0.8322 0.5545 0.0088
vn -0.8374 0.5465 0.0124
vn -0.7554 0.6551 -0.0166
vn -0.7442 0.6677 0.0182
vn 0.2495 0.2015 -0.9472
vn 0.3463 -0.3501 -0.8704
vn 0.3531 -0.2490 -0.9018
vn -0.6323 -0.0853 -0.7700
vn -0.5474 -0.0323 -0.8363
vn -0.6191 0.5151 0.5928
vn -0.5979 0.5476 0.5853
vn -0.6166 0.5270 0.5849
vn -0.7513 0.6598 -0.0151
vn 0.1746 -0.1106 -0.9784
vn -0.0443 -0.2575 -0.9653
vn -0.7235 0.6900 -0.0234
vn -0.5122 0.8354 -0.1996
vn -0.6195 0.7746 0.1270
vn 0.2032 0.3884 -0.8988
vn 0.1534 -0.1484 -0.9770
vn -0.5304 0.4953 -0.6880
vn -0.6041 0.5939 -0.5313
vn -0.5664 0.5850 -0.5805
vn -0.5217 0.4801 0.7052
vn -0.7280 0.6851 -0.0262
vn -0.7096 0.7041 0.0261
vn 0.3904 -0.1526 -0.9079
vn 0.1571 -0.2477 -0.9560
vn 0.2545 -0.1927 -0.9477
vn 0.3349 -0.1753 -0.9258
vn -0.3273 0.7849 0.5262
vn -0.1662 0.8624 0.4782
vn -0.5445 0.5489 -0.6342
vn -0.4878 0.4276 -0.7611
vn 0.0229 0.9997 -0.0063
vn 0.0728 0.9973 0.0004
vn 0.1212 0.9926 -0.0045
vn 0.3496 -0.1473 -0.9253
vn -0.3605 -0.1262 -0.9242
vn -0.0004 0.0708 -0.9975
vn -0.0416 0.9991 0.0064
vn 0.0938 0.9956 0.0087
vn 0.3564 0.9251 0.1311
vn -0.1851 0.8425 0.5059
vn -0.5538 0.5737 0.6035
vn -0.5898 0.5549 0.5867
vn -0.3639 0.0430 -0.9305
vn 0.0216 0.1109 -0.9936
vn 0.1097 0.9923 0.0578
vn -0.3656 -0.0218 -0.9305
vn 0.1138 0.9917 -0.0606
vn -0.1135 -0.0230 -0.9933
vn 0.0657 0.9702 0.2333
vn 0.1561 0.9874 0.0265
vn 0.0013 -0.5330 -0.8461
vn 0.0518 -0.5091 -0.8591
vn 0.0645 -0.5150 -0.8548
vn -0.1599 0.9107 0.3809
vn 0.0599 0.9692 -0.2390
vn 0.1542 0.9878 -0.0240
vn 0.3890 -0.1644 -0.9065
vn 0.3903 -0.1815 -0.9026
vn 0.6069 0.0432 -0.7936
vn -0.1892 0.9222 0.3372
vn 0.1892 0.1180 -0.9748
vn -0.1121 -0.0468 -0.9926
vn 0.0343 -0.0081 -0.9994
vn 0.5310 -0.3958 -0.7493
vn 0.4427 -0.2825 -0.8510
vn 0.2396 -0.6388 -0.7311
vn 0.2442 -0.5644 -0.7886
vn 0.2196 -0.6470 -0.7301
vn -0.4319 0.4436 0.7853
vn -0.4315 0.4435 0.7856
vn -0.4301 0.4432 0.7865
vn 0.1979 0.9801 -0.0132
vn -0.7801 -0.4946 0.3831
vn -0.7828 -0.4985 0.3725
vn -0.7980 -0.5232 0.2991
vn 0.2275 0.0691 -0.9713
vn 0.2203 0.1013 -0.9702
vn 0.1971 0.9803 0.0131
vn 0.6197 -0.4095 -0.6695
vn 0.6734 -0.4646 -0.5750
vn 0.1852 -0.0821 -0.9793
vn 0.2246 -0.0404 -0.9736
vn 0.2317 -0.0168 -0.9726
vn 0.2585 0.0765 -0.9630
vn 0.3491 -0.2090 -0.9135
vn -0.5163 0.8559 -0.0302
vn 0.1653 0.9856 0.0353
vn 0.1993 -0.0348 -0.9793
vn 0.1886 0.9814 -0.0359
vn 0.2779 -0.4931 -0.8244
vn 0.2866 -0.5176 -0.8062
vn 0.4182 -0.1825 -0.8898
vn 0.4592 0.1145 -0.8810
vn 0.2162 0.4632 -0.8595
vn 0.0170 -0.0204 -0.9996
vn 0.2636 -0.0069 -0.9646
vn 0.4182 0.1265 -0.8995
vn 0.1441 0.9857 -0.0871
vn 0.2676 0.1103 -0.9572
vn 0.3468 0.9377 0.0195
vn 0.1519 0.9856 -0.0739
vn 0.6874 -0.4171 -0.5945
vn 0.7626 -0.4997 -0.4108
vn 0.1835 0.9825 0.0320
vn 0.3935 0.2153 -0.8937
vn 0.5211 0.5331 0.6665
vn 0.4552 -0.1186 -0.8824
vn 0.3334 0.1771 -0.9260
vn 0.4754 -0.0279 -0.8793
vn 0.3385 -0.0536 -0.9394
vn 0.5657 -0.3000 -0.7681
vn 0.7217 -0.3117 -0.6181
vn 0.3367 -0.0485 -0.9404
vn 0.6272 -0.2514 -0.7372
vn 0.1986 0.9797 -0.0291
vn 0.1225 0.7674 0.6294
vn 0.1153 0.7374 0.6656
vn 0.1831 0.8280 0.5300
vn 0.2430 0.3697 -0.8968
vn 0.6942 0.1260 -0.7087
vn 0.6481 0.1501 -0.7466
vn 0.1947 0.9803 0.0329
vn 0.2002 0.9797 -0.0054
vn 0.4814 -0.0164 -0.8763
vn 0.7031 -0.0147 -0.7109
vn 0.8444 0.1768 -0.5057
vn 0.5715 -0.0872 -0.8159
vn 0.5764 -0.0721 -0.8140
vn 0.5645 -0.1395 -0.8135
vn 0.2854 -0.5160 -0.8076
vn 0.3231 -0.5780 -0.7493
vn 0.3169 -0.6999 -0.6401
vn 0.3018 0.5843 -0.7534
vn 0.2409 0.8938 -0.3783
vn 0.4040 0.8542 -0.3274
vn 0.2956 0.8745 -0.3846
vn 0.1946 0.9809 0.0056
vn 0.1942 0.9808 0.0180
vn 0.7602 -0.6178 0.2008
vn 0.7457 -0.6281 0.2225
vn 0.7752 -0.6063 0.1775
vn 0.7676 -0.2010 -0.6085
vn 0.7677 -0.1985 -0.6093
vn 0.7506 -0.3006 -0.5884
vn 0.4555 0.8613 0.2252
vn 0.3584 0.8934 0.2709
vn 0.3963 0.8778 0.2692
vn 0.7853 -0.0966 -0.6116
vn 0.4842 0.8351 -0.2612
vn 0.5640 0.8112 -0.1547
vn 0.5806 0.7956 -0.1734
vn 0.0321 -0.7140 -0.6994
vn -0.0465 -0.5695 -0.8207
vn 0.0364 -0.5385 -0.8418
vn 0.6071 0.7908 -0.0777
vn 0.5920 0.8041 -0.0538
vn 0.6788 0.7333 -0.0384
vn 0.6768 0.7358 0.0230
vn 0.6029 0.7918 0.0980
vn 0.6516 0.7559 0.0630
vn -0.1031 -0.4103 -0.9061
vn -0.1009 -0.4300 -0.8972
vn 0.0286 0.4889 -0.8718
vn 0.0251 0.6022 -0.7980
vn 0.0595 0.5756 -0.8156
vn -0.0770 -0.2922 -0.9532
vn -0.0751 -0.1523 -0.9855
vn 0.1265 -0.4047 -0.9057
vn 0.0938 0.3491 -0.9324
vn 0.0111 0.2777 -0.9606
vn 0.1153 0.5807 -0.8059
vn 0.1028 0.1144 -0.9881
vn 0.1523 0.1285 -0.9799
vn 0.1270 0.5737 -0.8092
vn 0.1568 0.1360 -0.9782
vn -0.6045 0.0401 0.7956
vn -0.5181 0.2416 0.8205
vn -0.7146 0.0402 0.6984
vn -0.4951 0.0981 0.8633
vn -0.3284 0.4135 0.8492
vn -0.3333 0.5190 0.7871
vn -0.4340 -0.8108 -0.3927
vn -0.4541 -0.8023 -0.3875
vn -0.5172 -0.7229 -0.4583
vn -0.5108 -0.0433 0.8586
vn -0.4140 -0.0309 0.9097
vn -0.3360 0.2305 0.9132
vn -0.3878 -0.8924 -0.2309
vn -0.3901 -0.8967 -0.2091
vn -0.4410 -0.1264 0.8886
vn -0.5798 0.1485 0.8011
vn -0.4485 -0.0285 0.8933
vn -0.5800 0.1307 0.8040
vn -0.2347 0.6049 0.7609
vn -0.5333 0.1110 0.8386
vn 0.0038 -0.4720 -0.8816
vn -0.5490 -0.6237 0.5565
vn -0.2341 0.6055 0.7606
vn -0.2625 -0.4091 0.8739
vn -0.2839 -0.2836 0.9160
vn -0.3654 -0.2526 0.8959
vn -0.2325 0.6071 0.7598
vn -0.4754 -0.8673 0.1475
vn -0.4715 -0.8697 0.1459
vn -0.5492 -0.8214 0.1538
vn -0.3981 0.1206 0.9094
vn -0.3478 -0.1468 0.9260
vn 0.0269 -0.4453 -0.8950
vn -0.4864 -0.8457 -0.2195
vn -0.5334 -0.8440 0.0563
vn -0.6818 -0.7279 -0.0726
vn -0.5455 -0.5946 -0.5907
vn -0.5301 -0.8462 -0.0543
vn -0.5042 -0.8505 0.1499
vn -0.4686 -0.8367 0.2835
vn -0.4077 0.0988 0.9077
vn -0.2725 0.3553 0.8942
vn -0.2644 -0.1754 0.9483
vn -0.4538 -0.8494 -0.2695
vn -0.4555 -0.8113 -0.3666
vn -0.4574 -0.8234 0.3358
vn -0.6730 -0.6029 -0.4285
vn -0.5724 -0.3514 -0.7409
vn -0.5087 0.3196 0.7994
vn -0.5133 0.3592 0.7794
vn -0.3642 -0.4408 -0.8204
vn -0.0095 -0.4290 -0.9032
vn -0.3101 0.3616 0.8792
vn -0.4126 -0.8117 0.4134
vn -0.4101 -0.8251 0.3887
vn -0.3434 0.1759 0.9226
vn -0.2907 0.2937 0.9106
vn -0.4616 -0.7710 -0.4387
vn -0.8197 -0.2444 0.5181
vn -0.1106 -0.4325 0.8948
vn -0.3971 0.0277 0.9173
vn -0.4318 -0.7695 -0.4706
vn -0.9190 0.1270 0.3733
vn -0.4954 -0.0285 0.8682
vn -0.7361 -0.6451 0.2049
vn -0.9467 -0.3219 0.0136
vn -0.9347 -0.0456 0.3525
vn -0.6344 -0.5265 0.5660
vn -0.6354 -0.3866 0.6685
vn -0.6409 -0.5044 0.5787
vn -0.8823 0.1360 0.4506
vn -0.3822 -0.9141 -0.1354
vn -0.3514 -0.1432 0.9252
vn -0.1435 -0.0072 0.9896
vn -0.3120 0.0169 0.9499
vn -0.4102 -0.9041 0.1201
vn -0.1990 0.1204 0.9726
vn -0.4122 -0.7935 -0.4477
vn -0.9473 -0.3188 0.0310
vn -0.7967 -0.0346 0.6034
vn -0.8189 0.0088 0.5739
vn -0.8064 -0.0184 0.5912
vn -0.8305 0.0237 0.5565
vn -0.8338 0.0266 0.5515
vn -0.8358 0.1372 0.5317
vn -0.3162 -0.3077 0.8974
vn -0.3191 -0.0958 0.9429
vn -0.4238 -0.7841 0.4534
vn -0.4248 -0.7820 0.4561
vn -0.6441 -0.3374 0.6865
vn -0.9381 -0.3419 0.0548
vn -0.0775 -0.5111 0.8560
vn -0.8280 0.1572 0.5382
vn -0.4109 -0.9040 0.1179
vn -0.2121 -0.2537 0.9437
vn -0.9194 -0.3914 0.0381
vn -0.6270 -0.3100 0.7147
vn -0.4391 -0.2591 0.8603
vn 0.1776 -0.1449 0.9734
vn 0.1904 -0.2649 0.9453
vn 0.1937 -0.2356 0.9523
vn -0.9007 0.1098 0.4203
vn -0.3988 -0.2448 0.8838
vn -0.0679 0.1732 0.9825
vn -0.0668 0.1756 0.9822
vn -0.2604 -0.7623 0.5926
vn 0.1041 0.0846 0.9910
vn 0.2855 -0.0402 0.9575
vn 0.3115 -0.0695 0.9477
vn 0.4503 -0.1974 0.8708
vn 0.4808 -0.2118 0.8509
vn 0.2520 -0.3657 0.8960
vn 0.2484 -0.4157 0.8749
vn -0.5231 -0.5221 0.6737
vn -0.7096 0.1232 0.6937
vn -0.6877 0.1272 0.7148
vn -0.9070 0.2390 0.3468
vn -0.1512 -0.2343 0.9603
vn 0.1022 0.0757 0.9919
vn -0.6038 0.0444 0.7959
vn -0.5824 0.0369 0.8121
vn -0.6372 0.0087 0.7707
vn -0.6229 -0.0004 0.7823
vn -0.4284 -0.7827 0.4516
vn -0.5074 -0.5453 0.6673
vn -0.0095 0.1882 0.9821
vn 0.0151 -0.4411 0.8973
vn -0.5519 -0.1718 0.8160
vn 0.1660 0.1221 0.9785
vn 0.2230 0.2285 0.9476
vn 0.0399 -0.4201 0.9066
vn 0.0444 -0.4262 0.9035
vn 0.1825 0.1649 0.9693
vn -0.8411 -0.0911 0.5332
vn -0.8492 -0.1050 0.5176
vn 0.2755 -0.4084 0.8703
vn -0.2551 -0.9365 0.2405
vn -0.2951 0.8331 0.4679
vn -0.6572 0.1466 0.7393
vn -0.9102 -0.4137 0.0205
vn -0.4997 -0.0554 0.8644
vn -0.6134 -0.0428 0.7886
vn -0.6188 -0.1141 0.7772
vn -0.5738 0.0828 0.8148
vn -0.6560 0.1391 0.7418
vn 0.6213 -0.7428 -0.2495
vn 0.1380 -0.0909 0.9863
vn -0.8341 -0.3401 0.4344
vn -0.8190 -0.3515 0.4535
vn -0.8479 -0.3409 0.4060
vn -0.8455 -0.3714 0.3837
vn 0.2399 0.2393 0.9409
vn 0.2073 -0.4873 0.8483
vn -0.4931 0.0941 0.8649
vn -0.7515 -0.2772 0.5987
vn -0.7653 -0.2520 0.5923
vn -0.7610 -0.3022 0.5741
vn -0.7188 -0.2285 0.6566
vn -0.5894 -0.0183 0.8077
vn 0.1845 -0.4534 0.8720
vn 0.2441 -0.5470 0.8007
vn 0.4017 -0.5908 0.6997
vn 0.0713 -0.2968 0.9523
vn 0.0729 -0.2691 0.9604
vn 0.3462 0.1858 0.9196
vn 0.3451 0.1864 0.9198
vn -0.8592 -0.5109 0.0285
vn 0.2722 0.2725 0.9229
vn -0.1380 -0.3104 0.9405
vn -0.7395 0.3112 0.5969
vn -0.4805 0.0838 0.8730
vn 0.4024 0.0193 -0.9153
vn 0.4071 0.0136 -0.9133
vn -0.5002 -0.1227 0.8572
vn 0.2620 -0.5558 0.7889
vn -0.5290 0.2849 0.7993
vn -0.4403 -0.7754 0.4526
vn -0.3158 -0.1883 0.9299
vn -0.3633 -0.2083 0.9081
vn -0.4017 -0.2243 0.8879
vn 0.2726 0.2698 0.9235
vn -0.4737 -0.0139 0.8806
vn -0.8050 -0.5822 -0.1145
vn -0.8871 -0.4487 0.1083
vn -0.7348 -0.2766 0.6193
vn 0.2637 -0.5698 0.7783
vn -0.4374 0.0669 0.8968
vn 0.7337 -0.6771 0.0577
vn 0.3632 0.1455 0.9203
vn -0.1004 -0.2711 -0.9573
vn -0.7746 -0.3787 0.5066
vn -0.6110 -0.2426 0.7536
vn -0.5453 0.2495 0.8002
vn 0.6312 0.0225 -0.7753
vn 0.6489 0.0111 -0.7608
vn -0.7877 -0.5602 -0.2565
vn 0.2800 0.2951 0.9135
vn -0.3686 -0.0205 0.9294
vn 0.3232 0.0153 0.9462
vn -0.7284 -0.4020 0.5549
vn -0.4530 -0.2041 0.8678
vn 0.6802 -0.0711 -0.7296
vn 0.3235 -0.0623 0.9442
vn 0.9341 0.1798 0.3084
vn -0.8141 -0.4903 0.3113
vn -0.8094 -0.4383 0.3908
vn -0.7830 -0.5283 0.3283
vn -0.3551 -0.0573 0.9331
vn 0.2753 -0.5460 0.7913
vn -0.3967 0.2799 0.8742
vn -0.4381 0.1208 0.8908
vn 0.7086 -0.2284 0.6677
vn -0.7860 -0.5498 0.2828
vn -0.7445 -0.6257 0.2329
vn -0.2786 -0.0389 0.9596
vn -0.2776 -0.1721 0.9452
vn -0.5625 -0.2523 0.7874
vn -0.3660 -0.1239 0.9223
vn -0.2483 -0.0382 0.9679
vn -0.1205 0.3397 0.9328
vn -0.1000 0.7535 0.6498
vn -0.5434 -0.2544 0.8000
vn -0.5697 -0.2595 0.7798
vn -0.5736 -0.2608 0.7765
vn 0.2869 -0.5116 0.8099
vn -0.7153 -0.4297 0.5511
vn -0.2494 0.0823 0.9649
vn -0.7101 -0.4664 0.5275
vn -0.5420 -0.2641 0.7978
vn 0.0306 -0.4049 0.9138
vn -0.7316 -0.5253 0.4345
vn -0.0557 -0.0623 0.9965
vn 0.0290 -0.0187 0.9994
vn 0.0075 -0.0098 0.9999
vn -0.3769 0.0738 0.9233
vn -0.2055 0.1103 0.9724
vn -0.6975 -0.5584 0.4491
vn -0.0208 0.1979 0.9800
vn -0.4335 -0.2469 0.8666
vn -0.6356 -0.6161 -0.4653
vn -0.5423 -0.2679 0.7964
vn 0.1083 -0.0551 0.9926
vn -0.0206 -0.0505 0.9985
vn -0.7907 -0.5774 0.2037
vn 0.2196 -0.0088 0.9755
vn 0.2618 0.3761 0.8888
vn -0.1595 -0.1159 0.9804
vn 0.2728 0.0411 0.9612
vn -0.6623 -0.5718 0.4843
vn -0.6629 -0.5623 0.4944
vn 0.0150 -0.0078 0.9999
vn -0.0980 0.0161 0.9951
vn 0.0103 -0.0487 0.9988
vn -0.3076 -0.2220 0.9253
vn -0.6766 -0.4874 0.5520
vn 0.3074 -0.0297 0.9511
vn -0.7459 -0.5878 0.3132
vn -0.6346 -0.5161 0.5752
vn 0.2530 0.3799 0.8898
vn 0.2372 0.3485 0.9068
vn 0.2136 0.0532 0.9755
vn -0.0136 0.0797 0.9967
vn -0.3223 -0.2763 0.9054
vn 0.2683 -0.0791 0.9601
vn -0.7414 -0.6410 0.1984
vn -0.5559 -0.5515 0.6219
vn 0.3436 0.4066 0.8465
vn -0.8371 -0.4226 0.3474
vn -0.6447 -0.5702 -0.5092
vn -0.5214 -0.5480 0.6541
vn -0.0165 0.1075 0.9941
vn -0.7434 0.0978 0.6616
vn -0.8031 0.1486 0.5770
vn -0.7519 0.1046 0.6509
vn -0.8145 0.1593 0.5578
vn 0.5248 0.0819 0.8473
vn 0.3821 -0.0586 0.9223
vn 0.2301 -0.0695 0.9707
vn 0.1008 0.0220 0.9947
vn 0.1380 0.0141 0.9903
vn -0.0291 -0.6049 0.7957
vn -0.0750 -0.4031 0.9121
vn -0.0657 -0.6091 0.7904
vn -0.1976 -0.2900 0.9364
vn -0.2052 -0.3613 0.9096
vn -0.4122 0.0259 0.9107
vn -0.2826 -0.0712 0.9566
vn -0.3869 0.0322 0.9216
vn -0.5864 -0.5203 0.6208
vn -0.5869 -0.5052 0.6328
vn 0.3883 0.0036 0.9215
vn -0.6519 -0.7582 0.0128
vn -0.4672 -0.3390 0.8166
vn 0.5088 -0.1730 0.8433
vn -0.6800 -0.7141 0.1663
vn -0.5681 -0.5292 0.6303
vn -0.9016 -0.3312 -0.2784
vn -0.4364 0.0174 0.8996
vn -0.4385 -0.0426 0.8977
vn -0.4143 0.0726 0.9072
vn -0.2673 -0.0094 0.9636
vn -0.7301 -0.6751 0.1053
vn -0.6977 -0.7024 0.1405
vn -0.6793 -0.7163 0.1596
vn 0.4188 -0.1723 0.8916
vn 0.1692 0.0645 0.9835
vn -0.3915 -0.0551 0.9185
vn 0.0526 -0.4315 0.9006
vn -0.0503 -0.1635 0.9853
vn -0.5351 -0.5635 0.6293
vn -0.3801 -0.5411 0.7501
vn 0.3484 0.3061 0.8860
vn 0.4326 0.1201 0.8936
vn -0.6554 -0.7483 0.1024
vn -0.7467 -0.6545 0.1190
vn -0.2352 -0.2373 0.9425
vn 0.3158 -0.0998 0.9436
vn 0.6970 0.7156 -0.0468
vn 0.6822 0.7304 -0.0330
vn -0.9130 -0.4069 0.0283
vn -0.2964 -0.0544 0.9535
vn -0.3176 -0.0509 0.9468
vn -0.0942 -0.1247 0.9877
vn 0.3349 0.1532 0.9297
vn -0.1207 0.2274 0.9663
vn -0.0739 0.3435 0.9363
vn -0.1525 0.3851 0.9102
vn 0.0260 -0.5456 -0.8377
vn 0.0122 -0.5494 -0.8355
vn -0.0063 -0.5498 -0.8353
vn -0.6650 -0.7318 0.1489
vn 0.7115 0.0969 -0.6960
vn 0.7097 0.7037 -0.0337
vn 0.6418 0.7530 0.1451
vn 0.7088 0.7051 0.0207
vn 0.6999 0.7020 0.1320
vn -0.0712 -0.8982 0.4339
vn -0.2787 -0.1092 0.9542
vn -0.0207 -0.0980 0.9950
vn -0.4756 -0.6261 0.6179
vn -0.5151 -0.5753 0.6354
vn 0.2828 -0.0235 0.9589
vn 0.5157 0.4064 0.7542
vn 0.5429 0.4620 0.7013
vn 0.5629 0.4973 0.6602
vn 0.6141 0.5164 -0.5968
vn 0.7015 0.6937 -0.1632
vn -0.5835 -0.6852 -0.4358
vn 0.4265 0.3202 0.8459
vn 0.5480 0.1912 0.8143
vn 0.7106 0.0885 0.6980
vn 0.6259 0.0236 0.7795
vn 0.7112 -0.0270 0.7025
vn 0.6335 -0.0802 0.7696
vn 0.7024 -0.1477 0.6963
vn 0.5765 0.5334 0.6190
vn 0.5768 0.5207 0.6294
vn 0.7530 0.6580 0.0069
vn 0.0406 -0.5375 -0.8423
vn 0.0404 -0.5293 -0.8475
vn 0.5655 -0.2503 0.7858
vn 0.0971 -0.2524 0.9627
vn -0.0025 -0.1335 0.9910
vn 0.1267 -0.2529 0.9592
vn -0.2409 -0.2926 0.9254
vn 0.8877 0.4604 0.0030
vn 0.8777 0.4792 -0.0017
vn 0.8856 0.4644 0.0020
vn 0.8754 0.4834 -0.0028
vn 0.8281 0.5606 0.0030
vn 0.3725 -0.9234 -0.0924
vn 0.2741 -0.7590 -0.5906
vn 0.0578 -0.3033 0.9511
vn 0.0724 -0.2409 0.9678
vn -0.3747 -0.5230 0.7655
vn 0.6581 -0.2951 -0.6927
vn 0.0570 -0.1130 0.9920
vn 0.1386 0.0464 0.9893
vn 0.8573 -0.0153 -0.5146
vn 0.6910 -0.2713 0.6700
vn 0.7569 0.6484 0.0817
vn 0.7459 0.6347 -0.2018
vn 0.7196 0.6332 0.2850
vn 0.6838 0.6439 0.3432
vn 0.6508 -0.6755 0.3465
vn 0.4587 -0.4475 -0.7677
vn -0.6949 -0.7191 -0.0038
vn 0.4392 0.3270 0.8368
vn -0.3220 -0.3810 0.8667
vn 0.6076 0.1995 0.7688
vn 0.8549 -0.0265 0.5181
vn 0.8341 -0.1729 0.5239
vn -0.2219 0.4090 0.8851
vn 0.4671 0.8657 0.1801
vn 0.5348 -0.6002 0.5948
vn 0.5320 -0.7843 0.3191
vn -0.6924 -0.7208 0.0311
vn -0.7249 -0.6788 -0.1173
vn 0.4872 0.3042 0.8186
vn 0.5672 -0.2961 -0.7685
vn -0.1524 0.5049 0.8496
vn -0.6486 -0.6161 0.4470
vn 0.6259 0.3791 0.6816
vn 0.8510 0.1124 -0.5129
vn 0.8068 -0.2803 -0.5202
vn 0.8388 -0.1518 -0.5228
vn -0.2913 0.7627 0.5774
vn 0.4978 -0.4355 -0.7500
vn 0.7466 -0.6609 0.0762
vn -0.7458 -0.6467 -0.1600
vn -0.7903 -0.5288 0.3095
vn -0.3941 -0.5672 0.7231
vn -0.3877 -0.5312 0.7533
vn 0.8170 0.2718 -0.5085
vn 0.7880 0.1690 0.5921
vn 0.7653 0.2622 0.5879
vn 0.8640 0.0594 0.5000
vn 0.2911 0.0928 0.9522
vn -0.6781 0.6024 0.4209
vn -0.8438 -0.5344 -0.0491
vn 0.3341 -0.0512 0.9412
vn 0.1183 0.0585 0.9913
vn 0.2321 0.1403 0.9625
vn 0.7378 -0.3436 0.5810
vn 0.4872 -0.1414 0.8618
vn 0.7032 0.6314 -0.3270
vn 0.7935 0.5639 0.2290
vn -0.6418 -0.5240 0.5599
vn -0.5982 -0.5126 0.6160
vn -0.6109 -0.5639 0.5557
vn -0.9103 -0.4129 0.0301
vn 0.7917 0.3333 0.5119
vn 0.9414 0.1207 -0.3149
vn 0.9458 0.0230 0.3238
vn 0.9367 -0.0969 0.3364
vn 0.9442 -0.0608 -0.3238
vn 0.6783 -0.3656 0.6373
vn -0.7532 -0.5688 -0.3305
vn -0.4870 -0.3835 0.7847
vn -0.4783 -0.3409 0.8093
vn -0.4608 -0.2667 0.8465
vn -0.4477 -0.2180 0.8672
vn -0.7422 -0.4736 0.4742
vn 0.8960 0.1928 0.4001
vn 0.9408 0.1377 0.3098
vn 0.7631 -0.3899 -0.5154
vn 0.6316 -0.3173 -0.7074
vn 0.5677 -0.2879 0.7713
vn 0.3619 -0.8554 -0.3706
vn 0.3565 -0.8926 -0.2762
vn 0.3586 -0.8817 -0.3067
vn 0.0663 0.3008 0.9514
vn -0.1986 -0.3120 0.9291
vn -0.1801 -0.3057 0.9349
vn -0.2073 -0.3149 0.9262
vn -0.3995 -0.2207 0.8898
vn -0.3230 -0.1148 0.9394
vn -0.3232 -0.2613 0.9095
vn -0.2933 -0.1599 0.9426
vn -0.6129 -0.6853 -0.3934
vn -0.1576 -0.2468 0.9562
vn 0.4019 0.2651 0.8765
vn 0.9899 -0.0324 -0.1377
vn 0.8836 -0.3300 0.3321
vn 0.3790 0.0494 0.9241
vn 0.3507 -0.9126 -0.2104
vn 0.2411 -0.0373 0.9698
vn -0.3788 0.1918 0.9054
vn -0.0476 -0.2581 0.9649
vn -0.5783 -0.5083 0.6381
vn 0.8963 0.3017 0.3250
vn 0.9820 0.1344 -0.1325
vn 0.9080 -0.2529 -0.3339
vn 0.6053 0.6631 0.4403
vn 0.6446 0.7096 0.2845
vn 0.2723 -0.3885 0.8803
vn 0.2497 -0.4556 0.8544
vn 0.2357 -0.4940 0.8369
vn -0.3872 -0.5304 0.7541
vn 0.7248 0.4468 0.5245
vn 0.9015 0.3039 -0.3082
vn 0.9878 0.0097 0.1554
vn 0.9807 0.1373 0.1395
vn 0.9959 0.0904 0.0075
vn 0.9936 -0.1127 -0.0011
vn 0.9774 -0.1500 0.1492
vn 0.9643 -0.2157 -0.1537
vn 0.9509 -0.1982 0.2378
vn 0.8497 -0.4012 0.3420
vn -0.2195 -0.0768 0.9726
vn -0.6324 -0.7620 -0.1392
vn -0.1472 -0.4853 0.8618
vn -0.2499 -0.4784 0.8418
vn -0.1817 -0.4703 0.8636
vn -0.2740 -0.3687 0.8882
vn 0.7866 0.4709 -0.3994
vn 0.9326 -0.3354 0.1336
vn 0.5815 0.7060 -0.4042
vn 0.4543 0.7458 -0.4872
vn 0.2856 -0.3457 0.8938
vn 0.7612 0.0715 0.6446
vn -0.2991 -0.6480 -0.7005
vn -0.6364 -0.7713 0.0081
vn 0.0424 -0.0361 0.9984
vn 0.9489 0.2784 0.1484
vn 0.8454 -0.4286 -0.3188
vn 0.5804 0.7057 -0.4063
vn 0.5735 0.8048 -0.1527
vn 0.4511 0.8912 0.0468
vn 0.3473 0.9208 0.1775
vn 0.3885 0.9073 0.1610
vn 0.3739 0.9082 0.1879
vn 0.3921 0.9036 -0.1723
vn 0.9662 -0.1999 0.1630
vn 0.9533 -0.2893 0.0873
vn 0.9394 -0.3402 0.0421
vn 0.9659 0.0350 0.2565
vn -0.4263 -0.4595 0.7792
vn -0.6957 -0.7178 -0.0267
vn 0.9469 0.2934 -0.1314
vn 0.9591 0.2832 -0.0031
vn 0.9289 -0.3700 0.0162
vn 0.9012 -0.4095 -0.1419
vn 0.5909 -0.2446 -0.7688
vn 0.7055 0.6860 0.1780
vn 0.5100 0.8535 -0.1068
vn 0.4884 0.8647 -0.1173
vn 0.3276 0.0366 0.9441
vn 0.3292 0.0318 0.9437
vn 0.8173 0.3454 0.4612
vn 0.8043 0.3103 0.5068
vn 0.7586 0.2163 0.6146
vn -0.2592 -0.9001 -0.3503
vn -0.2103 -0.8848 -0.4158
vn -0.2637 -0.9012 -0.3441
vn -0.3917 -0.0847 0.9162
vn -0.2155 -0.0555 0.9749
vn -0.6407 -0.7668 0.0387
vn -0.6244 -0.7232 -0.2952
vn 0.8023 0.4972 0.3302
vn 0.8469 -0.4835 0.2212
vn 0.3832 0.1673 0.9084
vn 0.4594 0.7192 0.5213
vn 0.4582 0.7179 0.5241
vn 0.4657 0.7262 0.5058
vn 0.9676 -0.1495 0.2037
vn 0.8087 0.0016 -0.5882
vn 0.7397 0.1842 0.6472
vn -0.4543 -0.4282 0.7812
vn -0.1125 -0.4861 0.8666
vn -0.4422 -0.5771 0.6866
vn -0.3950 -0.3972 0.8283
vn -0.2368 -0.3007 0.9238
vn 0.9112 0.3814 -0.1555
vn 0.8734 0.4867 -0.0154
vn 0.6755 -0.4864 -0.5542
vn -0.0298 -0.6991 -0.7144
vn -0.6002 -0.7958 0.0800
vn 0.8690 0.4812 0.1154
vn 0.6251 -0.1060 -0.7733
vn 0.1476 0.0664 0.9868
vn 0.4660 0.3463 0.8142
vn 0.3801 0.2982 0.8756
vn 0.6124 0.4283 0.6645
vn 0.8399 -0.5228 -0.1456
vn 0.7410 -0.4517 0.4968
vn 0.5647 0.8095 -0.1608
vn 0.7355 0.6469 0.2015
vn 0.7342 0.6361 0.2374
vn -0.3444 -0.5156 0.7845
vn 0.0751 0.0564 0.9956
vn -0.0019 0.1028 0.9947
vn -0.0159 0.0880 0.9960
vn 0.6881 0.4882 0.5369
vn 0.6985 -0.2091 0.6843
vn 0.5757 -0.0571 0.8156
vn 0.5331 0.0284 0.8456
vn -0.2891 -0.0401 0.9565
vn 0.1106 0.0484 0.9927
vn 0.7776 0.6082 -0.1593
vn 0.7988 0.5715 -0.1880
vn 0.8343 -0.5511 0.0171
vn 0.7945 -0.5196 -0.3143
vn 0.3725 0.2053 -0.9051
vn 0.5265 0.8462 0.0817
vn 0.4669 0.7275 0.5027
vn -0.2084 -0.8841 -0.4183
vn -0.4435 -0.5812 0.6823
vn 0.7726 -0.5188 0.3659
vn 0.6684 -0.2914 -0.6843
vn 0.5411 0.7759 0.3244
vn 0.5399 0.8414 -0.0230
vn 0.4658 0.8736 0.1412
vn -0.3327 -0.5553 0.7622
vn -0.6205 -0.7807 0.0740
vn -0.5902 -0.3061 0.7469
vn -0.5468 -0.4254 0.7212
vn 0.7600 0.5276 0.3795
vn 0.8131 0.5570 0.1688
vn 0.8260 -0.5554 -0.0964
vn 0.6845 -0.5761 -0.4467
vn 0.6189 -0.6181 -0.4847
vn -0.1898 -0.0929 -0.9774
vn -0.0187 0.6819 0.7312
vn -0.2901 -0.9540 0.0756
vn -0.0916 -0.1689 0.9814
vn -0.0798 -0.2169 0.9729
vn -0.0815 -0.2102 0.9743
vn -0.0618 -0.2881 0.9556
vn -0.0794 -0.1321 0.9880
vn 0.1095 0.9274 0.3578
vn 0.1306 0.9297 0.3445
vn 0.1650 0.9322 0.3221
vn 0.2443 0.2688 0.9317
vn 0.8054 -0.5840 0.1016
vn 0.7748 -0.4874 0.4026
vn 0.7587 -0.2016 -0.6195
vn 0.3306 0.0332 0.9432
vn -0.5397 -0.5560 0.6321
vn -0.4779 -0.5660 0.6718
vn 0.8232 0.5678 0.0008
vn 0.8065 -0.5422 -0.2359
vn 0.0753 0.9224 0.3789
vn -0.6264 -0.7744 0.0890
vn 0.1269 0.0407 0.9911
vn 0.7720 -0.0487 0.6338
vn -0.6191 -0.7726 0.1404
vn 0.3131 0.0433 0.9487
vn 0.2062 -0.0680 0.9761
vn -0.7822 -0.3339 0.5260
vn 0.4250 -0.8977 0.1162
vn 0.3381 -0.9273 0.1607
vn 0.4499 -0.8871 0.1028
vn 0.4689 -0.7336 0.4918
vn 0.5879 0.5398 -0.6025
vn 0.9924 -0.0411 0.1159
vn 0.4329 0.0826 -0.8976
vn 0.6141 0.7842 0.0888
vn 0.6261 0.7783 0.0468
vn 0.6604 0.7509 -0.0103
vn -0.6418 -0.7663 0.0301
vn -0.1229 -0.2577 0.9584
vn 0.1944 -0.1255 0.9729
vn -0.0162 -0.3835 0.9234
vn 0.9411 0.3355 -0.0420
vn 0.9379 0.3461 -0.0218
vn 0.9445 0.3215 -0.0681
vn 0.7420 -0.5797 0.3368
vn 0.7641 -0.6033 0.2284
vn 0.7655 -0.6049 0.2191
vn 0.5723 -0.2550 -0.7794
vn 0.7596 -0.1031 -0.6422
vn -0.5923 -0.7870 0.1729
vn 0.2020 0.1581 0.9665
vn 0.3948 0.3409 0.8532
vn -0.2993 -0.0023 0.9541
vn -0.3860 -0.0006 0.9225
vn -0.2754 -0.0325 0.9608
vn -0.4053 -0.0003 0.9142
vn -0.6259 -0.0232 0.7796
vn -0.6539 0.0112 0.7565
vn -0.6652 0.0257 0.7462
vn -0.6140 -0.0372 0.7885
vn 0.8172 -0.5753 0.0346
vn 0.9463 0.3118 -0.0858
vn 0.9091 -0.0422 0.4145
vn 0.3441 0.7073 0.6175
vn 0.3953 0.7057 0.5880
vn 0.4641 0.6993 0.5437
vn 0.7400 -0.5777 0.3444
vn 0.2341 -0.2205 0.9469
vn 0.2551 -0.2547 0.9328
vn 0.2730 -0.2842 0.9191
vn 0.6160 -0.2349 -0.7519
vn 0.2227 -0.2021 0.9537
vn -0.6433 -0.7543 -0.1310
vn 0.6131 0.4816 0.6262
vn 0.8279 0.5450 -0.1327
vn -0.9234 -0.2649 0.2777
vn -0.2870 -0.0709 0.9553
vn -0.2811 -0.0225 0.9594
vn 0.9064 0.0516 0.4193
vn 0.9014 0.0878 0.4241
vn 0.9089 0.0544 0.4135
vn 0.3195 -0.9322 0.1697
vn 0.7347 -0.4293 0.5253
vn 0.9138 -0.1028 -0.3929
vn 0.4176 0.0104 0.9086
vn -0.5537 -0.5697 0.6074
vn 0.7495 0.5225 0.4066
vn 0.8349 0.5473 0.0587
vn -0.3003 -0.0993 0.9487
vn 0.2984 -0.0265 0.9541
vn 0.3055 -0.0282 0.9518
vn 0.1945 -0.0023 0.9809
vn 0.4926 0.1409 -0.8588
vn 0.7681 -0.0017 -0.6403
vn 0.8934 -0.4439 -0.0692
vn 0.7068 0.0656 0.7043
vn -0.6753 -0.0552 0.7354
vn 0.7559 0.0004 0.6547
vn 0.1860 -0.0003 0.9825
vn 0.9725 0.0356 0.2302
vn 0.9888 -0.0182 0.1482
vn 0.9919 -0.0382 0.1209
vn 0.7994 0.0635 -0.5974
vn 0.7117 -0.4418 -0.5462
vn 0.7524 -0.2830 -0.5948
vn 0.7037 -0.4719 -0.5312
vn 0.8092 -0.3549 -0.4683
vn 0.3277 -0.8239 0.4625
vn 0.3354 -0.8215 0.4612
vn 0.3225 -0.8254 0.4633
vn 0.8375 -0.5023 -0.2149
vn 0.9399 -0.0434 -0.3386
vn 0.6879 0.7236 0.0574
vn -0.6007 -0.7019 0.3827
vn -0.5636 -0.7805 0.2704
vn -0.1193 0.1261 0.9848
vn -0.0965 0.1270 0.9872
vn -0.2787 0.1136 0.9536
vn 0.5378 0.1634 0.8271
vn 0.8940 0.0935 0.4382
vn 0.9348 -0.0415 0.3528
vn -0.5567 -0.5916 0.5833
vn -0.4797 -0.4282 0.7658
vn 0.4806 0.4509 0.7521
vn 0.7513 0.4488 0.4839
vn 0.6746 0.6530 -0.3442
vn 0.6887 0.6368 -0.3465
vn 0.6739 0.6539 -0.3440
vn 0.2463 0.7038 0.6663
vn -0.5343 -0.6519 0.5381
vn -0.2931 -0.2428 0.9247
vn 0.8093 0.5633 -0.1664
vn 0.8156 0.5774 -0.0386
vn -0.5310 -0.6723 0.5158
vn 0.8166 0.5437 0.1938
vn 0.3661 -0.0441 -0.9295
vn 0.9293 0.3414 0.1409
vn 0.9130 0.3973 0.0931
vn 0.8914 0.4510 0.0448
vn 0.3404 -0.8199 0.4603
vn 0.9986 0.0291 -0.0433
vn 0.9977 0.0337 -0.0585
vn 0.9928 0.0348 -0.1148
vn 0.9996 0.0236 -0.0145
vn 0.9997 0.0186 -0.0184
vn 0.9411 -0.0831 0.3277
vn -0.3160 0.0831 0.9451
vn 0.7726 0.6347 0.0146
vn -0.2510 0.0886 0.9639
vn 0.7097 0.4229 0.5634
vn 0.7072 0.4237 0.5660
vn 0.7293 0.4163 0.5429
vn 0.8625 0.5061 -0.0077
vn 0.3513 -0.6062 0.7135
vn 0.3687 -0.6229 0.6900
vn 0.3674 -0.6217 0.6918
vn 0.3769 -0.6307 0.6784
vn 0.6134 -0.2389 0.7528
vn 0.8467 0.1917 -0.4964
vn 0.8312 0.1950 -0.5207
vn 0.7193 0.2117 -0.6617
vn 0.8201 -0.3766 -0.4309
vn 0.7375 0.1055 0.6670
vn 0.6950 0.5499 0.4633
vn 0.8243 0.0311 -0.5653
vn 0.6604 0.6687 -0.3416
vn -0.1443 -0.0261 0.9892
vn -0.0283 0.0498 0.9984
vn 0.7511 0.6166 -0.2361
vn 0.6944 0.2142 -0.6870
vn -0.6369 -0.7141 0.2905
vn 0.1426 0.2214 0.9647
vn 0.9214 0.2994 -0.2479
vn 0.9219 0.3042 -0.2399
vn 0.9163 0.2563 -0.3077
vn 0.7318 0.4155 0.5403
vn -0.6516 -0.7379 0.1756
vn 0.7641 0.6188 0.1825
vn -0.2429 0.0898 0.9659
vn 0.4884 0.3112 0.8152
vn -0.6144 -0.6345 0.4690
vn 0.8182 0.5598 -0.1307
vn -0.4865 -0.0612 0.8715
vn -0.4856 -0.0631 0.8719
vn -0.5288 -0.0592 0.8467
vn 0.9337 0.2438 -0.2622
vn -0.6552 -0.7526 -0.0659
vn -0.3820 -0.3167 0.8682
vn 0.5411 0.5479 0.6380
vn -0.4498 -0.0395 0.8923
vn 0.6504 0.5818 -0.4884
vn -0.3879 -0.0259 0.9213
vn 0.9369 0.2422 -0.2522
vn 0.8222 0.2710 0.5005
vn 0.8255 0.2774 0.4915
vn 0.8359 0.2985 0.4606
vn 0.7532 0.6439 -0.1343
vn -0.6613 -0.7501 0.0035
vn 0.1082 0.2798 0.9540
vn 0.3012 0.4682 0.8307
vn 0.6621 0.6841 0.3059
vn 0.6676 0.7177 0.1978
vn 0.8387 0.3046 0.4513
vn 0.6978 0.2052 0.6863
vn 0.6732 0.3413 0.6560
vn 0.6949 0.2269 0.6824
vn 0.3588 0.4129 0.8371
vn 0.7074 0.6417 -0.2962
vn -0.3924 -0.0630 0.9176
vn 0.8546 0.2298 -0.4657
vn -0.2778 -0.1584 0.9475
vn 0.7915 0.2588 0.5537
vn 0.9887 0.1370 0.0609
vn 0.7076 0.0895 0.7009
vn 0.2437 -0.0562 0.9682
vn -0.5335 -0.4838 0.6938
vn 0.4978 -0.0701 -0.8644
vn 0.6661 0.7458 0.0095
vn 0.5759 0.7894 0.2124
vn 0.6638 0.7016 -0.2590
vn -0.1424 0.0294 0.9894
vn 0.4897 0.6078 0.6252
vn 0.4134 0.4556 -0.7883
vn -0.8294 -0.5586 0.0095
vn -0.0180 0.2254 0.9741
vn 0.1923 0.5482 0.8139
vn 0.4451 0.6430 0.6233
vn 0.5824 0.8129 0.0053
vn -0.8008 -0.5685 -0.1883
vn -0.7513 -0.5897 0.2963
vn -0.7466 -0.6026 0.2820
vn -0.6618 -0.7391 -0.1255
vn -0.2324 -0.1167 0.9656
vn -0.7579 -0.6028 -0.2494
vn 0.0513 0.3183 0.9466
vn 0.1433 0.5902 0.7944
vn -0.6366 -0.6852 0.3540
vn -0.4894 -0.4478 0.7483
vn -0.2906 -0.1850 0.9388
vn -0.0628 0.1361 0.9887
vn 0.4207 0.6730 0.6084
vn -0.3864 -0.2098 0.8982
vn -0.3180 -0.1802 0.9308
vn -0.3297 -0.2604 0.9075
vn -0.6754 -0.7374 -0.0033
vn -0.7460 -0.5899 0.3089
vn -0.9284 -0.3453 -0.1374
vn -0.9336 -0.3156 0.1698
vn 0.5682 0.8193 -0.0762
vn -0.7679 -0.5800 -0.2718
vn -0.4547 -0.1459 0.8786
vn -0.3861 -0.1088 0.9160
vn -0.3243 -0.1301 0.9370
vn -0.5680 -0.5665 0.5971
vn 0.0285 0.3647 0.9307
vn 0.5432 0.8395 0.0134
vn -0.9292 -0.1822 0.3215
vn -0.9263 -0.1643 0.3390
vn -0.9191 -0.2735 0.2837
vn -0.9201 -0.2661 0.2874
vn 0.0995 0.5921 0.7997
vn 0.3876 0.6834 0.6186
vn -0.9136 -0.2053 0.3510
vn -0.3051 -0.1493 0.9405
vn -0.2955 -0.1886 0.9365
vn -0.5548 -0.7963 -0.2412
vn -0.5637 -0.7961 -0.2203
vn -0.5775 -0.7451 -0.3337
vn 0.0125 0.3304 0.9437
vn -0.6599 -0.7492 -0.0571
vn -0.5744 -0.8186 0.0039
vn -0.5727 -0.8160 -0.0785
vn -0.3374 -0.6425 0.6880
vn -0.3423 -0.6028 0.7207
vn -0.3389 -0.6311 0.6978
vn -0.5938 -0.8046 -0.0007
vn -0.6491 -0.7570 0.0748
vn -0.5547 -0.7855 0.2744
vn -0.5567 -0.8206 0.1295
vn -0.1364 -0.4899 0.8611
vn -0.1219 -0.4537 0.8828
vn -0.1410 -0.4739 0.8692
vn -0.1166 -0.3460 0.9310
vn -0.5337 -0.0701 0.8428
vn -0.5292 -0.0647 0.8461
vn -0.4610 -0.0736 0.8843
vn -0.2968 -0.7867 -0.5413
vn -0.3535 -0.7223 -0.5944
vn -0.4261 -0.7093 -0.5616
vn -0.6542 -0.5009 0.5667
vn -0.5538 -0.7959 0.2447
vn -0.5605 -0.7322 0.3871
vn 0.1455 0.8452 -0.5143
vn -0.4743 -0.1309 0.8706
vn -0.3336 -0.6681 0.6652
vn -0.3470 -0.7208 -0.6000
vn -0.0997 -0.2778 -0.9554
vn -0.1314 0.8579 -0.4968
vn -0.1050 -0.2612 0.9596
vn -0.1184 -0.1910 0.9744
vn -0.5636 -0.1252 0.8165
vn -0.5531 -0.0973 0.8274
vn -0.3207 -0.1041 0.9415
vn -0.6790 0.2370 0.6949
vn -0.6816 0.2567 0.6853
vn -0.6546 0.2040 0.7279
vn -0.7104 0.1730 0.6822
vn -0.6989 0.2816 0.6574
vn -0.8163 -0.5729 -0.0737
vn -0.8344 -0.5442 -0.0872
vn -0.8298 -0.5369 0.1520
vn -0.7644 -0.6222 0.1692
vn -0.7119 -0.7017 0.0288
vn -0.5710 -0.1417 0.8086
vn 0.4395 0.0863 0.8941
vn 0.4468 0.0703 0.8919
vn 0.4617 0.0385 0.8862
vn 0.1670 -0.1781 0.9697
vn 0.1741 -0.1895 0.9663
vn 0.1935 -0.2147 0.9573
vn -0.2916 -0.7865 0.5444
vn -0.3123 -0.7461 0.5880
vn -0.3081 -0.7338 0.6054
vn -0.0710 0.9548 0.2886
vn -0.0934 0.9536 0.2862
vn -0.7870 -0.5771 0.2180
vn -0.7910 -0.4373 0.4279
vn -0.7918 -0.4375 0.4261
vn -0.7819 -0.4346 0.4469
vn -0.7988 -0.4395 0.4108
vn -0.0006 0.0620 0.9981
vn 0.1840 0.1432 0.9724
vn 0.0538 0.1958 0.9792
vn 0.0891 0.3563 0.9301
vn 0.2290 0.3482 0.9090
vn 0.1180 0.5417 0.8322
vn -0.5626 -0.1389 0.8150
vn -0.5655 -0.1418 0.8124
vn 0.1656 -0.1770 0.9702
vn -0.8194 -0.1338 0.5574
vn -0.8029 -0.1184 0.5842
vn -0.8319 -0.1461 0.5354
vn -0.1070 -0.1841 0.9771
vn 0.4385 0.1292 0.8894
vn -0.9091 -0.4071 0.0888
vn -0.7887 -0.1058 0.6056
vn 0.0031 0.0590 0.9983
vn 0.2258 0.5235 0.8215
vn 0.1097 0.6438 0.7573
vn 0.4192 0.0762 -0.9047
vn -0.3704 -0.1205 0.9210
vn 0.2592 -0.3126 0.9139
vn 0.2770 -0.3384 0.8993
vn -0.4064 0.3982 0.8223
vn -0.3878 0.4139 0.8236
vn -0.3998 0.3898 0.8296
vn -0.3217 -0.0364 0.9461
vn 0.1746 0.8070 0.5642
vn 0.1386 0.8271 0.5447
vn 0.1774 0.8342 0.5222
vn 0.1716 0.9433 0.2840
vn -0.3438 -0.8030 0.4868
vn -0.3417 -0.8075 -0.4808
vn -0.9315 0.0508 0.3602
vn -0.9216 -0.3870 -0.0285
vn -0.5453 -0.6260 0.5574
vn -0.5594 -0.6115 0.5596
vn 0.2089 0.5766 0.7899
vn -0.5043 -0.8635 -0.0058
vn -0.5174 -0.8557 0.0053
vn -0.5159 -0.8478 -0.1228
vn 0.3946 0.1654 0.9039
vn -0.3194 -0.7769 0.5425
vn -0.9189 -0.3934 -0.0282
vn 0.3669 -0.1036 -0.9245
vn 0.3209 -0.1204 -0.9394
vn 0.4967 -0.0461 0.8667
vn 0.5024 -0.0326 0.8640
vn 0.4701 -0.0409 0.8817
vn 0.4076 0.1695 -0.8973
vn 0.4515 0.0159 -0.8921
vn -0.5110 -0.8222 0.2507
vn -0.5239 -0.8057 0.2763
vn -0.4937 -0.7791 -0.3863
vn -0.4875 -0.7800 -0.3923
vn 0.3850 0.1303 0.9137
vn 0.0456 -0.1103 0.9929
vn 0.0921 -0.0696 0.9933
vn 0.1396 -0.0273 0.9898
vn -0.3629 -0.7882 0.4970
vn -0.0254 0.9314 0.3632
vn -0.9281 0.0658 0.3666
vn -0.5108 -0.7142 0.4785
vn 0.1726 -0.4198 0.8911
vn 0.0897 -0.3840 0.9190
vn 0.2493 -0.4420 0.8617
vn 0.4946 -0.0401 -0.8682
vn 0.4400 0.4079 -0.8000
vn -0.5435 -0.1409 0.8275
vn -0.5554 -0.1370 0.8203
vn 0.3778 0.1954 0.9051
vn -0.9300 0.0607 0.3626
vn -0.8487 -0.5289 -0.0043
vn -0.8400 -0.5063 -0.1949
vn -0.9169 -0.3991 0.0004
vn -0.7709 -0.4844 0.4136
vn -0.7638 -0.4734 0.4388
vn -0.7701 -0.4841 0.4155
vn 0.4639 -0.0375 0.8851
vn 0.5802 -0.0190 0.8143
vn 0.3833 0.0583 0.9218
vn 0.3172 0.2219 0.9220
vn 0.3153 0.4907 0.8122
vn -0.3832 -0.8332 0.3985
vn -0.0349 -0.9230 -0.3832
vn -0.0363 -0.9227 -0.3838
vn -0.1207 -0.9008 -0.4171
vn -0.2689 0.4867 0.8311
vn -0.0493 0.9272 0.3712
vn -0.8390 -0.5100 -0.1898
vn 0.1470 -0.4000 -0.9047
vn 0.2455 -0.4178 -0.8747
vn 0.3457 0.2857 0.8938
vn 0.1476 0.8063 0.5728
vn 0.3648 0.1988 0.9096
vn -0.6125 -0.0158 0.7903
vn -0.6080 0.1241 0.7842
vn -0.6466 0.0228 0.7625
vn -0.8193 -0.5408 0.1905
vn -0.7891 0.5037 0.3515
vn -0.7692 -0.4652 0.4381
vn 0.0195 -0.3863 0.9222
vn -0.4513 -0.0555 0.8906
vn -0.6874 -0.1390 0.7128
vn -0.6978 -0.0694 0.7129
vn -0.7009 -0.0965 0.7067
vn -0.7132 0.0035 0.7010
vn -0.6984 0.0586 0.7133
vn -0.6587 0.1429 0.7387
vn 0.3455 0.4345 0.8318
vn 0.3964 0.3606 0.8443
vn -0.5080 -0.7567 0.4114
vn -0.4236 -0.2140 0.8802
vn 0.3576 0.2083 0.9104
vn -0.6613 -0.0755 0.7463
vn -0.5510 0.1695 0.8171
vn -0.4507 0.3607 0.8165
vn -0.8155 -0.4846 -0.3163
vn -0.2865 -0.9486 -0.1347
vn -0.7782 0.5201 0.3520
vn -0.7818 -0.4629 0.4178
vn 0.1643 0.9472 0.2754
vn -0.5217 -0.7642 0.3792
vn -0.7399 0.5473 0.3912
vn -0.0354 -0.2687 0.9626
vn -0.1054 -0.1532 0.9826
vn 0.2336 0.4918 0.8388
vn -0.4119 -0.2032 0.8883
vn -0.6128 -0.1421 0.7774
vn -0.6432 -0.1181 0.7565
vn -0.5867 0.1751 0.7906
vn 0.1851 0.0137 0.9826
vn 0.3807 -0.3664 0.8490
vn -0.0900 -0.9232 0.3736
vn -0.6914 0.2540 0.6763
vn -0.6755 0.1366 0.7245
vn -0.6680 0.0980 0.7377
vn -0.6585 0.0557 0.7505
vn -0.8791 0.3327 0.3414
vn -0.8176 -0.4721 -0.3296
vn 0.2315 0.7676 0.5977
vn 0.3387 0.1921 0.9211
vn -0.5729 -0.1545 0.8049
vn 0.0520 -0.9370 -0.3454
vn -0.0098 0.9215 0.3883
vn -0.3737 0.4388 0.8172
vn 0.0146 -0.3557 0.9345
vn -0.0168 -0.4670 0.8841
vn -0.6824 -0.1450 0.7164
vn -0.6252 -0.3553 -0.6949
vn -0.6293 -0.3513 -0.6932
vn -0.6289 0.1728 0.7580
vn -0.6138 0.2478 0.7495
vn -0.6140 0.3274 0.7182
vn -0.6539 0.3191 0.6859
vn -0.6322 0.3580 0.6872
vn -0.4644 0.5667 0.6805
vn 0.3418 0.2796 0.8972
vn 0.2981 0.3212 0.8989
vn -0.6354 0.2100 0.7430
vn -0.7190 0.2474 0.6495
vn 0.0047 -0.9378 0.3471
vn -0.4777 -0.7572 0.4455
vn -0.3319 0.2676 0.9046
vn -0.5516 -0.0331 0.8334
vn -0.6169 0.2752 0.7373
vn -0.4351 -0.6294 0.6438
vn -0.5440 -0.4353 0.7174
vn -0.5287 -0.5226 0.6688
vn 0.4794 0.7080 0.5185
vn 0.5952 0.7828 0.1818
vn 0.6215 0.7720 0.1335
vn 0.5793 0.7791 0.2396
vn 0.6024 0.7981 0.0093
vn -0.1702 -0.2658 0.9489
vn -0.5157 -0.1864 0.8362
vn -0.4422 -0.1681 0.8810
vn -0.5191 0.1738 0.8369
vn -0.3523 -0.8808 0.3165
vn -0.4326 -0.8477 0.3071
vn -0.5035 -0.8225 0.2644
vn -0.5816 -0.6507 -0.4881
vn -0.3564 -0.8000 -0.4826
vn -0.6977 0.3404 0.6303
vn -0.7773 0.2207 0.5891
vn -0.6587 0.3896 0.6437
vn -0.6308 0.4219 0.6512
vn -0.5055 -0.5940 0.6258
vn 0.5772 0.7814 0.2373
vn 0.6060 0.7954 -0.0104
vn -0.4905 -0.7639 0.4193
vn -0.2096 0.5140 0.8318
vn 0.1852 0.6865 0.7032
vn 0.1852 0.6983 0.6914
vn 0.1201 0.7101 0.6938
vn -0.3158 0.5631 0.7637
vn -0.8086 -0.4298 0.4018
vn 0.2920 0.7031 0.6484
vn 0.2245 0.7457 0.6273
vn 0.3316 0.6428 0.6906
vn 0.5699 0.8154 0.1022
vn -0.3776 -0.8833 0.2780
vn -0.5518 -0.7703 0.3197
vn -0.6235 -0.7035 0.3411
vn -0.3897 0.4348 0.8118
vn -0.3567 0.3370 0.8713
vn -0.5866 -0.4672 -0.6616
vn 0.7688 0.1180 0.6285
vn -0.3490 -0.7049 0.6175
vn 0.2199 0.5679 0.7931
vn 0.2583 0.4994 0.8270
vn -0.5036 -0.2040 0.8395
vn -0.5055 -0.1960 0.8402
vn -0.4834 0.1696 0.8588
vn -0.4017 -0.8216 0.4045
vn -0.5996 -0.7380 0.3096
vn -0.5902 0.2465 0.7687
vn -0.5948 -0.4877 0.6390
vn -0.5923 -0.4897 0.6398
vn -0.5766 -0.5020 0.6446
vn 0.1375 0.0578 0.9888
vn 0.1980 0.0682 0.9778
vn 0.1526 0.0338 0.9877
vn 0.1061 0.3477 0.9316
vn 0.1399 0.3614 0.9218
vn -0.3967 -0.9179 0.0060
vn -0.2125 -0.2564 0.9429
vn -0.4653 0.1696 0.8687
vn -0.5606 -0.7849 -0.2641
vn -0.5890 -0.7737 -0.2333
vn -0.6122 -0.4736 0.6332
vn 0.0310 -0.2100 0.9772
vn 0.0337 -0.2958 0.9546
vn 0.0170 -0.2772 0.9606
vn 0.0975 0.0365 0.9946
vn 0.1787 0.0318 0.9834
vn 0.0930 0.1075 0.9898
vn 0.2720 0.5111 0.8153
vn 0.2818 0.5768 0.7667
vn -0.2788 0.5384 0.7952
vn -0.2115 -0.7941 0.5699
vn -0.3024 -0.7456 0.5939
vn 0.1595 0.1501 0.9757
vn 0.0668 0.0798 0.9946
vn 0.1011 0.3503 0.9311
vn 0.1249 0.3825 0.9155
vn 0.1445 0.3676 0.9187
vn -0.4747 -0.1822 0.8611
vn 0.2516 0.7189 0.6480
vn -0.2990 0.1141 0.9474
vn -0.3972 0.4228 0.8145
vn -0.2759 -0.7634 -0.5840
vn -0.2502 -0.7279 -0.6385
vn -0.3489 -0.7149 -0.6060
vn 0.6314 0.0493 -0.7739
vn 0.6446 0.0552 -0.7625
vn -0.3321 -0.1608 0.9294
vn -0.3305 -0.1584 0.9304
vn -0.4690 -0.7894 0.3960
vn 0.0952 0.5744 0.8130
vn 0.1781 0.7073 0.6841
vn -0.4008 -0.1532 0.9033
vn -0.3289 -0.4980 0.8024
vn -0.1770 -0.4580 0.8712
vn -0.2757 -0.4381 0.8556
vn 0.6058 -0.0300 0.7951
vn -0.1609 0.4625 0.8719
vn -0.2400 0.4681 0.8505
vn -0.2084 0.4586 0.8639
vn -0.1174 0.9100 0.3977
vn -0.1678 -0.4021 0.9001
vn -0.2601 -0.4259 0.8666
vn -0.3084 -0.4369 0.8450
vn -0.3071 0.1269 0.9432
vn -0.1904 0.0747 0.9789
vn -0.3406 0.1981 0.9191
vn -0.2885 0.5314 0.7965
vn -0.3472 0.2796 0.8951
vn -0.2049 0.2798 0.9379
vn -0.3476 0.2799 0.8949
vn 0.3133 0.0536 0.9481
vn 0.2845 0.1027 0.9532
vn -0.6451 0.0759 0.7604
vn -0.6272 0.1060 0.7716
vn -0.6116 0.1310 0.7802
vn -0.6578 0.3913 0.6436
vn -0.1666 0.1577 0.9733
vn -0.1201 0.1693 0.9782
vn -0.1840 0.1530 0.9709
vn -0.2302 0.2698 0.9350
vn 0.1880 0.1987 0.9619
vn -0.2348 -0.8783 0.4165
vn -0.2602 -0.8674 0.4242
vn -0.3653 -0.4484 0.8158
vn -0.3249 -0.1580 0.9325
vn -0.3199 -0.1609 -0.9337
vn -0.1468 -0.3907 0.9088
vn -0.1894 -0.2903 0.9380
vn 0.0132 -0.2242 -0.9744
vn -0.0046 -0.2381 0.9712
vn -0.0134 -0.2272 0.9738
vn -0.1092 -0.5336 -0.8386
vn -0.2285 -0.5041 -0.8328
vn -0.1038 0.1612 0.9815
vn -0.1017 0.1586 0.9821
vn -0.6065 -0.7554 -0.2482
vn -0.0065 0.2892 0.9572
vn -0.1293 0.2191 0.9671
vn -0.1647 0.2050 0.9648
vn -0.5208 -0.1353 -0.8429
vn -0.7888 -0.1250 0.6018
vn -0.6389 0.0098 0.7692
vn 0.1065 -0.0985 0.9894
vn 0.0301 -0.0757 0.9967
vn -0.5943 0.1577 0.7886
vn -0.1136 0.4689 0.8759
vn 0.2555 0.8139 0.5219
vn -0.1102 0.7602 0.6402
vn -0.1901 -0.7862 0.5880
vn -0.2306 -0.7834 -0.5772
vn 0.1802 0.7510 -0.6352
vn 0.0998 0.5550 0.8258
vn -0.2318 -0.1593 0.9596
vn -0.2816 -0.9428 0.1785
vn 0.0074 0.1679 0.9858
vn -0.2870 -0.8393 0.4617
vn -0.2775 -0.8738 0.3994
vn -0.4039 0.5745 0.7119
vn -0.1511 -0.8115 -0.5644
vn -0.4704 -0.4584 0.7541
vn -0.4233 -0.5450 0.7238
vn -0.4704 -0.4589 0.7537
vn 0.0917 0.9058 0.4136
vn -0.2831 -0.9445 -0.1669
vn -0.0177 -0.0665 0.9976
vn 0.0076 0.4143 0.9101
vn -0.0131 0.1811 0.9834
vn -0.1891 -0.0008 0.9820
vn 0.0053 0.1359 0.9907
vn -0.0732 0.1801 0.9809
vn -0.0472 0.3058 0.9509
vn 0.0791 0.2951 0.9522
vn 0.0870 0.2935 0.9520
vn 0.0589 -0.4483 -0.8920
vn 0.0078 -0.5264 -0.8502
vn 0.0890 -0.4119 -0.9069
vn 0.0280 0.4440 0.8956
vn -0.2342 -0.9241 0.3020
vn -0.2766 -0.8439 -0.4597
vn -0.2174 -0.9289 -0.2998
vn -0.2042 -0.9360 -0.2866
vn -0.2547 -0.9215 0.2931
vn -0.2217 -0.9424 0.2505
vn 0.0019 -0.1548 0.9879
vn -0.4507 0.5459 0.7063
vn 0.0155 -0.0090 0.9998
vn 0.0163 -0.0099 0.9998
vn 0.0227 -0.0028 0.9997
vn 0.0044 -0.1023 0.9947
vn -0.2256 -0.9272 -0.2988
vn -0.0212 0.0841 0.9962
vn 0.0169 0.1052 0.9943
vn -0.0885 0.0547 0.9946
vn 0.0186 -0.1444 0.9893
vn 0.0108 -0.3382 0.9410
vn -0.0105 -0.8138 -0.5810
vn 0.0053 -0.8194 -0.5732
vn 0.0007 -0.8201 0.5722
vn -0.4351 -0.5239 0.7323
vn -0.0131 -0.4848 0.8745
vn 0.0033 -0.4650 0.8853
vn 0.0063 -0.4580 0.8889
vn 0.0068 0.3300 0.9440
vn 0.0024 -0.2797 -0.9601
vn -0.3389 -0.1628 0.9266
vn -0.2404 -0.8894 -0.3888
vn 0.0466 0.2216 0.9740
vn -0.0127 0.2653 0.9641
vn -0.0010 -0.4792 0.8777
vn -0.1857 0.0911 0.9784
vn -0.3604 -0.6422 0.6765
vn 0.0022 -0.0151 0.9999
vn -0.0104 0.1924 0.9813
vn -0.0087 0.1878 0.9822
vn -0.0111 0.1943 0.9809
vn -0.0173 0.0138 0.9998
vn 0.0054 -0.0120 0.9999
vn -0.0318 0.0303 0.9990
vn -0.0000 0.4492 0.8934
vn 0.0333 0.6078 0.7934
vn 0.0287 0.1079 0.9937
vn 0.0038 -0.3653 0.9309
vn -0.1412 -0.5876 -0.7968
vn -0.0999 -0.5893 -0.8017
vn -0.2080 -0.6187 -0.7576
vn 0.0224 0.0202 0.9995
vn 0.0254 0.0268 0.9993
vn 0.0161 -0.4714 0.8818
vn -0.2169 -0.8852 0.4115
vn 0.1030 -0.5341 0.8391
vn -0.0041 -0.5468 0.8373
vn -0.0056 -0.5489 0.8359
vn 0.1632 0.0379 0.9859
vn 0.0281 0.2710 0.9622
vn 0.0276 -0.3777 0.9255
vn 0.0100 -0.5609 0.8278
vn -0.2163 -0.8871 -0.4078
vn -0.2190 -0.8856 -0.4095
vn -0.0002 -0.2602 0.9656
vn 0.0081 -0.3042 0.9526
vn 0.0033 -0.2890 0.9573
vn -0.2872 -0.8290 0.4799
vn -0.2520 -0.8418 -0.4774
vn 0.0235 0.6054 0.7956
vn 0.6712 0.1928 0.7157
vn 0.5816 0.1062 0.8065
vn 0.6048 0.1276 0.7861
vn 0.6870 0.2094 0.6958
vn 0.4654 -0.8813 -0.0812
vn -0.0043 0.9198 0.3925
vn -0.0517 0.4019 0.9142
vn 0.0018 -0.2621 0.9650
vn 0.1040 0.9295 -0.3538
vn 0.0432 0.6982 0.7146
vn 0.0022 0.5835 0.8121
vn -0.0060 0.5589 0.8292
vn -0.4765 0.4935 0.7276
vn 0.1967 -0.7830 0.5901
vn -0.0064 -0.0205 0.9998
vn 0.0170 -0.0251 0.9995
vn -0.0401 0.5967 0.8015
vn -0.0590 -0.6862 0.7250
vn -0.0305 -0.6893 0.7239
vn -0.0563 -0.6835 0.7278
vn 0.5558 0.1846 -0.8105
vn 0.0516 -0.0512 0.9974
vn 0.6077 -0.4884 -0.6262
vn 0.0705 -0.1381 -0.9879
vn 0.0950 -0.7105 0.6973
vn -0.0080 0.1859 0.9825
vn 0.0188 -0.3606 0.9325
vn -0.1170 0.0513 0.9918
vn 0.0472 0.2108 0.9764
vn 0.1400 -0.1359 0.9808
vn -0.0682 0.2670 0.9613
vn -0.0266 -0.6412 -0.7669
vn -0.0777 0.6468 0.7587
vn 0.1047 0.6404 0.7609
vn 0.1139 0.6158 0.7796
vn 0.0952 0.6644 0.7412
vn 0.3355 -0.9069 0.2550
vn 0.2340 -0.9239 0.3029
vn 0.2821 -0.9441 0.1704
vn -0.1293 0.6048 0.7858
vn -0.2294 0.8325 0.5044
vn 0.3977 0.5827 0.7087
vn 0.4494 0.5528 0.7018
vn 0.4585 0.5356 0.7092
vn -0.0343 0.0527 0.9980
vn -0.3075 0.0830 0.9479
vn -0.0264 -0.0255 0.9993
vn 0.2330 -0.8831 -0.4073
vn 0.2299 -0.9267 -0.2971
vn 0.2271 -0.8875 -0.4009
vn 0.1915 -0.2585 0.9468
vn -0.0792 0.3891 0.9178
vn 0.0703 -0.5362 0.8411
vn 0.2252 -0.9306 -0.2885
vn 0.4056 -0.8319 -0.3787
vn 0.2542 -0.8860 -0.3879
vn 0.2580 -0.8907 0.3742
vn 0.1627 -0.9639 0.2109
vn 0.2169 -0.9317 0.2914
vn 0.1765 -0.0928 0.9799
vn 0.4359 0.5474 0.7144
vn 0.5326 0.5392 -0.6524
vn 0.4523 0.6032 -0.6570
vn 0.4924 0.5965 -0.6338
vn 0.2351 -0.7841 -0.5745
vn -0.0083 -0.6960 0.7179
vn 0.1185 0.6035 0.7885
vn 0.0675 -0.2614 0.9629
vn 0.1073 0.1777 0.9782
vn 0.2866 -0.8233 -0.4900
vn 0.2497 -0.8459 -0.4713
vn 0.1964 -0.9474 -0.2526
vn -0.1090 0.5733 0.8121
vn 0.1374 0.1226 0.9829
vn 0.1968 -0.7977 0.5700
vn -0.0088 -0.6718 -0.7407
vn 0.0313 -0.7107 0.7028
vn -0.1429 -0.2934 0.9452
vn -0.0123 -0.4469 0.8945
vn 0.3720 -0.8876 -0.2715
vn 0.2764 -0.9462 -0.1682
vn 0.2690 -0.8730 0.4069
vn 0.0811 0.2567 0.9631
vn 0.1912 -0.4441 0.8753
vn 0.1285 -0.4618 0.8776
vn -0.0255 -0.3380 0.9408
vn 0.2530 -0.7824 -0.5690
vn -0.1036 0.2101 0.9722
vn 0.1043 0.6973 0.7091
vn 0.5139 -0.1434 0.8458
vn 0.4876 -0.1555 0.8591
vn 0.4580 -0.1687 0.8728
vn 0.3926 -0.1963 0.8985
vn -0.3894 -0.2024 -0.8986
vn -0.1352 -0.6825 0.7183
vn 0.1873 0.4612 0.8673
vn 0.1386 0.1679 0.9760
vn 0.2878 -0.8500 0.4412
vn 0.2892 -0.8306 0.4760
vn 0.3313 -0.8394 -0.4309
vn 0.2191 -0.9407 0.2590
vn 0.0488 0.7129 0.6996
vn 0.0849 0.2602 0.9618
vn -0.0565 -0.0254 0.9981
vn 0.3482 -0.9249 -0.1525
vn 0.1166 0.1688 0.9787
vn -0.3021 0.2872 0.9090
vn 0.4038 -0.9148 0.0024
vn 0.1227 0.0151 0.9923
vn 0.1161 0.1289 0.9848
vn 0.1391 0.1277 0.9820
vn -0.8759 -0.0199 0.4821
vn -0.8259 -0.0633 0.5603
vn -0.8650 -0.0301 0.5009
vn -0.7765 -0.0997 0.6222
vn 0.4478 -0.1983 -0.8719
vn 0.3357 -0.1613 0.9281
vn 0.3363 -0.1634 0.9275
vn 0.3355 -0.1616 0.9281
vn 0.1753 0.1544 0.9723
vn -0.2800 0.7913 0.5435
vn 0.2604 0.0163 0.9654
vn 0.1376 0.4534 0.8806
vn 0.2126 0.4734 0.8548
vn 0.0484 0.4803 0.8758
vn -0.0865 -0.0208 0.9960
vn 0.4538 -0.1899 0.8706
vn 0.4483 -0.1625 0.8790
vn 0.3166 -0.8523 0.4163
vn 0.1954 -0.0754 0.9778
vn -0.1247 0.0887 0.9882
vn 0.5142 -0.4366 -0.7383
vn 0.5093 -0.3995 -0.7623
vn 0.5182 -0.4743 -0.7117
vn 0.5232 0.5116 -0.6815
vn 0.6394 0.5770 0.5081
vn 0.0495 -0.4831 0.8742
vn 0.2256 -0.8812 0.4154
vn 0.2343 -0.8821 0.4087
vn 0.2170 -0.8159 -0.5359
vn 0.1702 -0.5210 -0.8364
vn 0.3366 -0.1589 0.9281
vn 0.5100 -0.7778 -0.3674
vn 0.2834 0.5819 0.7623
vn 0.0917 -0.0311 0.9953
vn 0.0955 -0.0205 0.9952
vn 0.0915 -0.0314 0.9953
vn 0.3637 -0.3974 0.8425
vn 0.5020 -0.3536 -0.7893
vn 0.3100 -0.1556 0.9379
vn -0.1030 0.9110 0.3994
vn 0.2474 -0.8762 -0.4136
vn 0.3443 -0.7157 0.6076
vn -0.5724 0.4050 0.7129
vn 0.6137 0.2223 -0.7576
vn 0.6364 0.2130 -0.7414
vn 0.6686 0.1991 -0.7164
vn 0.6880 0.1902 -0.7003
vn 0.1500 0.3979 0.9051
vn 0.1883 -0.2839 -0.9402
vn 0.2439 -0.4859 -0.8393
vn -0.1667 0.6786 0.7153
vn 0.2871 0.0458 0.9568
vn 0.2784 0.5720 0.7716
vn -0.0277 -0.3136 0.9492
vn 0.2911 -0.7081 0.6433
vn 0.6655 -0.0637 -0.7437
vn 0.6088 0.1931 0.7695
vn 0.5542 0.2402 0.7970
vn 0.6510 0.1109 0.7509
vn -0.0187 -0.0006 0.9998
vn 0.5812 0.1548 -0.7989
vn 0.5857 0.1214 0.8014
vn 0.5847 0.1229 0.8019
vn 0.5833 0.1249 0.8026
vn 0.6374 0.1897 -0.7468
vn 0.3952 0.1609 -0.9044
vn 0.1174 0.2916 0.9493
vn 0.2837 0.4718 0.8348
vn -0.1231 0.3819 0.9160
vn -0.0754 0.4294 0.9000
vn 0.2387 -0.5118 0.8253
vn 0.5061 -0.2151 -0.8352
vn -0.4945 0.7881 0.3666
vn 0.3474 0.2633 0.9000
vn 0.3473 0.2633 0.9001
vn 0.3475 0.2634 0.8999
vn 0.3103 -0.4376 -0.8439
vn 0.2750 -0.4434 0.8531
vn 0.3541 0.4865 -0.7987
vn 0.3752 -0.6969 0.6111
vn -0.1642 0.0628 0.9844
vn -0.1977 0.0797 0.9770
vn -0.2479 0.0620 0.9668
vn 0.6397 -0.0465 0.7672
vn 0.6639 -0.0017 0.7478
vn 0.5120 -0.8493 0.1286
vn 0.5324 -0.7680 -0.3561
vn 0.5137 -0.8211 -0.2489
vn 0.1827 -0.2754 0.9438
vn 0.0434 -0.2116 0.9764
vn 0.5120 -0.1730 0.8414
vn 0.5675 -0.7582 0.3211
vn 0.5520 -0.7463 0.3720
vn 0.6072 -0.6710 0.4256
vn 0.4377 -0.8083 -0.3938
vn 0.4781 -0.7601 0.4400
vn 0.6127 -0.7366 0.2865
vn 0.2669 0.4091 0.8726
vn 0.3853 0.4119 0.8258
vn 0.3470 0.2764 0.8962
vn 0.3471 0.2631 0.9001
vn 0.2308 -0.4796 -0.8466
vn 0.3430 -0.7301 -0.5910
vn -0.5379 -0.0270 0.8426
vn -0.5456 -0.0300 0.8375
vn 0.5870 0.1194 0.8007
vn 0.6265 0.4901 -0.6061
vn 0.6010 0.4609 0.6530
vn 0.3015 0.4485 -0.8414
vn 0.5076 -0.7768 0.3728
vn 0.5160 -0.7587 0.3976
vn 0.5308 -0.7691 0.3559
vn 0.4684 -0.2660 -0.8425
vn 0.6181 -0.7343 -0.2807
vn 0.4660 -0.7715 -0.4332
vn -0.1575 0.7102 0.6861
vn 0.0978 -0.0143 0.9951
vn -0.0360 -0.3641 0.9307
vn -0.0065 -0.3936 0.9193
vn -0.4025 0.0432 0.9144
vn 0.1805 0.8854 0.4284
vn 0.4878 -0.2160 0.8458
vn 0.2757 0.4229 0.8632
vn 0.3210 0.3858 0.8649
vn 0.2619 0.4589 0.8490
vn 0.3339 -0.4731 0.8153
vn -0.0068 -0.3075 0.9515
vn 0.2841 -0.7373 -0.6130
vn -0.3404 0.5151 0.7866
vn -0.4283 0.5720 0.6996
vn -0.5108 0.5182 0.6860
vn 0.3662 -0.2349 0.9004
vn -0.3981 0.2790 0.8739
vn -0.3793 0.2168 0.8995
vn -0.4028 0.2176 0.8891
vn 0.6090 -0.1271 0.7829
vn 0.5807 -0.1766 0.7947
vn 0.6190 -0.0097 0.7853
vn 0.5447 0.1979 0.8150
vn 0.4750 0.1837 0.8606
vn 0.5428 0.1832 -0.8197
vn 0.5781 0.1512 -0.8019
vn 0.1836 0.5593 0.8083
vn -0.1247 0.0584 0.9905
vn -0.1136 0.0563 0.9919
vn -0.1169 0.3272 0.9377
vn -0.1980 0.3733 0.9063
vn -0.0911 0.3384 0.9366
vn -0.3679 0.6219 0.6913
vn 0.5458 -0.7245 0.4209
vn 0.4201 -0.2111 0.8826
vn 0.3440 -0.2299 -0.9104
vn 0.5256 0.1851 -0.8304
vn 0.6730 -0.3848 -0.6316
vn 0.4238 -0.7898 0.4435
vn 0.4823 0.4925 0.7244
vn 0.4716 -0.0515 0.8803
vn 0.4976 -0.1169 0.8595
vn 0.4843 -0.0826 0.8710
vn -0.2357 0.4256 0.8737
vn 0.4742 -0.7705 0.4260
vn -0.3896 0.1680 0.9055
vn 0.6228 -0.7473 -0.2318
vn 0.4641 -0.0335 0.8852
vn -0.1828 0.0541 0.9817
vn -0.2978 0.7107 0.6373
vn 0.5330 -0.7585 -0.3749
vn 0.3571 -0.2715 -0.8937
vn 0.6178 -0.7554 0.2182
vn -0.1488 0.7131 0.6851
vn -0.1488 0.7089 0.6894
vn 0.4386 -0.0700 -0.8960
vn 0.6567 0.2400 0.7149
vn 0.3845 -0.6675 0.6377
vn 0.5585 -0.4817 -0.6754
vn 0.5591 -0.4778 -0.6776
vn 0.5605 -0.4687 -0.6828
vn 0.6167 0.0929 0.7817
vn 0.5742 0.1798 0.7987
vn 0.6894 -0.5110 0.5135
vn 0.6322 0.2819 0.7217
vn 0.6331 0.2833 0.7204
vn 0.6273 0.2734 0.7292
vn 0.6615 0.2800 -0.6957
vn 0.6383 0.2924 0.7121
vn 0.6222 -0.5164 0.5883
vn 0.5915 -0.4679 0.6567
vn 0.5945 -0.4725 0.6506
vn 0.5679 -0.4327 0.7002
vn 0.6413 0.3579 -0.6787
vn 0.6451 0.4068 -0.6468
vn 0.6469 0.4719 -0.5990
vn 0.6843 0.5333 0.4973
vn -0.0161 -0.4044 -0.9144
vn -0.2391 0.7381 0.6309
vn 0.5164 -0.8564 0.0054
vn 0.4835 -0.7699 0.4166
vn -0.3376 0.2156 0.9163
vn 0.5971 0.2348 0.7670
vn 0.3442 -0.7897 0.5078
vn 0.5538 0.3762 0.7428
vn 0.5887 -0.4518 -0.6703
vn 0.6044 -0.4740 -0.6404
vn 0.6076 -0.4786 -0.6338
vn 0.6455 0.5172 -0.5620
vn 0.7634 -0.4834 0.4285
vn 0.7617 -0.4699 0.4461
vn 0.7647 -0.4762 0.4342
vn 0.5573 -0.4889 -0.6712
vn 0.6083 -0.3878 0.6925
vn 0.6203 -0.3209 0.7157
vn 0.5402 -0.4554 0.7077
vn 0.6547 0.1629 0.7381
vn 0.6516 0.1481 0.7439
vn 0.6933 -0.0443 0.7193
vn 0.6327 0.2671 0.7269
vn 0.4935 -0.1487 -0.8569
vn 0.4321 -0.1837 -0.8829
vn 0.4592 -0.0838 0.8844
vn 0.6711 -0.0258 -0.7409
vn 0.6647 -0.0801 0.7428
vn 0.6660 -0.0286 0.7454
vn 0.0406 -0.9467 0.3194
vn 0.0367 -0.9379 0.3450
vn 0.0382 -0.9412 0.3355
vn 0.1143 -0.9805 -0.1601
vn 0.2645 -0.8433 -0.4678
vn 0.2292 -0.8952 -0.3821
vn 0.7617 -0.4708 -0.4452
vn 0.7709 -0.4671 -0.4330
vn 0.6689 0.1198 -0.7337
vn 0.6932 -0.0120 -0.7207
vn 0.6366 0.2879 0.7155
vn 0.5882 0.3796 0.7141
vn 0.5690 0.4347 0.6981
vn 0.5565 0.4603 -0.6917
vn 0.5070 -0.7712 -0.3849
vn 0.4914 -0.1556 0.8569
vn -0.3636 -0.2133 0.9068
vn -0.2626 -0.1944 0.9451
vn -0.3488 -0.2139 0.9125
vn 0.1703 -0.8795 -0.4445
vn 0.2738 -0.7995 0.5346
vn 0.4560 0.3709 -0.8090
vn 0.8685 0.3643 -0.3361
vn 0.8916 0.3058 0.3341
vn 0.8890 0.3084 0.3384
vn 0.8817 0.3216 0.3453
vn 0.6250 -0.5041 -0.5961
vn -0.0760 -0.3942 0.9159
vn 0.6888 -0.1346 -0.7123
vn 0.6957 -0.1376 -0.7051
vn 0.6904 -0.2209 -0.6889
vn 0.7158 -0.0441 0.6970
vn 0.6930 0.0679 0.7178
vn 0.7051 -0.0101 -0.7090
vn 0.5546 0.4846 0.6764
vn 0.5306 0.5357 0.6569
vn 0.5166 -0.8460 -0.1319
vn -0.3676 0.2182 0.9040
vn 0.0358 -0.9358 0.3508
vn 0.3359 -0.7986 -0.4994
vn 0.3332 0.4311 0.8385
vn 0.3827 0.3992 0.8332
vn 0.2839 0.4449 0.8494
vn 0.0429 0.9285 0.3690
vn 0.6736 0.1335 -0.7270
vn 0.6720 0.1248 -0.7300
vn 0.6705 0.1167 -0.7327
vn 0.6851 0.0474 0.7269
vn 0.6839 0.0438 0.7283
vn 0.6825 0.0396 0.7298
vn 0.8742 0.3297 0.3566
vn 0.8451 -0.4946 0.2031
vn 0.8080 -0.5014 0.3095
vn 0.7897 -0.5462 0.2794
vn 0.8185 -0.4811 0.3142
vn -0.1170 -0.0802 -0.9899
vn 0.6742 -0.2368 0.6995
vn 0.4957 -0.7743 -0.3935
vn 0.5270 -0.7554 -0.3894
vn 0.5337 -0.1318 -0.8353
vn 0.5588 -0.0699 0.8263
vn 0.6162 0.4542 0.6435
vn 0.6862 0.0506 0.7257
vn 0.6695 0.1116 -0.7344
vn 0.8618 0.3464 0.3706
vn 0.8872 0.2649 -0.3778
vn 0.8160 -0.5525 0.1699
vn 0.8483 -0.4814 -0.2207
vn 0.8145 -0.4829 -0.3215
vn 0.8158 -0.4695 -0.3378
vn 0.7795 0.5515 0.2969
vn 0.7689 -0.4948 0.4048
vn 0.7637 -0.4796 0.4321
vn -0.3966 0.4560 0.7967
vn -0.3494 0.4968 0.7945
vn -0.3163 0.4930 0.8105
vn 0.5317 -0.1426 0.8348
vn 0.5453 -0.1475 -0.8251
vn 0.5718 -0.1386 0.8086
vn -0.3744 0.2263 0.8992
vn 0.6601 0.5173 0.5446
vn 0.8934 0.3678 -0.2581
vn 0.2806 -0.9568 -0.0768
vn 0.8385 -0.4514 0.3051
vn 0.8258 0.5141 -0.2318
vn 0.8175 0.4531 -0.3554
vn -0.2020 0.0948 0.9748
vn -0.1637 0.7592 0.6300
vn -0.2309 0.7834 0.5770
vn 0.5317 -0.8333 0.1511
vn 0.1609 -0.8543 0.4942
vn 0.2620 -0.7802 -0.5680
vn 0.9381 0.3399 0.0662
vn 0.9400 0.3411 -0.0065
vn 0.8589 -0.5121 0.0055
vn 0.8053 -0.5927 0.0087
vn 0.8481 -0.4964 -0.1853
vn 0.8328 0.5119 -0.2109
vn 0.6859 0.7277 -0.0031
vn 0.7646 -0.4572 0.4543
vn -0.1385 -0.4044 0.9040
vn -0.3851 0.3805 0.8408
vn -0.3981 0.4375 0.8063
vn 0.8863 -0.2827 0.3668
vn 0.8879 -0.2820 0.3636
vn 0.8784 -0.2853 0.3835
vn 0.8994 -0.2825 -0.3335
vn 0.8915 -0.2823 -0.3544
vn 0.8933 -0.2909 -0.3426
vn 0.9412 0.0936 0.3247
vn 0.9385 0.0582 0.3403
vn 0.9366 0.0600 0.3452
vn 0.9354 0.3484 0.0598
vn 0.9353 0.3487 0.0592
vn 0.8477 0.3565 0.3927
vn 0.9956 0.0919 0.0186
vn 0.7723 -0.4966 0.3961
vn -0.4906 -0.0385 0.8705
vn -0.3532 0.0965 0.9305
vn -0.4955 -0.0637 0.8663
vn 0.9307 -0.2742 -0.2420
vn 0.5667 -0.1358 -0.8126
vn 0.5798 -0.1380 0.8030
vn -0.3873 0.1609 0.9078
vn -0.3996 0.1465 0.9049
vn 0.6699 -0.0266 -0.7419
vn 0.6698 -0.0251 -0.7421
vn 0.0532 -0.8515 0.5216
vn 0.4035 0.3830 0.8310
vn 0.7139 0.3978 0.5763
vn 0.9394 0.0304 -0.3416
vn 0.9392 0.0075 -0.3432
vn 0.9416 0.0412 -0.3343
vn 0.9281 0.3638 -0.0795
vn 0.8751 -0.4428 0.1955
vn 0.9165 -0.4000 0.0016
vn 0.9189 -0.3937 -0.0256
vn 0.9187 -0.3931 -0.0370
vn 0.7594 -0.4631 -0.4570
vn -0.1693 -0.6249 0.7621
vn -0.4425 -0.0610 0.8947
vn -0.5635 -0.0716 0.8230
vn -0.1826 0.1286 0.9747
vn -0.3670 0.2924 0.8831
vn -0.3598 0.2646 0.8947
vn 0.9206 -0.3023 0.2473
vn 0.9202 -0.3052 0.2452
vn -0.3617 0.1438 0.9211
vn -0.3816 0.1323 0.9148
vn 0.3291 -0.7508 -0.5728
vn 0.3158 -0.7656 0.5604
vn 0.6115 0.7336 -0.2966
vn 0.6423 0.7218 -0.2578
vn 0.9333 -0.0046 0.3591
vn 0.9691 0.0021 -0.2467
vn 0.8910 -0.4539 -0.0061
vn 0.8085 0.5884 -0.0118
vn 0.8070 0.5905 0.0114
vn 0.8151 0.5741 0.0777
vn 0.8936 -0.4483 -0.0221
vn 0.7007 -0.5902 -0.4009
vn 0.6840 -0.6306 -0.3668
vn 0.6064 -0.7003 -0.3767
vn 0.5122 -0.7231 0.4634
vn 0.5265 -0.6443 0.5547
vn 0.5160 -0.7069 0.4838
vn -0.4101 -0.0867 0.9079
vn -0.1540 0.9023 0.4026
vn 0.9480 -0.3183 0.0057
vn 0.9245 -0.3082 -0.2245
vn -0.2182 -0.1401 0.9658
vn 0.7743 0.4405 0.4544
vn 0.9364 -0.0043 0.3510
vn 0.9211 -0.0659 0.3838
vn 0.9134 -0.4061 0.0296
vn 0.9054 -0.4151 0.0894
vn 0.6839 -0.6471 -0.3370
vn -0.2312 -0.4560 -0.8594
vn -0.1316 0.7562 0.6410
vn 0.5647 -0.1388 -0.8136
vn -0.4227 0.0413 0.9053
vn -0.1401 -0.1385 0.9804
vn 0.3397 -0.6240 0.7037
vn 0.3609 -0.7322 0.5777
vn 0.6696 0.4143 -0.6164
vn 0.7504 0.5850 0.3077
vn 0.9848 0.0200 -0.1728
vn 0.4959 -0.7770 0.3877
vn -0.1585 0.0285 0.9869
vn 0.9485 -0.3167 0.0041
vn 0.8943 -0.2611 0.3633
vn 0.5786 -0.1326 0.8048
vn -0.2108 -0.4060 0.8892
vn 0.3914 0.3658 0.8444
vn 0.7711 0.4301 0.4695
vn 0.9995 0.0282 0.0105
vn 0.9937 0.0308 0.1074
vn 0.9939 0.0288 0.1068
vn 0.9192 -0.3937 -0.0002
vn 0.8329 -0.5306 0.1573
vn 0.3802 0.0045 -0.9249
vn -0.1184 0.5601 0.8199
vn -0.1170 0.5508 0.8264
vn 0.8967 -0.2535 -0.3629
vn 0.8547 -0.2594 -0.4496
vn 0.5766 -0.1312 0.8064
vn -0.4389 -0.0109 0.8985
vn 0.7354 0.6771 0.0284
vn 0.9997 0.0229 0.0088
vn 0.7699 -0.5384 0.3427
vn 0.7438 -0.0899 -0.6623
vn 0.7441 -0.0982 -0.6609
vn 0.5091 -0.0100 0.8607
vn -0.1112 0.4419 0.8901
vn 0.9283 -0.2762 0.2489
vn 0.5705 -0.1361 -0.8099
vn -0.0778 -0.1120 0.9907
vn 0.3261 -0.1054 -0.9395
vn 0.3398 -0.1008 -0.9351
vn 0.4653 -0.6528 -0.5978
vn 0.6728 0.2104 -0.7093
vn 0.8193 0.4208 0.3895
vn 0.8760 -0.4821 -0.0167
vn 0.7681 -0.4892 -0.4132
vn 0.7617 -0.5271 -0.3767
vn 0.7632 -0.0886 0.6400
vn 0.7494 -0.1123 0.6525
vn 0.7227 -0.1549 0.6736
vn 0.6998 -0.1885 0.6890
vn -0.0400 0.2363 0.9709
vn 0.0206 0.2155 0.9763
vn 0.8749 0.4816 0.0515
vn 0.0920 -0.1685 0.9814
vn 0.8602 0.3853 -0.3341
vn 0.8193 0.4228 0.3872
vn 0.5896 -0.8077 0.0044
vn 0.6645 -0.7418 0.0904
vn 0.7819 -0.5249 0.3363
vn 0.7913 -0.3533 0.4991
vn 0.8106 -0.4098 -0.4183
vn 0.9129 -0.2801 0.2968
vn -0.0036 -0.5133 -0.8582
vn 0.1087 -0.4010 -0.9096
vn -0.0961 0.2364 0.9669
vn -0.1154 0.4430 0.8891
vn 0.8705 0.4873 -0.0688
vn 0.8771 0.4767 0.0595
vn 0.8833 0.4522 0.1234
vn 0.9036 -0.2379 0.3564
vn 0.5574 -0.0853 0.8259
vn 0.5712 -0.1088 0.8136
vn 0.5431 -0.0814 -0.8357
vn -0.0097 -0.3844 -0.9231
vn 0.8741 -0.4855 -0.0141
vn 0.9003 0.3751 0.2210
vn 0.9013 0.3786 0.2104
vn 0.9026 0.3175 0.2908
vn 0.8859 0.4268 -0.1817
vn 0.8915 0.3937 -0.2240
vn 0.8881 0.4415 0.1280
vn 0.9594 -0.2821 0.0027
vn 0.9059 -0.2412 -0.3482
vn 0.4137 -0.7809 0.4680
vn 0.7047 0.1827 0.6856
vn 0.6855 0.2203 0.6939
vn 0.7306 0.2780 0.6236
vn 0.9557 0.2940 0.0154
vn 0.9421 0.3203 0.0997
vn 0.9351 0.3437 0.0861
vn 0.9579 0.2628 0.1158
vn 0.8099 -0.2839 0.5133
vn 0.8036 -0.1790 0.5676
vn 0.1051 -0.1260 0.9864
vn 0.0796 -0.1173 0.9899
vn 0.2185 -0.1640 0.9620
vn 0.0013 0.0791 0.9969
vn 0.8879 0.3585 0.2882
vn 0.9189 0.2277 0.3222
vn 0.8994 0.3032 -0.3150
vn 0.5372 -0.0584 0.8414
vn 0.5363 -0.0666 0.8414
vn 0.5278 -0.0464 0.8481
vn 0.5180 -0.0412 0.8544
vn 0.6609 0.1596 0.7333
vn 0.9388 0.3300 -0.0988
vn 0.9672 0.2467 -0.0600
vn 0.1643 -0.4677 -0.8685
vn 0.9294 0.1855 0.3191
vn 0.9403 0.1448 0.3080
vn 0.9269 0.1967 -0.3197
vn 0.8956 0.2917 0.3360
vn 0.9080 -0.2493 -0.3368
vn 0.9424 -0.2446 -0.2282
vn 0.5215 -0.6030 -0.6037
vn 0.4340 -0.8077 0.3991
vn 0.9292 0.3557 -0.1001
vn 0.9206 0.3861 -0.0589
vn 0.3769 -0.7142 -0.5898
vn 0.4153 -0.7202 -0.5558
vn 0.4029 -0.7184 -0.5671
vn -0.0253 -0.0806 0.9964
vn 0.9685 0.1200 0.2180
vn 0.9625 0.0682 0.2624
vn 0.9544 0.1241 -0.2716
vn 0.9398 0.1599 -0.3019
vn 0.9541 0.0826 -0.2880
vn 0.9368 0.1254 0.3265
vn -0.9706 -0.1443 0.1928
vn -0.2309 0.8175 0.5276
vn 0.9500 -0.2462 0.1919
vn 0.9195 -0.2098 -0.3324
vn 0.3345 -0.1724 0.9265
vn 0.4277 -0.0689 0.9013
vn 0.5021 -0.0995 0.8591
vn 0.7134 0.1539 -0.6837
vn 0.2607 0.9612 0.0903
vn 0.3111 -0.6444 0.6985
vn 0.2730 -0.5852 0.7635
vn 0.3117 -0.5602 0.7675
vn 0.2260 -0.5755 0.7859
vn 0.1736 -0.6257 0.7605
vn 0.1122 -0.3567 0.9275
vn 0.1239 -0.3449 0.9304
vn 0.0976 -0.3712 0.9234
vn 0.1370 -0.3315 0.9334
vn 0.9800 0.0937 0.1758
vn 0.9799 0.1313 0.1503
vn 0.9791 0.1014 -0.1763
vn 0.9805 0.1247 -0.1519
vn 0.9521 -0.2030 0.2289
vn 0.9068 -0.2436 0.3442
vn 0.3055 -0.2674 0.9139
vn 0.1772 -0.2985 0.9378
vn 0.7267 0.1420 0.6721
vn 0.5885 -0.8085 -0.0000
vn 0.5849 -0.8032 -0.1127
vn 0.5531 -0.7781 0.2976
vn 0.5287 -0.7870 0.3179
vn 0.5661 -0.7880 -0.2420
vn 0.5809 -0.7982 -0.1595
vn 0.5621 -0.7924 -0.2371
vn 0.4500 -0.7240 -0.5228
vn 0.9878 0.1152 0.1053
vn 0.9158 -0.2009 0.3477
vn 0.2936 0.9559 -0.0005
vn 0.9887 0.1012 -0.1110
vn 0.9865 0.1389 -0.0871
vn 0.9859 0.1423 0.0884
vn -0.1578 0.5648 0.8100
vn 0.9117 0.2150 0.3502
vn 0.9116 0.2173 0.3490
vn 0.9118 0.2132 0.3510
vn 0.9195 0.2679 -0.2875
vn 0.5899 -0.8007 0.1040
vn 0.9892 0.1382 -0.0498
vn 0.0983 0.0447 0.9942
vn 0.0879 0.1014 0.9910
vn 0.0908 0.0865 0.9921
vn 0.9787 -0.2054 0.0018
vn 0.9558 -0.1977 -0.2175
vn 0.9253 -0.1677 0.3401
vn 0.5381 -0.7485 0.3876
vn 0.9846 0.1606 -0.0688
vn 0.9873 0.1508 0.0502
vn 0.0019 0.4085 0.9128
vn -0.0867 0.4410 0.8933
vn 0.0815 0.3591 0.9298
vn 0.9302 -0.1598 0.3304
vn 0.9360 -0.1626 -0.3122
vn 0.9797 -0.2003 -0.0057
vn 0.5489 -0.0518 0.8342
vn 0.8851 0.4378 0.1582
vn 0.8567 0.4614 0.2305
vn 0.8664 0.4496 0.2173
vn 0.9148 -0.2713 -0.2993
vn 0.9237 -0.2953 -0.2442
vn 0.9143 -0.2803 -0.2922
vn 0.9328 -0.3209 0.1638
vn 0.9346 -0.3256 0.1435
vn 0.9204 -0.3130 0.2341
vn 0.9119 0.2099 0.3526
vn 0.9860 0.1649 -0.0245
vn 0.9827 0.1846 -0.0171
vn 0.9863 0.1643 -0.0119
vn 0.9731 0.2302 0.0083
vn 0.4367 -0.3460 0.8304
vn 0.4497 -0.3145 0.8360
vn 0.4373 -0.3641 0.8223
vn 0.0570 0.0786 0.9953
vn 0.0533 0.1691 0.9842
vn -0.4172 0.6529 0.6322
vn 0.9464 -0.2562 -0.1964
vn 0.9458 0.2968 -0.1319
vn 0.9865 0.1640 0.0014
vn 0.9895 0.1447 -0.0022
vn 0.5534 -0.5979 -0.5799
vn 0.9675 -0.1565 -0.1988
vn 0.3216 -0.2736 0.9065
vn 0.3194 -0.2572 0.9120
vn 0.3427 -0.1880 0.9204
vn 0.3590 -0.0522 0.9319
vn 0.8479 0.4658 -0.2530
vn 0.8519 0.4625 -0.2459
vn 0.8583 0.4617 -0.2237
vn 0.9412 -0.3109 -0.1323
vn 0.9458 0.2949 -0.1361
vn 0.6422 -0.6760 -0.3614
vn 0.6634 -0.6995 -0.2656
vn 0.6985 -0.6593 -0.2782
vn 0.6511 -0.6752 0.3466
vn 0.6576 -0.7010 0.2760
vn 0.6119 -0.6220 0.4885
vn 0.5641 -0.5491 0.6167
vn 0.5713 -0.5615 0.5986
vn 0.5293 -0.5449 0.6503
vn 0.9875 -0.1574 0.0027
vn 0.9631 -0.1585 0.2177
vn 0.8901 0.4380 0.1264
vn 0.9388 -0.3200 -0.1276
vn 0.9553 0.2956 0.0070
vn 0.9502 0.2989 0.0882
vn 0.9482 0.3060 0.0852
vn 0.9559 0.2929 0.0222
vn 0.6633 -0.7483 -0.0024
vn 0.6714 -0.7410 0.0149
vn 0.6628 -0.7374 -0.1299
vn 0.6501 -0.7496 -0.1246
vn 0.2661 -0.1618 0.9503
vn 0.2905 -0.1727 0.9412
vn 0.2478 -0.1508 0.9570
vn -0.4893 0.8142 0.3124
vn 0.9504 -0.3104 0.0212
vn 0.9479 -0.3187 -0.0039
vn 0.6600 -0.7372 0.1450
vn 0.6637 -0.7335 0.1467
vn 0.4351 -0.3920 -0.8105
vn 0.8774 0.4453 -0.1786
vn 0.8788 0.4415 -0.1813
vn -0.4652 0.5971 0.6535
vn 0.7929 -0.5786 0.1911
vn 0.7584 -0.5830 0.2914
vn 0.7546 -0.5848 0.2975
vn -0.0263 0.1897 0.9815
vn -0.1825 0.4060 0.8955
vn 0.8768 0.4420 0.1895
vn 0.9017 0.4323 0.0007
vn 0.6403 -0.7200 -0.2676
vn 0.4610 -0.3980 0.7932
vn -0.2286 0.3831 0.8950
vn 0.8230 -0.5681 0.0002
vn 0.8320 -0.5547 0.0049
vn 0.7888 -0.5852 0.1881
vn 0.7971 -0.5813 -0.1634
vn 0.5327 -0.5015 0.6817
vn 0.7578 -0.5862 0.2866
vn 0.8963 0.4294 0.1105
vn 0.2956 -0.1678 0.9405
vn -0.5422 0.5346 0.6483
vn 0.9064 0.4225 -0.0014
vn 0.2881 -0.1717 0.9421
vn 0.1172 0.0185 0.9929
vn 0.6245 -0.6669 0.4066
vn -0.0615 0.1541 0.9861
vn -0.2768 0.2675 0.9230
vn 0.6072 -0.6378 -0.4738
vn 0.6352 -0.7551 0.1624
vn -0.3827 0.3611 0.8504
vn -0.6407 0.1035 0.7608
vn 0.5802 -0.5644 0.5872
vn -0.1439 0.2247 0.9638
vn 0.3958 -0.0322 0.9178
vn 0.3156 -0.0281 0.9485
vn 0.4057 -0.0311 0.9135
vn 0.3383 -0.3286 0.8818
vn 0.0640 0.0025 0.9979
vn 0.9946 0.0278 -0.1002
vn 0.9378 0.3304 0.1064
vn 0.6445 -0.7548 -0.1217
vn 0.6423 -0.7664 0.0043
vn 0.9766 -0.1534 0.1509
vn 0.2242 0.0366 0.9739
vn 0.1002 -0.1148 0.9883
vn -0.5871 0.4847 0.6484
vn 0.9453 -0.2836 -0.1611
vn 0.9411 -0.3358 -0.0387
vn 0.9443 -0.2736 -0.1832
vn 0.6192 -0.6762 0.3993
vn 0.5631 -0.1824 -0.8060
vn 0.9381 -0.3461 -0.0126
vn 0.4925 -0.4630 0.7369
vn -0.1263 0.0494 0.9908
vn 0.0808 0.1120 0.9904
vn 0.8435 -0.1698 0.5095
vn 0.8485 -0.1693 0.5014
vn 0.8427 -0.1699 0.5109
vn 0.2255 0.1149 0.9675
vn 0.2339 -0.2361 0.9432
vn 0.7254 -0.4202 -0.5451
vn 0.8492 -0.1692 0.5003
vn -0.7464 0.4276 0.5100
vn 0.6093 -0.7695 0.1914
vn -0.4465 0.3313 0.8312
vn 0.8767 -0.3239 0.3557
vn 0.9049 -0.3279 0.2713
vn 0.9024 -0.3276 0.2800
vn 0.2222 0.1347 0.9657
vn 0.5988 -0.6710 0.4372
vn 0.2192 0.1374 0.9660
vn 0.5793 -0.6546 -0.4858
vn -0.7326 0.1600 0.6616
vn 0.6233 -0.7259 -0.2907
vn -0.2517 0.1731 0.9522
vn -0.4880 -0.5261 0.6965
vn -0.4995 -0.5539 0.6662
vn -0.4115 -0.6906 0.5948
vn 0.8733 -0.3233 0.3643
vn 0.4446 -0.0223 0.8955
vn 0.5502 0.0670 0.8323
vn 0.4998 0.0115 0.8661
vn -0.2839 -0.8407 0.4612
vn -0.5310 -0.4189 0.7366
vn 0.5066 -0.8120 0.2900
vn 0.5649 -0.5617 0.6045
vn 0.2761 0.0331 0.9606
vn -0.0626 -0.0282 0.9976
vn -0.8146 0.4224 0.3975
vn -0.7563 -0.4268 -0.4958
vn -0.8405 -0.4991 -0.2109
vn -0.8640 -0.4357 -0.2523
vn -0.9460 -0.0894 0.3115
vn -0.3600 0.7064 0.6095
vn -0.3852 0.7030 0.5979
vn -0.2771 0.7136 0.6434
vn 0.6316 -0.7750 0.0196
vn 0.5444 -0.8055 0.2341
vn 0.5535 -0.6083 0.5689
vn 0.5388 -0.5826 0.6085
vn 0.2563 0.0496 0.9653
vn -0.3290 -0.8590 0.3922
vn 0.2779 -0.3423 0.8976
vn 0.1668 -0.2535 0.9529
vn 0.8355 -0.1554 0.5271
vn 0.8411 -0.2169 0.4955
vn 0.8426 -0.2591 0.4720
vn -0.7793 -0.5302 -0.3342
vn -0.8472 -0.0739 0.5261
vn 0.6028 -0.7926 0.0916
vn -0.0433 -0.0225 0.9988
vn -0.1877 -0.0130 0.9821
vn -0.1894 -0.0122 0.9818
vn -0.3295 -0.0235 0.9439
vn -0.3348 -0.0240 0.9420
vn -0.3185 -0.3604 0.8767
vn -0.3245 -0.0567 0.9442
vn -0.2402 0.0132 0.9706
vn -0.3615 -0.0645 0.9301
vn 0.6088 -0.5685 0.5534
vn 0.5022 -0.5412 0.6745
vn -0.1291 0.0349 0.9910
vn 0.1073 0.0040 0.9942
vn -0.1195 0.0338 0.9923
vn -0.3348 -0.0270 0.9419
vn -0.7440 -0.4533 0.4909
vn -0.7423 -0.4143 0.5266
vn -0.4609 0.6890 0.5593
vn -0.2207 0.0386 0.9746
vn -0.5971 0.2621 0.7581
vn 0.9743 -0.0740 0.2128
vn 0.9835 -0.0248 0.1794
vn 0.9642 -0.1217 0.2356
vn 0.8297 -0.1156 0.5460
vn 0.4979 -0.0224 0.8669
vn 0.9268 0.0289 0.3745
vn 0.9234 0.0304 0.3826
vn 0.9680 0.0073 0.2507
vn 0.8139 -0.0254 0.5805
vn 0.7945 -0.0225 0.6069
vn 0.7937 -0.0224 0.6079
vn 0.9447 -0.0404 -0.3253
vn 0.9448 -0.0543 -0.3230
vn 0.9445 0.0213 -0.3278
vn 0.8149 -0.0256 0.5791
vn -0.8178 -0.5607 -0.1293
vn -0.6799 -0.5776 -0.4519
vn -0.7106 0.4250 -0.5606
vn -0.6651 0.4413 0.6023
vn 0.9455 -0.1369 -0.2955
vn 0.9448 -0.1618 -0.2850
vn 0.4559 -0.2567 0.8522
vn -0.1977 -0.9721 0.1264
vn -0.3316 -0.9378 0.1033
vn -0.3760 -0.9218 0.0949
vn -0.6436 -0.3164 0.6968
vn -0.6630 -0.1867 0.7250
vn -0.5311 0.0178 0.8472
vn -0.6898 0.0046 0.7240
vn 0.1319 -0.2001 0.9709
vn 0.0851 -0.2961 0.9514
vn 0.0868 -0.3987 0.9130
vn 0.6345 -0.7632 -0.1218
vn -0.1921 0.0758 0.9784
vn -0.1831 0.0707 0.9806
vn 0.5875 -0.6069 0.5353
vn 0.9364 -0.1663 -0.3089
vn 0.7305 -0.3826 0.5656
vn 0.9358 -0.1644 -0.3119
vn 0.3145 -0.2917 0.9034
vn -0.1347 -0.9815 0.1362
vn 0.0417 -0.8004 -0.5980
vn 0.0452 -0.8230 -0.5662
vn 0.0411 -0.7971 -0.6025
vn 0.1839 -0.0862 0.9792
vn -0.1742 0.0572 0.9830
vn 0.5080 -0.5471 0.6653
vn -0.5128 -0.8507 -0.1154
vn 0.2867 -0.6042 0.7435
vn 0.2764 -0.5524 0.7864
vn 0.2826 -0.5832 0.7616
vn 0.6246 -0.7785 0.0616
vn 0.4952 -0.6052 -0.6233
vn -0.5402 0.3431 0.7684
vn -0.5153 -0.1297 0.8471
vn -0.1138 0.8118 0.5727
vn 0.6410 -0.7652 0.0605
vn 0.3062 -0.7177 0.6254
vn 0.3286 -0.0954 0.9396
vn 0.5556 -0.6669 -0.4965
vn 0.4941 -0.5609 0.6643
vn 0.1079 -0.1709 0.9794
vn -0.7144 -0.3770 0.5895
vn -0.5817 -0.2971 0.7572
vn -0.2238 0.7876 0.5741
vn -0.4817 0.2851 0.8287
vn 0.0455 -0.8252 -0.5631
vn 0.6245 -0.7291 -0.2800
vn -0.3498 0.2343 0.9070
vn -0.3597 0.0460 0.9319
vn 0.4140 -0.2647 0.8710
vn 0.4492 -0.2644 0.8534
vn 0.3123 -0.4415 0.8412
vn 0.3836 -0.5000 0.7764
vn 0.2181 -0.4782 0.8507
vn 0.0873 -0.5122 0.8544
vn -0.1036 -0.2677 0.9579
vn -0.1261 -0.2466 0.9609
vn 0.0266 -0.4098 0.9118
vn 0.2662 -0.4087 0.8730
vn -0.3515 -0.5153 -0.7816
vn 0.2424 -0.0188 0.9700
vn 0.0928 0.0347 0.9951
vn 0.6778 -0.7316 -0.0728
vn 0.6100 -0.6910 -0.3879
vn 0.6020 -0.6851 -0.4102
vn 0.1005 -0.5056 0.8569
vn 0.4366 -0.5247 -0.7308
vn -0.3033 -0.0553 0.9513
vn -0.3788 0.1663 0.9104
vn 0.3900 -0.9208 0.0048
vn 0.4611 -0.8851 0.0627
vn 0.4757 -0.8764 0.0750
vn 0.6486 -0.7607 0.0257
vn 0.4075 -0.4398 0.8003
vn 0.0974 -0.4346 0.8954
vn 0.1571 -0.4185 0.8945
vn 0.4938 -0.5779 0.6497
vn -0.3519 -0.0911 0.9316
vn -0.3475 -0.0122 0.9376
vn -0.3979 -0.1018 0.9117
vn -0.3652 0.0915 0.9264
vn -0.4159 0.1506 0.8969
vn 0.4395 -0.2640 0.8586
vn 0.2085 -0.3054 0.9291
vn -0.9159 -0.3120 0.2527
vn -0.6817 -0.3150 0.6604
vn -0.2305 0.0095 0.9730
vn -0.3952 0.1633 0.9040
vn -0.2888 -0.2212 0.9315
vn -0.3902 -0.2420 0.8883
vn -0.2548 -0.2138 0.9430
vn 0.3674 -0.9300 -0.0129
vn 0.6408 -0.7241 -0.2550
vn 0.5704 -0.5995 -0.5615
vn -0.8199 -0.2854 0.4962
vn -0.4107 -0.1593 0.8978
vn 0.3667 -0.2804 0.8871
vn -0.9739 -0.1941 -0.1176
vn -0.4327 -0.2501 0.8661
vn 0.3820 -0.3321 0.8625
vn 0.4350 -0.5866 0.6832
vn 0.4177 -0.5800 0.6994
vn 0.3921 -0.4650 -0.7938
vn -0.1886 0.0831 0.9785
vn -0.7823 -0.3165 0.5365
vn -0.2940 0.1176 0.9485
vn 0.1940 0.2108 -0.9581
vn 0.3605 -0.2767 0.8908
vn 0.3681 -0.3762 0.8503
vn -0.8203 -0.1908 0.5391
vn 0.2180 0.9143 0.3413
vn 0.2616 0.8718 0.4142
vn -0.3060 -0.9504 -0.0548
vn 0.4544 0.0622 0.8886
vn 0.6391 -0.4812 0.5999
vn 0.6733 -0.5849 0.4524
vn 0.6529 -0.5174 0.5532
vn 0.6778 -0.6053 0.4173
vn 0.3551 0.0062 0.9348
vn 0.6928 -0.6659 -0.2767
vn 0.5687 -0.5841 0.5791
vn -0.5317 -0.2021 0.8225
vn -0.4775 0.7466 0.4633
vn -0.2224 -0.3503 0.9099
vn -0.0050 -0.2026 0.9793
vn -0.1544 -0.3541 0.9224
vn -0.0791 0.1158 0.9901
vn 0.2096 -0.3219 0.9233
vn 0.2303 -0.3265 0.9167
vn 0.2148 -0.3231 0.9217
vn 0.2641 -0.3337 0.9049
vn 0.9685 0.2287 -0.0988
vn 0.3938 -0.0851 0.9152
vn 0.8339 0.5444 -0.0909
vn 0.8406 0.5368 -0.0727
vn 0.8569 0.5150 -0.0229
vn 0.1979 -0.4559 0.8677
vn -0.7035 -0.2858 0.6507
vn 0.1264 0.4250 0.8963
vn 0.0922 0.5061 0.8575
vn 0.1083 0.4470 0.8880
vn 0.9747 -0.0160 0.2231
vn 0.8626 0.5059 -0.0033
vn -0.1600 -0.0140 0.9870
vn -0.1655 -0.0887 0.9822
vn -0.1691 -0.1448 0.9749
vn 0.0067 -0.0423 0.9991
vn -0.3645 0.1462 0.9197
vn -0.7484 -0.2635 0.6087
vn -0.1808 0.0597 0.9817
vn 0.8150 -0.5477 -0.1890
vn 0.8036 -0.5512 -0.2246
vn 0.7880 -0.5543 -0.2678
vn 0.8337 -0.5390 -0.1202
vn 0.7243 -0.5538 0.4107
vn 0.7285 -0.5557 0.4006
vn 0.7320 -0.5379 0.4182
vn 0.2811 -0.4558 0.8446
vn -0.7199 -0.1977 0.6653
vn -0.7186 -0.1471 0.6797
vn -0.7176 -0.1282 0.6846
vn 0.1354 0.4064 0.9036
vn 0.6501 -0.7506 -0.1184
vn 0.7147 -0.6993 0.0103
vn 0.7958 -0.6046 -0.0340
vn 0.7607 -0.6387 0.1154
vn 0.8030 -0.5902 -0.0828
vn 0.6785 -0.5059 0.5326
vn 0.3559 -0.2269 0.9065
vn -0.7559 -0.1154 0.6444
vn -0.7138 -0.0804 0.6957
vn -0.7346 -0.6785 0.0012
vn -0.7353 -0.6777 0.0097
vn -0.7392 -0.6689 0.0787
vn -0.7394 -0.6671 0.0903
vn -0.0917 -0.2934 0.9516
vn 0.9273 -0.3697 0.0585
vn 0.9946 0.0825 -0.0622
vn 0.9841 0.0563 -0.1687
vn 0.9775 0.0469 -0.2058
vn 0.9954 0.0958 -0.0064
vn 0.6587 -0.7426 0.1208
vn 0.6993 -0.7066 -0.1084
vn 0.7491 -0.6448 0.1522
vn 0.2140 -0.2380 0.9474
vn -0.6844 -0.7121 -0.1566
vn -0.6581 -0.7477 -0.0884
vn -0.7275 -0.6453 -0.2332
vn -0.7209 -0.6100 -0.3289
vn 0.4562 0.8286 0.3245
vn 0.3228 0.7537 -0.5725
vn 0.6682 -0.7336 0.1236
vn 0.6460 -0.6419 -0.4131
vn -0.1554 0.0416 0.9870
vn -0.5676 -0.8226 -0.0348
vn -0.1037 -0.2777 0.9550
vn 0.0233 -0.1995 0.9796
vn -0.0435 -0.2020 0.9784
vn 0.7272 -0.5839 0.3610
vn 0.1932 -0.1607 0.9679
vn -0.5121 0.1841 0.8389
vn -0.5475 0.1110 0.8294
vn -0.4798 -0.7709 0.4189
vn -0.4763 -0.7777 0.4104
vn -0.4934 -0.7427 0.4526
vn 0.1895 0.3724 0.9085
vn -0.7068 0.6179 0.3444
vn 0.2787 0.7852 0.5529
vn 0.2899 0.7649 0.5753
vn 0.2853 0.7734 0.5661
vn -0.3989 -0.8626 -0.3111
vn 0.1030 -0.0797 0.9915
vn 0.6181 -0.5545 0.5572
vn 0.2787 -0.3678 0.8871
vn -0.4616 -0.8035 0.3759
vn -0.1682 -0.3807 0.9093
vn -0.1698 -0.3302 0.9285
vn -0.2867 -0.4131 0.8643
vn -0.4705 0.0428 0.8814
vn -0.1341 0.0289 0.9905
vn 0.2741 0.7934 0.5435
vn 0.3826 0.8893 0.2506
vn -0.0047 -0.2464 0.9691
vn 0.5070 -0.5582 0.6568
vn 0.5023 -0.5856 0.6362
vn 0.4688 -0.6213 0.6278
vn 0.7543 -0.5870 0.2939
vn 0.7894 -0.5728 0.2210
vn 0.6052 -0.5661 0.5597
vn -0.2905 -0.9503 -0.1122
vn -0.5541 -0.1942 0.8095
vn 0.1496 0.4056 0.9017
vn -0.0721 -0.5692 0.8191
vn -0.1027 -0.5059 0.8565
vn -0.0052 -0.6241 0.7814
vn -0.4527 0.1906 0.8711
vn -0.2134 -0.0578 0.9753
vn 0.1467 -0.0996 0.9841
vn 0.2150 0.0083 0.9766
vn 0.2499 0.7576 0.6029
vn -0.1040 -0.5720 -0.8136
vn -0.1837 -0.6030 -0.7763
vn 0.2063 -0.1165 0.9715
vn 0.5366 -0.4918 -0.6857
vn 0.2935 -0.3422 0.8926
vn -0.5929 0.0116 0.8052
vn -0.6025 -0.0603 0.7958
vn -0.7274 -0.1752 0.6635
vn -0.1120 -0.3686 0.9228
vn -0.1461 -0.2590 0.9548
vn -0.3452 -0.9054 0.2471
vn -0.3024 -0.8865 0.3504
vn -0.2771 -0.8712 0.4052
vn -0.1554 -0.6395 0.7529
vn -0.1417 -0.5753 0.8056
vn -0.0267 -0.9900 0.1387
vn -0.0430 -0.9771 0.2084
vn -0.0395 -0.9804 0.1932
vn -0.0531 -0.9664 0.2515
vn -0.6090 0.5385 0.5824
vn -0.3625 -0.9100 0.2011
vn 0.4022 -0.1133 0.9085
vn 0.4964 -0.0697 0.8653
vn 0.3613 -0.1449 0.9211
vn 0.6556 -0.7382 0.1588
vn 0.5840 -0.5206 0.6228
vn 0.7911 -0.5788 0.1980
vn -0.5964 -0.1020 0.7962
vn 0.0212 0.0887 0.9958
vn -0.1842 0.1540 0.9708
vn 0.6893 -0.6713 -0.2724
vn 0.5569 -0.5464 0.6255
vn -0.1780 0.0214 0.9838
vn 0.3506 -0.6908 0.6323
vn 0.3589 -0.6875 0.6313
vn 0.2388 -0.7288 0.6418
vn -0.1315 -0.1848 0.9739
vn 0.3379 0.0377 0.9404
vn 0.3028 -0.3416 0.8897
vn 0.2507 -0.2307 0.9402
vn -0.1184 -0.1864 0.9753
vn -0.3273 -0.1101 0.9385
vn 0.8930 -0.2186 0.3934
vn 0.9119 -0.2970 0.2831
vn 0.9183 -0.3265 0.2239
vn 0.9318 -0.1545 0.3285
vn 0.5561 -0.1133 0.8234
vn 0.5702 -0.1430 0.8090
vn 0.2794 0.0502 0.9589
vn -0.3707 0.0496 0.9274
vn 0.4779 -0.6327 0.6094
vn 0.2884 -0.3023 0.9086
vn 0.9402 -0.1441 0.3088
vn 0.7164 0.0002 -0.6977
vn 0.1863 -0.2427 0.9521
vn 0.6555 -0.5146 -0.5528
vn 0.6922 -0.5673 0.4462
vn -0.4264 -0.0188 0.9043
vn 0.4841 -0.6238 0.6136
vn 0.8464 -0.2945 -0.4437
vn 0.9249 -0.2634 -0.2743
vn 0.8580 -0.2911 -0.4233
vn 0.7253 -0.6785 0.1165
vn -0.2790 0.3026 0.9114
vn -0.2785 0.3088 0.9094
vn -0.2788 0.3128 0.9080
vn -0.4518 -0.1011 0.8864
vn 0.5375 -0.3593 0.7629
vn 0.6113 -0.3020 0.7316
vn 0.5420 -0.3583 0.7602
vn 0.5458 -0.3450 0.7636
vn -0.1944 -0.4344 0.8795
vn -0.1934 -0.4286 0.8825
vn -0.1824 -0.4375 0.8805
vn 0.9365 -0.2561 -0.2394
vn 0.7244 -0.6775 -0.1276
vn 0.6886 -0.7058 0.1661
vn 0.7784 -0.6000 0.1846
vn 0.6450 -0.2751 0.7129
vn -0.2837 -0.0953 0.9541
vn 0.7948 0.0972 -0.5990
vn 0.0467 -0.8557 0.5154
vn 0.7556 -0.6375 0.1504
vn 0.7255 -0.5838 0.3646
vn 0.3781 0.0311 0.9252
vn 0.4821 0.0749 0.8729
vn 0.6567 -0.5530 0.5128
vn 0.6320 -0.4989 0.5930
vn 0.6630 -0.5419 0.5166
vn 0.2988 -0.3866 0.8725
vn -0.1093 -0.0039 0.9940
vn 0.0195 0.0576 0.9981
vn 0.5462 0.4375 0.7144
vn 0.6244 -0.6011 -0.4988
vn 0.0187 -0.0590 0.9981
vn -0.1473 -0.0472 0.9880
vn 0.2259 -0.2347 0.9454
vn 0.2294 -0.2381 0.9438
vn 0.6766 -0.6050 -0.4198
vn 0.7701 -0.5728 -0.2808
vn 0.6161 -0.4873 0.6188
vn 0.5617 -0.5107 0.6508
vn -0.1613 -0.9575 0.2390
vn -0.1867 -0.3594 0.9143
vn 0.1506 -0.1622 0.9752
vn 0.1711 -0.1255 0.9772
vn 0.0761 -0.1700 0.9825
vn -0.1303 -0.0137 0.9914
vn -0.2174 -0.0198 0.9759
vn -0.3252 -0.0632 0.9435
vn -0.2372 -0.0341 0.9708
vn 0.9259 -0.0228 0.3771
vn 0.9249 -0.0038 0.3803
vn 0.9138 -0.1002 0.3935
vn 0.9714 0.0818 0.2229
vn 0.9775 0.0853 0.1928
vn 0.7232 -0.5491 -0.4189
vn 0.5683 -0.4483 0.6900
vn 0.7008 -0.5823 0.4120
vn 0.3273 -0.2017 0.9231
vn -0.6076 -0.5659 0.5572
vn 0.0738 -0.8421 -0.5343
vn 0.2372 -0.7500 0.6174
vn 0.7016 -0.5704 0.4271
vn -0.2355 0.2992 0.9247
vn 0.2296 -0.1373 0.9636
vn 0.2476 0.0021 0.9689
vn 0.7967 -0.5990 -0.0806
vn 0.7683 -0.6253 0.1366
vn -0.0895 -0.0266 0.9956
vn -0.5090 -0.3456 0.7883
vn 0.3339 -0.4894 0.8056
vn 0.4467 -0.5039 0.7393
vn 0.3220 -0.4787 0.8168
vn 0.8155 -0.5762 0.0545
vn 0.8098 -0.5696 0.1403
vn 0.7801 -0.6188 0.0929
vn 0.2889 0.0231 0.9571
vn 0.7704 -0.5695 0.2867
vn -0.1918 0.2986 0.9349
vn -0.7991 -0.5253 0.2924
vn -0.0927 0.2146 0.9723
vn -0.0642 0.2482 0.9666
vn -0.0159 0.2940 0.9557
vn 0.1977 0.1049 0.9746
vn 0.7904 -0.4956 0.3600
vn 0.2079 -0.0766 0.9752
vn -0.0228 -0.0246 0.9994
vn -0.0889 -0.2213 0.9712
vn 0.2679 -0.5299 -0.8046
vn 0.7558 -0.5074 0.4139
vn 0.6465 -0.4036 0.6474
vn 0.5596 -0.3598 0.7466
vn 0.5513 -0.3644 0.7505
vn 0.5554 -0.3621 0.7486
vn 0.2518 0.0867 0.9639
vn 0.2489 -0.3596 -0.8993
vn -0.1298 -0.2366 0.9629
vn -0.2139 -0.2696 0.9389
vn 0.2982 0.0841 0.9508
vn 0.2012 0.1012 0.9743
vn 0.3031 0.0854 0.9491
vn 0.7594 -0.5036 0.4119
vn 0.7002 -0.4273 0.5720
vn 0.5640 -0.3574 0.7444
vn 0.4244 -0.2139 0.8799
vn 0.4579 -0.5122 0.7266
vn -0.0431 0.1820 0.9824
vn 0.5317 -0.2435 0.8112
vn -0.1295 0.1872 0.9738
vn -0.4295 0.4431 0.7869
vn 0.8329 -0.5423 -0.1104
vn 0.8133 -0.5190 -0.2629
vn 0.8105 -0.5020 0.3018
vn 0.8236 -0.5213 0.2234
vn 0.0495 -0.0342 0.9982
vn 0.2731 0.1170 0.9549
vn 0.7839 -0.4807 0.3930
vn 0.1931 0.1351 0.9718
vn -0.1311 0.1951 0.9720
vn 0.4312 0.1224 0.8939
vn 0.4831 -0.1837 0.8561
vn 0.0422 -0.0189 0.9989
vn -0.1647 -0.6880 0.7068
vn 0.1165 -0.4698 0.8750
vn 0.1733 -0.4205 0.8906
vn -0.0041 -0.4946 0.8691
vn 0.3617 0.4868 0.7951
vn 0.3033 0.1667 0.9382
vn 0.8074 -0.4827 0.3392
vn 0.1722 0.1281 0.9767
vn 0.8416 0.4718 0.2628
vn 0.8606 0.4209 0.2867
vn 0.8723 0.3887 0.2966
vn 0.8027 0.5960 -0.0216
vn -0.1404 0.3331 -0.9324
vn 0.2276 0.1422 0.9633
vn 0.5163 -0.4635 0.7201
vn 0.8093 -0.4782 0.3410
vn 0.1538 0.0965 0.9834
vn 0.8762 -0.4792 0.0521
vn 0.8520 -0.4690 0.2329
vn 0.7898 -0.4403 0.4270
vn 0.4938 0.1002 0.8638
vn 0.7522 -0.3754 0.5415
vn 0.6176 -0.2292 0.7524
vn 0.2384 -0.4048 0.8828
vn 0.2756 -0.3448 0.8973
vn 0.0635 -0.1917 0.9794
vn 0.4825 0.0849 0.8718
vn 0.7218 -0.6522 0.2316
vn 0.5166 -0.4609 0.7216
vn 0.7868 -0.4361 -0.4368
vn 0.8031 -0.4802 0.3528
vn 0.3831 -0.0363 0.9230
vn 0.4953 -0.0157 0.8686
vn 0.3695 -0.0271 0.9288
vn 0.5503 -0.6785 0.4866
vn 0.9091 0.2976 0.2915
vn 0.9433 0.1666 0.2871
vn 0.4017 0.1125 0.9088
vn 0.9666 -0.0929 -0.2388
vn 0.5015 -0.0900 0.8605
vn 0.3845 -0.0165 0.9230
vn 0.9681 0.0716 0.2402
vn 0.8729 -0.4773 -0.1009
vn 0.9873 -0.0870 0.1331
vn 0.9912 -0.1086 0.0756
vn 0.2107 -0.1190 0.9703
vn 0.2201 -0.1399 0.9654
vn 0.2088 -0.1149 0.9712
vn 0.8492 -0.4553 -0.2676
vn 0.2330 -0.1691 0.9576
vn 0.3304 0.0281 0.9434
vn 0.4504 -0.0145 0.8927
vn 0.3719 -0.2115 -0.9039
vn 0.6489 0.1458 0.7468
vn 0.6726 0.1380 0.7270
vn 0.4250 0.0053 0.9052
vn 0.4928 0.0078 0.8701
vn 0.4429 -0.0070 0.8966
vn 0.3507 -0.7544 0.5549
vn 0.3643 -0.7374 0.5688
vn 0.3561 -0.7580 0.5464
vn 0.4555 0.0290 0.8898
vn 0.6885 -0.1746 0.7039
vn 0.2319 -0.4562 -0.8592
vn 0.8265 -0.3816 0.4139
vn 0.7998 -0.4821 0.3577
vn 0.8480 -0.5199 0.1031
vn 0.6654 0.1053 0.7391
vn 0.8873 -0.4075 0.2159
vn 0.7972 -0.3671 0.4793
vn 0.7043 -0.1061 0.7019
vn 0.6988 -0.0836 0.7105
vn 0.5966 0.0093 0.8025
vn 0.3908 -0.7305 0.5600
vn 0.8905 -0.4086 -0.2002
vn 0.2398 0.8247 0.5122
vn 0.7677 0.1711 -0.6175
vn 0.9145 -0.4028 0.0371
vn 0.6904 -0.0430 0.7222
vn 0.6766 0.0157 -0.7362
vn 0.7238 0.1063 -0.6818
vn 0.8340 0.1679 0.5256
vn 0.8414 0.1952 0.5040
vn 0.9066 -0.3578 -0.2238
vn 0.8783 -0.3426 -0.3336
vn 0.5111 -0.0305 0.8590
vn 0.4217 -0.7524 0.5061
vn 0.8288 0.1393 0.5419
vn 0.3488 -0.7477 -0.5651
vn 0.4870 -0.4304 0.7600
vn 0.9326 -0.3605 -0.0190
vn 0.9079 -0.3647 0.2069
vn 0.8724 -0.3356 0.3555
vn 0.5429 -0.2235 -0.8095
vn 0.5363 -0.2344 -0.8109
vn 0.5468 -0.3275 -0.7705
vn 0.2880 0.8086 0.5130
vn 0.5761 -0.0040 0.8174
vn 0.7829 -0.1019 -0.6137
vn 0.7325 0.0117 0.6807
vn 0.4284 -0.7652 0.4806
vn 0.8122 0.1148 0.5720
vn 0.9422 0.2035 0.2661
vn 0.9050 0.2001 -0.3755
vn 0.9427 0.2056 -0.2627
vn 0.7966 0.0140 -0.6043
vn 0.8624 0.1488 -0.4839
vn 0.9447 0.1955 -0.2633
vn 0.9104 0.2250 0.3471
vn 0.2350 0.9720 0.0042
vn 0.9080 -0.2384 -0.3445
vn 0.7481 -0.0785 0.6589
vn 0.8775 -0.0735 0.4740
vn 0.8007 -0.0086 0.5990
vn 0.5607 -0.3437 -0.7533
vn 0.6665 -0.0812 0.7411
vn 0.6694 -0.0697 0.7396
vn 0.5956 -0.0580 0.8012
vn 0.9479 -0.2329 -0.2172
vn 0.8877 -0.3243 0.3268
vn 0.5677 -0.7630 -0.3091
vn 0.5930 -0.7399 -0.3175
vn 0.6137 -0.7199 -0.3242
vn 0.7286 -0.6390 0.2466
vn 0.8168 0.0093 -0.5768
vn 0.7998 -0.0154 -0.6001
vn 0.3313 -0.7970 -0.5050
vn 0.8567 0.1290 -0.4993
vn 0.9766 0.1969 0.0867
vn 0.9769 0.2089 0.0451
vn 0.3436 0.1753 0.9226
vn 0.9755 0.2099 -0.0664
vn 0.9294 -0.1175 -0.3499
vn 0.8538 -0.1342 0.5031
vn 0.5381 0.8245 0.1750
vn 0.9022 0.1427 0.4070
vn 0.9486 0.1543 -0.2762
vn 0.9354 0.1629 0.3139
vn 0.9799 0.1790 -0.0880
vn 0.9739 0.2174 0.0650
vn 0.9260 -0.3419 0.1602
vn 0.2824 0.5523 0.7843
vn 0.2871 0.5525 0.7825
vn 0.2491 0.5508 0.7966
vn 0.8296 0.0284 0.5576
vn 0.3995 -0.7822 -0.4781
vn 0.4287 -0.7941 0.4309
vn 0.6131 -0.3717 -0.6971
vn 0.7443 -0.2277 0.6279
vn 0.9253 0.1245 -0.3582
vn 0.9502 -0.3049 0.0640
vn 0.7499 -0.3231 0.5773
vn 0.9213 -0.1191 0.3702
vn 0.4602 -0.7777 0.4282
vn 0.9797 0.1757 0.0966
vn 0.9712 -0.2364 -0.0293
vn 0.9736 -0.1028 -0.2038
vn 0.9372 -0.0759 0.3403
vn 0.9443 -0.0169 -0.3287
vn 0.9445 0.0151 -0.3281
vn 0.9481 0.0175 -0.3176
vn 0.9790 -0.0072 -0.2036
vn 0.5248 -0.6233 -0.5797
vn 0.4399 -0.7891 -0.4287
vn 0.4615 -0.7717 0.4375
vn 0.7410 -0.2402 0.6270
vn 0.5422 -0.7847 -0.3005
vn 0.9546 -0.0071 0.2978
vn 0.9563 0.1333 0.2601
vn 0.4257 -0.2595 0.8669
vn 0.9787 -0.2026 0.0319
vn 0.9834 -0.1783 0.0347
vn 0.9516 -0.0257 0.3064
vn 0.9798 0.0195 -0.1991
vn 0.4459 -0.8239 -0.3498
vn 0.9774 0.1291 -0.1675
vn 0.3183 0.5533 0.7698
vn 0.2893 0.1786 0.9404
vn 0.1708 0.2080 0.9631
vn 0.0981 0.1845 0.9779
vn 0.9854 -0.1698 0.0115
vn 0.9837 -0.1260 -0.1282
vn 0.9746 0.0203 0.2229
vn 0.9491 0.0172 0.3146
vn 0.7609 -0.2487 0.5992
vn 0.5176 -0.5430 0.6613
vn 0.2835 0.2726 0.9194
vn 0.9969 -0.0547 -0.0571
vn 0.2892 0.3608 0.8867
vn 0.2237 0.4274 0.8760
vn 0.9999 0.0142 -0.0017
vn 0.9920 0.0119 0.1257
vn 0.9979 0.0132 0.0631
vn 0.9718 -0.0013 0.2359
vn 0.9949 0.0380 0.0937
vn 0.9997 0.0003 0.0235
vn 0.4835 -0.8509 -0.2053
vn 0.4764 -0.8548 -0.2059
vn 0.9139 0.2779 -0.2959
vn 0.9213 0.2874 -0.2620
vn 0.9051 0.2678 -0.3303
vn 0.7060 0.7081 0.0168
vn 0.9901 0.1346 0.0408
vn 0.1840 -0.9447 -0.2715
vn 0.2137 -0.9177 -0.3349
vn 0.1411 -0.9027 -0.4065
vn 0.1423 -0.8915 -0.4300
vn 0.2367 0.4903 0.8388
vn 0.4837 -0.8183 0.3105
vn 0.4946 -0.8164 0.2979
vn 0.7093 0.7040 -0.0351
vn 0.7199 0.6940 -0.0138
vn 0.0650 -0.6959 -0.7152
vn 0.0426 -0.7591 -0.6496
vn 0.2239 0.5364 0.8138
vn 0.1706 0.5790 0.7973
vn 0.5243 -0.8515 0.0092
vn 0.5177 -0.8401 0.1620
vn 0.9822 0.0241 -0.1864
vn 0.9836 0.0203 -0.1795
vn 0.9692 0.0213 -0.2452
vn 0.9711 -0.0695 0.2282
vn 0.9664 -0.0844 0.2429
vn 0.9854 -0.0109 0.1700
vn 0.9270 0.2958 -0.2305
vn 0.5237 -0.8486 -0.0754
vn 0.5352 -0.8416 0.0728
vn 0.4430 0.1757 0.8791
vn 0.9925 0.0641 -0.1040
vn 0.9924 0.0702 -0.1014
vn 0.9876 0.0019 0.1571
vn 0.8612 0.5082 -0.0040
vn 0.3033 0.4196 0.8555
vn 0.2799 -0.8937 -0.3506
vn 0.4917 0.0615 0.8686
vn 0.1365 -0.6529 -0.7450
vn 0.7215 -0.5665 0.3982
vn 0.3840 0.3093 0.8700
vn 0.1996 -0.5161 -0.8330
vn 0.5282 0.0620 0.8469
vn 0.8161 -0.5560 -0.1572
vn 0.7171 -0.6432 -0.2684
vn 0.6979 -0.6563 -0.2868
vn 0.5121 0.1655 0.8428
vn 0.8300 -0.5403 -0.1387
vn 0.2820 -0.4437 -0.8506
vn 0.8318 -0.1066 0.5448
vn 0.8293 -0.0587 0.5558
vn 0.8185 -0.1242 0.5609
vn 0.2809 -0.4465 -0.8495
vn 0.8071 0.0520 0.5881
vn 0.7916 0.0888 0.6046
vt 0.150858 0.811921
vt 0.148364 0.819360
vt 0.138130 0.809369
vt 0.299391 0.646472
vt 0.301534 0.634762
vt 0.301287 0.651544
vt 0.157373 0.529787
vt 0.157239 0.520274
vt 0.159337 0.521135
vt 0.139379 0.821388
vt 0.148812 0.794993
vt 0.135166 0.799642
vt 0.298266 0.661468
vt 0.143586 0.785423
vt 0.153779 0.751284
vt 0.151368 0.756222
vt 0.149636 0.750111
vt 0.116969 0.813401
vt 0.157709 0.505504
vt 0.465587 0.647863
vt 0.465957 0.636765
vt 0.469496 0.639120
vt 0.138061 0.759008
vt 0.134618 0.775463
vt 0.303966 0.675128
vt 0.297808 0.699322
vt 0.298139 0.675508
vt 0.161433 0.497537
vt 0.101708 0.014274
vt 0.086321 0.010376
vt 0.110410 0.014092
vt 0.119419 0.804035
vt 0.115271 0.819687
vt 0.868961 0.040597
vt 0.871107 0.050481
vt 0.862470 0.058809
vt 0.867565 0.088690
vt 0.872697 0.074838
vt 0.122541 0.765731
vt 0.157239 0.496440
vt 0.072426 0.006601
vt 0.072764 0.003735
vt 0.126793 0.741313
vt 0.120159 0.797761
vt 0.860087 0.025216
vt 0.152884 0.705891
vt 0.145759 0.712769
vt 0.147704 0.704731
vt 0.121569 0.787644
vt 0.095041 0.094984
vt 0.092052 0.075158
vt 0.094635 0.069773
vt 0.114747 0.074102
vt 0.095250 0.060514
vt 0.099005 0.052068
vt 0.119791 0.034353
vt 0.092460 0.054777
vt 0.088123 0.054175
vt 0.084325 0.037546
vt 0.094898 0.021527
vt 0.081230 0.017861
vt 0.123421 0.024003
vt 0.108035 0.023063
vt 0.858687 0.042749
vt 0.862083 0.073458
vt 0.122075 0.756843
vt 0.087597 0.083720
vt 0.135919 0.056275
vt 0.853387 0.034058
vt 0.859010 0.084242
vt 0.238461 0.924561
vt 0.240348 0.941061
vt 0.208411 0.932371
vt 0.208235 0.952269
vt 0.239184 0.955759
vt 0.123246 0.774454
vt 0.080245 0.061886
vt 0.076084 0.068951
vt 0.066740 0.050411
vt 0.134497 0.024064
vt 0.851628 0.016677
vt 0.855039 0.093309
vt 0.216519 0.964107
vt 0.873308 0.385011
vt 0.867606 0.395914
vt 0.869205 0.384499
vt 0.124924 0.719811
vt 0.083804 0.090446
vt 0.081553 0.094461
vt 0.142654 0.023355
vt 0.067525 0.013689
vt 0.862630 0.100720
vt 0.195000 0.924216
vt 0.073059 0.074879
vt 0.069478 0.082778
vt 0.059330 0.086716
vt 0.133468 0.076023
vt 0.845999 0.024054
vt 0.208482 0.909519
vt 0.230424 0.903333
vt 0.129201 0.722243
vt 0.112783 0.097252
vt 0.130663 0.099539
vt 0.179185 0.964274
vt 0.166417 0.948172
vt 0.146749 0.695657
vt 0.134007 0.687343
vt 0.065489 0.092994
vt 0.153779 0.685445
vt 0.121888 0.745509
vt 0.094722 0.124613
vt 0.153709 0.059641
vt 0.178916 0.909677
vt 0.164713 0.929640
vt 0.145999 0.679034
vt 0.062320 0.100448
vt 0.328743 0.335221
vt 0.317758 0.337721
vt 0.317310 0.333501
vt 0.837775 0.015059
vt 0.843104 0.009216
vt 0.853331 0.098536
vt 0.164647 0.981522
vt 0.128188 0.128166
vt 0.052307 0.081877
vt 0.050237 0.065589
vt 0.150813 0.081373
vt 0.856434 0.111297
vt 0.848465 0.108390
vt 0.226406 0.891796
vt 0.166587 0.961675
vt 0.869846 0.371823
vt 0.869929 0.353033
vt 0.873281 0.353368
vt 0.130282 0.693617
vt 0.158292 0.747845
vt 0.158101 0.761056
vt 0.155453 0.747845
vt 0.121641 0.736749
vt 0.060404 0.109683
vt 0.052073 0.101967
vt 0.189909 0.898373
vt 0.160870 0.910935
vt 0.868180 0.366703
vt 0.141591 0.672597
vt 0.142439 0.660757
vt 0.120725 0.726900
vt 0.148000 0.104674
vt 0.161815 0.024593
vt 0.303629 0.336856
vt 0.314557 0.329301
vt 0.482423 0.136354
vt 0.484276 0.146016
vt 0.480123 0.129084
vt 0.826032 0.005219
vt 0.867363 0.372226
vt 0.060710 0.122391
vt 0.049530 0.114146
vt 0.049202 0.035291
vt 0.037209 0.035841
vt 0.037032 0.018225
vt 0.831599 0.000837
vt 0.120304 0.715518
vt 0.118873 0.163240
vt 0.110917 0.125644
vt 0.314460 0.345210
vt 0.294686 0.376442
vt 0.299456 0.342579
vt 0.304962 0.380777
vt 0.939643 0.030329
vt 0.945841 0.048294
vt 0.946369 0.066823
vt 0.134523 0.669918
vt 0.944947 0.080172
vt 0.901758 0.096430
vt 0.119115 0.705316
vt 0.105986 0.159059
vt 0.055328 0.136942
vt 0.048726 0.132785
vt 0.482047 0.180280
vt 0.478107 0.156239
vt 0.484796 0.163046
vt 0.318651 0.293666
vt 0.299888 0.331015
vt 0.305552 0.280343
vt 0.936994 0.098348
vt 0.145455 0.133153
vt 0.319386 0.271730
vt 0.283171 0.409859
vt 0.303391 0.412122
vt 0.157239 0.632074
vt 0.157239 0.610960
vt 0.159053 0.622172
vt 0.124487 0.682063
vt 0.071601 0.159768
vt 0.066035 0.159529
vt 0.072510 0.148385
vt 0.301077 0.244302
vt 0.155453 0.715387
vt 0.155453 0.701069
vt 0.158238 0.707843
vt 0.904494 0.031425
vt 0.313497 0.219981
vt 0.318589 0.248121
vt 0.299938 0.225150
vt 0.284042 0.334052
vt 0.835856 0.126049
vt 0.840858 0.119364
vt 0.841895 0.129141
vt 0.060157 0.162644
vt 0.050843 0.151117
vt 0.129678 0.170852
vt 0.925584 0.110946
vt 0.071006 0.167339
vt 0.048483 0.148668
vt 0.279946 0.374789
vt 0.268638 0.705766
vt 0.268638 0.697744
vt 0.270158 0.702046
vt 0.926655 0.014508
vt 0.474745 0.561407
vt 0.473702 0.552214
vt 0.474745 0.548334
vt 0.293087 0.267415
vt 0.478307 0.207255
vt 0.474094 0.215893
vt 0.473306 0.209574
vt 0.267927 0.408934
vt 0.089092 0.157524
vt 0.071386 0.186300
vt 0.075656 0.167466
vt 0.043995 0.164169
vt 0.048445 0.160099
vt 0.141422 0.174837
vt 0.912317 0.119316
vt 0.115057 0.201438
vt 0.286164 0.294021
vt 0.289416 0.233861
vt 0.269810 0.362101
vt 0.913620 0.006410
vt 0.294513 0.198863
vt 0.280897 0.269626
vt 0.046312 0.168153
vt 0.040298 0.178325
vt 0.466579 0.223476
vt 0.467004 0.230602
vt 0.265435 0.337239
vt 0.255329 0.408439
vt 0.284521 0.201059
vt 0.138901 0.206225
vt 0.271179 0.309051
vt 0.124703 0.205423
vt 0.901621 0.002355
vt 0.301038 0.179045
vt 0.286957 0.175293
vt 0.275909 0.213360
vt 0.250045 0.380513
vt 0.899674 0.123306
vt 0.880798 0.009716
vt 0.271826 0.244958
vt 0.266877 0.280543
vt 0.261387 0.309963
vt 0.885210 0.114450
vt 0.038849 0.193113
vt 0.036747 0.190014
vt 0.040222 0.187047
vt 0.103832 0.232915
vt 0.117126 0.235231
vt 0.885594 0.000837
vt 0.065794 0.249865
vt 0.062151 0.244356
vt 0.061147 0.229819
vt 0.066692 0.237639
vt 0.037868 0.199149
vt 0.251135 0.332208
vt 0.239455 0.406112
vt 0.975464 0.281749
vt 0.988860 0.274254
vt 0.985521 0.283352
vt 0.093993 0.228732
vt 0.078514 0.228963
vt 0.085239 0.198418
vt 0.975371 0.291379
vt 0.885218 0.124431
vt 0.882987 0.063272
vt 0.984843 0.263593
vt 0.999163 0.267342
vt 0.135331 0.225804
vt 0.262417 0.166986
vt 0.975680 0.271880
vt 0.267641 0.204646
vt 0.259562 0.237352
vt 0.231508 0.382381
vt 0.878285 0.115979
vt 0.252226 0.293174
vt 0.158049 0.667487
vt 0.161611 0.674677
vt 0.161138 0.686342
vt 0.155453 0.682628
vt 0.829947 0.179664
vt 0.826032 0.162138
vt 0.832775 0.167599
vt 0.227891 0.360568
vt 0.877860 0.038835
vt 0.877536 0.088373
vt 0.874371 0.076842
vt 0.160556 0.662356
vt 0.874371 0.055154
vt 0.474745 0.530124
vt 0.474529 0.546660
vt 0.473407 0.544314
vt 0.263634 0.143187
vt 0.826032 0.195080
vt 0.827990 0.201771
vt 0.842235 0.159055
vt 0.228020 0.392409
vt 0.909388 0.753606
vt 0.907585 0.763442
vt 0.894025 0.762583
vt 0.839336 0.190905
vt 0.975371 0.260733
vt 0.124220 0.245961
vt 0.255953 0.270975
vt 0.237917 0.289260
vt 0.242381 0.266191
vt 0.843970 0.176532
vt 0.270598 0.135467
vt 0.903924 0.792341
vt 0.901971 0.808857
vt 0.882882 0.806844
vt 0.247858 0.307773
vt 0.225880 0.337794
vt 0.800563 0.845809
vt 0.798383 0.849649
vt 0.798629 0.839107
vt 0.214375 0.394638
vt 0.902867 0.321801
vt 0.905132 0.329367
vt 0.893111 0.330792
vt 0.042875 0.236816
vt 0.031732 0.229143
vt 0.035855 0.228446
vt 0.257666 0.098643
vt 0.277678 0.108446
vt 0.280929 0.131374
vt 0.572483 0.975075
vt 0.571214 0.981547
vt 0.560356 0.975499
vt 0.897245 0.335993
vt 0.913002 0.343563
vt 0.578481 0.965485
vt 0.563058 0.968451
vt 0.858401 0.162154
vt 0.473406 0.518501
vt 0.043040 0.245528
vt 0.037121 0.248423
vt 0.570509 0.954751
vt 0.197608 0.690318
vt 0.202687 0.691416
vt 0.200903 0.703090
vt 0.205829 0.704055
vt 0.102876 0.271233
vt 0.091084 0.254010
vt 0.248818 0.174120
vt 0.257625 0.204566
vt 0.241925 0.194191
vt 0.244592 0.215051
vt 0.885429 0.782671
vt 0.881823 0.790161
vt 0.582467 0.955385
vt 0.858974 0.189937
vt 0.853707 0.156803
vt 0.959535 0.333835
vt 0.969591 0.324997
vt 0.972940 0.332415
vt 0.483676 0.773877
vt 0.488262 0.775917
vt 0.483676 0.787213
vt 0.583215 0.947862
vt 0.914417 0.357625
vt 0.197074 0.662284
vt 0.199742 0.681246
vt 0.195455 0.673910
vt 0.906233 0.360351
vt 0.194684 0.681585
vt 0.967521 0.344703
vt 0.246984 0.132675
vt 0.858099 0.145928
vt 0.862322 0.139480
vt 0.982712 0.321801
vt 0.984158 0.328102
vt 0.487830 0.788315
vt 0.246522 0.115284
vt 0.240990 0.154923
vt 0.914582 0.365741
vt 0.870329 0.816233
vt 0.901706 0.830641
vt 0.886186 0.827640
vt 0.958026 0.343071
vt 0.212012 0.354999
vt 0.200273 0.372506
vt 0.857507 0.177819
vt 0.157239 0.609287
vt 0.157239 0.586258
vt 0.161628 0.600757
vt 0.584879 0.940824
vt 0.580115 0.927784
vt 0.862777 0.181767
vt 0.161761 0.592689
vt 0.912161 0.375521
vt 0.907207 0.378564
vt 0.584588 0.929548
vt 0.956230 0.350857
vt 0.983639 0.334919
vt 0.229509 0.120279
vt 0.865731 0.162276
vt 0.864162 0.154273
vt 0.983590 0.343421
vt 0.241905 0.100012
vt 0.909547 0.384463
vt 0.555019 0.947349
vt 0.569407 0.926048
vt 0.199273 0.386736
vt 0.963695 0.357575
vt 0.961045 0.379257
vt 0.971600 0.358999
vt 0.584157 0.921222
vt 0.233261 0.075756
vt 0.983633 0.350884
vt 0.584879 0.908658
vt 0.225160 0.098487
vt 0.256960 0.071686
vt 0.239556 0.071558
vt 0.975372 0.205662
vt 0.986082 0.229429
vt 0.975372 0.252046
vt 0.904938 0.388115
vt 0.896034 0.387728
vt 0.576162 0.902133
vt 0.971204 0.956137
vt 0.983358 0.975673
vt 0.961607 0.958121
vt 0.983648 0.358567
vt 0.464669 0.619288
vt 0.471733 0.631395
vt 0.469700 0.635091
vt 0.668191 0.395745
vt 0.670712 0.392155
vt 0.672706 0.393475
vt 0.549695 0.930172
vt 0.214855 0.112965
vt 0.218636 0.134276
vt 0.232022 0.169301
vt 0.464111 0.610696
vt 0.889675 0.167185
vt 0.882030 0.183357
vt 0.874371 0.167762
vt 0.274444 0.612544
vt 0.275493 0.629614
vt 0.270780 0.625464
vt 0.273687 0.634181
vt 0.192372 0.365676
vt 0.191526 0.380608
vt 0.176762 0.367918
vt 0.256678 0.535072
vt 0.243546 0.510094
vt 0.254135 0.489947
vt 0.455667 0.523131
vt 0.458809 0.530296
vt 0.459714 0.564104
vt 0.984158 0.364012
vt 0.976433 0.368888
vt 0.455748 0.503623
vt 0.458943 0.504722
vt 0.460570 0.611741
vt 0.466275 0.610605
vt 0.272540 0.604058
vt 0.288392 0.498422
vt 0.287625 0.518221
vt 0.283286 0.522823
vt 0.284852 0.493888
vt 0.271859 0.592765
vt 0.268638 0.605361
vt 0.883220 0.385159
vt 0.886011 0.392782
vt 0.898903 0.584366
vt 0.895959 0.603759
vt 0.885476 0.584366
vt 0.459028 0.492377
vt 0.453809 0.498344
vt 0.184572 0.338236
vt 0.182468 0.346493
vt 0.163489 0.343001
vt 0.968993 0.901110
vt 0.962265 0.940658
vt 0.956431 0.915354
vt 0.875015 0.383576
vt 0.224520 0.078776
vt 0.279699 0.516392
vt 0.271453 0.576864
vt 0.281225 0.497580
vt 0.278954 0.482860
vt 0.462252 0.469531
vt 0.463253 0.480628
vt 0.653724 0.988871
vt 0.660968 0.978619
vt 0.668232 0.981314
vt 0.898190 0.133555
vt 0.278515 0.463982
vt 0.276327 0.467811
vt 0.892030 0.126104
vt 0.467515 0.459441
vt 0.201609 0.110745
vt 0.979987 0.037830
vt 0.989402 0.047403
vt 0.979987 0.066847
vt 0.113860 0.342985
vt 0.116376 0.305280
vt 0.123049 0.339563
vt 0.203107 0.081280
vt 0.466294 0.451208
vt 0.664449 0.996828
vt 0.209083 0.073642
vt 0.273524 0.461044
vt 0.256837 0.468814
vt 0.240847 0.489986
vt 0.245207 0.455376
vt 0.275322 0.445146
vt 0.469291 0.434408
vt 0.466544 0.437848
vt 0.268878 0.431208
vt 0.199995 0.044412
vt 0.271579 0.432066
vt 0.269469 0.445202
vt 0.194737 0.085735
vt 0.468003 0.419732
vt 0.213033 0.034181
vt 0.204206 0.034546
vt 0.471733 0.419260
vt 0.268638 0.413796
vt 0.192831 0.101798
vt 0.464710 0.412587
vt 0.469915 0.415550
vt 0.469803 0.436740
vt 0.474761 0.649950
vt 0.477598 0.647934
vt 0.473925 0.668988
vt 0.266457 0.664998
vt 0.264384 0.689523
vt 0.260999 0.670634
vt 0.190570 0.051780
vt 0.104606 0.357141
vt 0.122944 0.370076
vt 0.261163 0.436969
vt 0.246209 0.445091
vt 0.259028 0.421261
vt 0.035120 0.664574
vt 0.058394 0.664663
vt 0.034565 0.697282
vt 0.023647 0.665637
vt 0.056822 0.696872
vt 0.082326 0.665617
vt 0.086020 0.697397
vt 0.246912 0.419921
vt 0.114945 0.387966
vt 0.180814 0.025318
vt 0.081799 0.646207
vt 0.058073 0.645597
vt 0.853422 0.598803
vt 0.847392 0.606126
vt 0.847392 0.583053
vt 0.193954 0.000837
vt 0.182521 0.062078
vt 0.131992 0.343542
vt 0.131048 0.382542
vt 0.185319 0.015221
vt 0.024332 0.645299
vt 0.012962 0.656578
vt 0.099092 0.667620
vt 0.106686 0.686293
vt 0.179139 0.072652
vt 0.034616 0.645426
vt 0.058406 0.616694
vt 0.060773 0.388520
vt 0.051820 0.370096
vt 0.066480 0.366569
vt 0.176315 0.080341
vt 0.181339 0.089984
vt 0.035118 0.702045
vt 0.056508 0.702333
vt 0.097023 0.697765
vt 0.036067 0.715305
vt 0.056596 0.715854
vt 0.085986 0.702282
vt 0.969568 0.772330
vt 0.963945 0.783846
vt 0.960526 0.766015
vt 0.034535 0.616081
vt 0.082114 0.618467
vt 0.012066 0.644698
vt 0.021129 0.697548
vt 0.072665 0.715342
vt 0.233510 0.441242
vt 0.232078 0.416298
vt 0.796535 0.212007
vt 0.803987 0.205662
vt 0.798136 0.226745
vt 0.007449 0.683248
vt 0.018875 0.702848
vt 0.019769 0.714781
vt 0.092272 0.714649
vt 0.101832 0.389339
vt 0.106135 0.399163
vt 0.079410 0.398953
vt 0.080738 0.389949
vt 0.048055 0.397607
vt 0.176181 0.038716
vt 0.082583 0.601268
vt 0.787060 0.219439
vt 0.810069 0.232291
vt 0.818963 0.214685
vt 0.112581 0.699032
vt 0.119595 0.398666
vt 0.036647 0.396344
vt 0.040398 0.384489
vt 0.134795 0.395930
vt 0.026559 0.393675
vt 0.832437 0.223151
vt 0.914733 0.597433
vt 0.900576 0.603449
vt 0.900576 0.584366
vt 0.111467 0.714180
vt 0.010500 0.714701
vt 0.929436 0.464852
vt 0.933302 0.479624
vt 0.918984 0.468770
vt 0.147387 0.385736
vt 0.028140 0.379324
vt 0.017067 0.386437
vt 0.170664 0.057225
vt 0.956938 0.833882
vt 0.968832 0.846459
vt 0.957549 0.848706
vt 0.082147 0.573763
vt 0.011865 0.625908
vt 0.000837 0.697425
vt 0.910492 0.425813
vt 0.915850 0.432689
vt 0.922490 0.446642
vt 0.915986 0.460041
vt 0.018416 0.369990
vt 0.009172 0.376537
vt 0.143176 0.370495
vt 0.172498 0.050613
vt 0.947523 0.779152
vt 0.058897 0.571947
vt 0.036424 0.572189
vt 0.012002 0.598284
vt 0.011919 0.615271
vt 0.001050 0.714135
vt 0.908844 0.445176
vt 0.921402 0.477024
vt 0.937433 0.497885
vt 0.924480 0.490953
vt 0.157041 0.368588
vt 0.168434 0.063833
vt 0.956731 0.798241
vt 0.476525 0.528043
vt 0.476419 0.544846
vt 0.476419 0.518501
vt 0.003003 0.361635
vt 0.015089 0.363129
vt 0.148325 0.360467
vt 0.152145 0.346464
vt 0.166459 0.070070
vt 0.094089 0.735319
vt 0.097705 0.717528
vt 0.111971 0.724018
vt 0.923424 0.511521
vt 0.818698 0.114234
vt 0.813705 0.132743
vt 0.807132 0.115332
vt 0.161815 0.344853
vt 0.012202 0.354983
vt 0.009895 0.336375
vt 0.163489 0.077359
vt 0.777473 0.235706
vt 0.106375 0.738115
vt 0.894518 0.428628
vt 0.905248 0.418600
vt 0.937045 0.516076
vt 0.902519 0.435535
vt 0.000837 0.340563
vt 0.152421 0.333651
vt 0.010778 0.327442
vt 0.968242 0.863388
vt 0.951023 0.868660
vt 0.950303 0.857912
vt 0.947333 0.783606
vt 0.946440 0.796860
vt 0.947061 0.834220
vt 0.955072 0.816888
vt 0.946103 0.812376
vt 0.946417 0.821220
vt 0.012388 0.583752
vt 0.453112 0.880799
vt 0.453527 0.897287
vt 0.442181 0.886630
vt 0.453185 0.906510
vt 0.453508 0.929364
vt 0.442717 0.927591
vt 0.442487 0.904497
vt 0.824359 0.099572
vt 0.812370 0.096370
vt 0.151530 0.326665
vt 0.002499 0.325751
vt 0.160080 0.325247
vt 0.149535 0.319732
vt 0.016542 0.310756
vt 0.012470 0.319546
vt 0.005920 0.313264
vt 0.948522 0.844045
vt 0.949382 0.849596
vt 0.758799 0.228245
vt 0.796227 0.232305
vt 0.829445 0.235216
vt 0.809021 0.107354
vt 0.810796 0.156531
vt 0.804848 0.132797
vt 0.156836 0.312944
vt 0.146547 0.313651
vt 0.740774 0.970282
vt 0.741441 0.981209
vt 0.731218 0.975595
vt 0.082180 0.547347
vt 0.104662 0.579685
vt 0.104040 0.599581
vt 0.754622 0.241826
vt 0.451991 0.949894
vt 0.451999 0.939471
vt 0.441301 0.941296
vt 0.488908 0.956377
vt 0.487559 0.964236
vt 0.480762 0.950359
vt 0.477983 0.965083
vt 0.488507 0.975067
vt 0.740597 0.961782
vt 0.730970 0.960819
vt 0.741441 0.956136
vt 0.938176 0.779267
vt 0.012522 0.572571
vt 0.740706 0.247224
vt 0.441301 0.877485
vt 0.452931 0.869269
vt 0.981237 0.531983
vt 0.983424 0.549717
vt 0.976509 0.553642
vt 0.974672 0.531319
vt 0.980809 0.572662
vt 0.151991 0.413561
vt 0.126430 0.411804
vt 0.138858 0.405592
vt 0.147770 0.397798
vt 0.800528 0.138440
vt 0.800730 0.159403
vt 0.809114 0.176319
vt 0.478660 0.978739
vt 0.488908 0.979489
vt 0.937042 0.798369
vt 0.937264 0.833871
vt 0.735006 0.942617
vt 0.936898 0.815754
vt 0.038337 0.534738
vt 0.059592 0.539742
vt 0.037544 0.547456
vt 0.891719 0.411744
vt 0.451284 0.858827
vt 0.441619 0.865240
vt 0.978259 0.523292
vt 0.974465 0.563050
vt 0.825483 0.242088
vt 0.973006 0.573689
vt 0.965503 0.554958
vt 0.964260 0.564505
vt 0.956436 0.552366
vt 0.965159 0.532562
vt 0.122383 0.422445
vt 0.079021 0.443430
vt 0.080165 0.419171
vt 0.054530 0.419789
vt 0.146622 0.422705
vt 0.799891 0.115748
vt 0.060186 0.534451
vt 0.012898 0.547716
vt 0.729518 0.238991
vt 0.743079 0.233989
vt 0.725563 0.254016
vt 0.784497 0.245397
vt 0.798908 0.249279
vt 0.963978 0.575239
vt 0.956436 0.575208
vt 0.956830 0.529395
vt 0.159985 0.394279
vt 0.082548 0.535242
vt 0.763067 0.249099
vt 0.975415 0.511379
vt 0.969372 0.517292
vt 0.105310 0.913298
vt 0.105147 0.936265
vt 0.099259 0.938473
vt 0.798424 0.176764
vt 0.807407 0.188982
vt 0.797996 0.189436
vt 0.094478 0.537320
vt 0.105919 0.538031
vt 0.105702 0.561004
vt 0.719067 0.242983
vt 0.747942 0.253648
vt 0.100575 0.749509
vt 0.884439 0.422183
vt 0.976094 0.585608
vt 0.967177 0.592745
vt 0.964223 0.517597
vt 0.956763 0.519976
vt 0.100057 0.914248
vt 0.100547 0.890685
vt 0.032481 0.428906
vt 0.023048 0.420602
vt 0.040418 0.426003
vt 0.805357 0.203989
vt 0.787577 0.202243
vt 0.920700 0.795586
vt 0.920291 0.816314
vt 0.695856 0.252518
vt 0.709491 0.262487
vt 0.958463 0.402492
vt 0.962897 0.412592
vt 0.954024 0.417096
vt 0.146358 0.859129
vt 0.140662 0.871718
vt 0.134853 0.859604
vt 0.945076 0.384302
vt 0.958785 0.384302
vt 0.955577 0.399978
vt 0.096027 0.882332
vt 0.095454 0.892961
vt 0.097564 0.903999
vt 0.087508 0.486125
vt 0.064096 0.491144
vt 0.074743 0.488441
vt 0.062665 0.469805
vt 0.060047 0.460363
vt 0.081431 0.456127
vt 0.476309 0.931702
vt 0.475927 0.955261
vt 0.471268 0.953554
vt 0.472396 0.976345
vt 0.060911 0.454657
vt 0.938716 0.765604
vt 0.921053 0.766274
vt 0.920625 0.837863
vt 0.150454 0.866380
vt 0.461126 0.858827
vt 0.461126 0.877696
vt 0.455201 0.868592
vt 0.967177 0.509727
vt 0.957021 0.510291
vt 0.084100 0.470501
vt 0.467724 0.927528
vt 0.051088 0.454316
vt 0.110662 0.444008
vt 0.142265 0.433830
vt 0.119892 0.458794
vt 0.027377 0.535443
vt 0.013150 0.536474
vt 0.130510 0.870764
vt 0.964566 0.509727
vt 0.102240 0.946544
vt 0.099785 0.955348
vt 0.095266 0.951814
vt 0.092177 0.887040
vt 0.087024 0.876333
vt 0.097505 0.483670
vt 0.474759 0.921657
vt 0.051305 0.462466
vt 0.054299 0.455592
vt 0.465951 0.952948
vt 0.465452 0.978909
vt 0.790540 0.145718
vt 0.792003 0.121112
vt 0.920828 0.779060
vt 0.734392 0.258977
vt 0.089156 0.751226
vt 0.091812 0.873540
vt 0.108446 0.482594
vt 0.107467 0.466919
vt 0.062963 0.475108
vt 0.468530 0.913696
vt 0.464041 0.971533
vt 0.106060 0.456256
vt 0.790285 0.133688
vt 0.789252 0.158051
vt 0.788277 0.175325
vt 0.837682 0.244571
vt 0.834456 0.257813
vt 0.693988 0.389851
vt 0.701954 0.397235
vt 0.693988 0.398911
vt 0.157645 0.867757
vt 0.148305 0.877632
vt 0.114913 0.481184
vt 0.124540 0.465489
vt 0.462833 0.981075
vt 0.792344 0.092901
vt 0.790944 0.108491
vt 0.784875 0.100072
vt 0.788169 0.168661
vt 0.695773 0.270467
vt 0.685440 0.257548
vt 0.776168 0.246502
vt 0.772607 0.273993
vt 0.877508 0.419703
vt 0.053340 0.477669
vt 0.050515 0.494144
vt 0.473024 0.910932
vt 0.466351 0.920316
vt 0.113262 0.458214
vt 0.787708 0.182757
vt 0.787495 0.192159
vt 0.720071 0.266762
vt 0.085014 0.867757
vt 0.088148 0.968115
vt 0.126609 0.480045
vt 0.045604 0.479837
vt 0.039161 0.465692
vt 0.464323 0.914092
vt 0.775683 0.112860
vt 0.776376 0.137019
vt 0.777102 0.161438
vt 0.740443 0.272635
vt 0.879504 0.407972
vt 0.127716 0.877633
vt 0.132654 0.889881
vt 0.137161 0.890480
vt 0.044253 0.494766
vt 0.023468 0.451218
vt 0.019606 0.439044
vt 0.781841 0.189197
vt 0.815289 0.256338
vt 0.823097 0.250698
vt 0.822330 0.259101
vt 0.139638 0.888103
vt 0.076551 0.868780
vt 0.091447 0.956815
vt 0.463455 0.908627
vt 0.778100 0.087288
vt 0.778611 0.172365
vt 0.768925 0.625191
vt 0.769177 0.633308
vt 0.762826 0.628469
vt 0.009821 0.524846
vt 0.036499 0.522086
vt 0.679292 0.268686
vt 0.155270 0.876124
vt 0.152773 0.885970
vt 0.462833 0.900722
vt 0.157880 0.717060
vt 0.157880 0.731147
vt 0.155453 0.724441
vt 0.790817 0.274779
vt 0.097269 0.760773
vt 0.863925 0.414138
vt 0.082581 0.966006
vt 0.769779 0.103284
vt 0.952620 0.523273
vt 0.954762 0.539658
vt 0.943158 0.539517
vt 0.711535 0.271671
vt 0.818866 0.267560
vt 0.867783 0.408612
vt 0.793531 0.009326
vt 0.788486 0.023998
vt 0.780361 0.006304
vt 0.790590 0.038059
vt 0.776237 0.043923
vt 0.774818 0.038221
vt 0.132235 0.464388
vt 0.125228 0.460609
vt 0.135893 0.451082
vt 0.915229 0.753606
vt 0.911061 0.762605
vt 0.085244 0.759952
vt 0.120226 0.890524
vt 0.076057 0.862556
vt 0.776663 0.021367
vt 0.125849 0.450070
vt 0.136070 0.467190
vt 0.731928 0.915432
vt 0.740066 0.924349
vt 0.731814 0.927805
vt 0.815729 0.276484
vt 0.145972 0.896078
vt 0.770305 0.133472
vt 0.768936 0.161280
vt 0.769531 0.180003
vt 0.773946 0.190640
vt 0.777017 0.198150
vt 0.939107 0.509727
vt 0.940693 0.518667
vt 0.942685 0.527843
vt 0.007175 0.513379
vt 0.690791 0.278561
vt 0.787946 0.074375
vt 0.769630 0.082434
vt 0.756638 0.074736
vt 0.767356 0.108305
vt 0.768077 0.169969
vt 0.033189 0.503064
vt 0.706060 0.281257
vt 0.746756 0.278761
vt 0.673324 0.279581
vt 0.084616 0.778823
vt 0.076972 0.974483
vt 0.763578 0.038923
vt 0.762354 0.143846
vt 0.767383 0.151854
vt 0.734329 0.875266
vt 0.727212 0.875910
vt 0.719817 0.857023
vt 0.131956 0.849019
vt 0.117307 0.836291
vt 0.138641 0.840870
vt 0.128282 0.824222
vt 0.119114 0.902014
vt 0.139085 0.899690
vt 0.150474 0.898878
vt 0.682541 0.398911
vt 0.682541 0.389464
vt 0.686061 0.394263
vt 0.739325 0.825955
vt 0.737906 0.834909
vt 0.709733 0.836901
vt 0.737042 0.844266
vt 0.732399 0.901488
vt 0.719541 0.911579
vt 0.732992 0.887398
vt 0.724834 0.285189
vt 0.976404 0.803725
vt 0.985069 0.810475
vt 0.971418 0.806685
vt 0.765402 0.196892
vt 0.729011 0.821233
vt 0.735425 0.855810
vt 0.791595 0.288616
vt 0.846606 0.402492
vt 0.853605 0.410431
vt 0.122301 0.908903
vt 0.064902 0.864496
vt 0.766204 0.020419
vt 0.752373 0.775714
vt 0.738700 0.778504
vt 0.739209 0.768126
vt 0.760250 0.150244
vt 0.759858 0.161065
vt 0.327078 0.636361
vt 0.326985 0.641008
vt 0.326985 0.621315
vt 0.136504 0.898277
vt 0.063327 0.859129
vt 0.767780 0.003861
vt 0.763751 0.116497
vt 0.764551 0.132149
vt 0.758391 0.127406
vt 0.749141 0.293222
vt 0.073812 0.775987
vt 0.112845 0.898869
vt 0.756128 0.042274
vt 0.758534 0.050695
vt 0.781502 0.057123
vt 0.746527 0.057546
vt 0.744580 0.686135
vt 0.737840 0.684075
vt 0.737264 0.674584
vt 0.746622 0.197926
vt 0.710803 0.895551
vt 0.761436 0.298738
vt 0.750745 0.107134
vt 0.757541 0.109450
vt 0.765607 0.175354
vt 0.748533 0.181937
vt 0.755236 0.115124
vt 0.755588 0.139099
vt 0.751571 0.135920
vt 0.747545 0.174820
vt 0.668191 0.301297
vt 0.812678 0.287937
vt 0.842578 0.408741
vt 0.757722 0.096987
vt 0.192517 0.699239
vt 0.182000 0.705740
vt 0.178464 0.684405
vt 0.176768 0.703169
vt 0.711388 0.817990
vt 0.135358 0.915353
vt 0.058737 0.977897
vt 0.074716 0.970318
vt 0.745900 0.018902
vt 0.748271 0.118541
vt 0.730632 0.677639
vt 0.701775 0.910852
vt 0.691542 0.321090
vt 0.140342 0.914314
vt 0.958058 0.437982
vt 0.960043 0.444802
vt 0.955566 0.459590
vt 0.150174 0.920343
vt 0.041536 0.860453
vt 0.747193 0.036340
vt 0.701664 0.851790
vt 0.106983 0.908881
vt 0.744633 0.140288
vt 0.751476 0.144522
vt 0.971242 0.820665
vt 0.986671 0.843094
vt 0.810908 0.296925
vt 0.047502 0.864659
vt 0.706545 0.874258
vt 0.776261 0.303147
vt 0.082906 0.794205
vt 0.070937 0.790296
vt 0.061464 0.973052
vt 0.746904 0.046326
vt 0.718997 0.930061
vt 0.118528 0.925031
vt 0.749373 0.001771
vt 0.736435 0.101814
vt 0.727445 0.672348
vt 0.107193 0.921988
vt 0.960696 0.461480
vt 0.746848 0.095896
vt 0.748334 0.126185
vt 0.706679 0.313545
vt 0.852087 0.574891
vt 0.850586 0.580530
vt 0.842955 0.573242
vt 0.743666 0.128779
vt 0.744700 0.121161
vt 0.726701 0.695169
vt 0.723109 0.697165
vt 0.724991 0.687516
vt 0.725900 0.314328
vt 0.830209 0.411383
vt 0.831257 0.404478
vt 0.737812 0.112773
vt 0.739940 0.123424
vt 0.731614 0.161173
vt 0.735048 0.096744
vt 0.735776 0.107114
vt 0.738629 0.117258
vt 0.279805 0.697744
vt 0.282917 0.703131
vt 0.279328 0.703131
vt 0.736197 0.144760
vt 0.193010 0.666572
vt 0.693739 0.891753
vt 0.125461 0.934209
vt 0.042266 0.973387
vt 0.035498 0.976878
vt 0.730513 0.000837
vt 0.731985 0.150888
vt 0.971242 0.847561
vt 0.728590 0.180587
vt 0.688816 0.873146
vt 0.113684 0.932488
vt 0.136443 0.930235
vt 0.145569 0.934435
vt 0.731007 0.037700
vt 0.692314 0.393158
vt 0.687734 0.398911
vt 0.687734 0.389556
vt 0.743901 0.132310
vt 0.735864 0.127105
vt 0.671070 0.310402
vt 0.073710 0.804440
vt 0.737932 0.052060
vt 0.746630 0.072471
vt 0.813145 0.304803
vt 0.811658 0.413816
vt 0.139555 0.935839
vt 0.030324 0.868122
vt 0.735325 0.136837
vt 0.693377 0.817674
vt 0.774249 0.322172
vt 0.804667 0.318227
vt 0.731762 0.127683
vt 0.956831 0.477289
vt 0.726251 0.176533
vt 0.729843 0.017762
vt 0.723685 0.075557
vt 0.732887 0.119257
vt 0.726789 0.197342
vt 0.815772 0.313005
vt 0.820122 0.417998
vt 0.959784 0.475518
vt 0.728992 0.047630
vt 0.709482 0.058155
vt 0.726769 0.142971
vt 0.181042 0.660027
vt 0.090101 0.814689
vt 0.725793 0.080008
vt 0.722036 0.111255
vt 0.727275 0.115458
vt 0.728867 0.138361
vt 0.176768 0.662311
vt 0.153729 0.945006
vt 0.017976 0.869399
vt 0.724102 0.101950
vt 0.679665 0.858626
vt 0.120549 0.940427
vt 0.716738 0.042232
vt 0.724022 0.150536
vt 0.722864 0.182232
vt 0.708650 0.323018
vt 0.751560 0.320221
vt 0.817657 0.318556
vt 0.812554 0.424785
vt 0.137903 0.940287
vt 0.718108 0.001565
vt 0.726151 0.124937
vt 0.680348 0.839546
vt 0.678159 0.875355
vt 0.694846 0.327883
vt 0.958349 0.488742
vt 0.685091 0.928200
vt 0.675410 0.913994
vt 0.085261 0.819870
vt 0.723850 0.172117
vt 0.719886 0.017207
vt 0.717317 0.109851
vt 0.723102 0.161813
vt 0.715376 0.154541
vt 0.682694 0.819971
vt 0.676582 0.898713
vt 0.710716 0.336999
vt 0.127257 0.947575
vt 0.020193 0.873963
vt 0.713379 0.174927
vt 0.712087 0.326973
vt 0.030930 0.969954
vt 0.715963 0.137056
vt 0.733722 0.337834
vt 0.797452 0.424951
vt 0.139779 0.945937
vt 0.147742 0.950713
vt 0.715301 0.198323
vt 0.709387 0.199465
vt 0.669782 0.836456
vt 0.668539 0.851579
vt 0.668049 0.870697
vt 0.719534 0.331631
vt 0.806648 0.432353
vt 0.715171 0.122034
vt 0.676776 0.819827
vt 0.785069 0.334644
vt 0.824352 0.334272
vt 0.808185 0.341542
vt 0.703535 0.074813
vt 0.675428 0.925487
vt 0.666744 0.920104
vt 0.665756 0.892137
vt 0.099790 0.829918
vt 0.010660 0.884148
vt 0.019317 0.961404
vt 0.014406 0.963882
vt 0.024900 0.972068
vt 0.711287 0.017871
vt 0.703160 0.003160
vt 0.706522 0.018882
vt 0.706127 0.193483
vt 0.670810 0.822558
vt 0.664847 0.909728
vt 0.723751 0.343196
vt 0.476674 0.775294
vt 0.478788 0.781772
vt 0.469174 0.781498
vt 0.705215 0.186163
vt 0.704431 0.179331
vt 0.089786 0.831050
vt 0.787805 0.432962
vt 0.588939 0.902133
vt 0.602758 0.915070
vt 0.594417 0.921814
vt 0.469800 0.695341
vt 0.478623 0.697719
vt 0.476081 0.704826
vt 0.702604 0.147731
vt 0.703317 0.157339
vt 0.704050 0.168727
vt 0.704523 0.203989
vt 0.825566 0.338930
vt 0.796715 0.442224
vt 0.005935 0.883185
vt 0.653382 0.833524
vt 0.742256 0.350586
vt 0.774408 0.348872
vt 0.748331 0.343399
vt 0.795953 0.348289
vt 0.802420 0.352599
vt 0.695402 0.183759
vt 0.649273 0.888967
vt 0.473226 0.765048
vt 0.474424 0.769109
vt 0.464848 0.760666
vt 0.654877 0.817674
vt 0.009470 0.953527
vt 0.602168 0.921361
vt 0.601762 0.941957
vt 0.472888 0.747325
vt 0.006171 0.748373
vt 0.038624 0.750003
vt 0.008925 0.762815
vt 0.700016 0.091863
vt 0.696556 0.084498
vt 0.700815 0.138236
vt 0.650512 0.870155
vt 0.105676 0.840989
vt 0.094070 0.845347
vt 0.805849 0.548591
vt 0.808107 0.564022
vt 0.796913 0.557665
vt 0.006764 0.898966
vt 0.000837 0.902039
vt 0.587788 0.970201
vt 0.588719 0.982145
vt 0.586553 0.963250
vt 0.470104 0.714721
vt 0.472854 0.726971
vt 0.467545 0.739428
vt 0.703274 0.101969
vt 0.700548 0.110675
vt 0.699987 0.121045
vt 0.692362 0.113633
vt 0.692287 0.136608
vt 0.692311 0.160543
vt 0.755811 0.354959
vt 0.833465 0.352627
vt 0.817450 0.353918
vt 0.625952 0.760308
vt 0.637027 0.764782
vt 0.631464 0.780522
vt 0.639080 0.774708
vt 0.010207 0.944577
vt 0.005406 0.945973
vt 0.651792 0.852433
vt 0.006437 0.911628
vt 0.692624 0.094779
vt 0.775823 0.359665
vt 0.787169 0.349756
vt 0.007124 0.922392
vt 0.000837 0.924437
vt 0.684324 0.185090
vt 0.687161 0.203613
vt 0.787027 0.456562
vt 0.637273 0.838502
vt 0.637553 0.849346
vt 0.632138 0.836171
vt 0.008661 0.933626
vt 0.807181 0.361595
vt 0.638783 0.860441
vt 0.631881 0.852736
vt 0.638517 0.784753
vt 0.636566 0.798586
vt 0.631854 0.800257
vt 0.682526 0.171062
vt 0.776908 0.445144
vt 0.798563 0.540725
vt 0.628717 0.838173
vt 0.635333 0.817835
vt 0.680992 0.155714
vt 0.608845 0.814623
vt 0.609231 0.832586
vt 0.600297 0.832599
vt 0.785728 0.548608
vt 0.628683 0.797714
vt 0.627706 0.814620
vt 0.940378 0.744009
vt 0.950160 0.726282
vt 0.955972 0.744009
vt 0.676802 0.129531
vt 0.688353 0.127806
vt 0.604058 0.795956
vt 0.595336 0.800384
vt 0.766495 0.370123
vt 0.746208 0.364505
vt 0.815692 0.366767
vt 0.794167 0.535287
vt 0.619886 0.784532
vt 0.617345 0.794441
vt 0.627804 0.823571
vt 0.620533 0.776603
vt 0.876906 0.746044
vt 0.858427 0.745120
vt 0.877223 0.734918
vt 0.840133 0.745694
vt 0.838231 0.733932
vt 0.679302 0.095770
vt 0.681137 0.104084
vt 0.668191 0.100812
vt 0.896515 0.749166
vt 0.890590 0.748071
vt 0.894545 0.739093
vt 0.826237 0.747008
vt 0.909164 0.751933
vt 0.858779 0.735589
vt 0.777481 0.529704
vt 0.813054 0.749940
vt 0.805152 0.751933
vt 0.803159 0.737070
vt 0.911382 0.739846
vt 0.782524 0.474103
vt 0.773483 0.459064
vt 0.578973 0.778603
vt 0.585140 0.784105
vt 0.574663 0.776421
vt 0.782813 0.373488
vt 0.792917 0.375765
vt 0.771870 0.477053
vt 0.782476 0.485770
vt 0.891082 0.730166
vt 0.809230 0.387790
vt 0.838866 0.770253
vt 0.853611 0.771288
vt 0.841426 0.788767
vt 0.495036 0.345176
vt 0.491041 0.332713
vt 0.502847 0.328267
vt 0.772611 0.499732
vt 0.858912 0.723060
vt 0.837682 0.369305
vt 0.819535 0.381279
vt 0.503739 0.863162
vt 0.493492 0.871933
vt 0.491199 0.857528
vt 0.494403 0.794873
vt 0.501744 0.809864
vt 0.499447 0.829499
vt 0.498108 0.357642
vt 0.496799 0.352361
vt 0.528250 0.343789
vt 0.905287 0.731816
vt 0.501657 0.371004
vt 0.877961 0.712232
vt 0.839305 0.720454
vt 0.440560 0.431598
vt 0.452135 0.423725
vt 0.448611 0.464862
vt 0.950064 0.114140
vt 0.948043 0.092686
vt 0.968058 0.092298
vt 0.505941 0.384430
vt 0.526488 0.363167
vt 0.516264 0.325339
vt 0.822695 0.722010
vt 0.524687 0.334433
vt 0.916351 0.727395
vt 0.839966 0.701120
vt 0.835705 0.801909
vt 0.835002 0.825469
vt 0.804687 0.800301
vt 0.508451 0.391056
vt 0.858792 0.704083
vt 0.900717 0.708134
vt 0.892078 0.705073
vt 0.505131 0.319904
vt 0.517823 0.298418
vt 0.523104 0.308029
vt 0.532279 0.322777
vt 0.888297 0.701166
vt 0.879465 0.693720
vt 0.827936 0.695955
vt 0.818615 0.693866
vt 0.482718 0.691272
vt 0.487218 0.694535
vt 0.485406 0.698633
vt 0.859620 0.690043
vt 0.484094 0.712915
vt 0.488262 0.712136
vt 0.532811 0.290441
vt 0.530046 0.268845
vt 0.537007 0.284647
vt 0.485722 0.723894
vt 0.893363 0.698203
vt 0.888838 0.695535
vt 0.841413 0.688338
vt 0.534290 0.267109
vt 0.537454 0.306464
vt 0.290066 0.700315
vt 0.291644 0.682687
vt 0.292273 0.694642
vt 0.533666 0.256305
vt 0.542422 0.345124
vt 0.530022 0.257702
vt 0.485971 0.739463
vt 0.893808 0.698800
vt 0.891806 0.683879
vt 0.533572 0.239937
vt 0.309567 0.609341
vt 0.303503 0.573915
vt 0.307578 0.581990
vt 0.482718 0.741687
vt 0.544096 0.275945
vt 0.872467 0.666850
vt 0.544437 0.317517
vt 0.907761 0.675253
vt 0.838716 0.664205
vt 0.327366 0.413796
vt 0.327222 0.432147
vt 0.324123 0.421786
vt 0.536354 0.238077
vt 0.483238 0.759301
vt 0.881983 0.667866
vt 0.851459 0.663526
vt 0.487756 0.748331
vt 0.534096 0.222253
vt 0.537514 0.216322
vt 0.539857 0.220670
vt 0.518859 0.286618
vt 0.538606 0.260249
vt 0.900414 0.666747
vt 0.891398 0.661502
vt 0.685710 0.599048
vt 0.687499 0.599479
vt 0.691065 0.605303
vt 0.553607 0.329965
vt 0.504612 0.042803
vt 0.497706 0.058134
vt 0.491041 0.051904
vt 0.557162 0.276890
vt 0.158448 0.769597
vt 0.155453 0.775723
vt 0.155453 0.762730
vt 0.512818 0.051423
vt 0.828013 0.659477
vt 0.682514 0.591039
vt 0.560435 0.290194
vt 0.544414 0.197412
vt 0.157239 0.531461
vt 0.161018 0.537930
vt 0.157239 0.552681
vt 0.704017 0.589667
vt 0.716667 0.589031
vt 0.703034 0.603860
vt 0.723315 0.601823
vt 0.699612 0.598888
vt 0.356308 0.708016
vt 0.366221 0.717233
vt 0.365638 0.728286
vt 0.537461 0.368279
vt 0.815464 0.661815
vt 0.540200 0.195187
vt 0.689908 0.590817
vt 0.271832 0.697744
vt 0.275928 0.702865
vt 0.271832 0.705221
vt 0.443519 0.507876
vt 0.438102 0.487855
vt 0.327457 0.449832
vt 0.328087 0.473430
vt 0.324416 0.457674
vt 0.353022 0.724804
vt 0.882441 0.645079
vt 0.841018 0.640824
vt 0.155453 0.732821
vt 0.159071 0.738838
vt 0.155453 0.746171
vt 0.483674 0.581000
vt 0.486820 0.565287
vt 0.486781 0.578829
vt 0.484911 0.658174
vt 0.485183 0.626232
vt 0.487234 0.641010
vt 0.667632 0.580129
vt 0.677140 0.584512
vt 0.534173 0.984013
vt 0.548021 0.981821
vt 0.539055 0.994793
vt 0.461090 0.903355
vt 0.455428 0.917648
vt 0.458612 0.899605
vt 0.455428 0.900202
vt 0.830345 0.645146
vt 0.849238 0.635904
vt 0.871602 0.635408
vt 0.540459 0.179326
vt 0.482718 0.634906
vt 0.488462 0.619142
vt 0.530513 0.129475
vt 0.523598 0.107799
vt 0.523484 0.093555
vt 0.487796 0.674692
vt 0.483434 0.672579
vt 0.732091 0.592225
vt 0.746030 0.606625
vt 0.371352 0.715112
vt 0.392183 0.708016
vt 0.416446 0.714594
vt 0.155991 0.803033
vt 0.155991 0.791496
vt 0.158448 0.793781
vt 0.542287 0.174321
vt 0.489368 0.689598
vt 0.684609 0.586041
vt 0.677289 0.578609
vt 0.524529 0.066773
vt 0.523602 0.058737
vt 0.373609 0.719375
vt 0.360981 0.732705
vt 0.546782 0.970123
vt 0.522303 0.075924
vt 0.525238 0.079182
vt 0.705598 0.555552
vt 0.803207 0.595024
vt 0.803207 0.583053
vt 0.820685 0.590242
vt 0.339123 0.737830
vt 0.556951 0.250472
vt 0.902814 0.634356
vt 0.546494 0.178842
vt 0.527521 0.096226
vt 0.527414 0.082816
vt 0.822358 0.608044
vt 0.830391 0.587433
vt 0.831480 0.596084
vt 0.818458 0.602196
vt 0.804763 0.608038
vt 0.375490 0.729255
vt 0.534651 0.993784
vt 0.529484 0.991887
vt 0.891574 0.617782
vt 0.548332 0.194911
vt 0.539008 0.144440
vt 0.666641 0.570778
vt 0.671118 0.578006
vt 0.415926 0.724296
vt 0.341526 0.756759
vt 0.369990 0.741110
vt 0.553747 0.230727
vt 0.881685 0.627172
vt 0.539281 0.968924
vt 0.431674 0.725088
vt 0.528262 0.066488
vt 0.516802 0.971542
vt 0.524231 0.992665
vt 0.567780 0.270754
vt 0.852518 0.612315
vt 0.565111 0.334972
vt 0.570583 0.309386
vt 0.578401 0.320310
vt 0.559673 0.310550
vt 0.839826 0.613045
vt 0.526011 0.044132
vt 0.539205 0.061725
vt 0.517741 0.035174
vt 0.538909 0.031790
vt 0.533109 0.023896
vt 0.388573 0.737864
vt 0.527644 0.070391
vt 0.531641 0.072682
vt 0.546482 0.045896
vt 0.411662 0.738073
vt 0.331342 0.755636
vt 0.431664 0.732865
vt 0.517220 0.993060
vt 0.577550 0.272104
vt 0.877238 0.614057
vt 0.378864 0.740345
vt 0.570014 0.220115
vt 0.717983 0.538584
vt 0.720916 0.556170
vt 0.733565 0.543453
vt 0.678515 0.556087
vt 0.667369 0.571739
vt 0.661994 0.548241
vt 0.548426 0.091427
vt 0.402909 0.746848
vt 0.900828 0.615209
vt 0.682439 0.421988
vt 0.707014 0.420920
vt 0.698214 0.438002
vt 0.703377 0.538630
vt 0.376252 0.745526
vt 0.383133 0.750892
vt 0.511353 0.993685
vt 0.503110 0.981122
vt 0.670405 0.427689
vt 0.668263 0.418454
vt 0.719024 0.417412
vt 0.710643 0.437049
vt 0.676583 0.540236
vt 0.690125 0.540314
vt 0.388870 0.745391
vt 0.556363 0.011558
vt 0.658859 0.420566
vt 0.660130 0.442352
vt 0.684329 0.439547
vt 0.368824 0.758767
vt 0.439852 0.736461
vt 0.325848 0.516616
vt 0.324123 0.504993
vt 0.328571 0.505630
vt 0.328722 0.491178
vt 0.325667 0.489784
vt 0.519258 0.963396
vt 0.503525 0.994269
vt 0.589849 0.267891
vt 0.671765 0.437406
vt 0.696891 0.523655
vt 0.396958 0.750472
vt 0.375301 0.757580
vt 0.558919 0.211787
vt 0.675711 0.524309
vt 0.564984 0.045139
vt 0.337308 0.780363
vt 0.327106 0.477453
vt 0.324123 0.480531
vt 0.579756 0.230928
vt 0.722307 0.435821
vt 0.710682 0.458618
vt 0.713962 0.508056
vt 0.715880 0.525476
vt 0.439354 0.748410
vt 0.586382 0.242423
vt 0.730222 0.412445
vt 0.733345 0.435512
vt 0.673547 0.454665
vt 0.722593 0.461581
vt 0.688957 0.476779
vt 0.698722 0.473401
vt 0.689607 0.509048
vt 0.727907 0.507240
vt 0.352612 0.771688
vt 0.425487 0.749651
vt 0.535729 0.945388
vt 0.525671 0.956163
vt 0.525855 0.946956
vt 0.496923 0.994793
vt 0.746026 0.431081
vt 0.709268 0.490845
vt 0.563928 0.066047
vt 0.330417 0.781204
vt 0.545213 0.932052
vt 0.543970 0.937376
vt 0.533752 0.928512
vt 0.515869 0.966119
vt 0.508884 0.967888
vt 0.662175 0.521303
vt 0.562428 0.022588
vt 0.404051 0.769859
vt 0.344998 0.777161
vt 0.520824 0.951191
vt 0.674637 0.476650
vt 0.725947 0.492065
vt 0.675116 0.496934
vt 0.408334 0.755786
vt 0.538570 0.922862
vt 0.492215 0.981544
vt 0.491041 0.994481
vt 0.576213 0.189720
vt 0.563593 0.190128
vt 0.418382 0.754445
vt 0.525785 0.929840
vt 0.867405 0.160145
vt 0.868096 0.148745
vt 0.870151 0.158785
vt 0.660750 0.467433
vt 0.661908 0.496839
vt 0.749525 0.529042
vt 0.753548 0.519918
vt 0.759883 0.526063
vt 0.754741 0.534610
vt 0.367019 0.769595
vt 0.759992 0.514619
vt 0.747929 0.519030
vt 0.647656 0.526849
vt 0.767232 0.532906
vt 0.560062 0.086434
vt 0.417521 0.758394
vt 0.361252 0.776497
vt 0.379722 0.782914
vt 0.520025 0.935328
vt 0.500309 0.970620
vt 0.587698 0.203198
vt 0.735374 0.460423
vt 0.739226 0.493262
vt 0.536160 0.907734
vt 0.647970 0.444607
vt 0.764807 0.515779
vt 0.743115 0.914523
vt 0.752787 0.924121
vt 0.743831 0.924334
vt 0.434451 0.760125
vt 0.647778 0.486221
vt 0.647990 0.506728
vt 0.568264 0.013225
vt 0.602786 0.202259
vt 0.647656 0.467106
vt 0.424589 0.760294
vt 0.473407 0.456645
vt 0.475780 0.458583
vt 0.474115 0.475938
vt 0.614100 0.202074
vt 0.747366 0.453425
vt 0.748852 0.476824
vt 0.569421 0.022842
vt 0.364406 0.789357
vt 0.339110 0.793019
vt 0.332430 0.794351
vt 0.423549 0.770738
vt 0.476187 0.466870
vt 0.574701 0.080305
vt 0.587035 0.108702
vt 0.744529 0.934750
vt 0.443788 0.759261
vt 0.395588 0.784355
vt 0.569905 0.106474
vt 0.355124 0.782624
vt 0.346843 0.788546
vt 0.507150 0.937174
vt 0.590874 0.178380
vt 0.577958 0.166814
vt 0.592241 0.163676
vt 0.585362 0.065603
vt 0.505740 0.926150
vt 0.601440 0.270312
vt 0.616556 0.236060
vt 0.577316 0.147295
vt 0.574719 0.126524
vt 0.590521 0.135361
vt 0.455958 0.747352
vt 0.456183 0.766587
vt 0.449898 0.757710
vt 0.522490 0.916526
vt 0.532246 0.902133
vt 0.347314 0.805309
vt 0.375440 0.794397
vt 0.420781 0.779297
vt 0.502556 0.929099
vt 0.605477 0.237586
vt 0.539985 0.577695
vt 0.543485 0.599235
vt 0.540627 0.595359
vt 0.446390 0.772991
vt 0.527018 0.905178
vt 0.111657 0.979188
vt 0.118909 0.972687
vt 0.125245 0.984157
vt 0.751863 0.939673
vt 0.750425 0.949376
vt 0.584230 0.001649
vt 0.340359 0.814032
vt 0.380993 0.800756
vt 0.124769 0.967725
vt 0.599213 0.105999
vt 0.589952 0.030147
vt 0.419974 0.787281
vt 0.473407 0.485044
vt 0.474648 0.486238
vt 0.744205 0.945540
vt 0.456759 0.775970
vt 0.603990 0.176829
vt 0.602515 0.134059
vt 0.613581 0.172782
vt 0.460180 0.789752
vt 0.120979 0.993104
vt 0.133357 0.991545
vt 0.743115 0.955024
vt 0.345924 0.828383
vt 0.134795 0.983297
vt 0.134795 0.964137
vt 0.744096 0.962301
vt 0.598772 0.000837
vt 0.611466 0.123376
vt 0.607778 0.074505
vt 0.620517 0.253426
vt 0.628779 0.235077
vt 0.369967 0.581097
vt 0.372966 0.588221
vt 0.361851 0.586486
vt 0.858720 0.934302
vt 0.856471 0.927269
vt 0.863315 0.923672
vt 0.434703 0.805935
vt 0.785495 0.582204
vt 0.788363 0.584101
vt 0.788386 0.596189
vt 0.613602 0.067778
vt 0.603023 0.024502
vt 0.393764 0.836615
vt 0.446609 0.606470
vt 0.448095 0.626397
vt 0.435697 0.623068
vt 0.624812 0.168664
vt 0.986416 0.184916
vt 0.985758 0.193709
vt 0.971186 0.198165
vt 0.624780 0.207965
vt 0.246394 0.689828
vt 0.254031 0.693227
vt 0.245704 0.693052
vt 0.353420 0.838897
vt 0.623980 0.115128
vt 0.456747 0.817984
vt 0.986660 0.178817
vt 0.971750 0.190075
vt 0.634093 0.176470
vt 0.622901 0.043142
vt 0.986660 0.200754
vt 0.973461 0.203186
vt 0.625581 0.147503
vt 0.619881 0.079189
vt 0.611522 0.001361
vt 0.460179 0.800777
vt 0.284596 0.638344
vt 0.288392 0.635855
vt 0.288392 0.651218
vt 0.460323 0.801928
vt 0.436894 0.633936
vt 0.423832 0.625109
vt 0.365558 0.848971
vt 0.630351 0.072528
vt 0.476419 0.546519
vt 0.477159 0.547479
vt 0.476419 0.563087
vt 0.636988 0.163714
vt 0.626098 0.076234
vt 0.638438 0.119994
vt 0.448808 0.648872
vt 0.443190 0.676150
vt 0.639115 0.145131
vt 0.636786 0.214610
vt 0.647459 0.185602
vt 0.447728 0.833457
vt 0.208696 0.670293
vt 0.207503 0.660027
vt 0.215424 0.677359
vt 0.639019 0.074753
vt 0.641427 0.048099
vt 0.627084 0.001597
vt 0.380777 0.855295
vt 0.433120 0.846333
vt 0.635157 0.079329
vt 0.653949 0.116883
vt 0.832421 0.902144
vt 0.805193 0.884936
vt 0.853611 0.886751
vt 0.654643 0.140684
vt 0.652736 0.163163
vt 0.839356 0.207284
vt 0.845235 0.205662
vt 0.848301 0.217630
vt 0.643655 0.072566
vt 0.145110 0.857160
vt 0.145840 0.838243
vt 0.151315 0.845222
vt 0.423264 0.850690
vt 0.398665 0.857153
vt 0.974862 0.103459
vt 0.971285 0.105697
vt 0.971186 0.092298
vt 0.452135 0.702263
vt 0.434868 0.706343
vt 0.430622 0.680503
vt 0.207503 0.699108
vt 0.208185 0.684937
vt 0.216051 0.690572
vt 0.438664 0.895596
vt 0.419787 0.918509
vt 0.420806 0.894952
vt 0.153779 0.833974
vt 0.145110 0.823062
vt 0.777418 0.886068
vt 0.779210 0.899821
vt 0.770686 0.895595
vt 0.724421 0.942617
vt 0.723815 0.948821
vt 0.709918 0.957003
vt 0.768343 0.905149
vt 0.774075 0.911964
vt 0.770683 0.923906
vt 0.773071 0.958986
vt 0.778817 0.972503
vt 0.766503 0.971896
vt 0.723046 0.962540
vt 0.723474 0.956982
vt 0.723689 0.987994
vt 0.724421 0.994430
vt 0.717720 0.993572
vt 0.722782 0.968680
vt 0.722825 0.979933
vt 0.701926 0.973039
vt 0.704620 0.984194
vt 0.701486 0.989368
vt 0.690615 0.977040
vt 0.692908 0.985483
vt 0.297808 0.628188
vt 0.114810 0.637393
vt 0.122290 0.636884
vt 0.114254 0.655949
vt 0.130053 0.649635
vt 0.123728 0.657863
vt 0.301883 0.662208
vt 0.120189 0.623200
vt 0.133882 0.619712
vt 0.140403 0.633000
vt 0.130761 0.613689
vt 0.116485 0.588234
vt 0.126335 0.591899
vt 0.117713 0.593530
vt 0.138626 0.659084
vt 0.462694 0.655990
vt 0.149443 0.647246
vt 0.128365 0.571550
vt 0.133099 0.579626
vt 0.147800 0.658252
vt 0.466527 0.656020
vt 0.143799 0.618813
vt 0.122618 0.779444
vt 0.120793 0.015612
vt 0.152488 0.611672
vt 0.145278 0.586766
vt 0.867363 0.373900
vt 0.114254 0.542269
vt 0.129437 0.549201
vt 0.121506 0.549556
vt 0.142502 0.733302
vt 0.149913 0.638894
vt 0.151241 0.623027
vt 0.150295 0.632025
vt 0.138588 0.014687
vt 0.059520 0.001188
vt 0.143731 0.569619
vt 0.154358 0.603475
vt 0.236436 0.966703
vt 0.961627 0.389988
vt 0.969601 0.384302
vt 0.969601 0.395828
vt 0.867363 0.394118
vt 0.083674 0.102205
vt 0.064279 0.068138
vt 0.048193 0.004700
vt 0.233777 0.976298
vt 0.871804 0.343370
vt 0.123134 0.524100
vt 0.133928 0.527443
vt 0.466403 0.674372
vt 0.137971 0.559443
vt 0.469496 0.678178
vt 0.084373 0.110425
vt 0.047918 0.011081
vt 0.161088 0.019623
vt 0.150832 0.013607
vt 0.233051 0.981770
vt 0.960459 0.399475
vt 0.155315 0.593749
vt 0.046639 0.000837
vt 0.083521 0.120922
vt 0.148331 0.551457
vt 0.199761 0.982004
vt 0.463844 0.675787
vt 0.155566 0.580609
vt 0.082471 0.129006
vt 0.867363 0.343826
vt 0.489368 0.143567
vt 0.485684 0.127874
vt 0.041020 0.043552
vt 0.125668 0.496440
vt 0.123732 0.501582
vt 0.140033 0.546132
vt 0.140783 0.556643
vt 0.489245 0.164033
vt 0.474987 0.119263
vt 0.473610 0.107865
vt 0.034992 0.003368
vt 0.231693 0.992719
vt 0.206348 0.995683
vt 0.131103 0.508373
vt 0.617004 0.977723
vt 0.623083 0.973841
vt 0.616242 0.998301
vt 0.630776 0.980045
vt 0.022318 0.016214
vt 0.150849 0.561561
vt 0.142289 0.530875
vt 0.161403 0.631758
vt 0.161403 0.610960
vt 0.161686 0.622078
vt 0.153809 0.571575
vt 0.487043 0.176165
vt 0.469963 0.111959
vt 0.328573 0.558617
vt 0.328179 0.573304
vt 0.328179 0.548742
vt 0.850528 0.120877
vt 0.160870 0.998163
vt 0.078714 0.148207
vt 0.461773 0.134941
vt 0.454023 0.067801
vt 0.456001 0.041871
vt 0.466696 0.064429
vt 0.176507 0.998936
vt 0.159729 0.631708
vt 0.139439 0.513088
vt 0.068218 0.139670
vt 0.064119 0.130588
vt 0.461957 0.103395
vt 0.442322 0.049556
vt 0.045188 0.131602
vt 0.476414 0.173718
vt 0.468896 0.100926
vt 0.459108 0.092932
vt 0.134715 0.499436
vt 0.142144 0.503963
vt 0.150713 0.539440
vt 0.078218 0.157550
vt 0.482611 0.193364
vt 0.455003 0.096545
vt 0.029979 0.025224
vt 0.616242 0.969718
vt 0.122454 0.667471
vt 0.117691 0.698971
vt 0.464037 0.162667
vt 0.024791 0.010315
vt 0.328260 0.693441
vt 0.326108 0.700442
vt 0.326108 0.685749
vt 0.449283 0.081420
vt 0.450256 0.072907
vt 0.462000 0.069859
vt 0.479234 0.191207
vt 0.443070 0.015482
vt 0.097165 0.198072
vt 0.449482 0.087123
vt 0.446312 0.070627
vt 0.159252 0.613447
vt 0.152453 0.531323
vt 0.115426 0.694924
vt 0.041990 0.145571
vt 0.475813 0.203032
vt 0.114254 0.691610
vt 0.107111 0.196423
vt 0.454454 0.119020
vt 0.149637 0.512614
vt 0.461983 0.187840
vt 0.117051 0.674604
vt 0.159391 0.650763
vt 0.157239 0.652776
vt 0.157239 0.633748
vt 0.038855 0.165709
vt 0.450838 0.147916
vt 0.444961 0.089766
vt 0.437456 0.080951
vt 0.423177 0.002169
vt 0.438529 0.000837
vt 0.145224 0.504910
vt 0.067374 0.176334
vt 0.072518 0.169478
vt 0.453345 0.169543
vt 0.433189 0.084462
vt 0.432680 0.077022
vt 0.826032 0.137806
vt 0.473418 0.227595
vt 0.424346 0.045307
vt 0.043898 0.176661
vt 0.056817 0.200342
vt 0.443656 0.161625
vt 0.410155 0.002867
vt 0.461148 0.234215
vt 0.460449 0.244966
vt 0.433387 0.115311
vt 0.069844 0.200643
vt 0.433727 0.144850
vt 0.446045 0.219925
vt 0.030639 0.184841
vt 0.421748 0.073756
vt 0.444620 0.192113
vt 0.451194 0.236212
vt 0.429061 0.129202
vt 0.056962 0.217724
vt 0.052175 0.211394
vt 0.452325 0.248387
vt 0.288332 0.149878
vt 0.434333 0.198740
vt 0.403433 0.026470
vt 0.426029 0.115674
vt 0.061989 0.225798
vt 0.032195 0.203271
vt 0.447745 0.263535
vt 0.053489 0.219718
vt 0.036501 0.208049
vt 0.025626 0.205335
vt 0.396151 0.005184
vt 0.421279 0.169483
vt 0.415409 0.127233
vt 0.404034 0.068318
vt 0.430897 0.229701
vt 0.398363 0.051894
vt 0.461245 0.324633
vt 0.461162 0.318214
vt 0.473404 0.321686
vt 0.472945 0.314869
vt 0.463334 0.306581
vt 0.465261 0.289271
vt 0.420386 0.150722
vt 0.084915 0.253841
vt 0.455040 0.294066
vt 0.466809 0.280710
vt 0.406096 0.104346
vt 0.063856 0.235463
vt 0.035334 0.218934
vt 0.161611 0.699395
vt 0.916255 0.361047
vt 0.922546 0.356063
vt 0.918722 0.361999
vt 0.391468 0.074222
vt 0.383835 0.028312
vt 0.917341 0.347969
vt 0.451772 0.322121
vt 0.451892 0.306017
vt 0.046427 0.227334
vt 0.439659 0.267341
vt 0.424041 0.195345
vt 0.075885 0.247475
vt 0.390843 0.061007
vt 0.905299 0.772455
vt 0.157831 0.660757
vt 0.916966 0.336216
vt 0.924844 0.336914
vt 0.428746 0.261246
vt 0.422231 0.221778
vt 0.936209 0.359073
vt 0.992009 0.257303
vt 0.063112 0.246561
vt 0.245776 0.238449
vt 0.904026 0.842394
vt 0.905891 0.870015
vt 0.897184 0.846590
vt 0.801485 0.850244
vt 0.916255 0.323759
vt 0.447125 0.301127
vt 0.379548 0.045112
vt 0.381769 0.018110
vt 0.891678 0.754745
vt 0.894569 0.785359
vt 0.115379 0.261352
vt 0.436446 0.279477
vt 0.418453 0.197804
vt 0.405697 0.166689
vt 0.401816 0.139795
vt 0.396822 0.121180
vt 0.890387 0.875741
vt 0.892901 0.869691
vt 0.909388 0.880324
vt 0.976140 0.253719
vt 0.385556 0.086428
vt 0.920394 0.321801
vt 0.428581 0.278368
vt 0.891877 0.768067
vt 0.887837 0.777780
vt 0.889205 0.859042
vt 0.938305 0.400128
vt 0.936585 0.392871
vt 0.941012 0.384302
vt 0.943402 0.400391
vt 0.444310 0.317958
vt 0.442328 0.308937
vt 0.441570 0.288768
vt 0.227778 0.309651
vt 0.939389 0.335711
vt 0.944340 0.347461
vt 0.265940 0.631530
vt 0.251308 0.610363
vt 0.265520 0.608803
vt 0.386813 0.104197
vt 0.884717 0.849207
vt 0.881117 0.842609
vt 0.799838 0.829569
vt 0.838557 0.199026
vt 0.062005 0.263711
vt 0.431151 0.283018
vt 0.406104 0.195236
vt 0.177911 0.610908
vt 0.163677 0.611949
vt 0.164093 0.584864
vt 0.178066 0.631093
vt 0.163489 0.631005
vt 0.369634 0.017593
vt 0.908038 0.334424
vt 0.801485 0.822415
vt 0.932879 0.400391
vt 0.059962 0.252853
vt 0.055761 0.255748
vt 0.406280 0.231887
vt 0.944245 0.364433
vt 0.400964 0.220672
vt 0.252252 0.581430
vt 0.266251 0.581454
vt 0.251424 0.642067
vt 0.251600 0.630010
vt 0.166876 0.649993
vt 0.264842 0.893117
vt 0.254498 0.905729
vt 0.242022 0.891796
vt 0.847946 0.192977
vt 0.797187 0.828417
vt 0.051214 0.269723
vt 0.050661 0.253812
vt 0.426795 0.301093
vt 0.436209 0.309709
vt 0.252864 0.558438
vt 0.265966 0.558318
vt 0.177066 0.566977
vt 0.164163 0.556708
vt 0.177742 0.593744
vt 0.913946 0.349112
vt 0.117168 0.287233
vt 0.415312 0.261692
vt 0.413855 0.244284
vt 0.184771 0.654766
vt 0.359815 0.048799
vt 0.877393 0.796336
vt 0.876730 0.836893
vt 0.202964 0.680918
vt 0.055516 0.269892
vt 0.176975 0.552427
vt 0.239125 0.581006
vt 0.190495 0.600552
vt 0.190932 0.620837
vt 0.238412 0.615280
vt 0.371722 0.089700
vt 0.438000 0.332935
vt 0.433872 0.322916
vt 0.040116 0.260743
vt 0.191087 0.578524
vt 0.270551 0.907927
vt 0.303154 0.900832
vt 0.367736 0.070751
vt 0.793621 0.836191
vt 0.798025 0.817674
vt 0.952927 0.364717
vt 0.952673 0.381953
vt 0.446223 0.363759
vt 0.434152 0.352717
vt 0.451518 0.354412
vt 0.446985 0.341881
vt 0.060444 0.273970
vt 0.416476 0.291078
vt 0.266965 0.537591
vt 0.225663 0.611902
vt 0.191482 0.641694
vt 0.204026 0.340427
vt 0.360327 0.034561
vt 0.949712 0.337983
vt 0.953621 0.373494
vt 0.197268 0.673235
vt 0.164743 0.531406
vt 0.190083 0.557623
vt 0.226067 0.580199
vt 0.238888 0.637655
vt 0.242022 0.991753
vt 0.255213 0.977523
vt 0.263154 0.993595
vt 0.871299 0.827003
vt 0.946641 0.332255
vt 0.934650 0.329964
vt 0.427001 0.314582
vt 0.177524 0.535686
vt 0.240002 0.556641
vt 0.202892 0.600896
vt 0.202752 0.581352
vt 0.213711 0.587394
vt 0.213673 0.621240
vt 0.202276 0.626004
vt 0.226405 0.634410
vt 0.094891 0.293622
vt 0.426956 0.335614
vt 0.245647 0.535895
vt 0.203081 0.645655
vt 0.250470 0.919068
vt 0.871222 0.803600
vt 0.882553 0.343488
vt 0.307426 0.661810
vt 0.309814 0.671839
vt 0.305639 0.670296
vt 0.324123 0.547068
vt 0.327362 0.545337
vt 0.328573 0.547068
vt 0.081791 0.295062
vt 0.405825 0.287563
vt 0.262619 0.511561
vt 0.201585 0.559313
vt 0.268276 0.920500
vt 0.864827 0.809652
vt 0.888825 0.348596
vt 0.308575 0.636629
vt 0.305639 0.634503
vt 0.306715 0.628189
vt 0.311184 0.663887
vt 0.205829 0.660027
vt 0.227316 0.557058
vt 0.214063 0.557875
vt 0.213667 0.647483
vt 0.226603 0.650570
vt 0.864783 0.821770
vt 0.954557 0.348661
vt 0.310520 0.655901
vt 0.473407 0.453201
vt 0.476366 0.439335
vt 0.474558 0.454971
vt 0.431141 0.367712
vt 0.062771 0.280279
vt 0.105102 0.301134
vt 0.898190 0.175546
vt 0.888368 0.203895
vt 0.189892 0.537883
vt 0.262888 0.932812
vt 0.253267 0.955881
vt 0.265330 0.964467
vt 0.245858 0.966346
vt 0.200182 0.658354
vt 0.356601 0.026061
vt 0.977184 0.980233
vt 0.968001 0.967228
vt 0.307585 0.645904
vt 0.433758 0.381223
vt 0.422293 0.337682
vt 0.403249 0.331736
vt 0.398185 0.325725
vt 0.229978 0.539329
vt 0.212031 0.540423
vt 0.299066 0.913937
vt 0.324670 0.518290
vt 0.064121 0.288576
vt 0.201609 0.541565
vt 0.398839 0.280057
vt 0.393632 0.261624
vt 0.385316 0.246836
vt 0.276457 0.935356
vt 0.257623 0.945680
vt 0.286069 0.983201
vt 0.859532 0.809704
vt 0.855285 0.813551
vt 0.422134 0.381813
vt 0.417358 0.349729
vt 0.180942 0.508418
vt 0.341469 0.055979
vt 0.350321 0.040906
vt 0.347623 0.032149
vt 0.422078 0.362393
vt 0.232429 0.513253
vt 0.278550 0.949830
vt 0.288251 0.925884
vt 0.883136 0.363473
vt 0.473406 0.426020
vt 0.157645 0.980093
vt 0.141428 0.993046
vt 0.141428 0.964137
vt 0.287311 0.967338
vt 0.310858 0.913816
vt 0.867289 0.804169
vt 0.875015 0.350414
vt 0.675687 0.944382
vt 0.688941 0.942617
vt 0.681027 0.955918
vt 0.171237 0.502959
vt 0.189040 0.342152
vt 0.421027 0.386818
vt 0.063337 0.295903
vt 0.147060 0.990382
vt 0.188183 0.507299
vt 0.196576 0.507890
vt 0.315603 0.951297
vt 0.304038 0.918857
vt 0.674034 0.400397
vt 0.281760 0.625666
vt 0.755943 0.879447
vt 0.755943 0.893385
vt 0.751792 0.889438
vt 0.980688 0.931769
vt 0.474730 0.425848
vt 0.416888 0.367626
vt 0.388121 0.320641
vt 0.347659 0.083685
vt 0.895076 0.398532
vt 0.411647 0.351672
vt 0.312495 0.968724
vt 0.217725 0.685817
vt 0.231849 0.694429
vt 0.219745 0.702879
vt 0.213800 0.508275
vt 0.310755 0.930835
vt 0.061406 0.303228
vt 0.392237 0.303884
vt 0.441301 0.951568
vt 0.453920 0.974378
vt 0.441301 0.989394
vt 0.334234 0.044652
vt 0.065947 0.319082
vt 0.408406 0.357952
vt 0.308201 0.919042
vt 0.674034 0.389464
vt 0.319386 0.684075
vt 0.315586 0.679457
vt 0.319419 0.674810
vt 0.313633 0.676837
vt 0.688941 0.981412
vt 0.676290 0.980306
vt 0.668190 0.962448
vt 0.955546 0.940273
vt 0.078094 0.332664
vt 0.321387 0.529785
vt 0.313633 0.552593
vt 0.318393 0.527915
vt 0.319677 0.547132
vt 0.317267 0.555831
vt 0.316516 0.669449
vt 0.473499 0.419010
vt 0.968099 0.379664
vt 0.675708 0.389463
vt 0.680868 0.396898
vt 0.675708 0.399233
vt 0.058375 0.307727
vt 0.380743 0.304107
vt 0.315645 0.434456
vt 0.318817 0.481151
vt 0.314068 0.424870
vt 0.313633 0.447524
vt 0.314961 0.477162
vt 0.322525 0.654663
vt 0.943483 0.922858
vt 0.942014 0.937990
vt 0.983358 0.897466
vt 0.980126 0.907232
vt 0.473968 0.412587
vt 0.410292 0.378330
vt 0.974581 0.380008
vt 0.097365 0.327170
vt 0.374840 0.273203
vt 0.230694 0.494416
vt 0.317538 0.422781
vt 0.318704 0.654269
vt 0.317691 0.931092
vt 0.330417 0.065723
vt 0.647656 0.971131
vt 0.224316 0.667240
vt 0.185272 0.480859
vt 0.201013 0.494591
vt 0.316204 0.413796
vt 0.322449 0.494669
vt 0.311092 0.986742
vt 0.979931 0.728358
vt 0.979445 0.740275
vt 0.968745 0.728358
vt 0.328232 0.652372
vt 0.326985 0.654608
vt 0.326985 0.642682
vt 0.406312 0.362447
vt 0.462541 0.501665
vt 0.322161 0.625943
vt 0.313633 0.557505
vt 0.318004 0.563988
vt 0.318690 0.621790
vt 0.324907 0.641771
vt 0.310859 0.916984
vt 0.324010 0.933563
vt 0.318759 0.941705
vt 0.051084 0.323705
vt 0.053676 0.310914
vt 0.746188 0.901891
vt 0.744823 0.912849
vt 0.743115 0.891931
vt 0.319100 0.440639
vt 0.474733 0.583848
vt 0.474349 0.565287
vt 0.478470 0.584733
vt 0.169302 0.354032
vt 0.048859 0.306384
vt 0.038024 0.317106
vt 0.047258 0.299699
vt 0.386584 0.361403
vt 0.409104 0.334281
vt 0.369765 0.303604
vt 0.478208 0.595821
vt 0.682168 0.981273
vt 0.677360 0.992775
vt 0.260999 0.702194
vt 0.266872 0.691197
vt 0.266872 0.706225
vt 0.051117 0.310675
vt 0.386624 0.344560
vt 0.171430 0.476004
vt 0.233118 0.482309
vt 0.967392 0.897131
vt 0.197072 0.478907
vt 0.473846 0.598472
vt 0.326870 0.939854
vt 0.955787 0.889363
vt 0.963194 0.881997
vt 0.946441 0.904782
vt 0.747462 0.882582
vt 0.214535 0.457179
vt 0.744784 0.870447
vt 0.476690 0.606188
vt 0.480220 0.614572
vt 0.316498 0.705334
vt 0.313633 0.698677
vt 0.324435 0.705125
vt 0.323008 0.689720
vt 0.324435 0.685749
vt 0.231849 0.660027
vt 0.473541 0.613007
vt 0.681182 0.998786
vt 0.179332 0.459703
vt 0.657569 0.994550
vt 0.374818 0.342248
vt 0.369513 0.334264
vt 0.981935 0.802051
vt 0.973665 0.794668
vt 0.984082 0.766863
vt 0.475195 0.619977
vt 0.050544 0.345291
vt 0.478874 0.629700
vt 0.060006 0.347943
vt 0.196157 0.456557
vt 0.163489 0.447916
vt 0.747439 0.854788
vt 0.750119 0.867667
vt 0.039536 0.356295
vt 0.972596 0.779005
vt 0.743115 0.845479
vt 0.476434 0.636026
vt 0.094119 0.358876
vt 0.368802 0.372736
vt 0.178637 0.445719
vt 0.232997 0.466732
vt 0.743333 0.830181
vt 0.249720 0.451524
vt 0.746559 0.837355
vt 0.481044 0.642814
vt 0.206182 0.131959
vt 0.971242 0.767965
vt 0.081287 0.365714
vt 0.360884 0.332889
vt 0.195932 0.445940
vt 0.232334 0.455585
vt 0.480300 0.660881
vt 0.477396 0.660976
vt 0.356341 0.320463
vt 0.982495 0.761351
vt 0.971242 0.753606
vt 0.987278 0.767110
vt 0.367246 0.364768
vt 0.982336 0.755668
vt 0.473541 0.679713
vt 0.743975 0.817674
vt 0.026881 0.360638
vt 0.029261 0.322977
vt 0.260999 0.660027
vt 0.215352 0.445595
vt 0.196533 0.428577
vt 0.366792 0.393529
vt 0.358711 0.361413
vt 0.165839 0.427807
vt 0.351829 0.352847
vt 0.345754 0.330974
vt 0.182958 0.422543
vt 0.215740 0.428965
vt 0.100495 0.659397
vt 0.345712 0.384450
vt 0.013915 0.666210
vt 0.348932 0.343674
vt 0.352089 0.399583
vt 0.339873 0.366455
vt 0.167861 0.413796
vt 0.201898 0.725037
vt 0.192849 0.708016
vt 0.199331 0.713464
vt 0.198226 0.415308
vt 0.102254 0.646977
vt 0.209218 0.721498
vt 0.187773 0.730268
vt 0.175275 0.718413
vt 0.334176 0.350216
vt 0.214450 0.415439
vt 0.103167 0.630436
vt 0.929228 0.740524
vt 0.918025 0.744120
vt 0.918025 0.725854
vt 0.359674 0.410913
vt 0.103389 0.616793
vt 0.167578 0.729548
vt 0.163139 0.725478
vt 0.336966 0.357876
vt 0.106528 0.415509
vt 0.789505 0.723305
vt 0.798599 0.711640
vt 0.801485 0.723847
vt 0.051886 0.413939
vt 0.786744 0.708631
vt 0.796055 0.698578
vt 0.225142 0.725905
vt 0.221160 0.737654
vt 0.189752 0.735077
vt 0.930902 0.725854
vt 0.938704 0.734898
vt 0.930902 0.744009
vt 0.899863 0.184301
vt 0.906989 0.185830
vt 0.899874 0.190112
vt 0.031863 0.409286
vt 0.330417 0.341154
vt 0.947319 0.768238
vt 0.200218 0.735179
vt 0.790890 0.737405
vt 0.816963 0.083703
vt 0.784230 0.695560
vt 0.793521 0.681819
vt 0.245484 0.743799
vt 0.238204 0.729179
vt 0.168834 0.743655
vt 0.967177 0.608940
vt 0.981476 0.594419
vt 0.981570 0.608940
vt 0.917945 0.182815
vt 0.037739 0.419032
vt 0.013547 0.299565
vt 0.861229 0.595133
vt 0.866087 0.606126
vt 0.855586 0.600435
vt 0.919493 0.195636
vt 0.254511 0.734784
vt 0.215993 0.746616
vt 0.183197 0.748639
vt 0.160870 0.733039
vt 0.930533 0.529056
vt 0.919735 0.522482
vt 0.020755 0.401183
vt 0.006770 0.409855
vt 0.780941 0.664251
vt 0.792072 0.659500
vt 0.791453 0.643466
vt 0.780905 0.644391
vt 0.790283 0.629421
vt 0.273145 0.741347
vt 0.264792 0.751941
vt 0.010068 0.391373
vt 0.779405 0.687516
vt 0.226065 0.748458
vt 0.001267 0.381897
vt 0.781405 0.629049
vt 0.788469 0.612315
vt 0.209061 0.750674
vt 0.174694 0.755721
vt 0.980969 0.404267
vt 0.974529 0.417290
vt 0.967763 0.405495
vt 0.778278 0.724158
vt 0.925914 0.868660
vt 0.937419 0.852488
vt 0.937395 0.867244
vt 0.908670 0.173151
vt 0.923261 0.163367
vt 0.855096 0.583788
vt 0.964097 0.595167
vt 0.012990 0.420563
vt 0.776267 0.615684
vt 0.059461 0.515797
vt 0.247841 0.754352
vt 0.799265 0.094476
vt 0.771122 0.708203
vt 0.083319 0.525558
vt 0.192152 0.756725
vt 0.931940 0.172351
vt 0.922680 0.539716
vt 0.956504 0.585863
vt 0.016472 0.429305
vt 0.772022 0.735739
vt 0.769680 0.728293
vt 0.278992 0.758421
vt 0.290227 0.748578
vt 0.956687 0.594981
vt 0.105019 0.452634
vt 0.079944 0.455161
vt 0.042890 0.455414
vt 0.771987 0.698029
vt 0.770863 0.671145
vt 0.770074 0.658000
vt 0.099984 0.508966
vt 0.931205 0.383626
vt 0.923895 0.396644
vt 0.916255 0.392641
vt 0.867862 0.583788
vt 0.987841 0.420845
vt 0.914405 0.531832
vt 0.794450 0.084628
vt 0.769378 0.650449
vt 0.920373 0.854134
vt 0.264618 0.761126
vt 0.224186 0.774706
vt 0.766612 0.743900
vt 0.767556 0.717822
vt 0.755986 0.701677
vt 0.756830 0.689391
vt 0.769476 0.642616
vt 0.311315 0.757647
vt 0.207246 0.767341
vt 0.966934 0.422030
vt 0.327078 0.598741
vt 0.327078 0.619641
vt 0.326881 0.609540
vt 0.957646 0.731601
vt 0.966396 0.737668
vt 0.957646 0.744009
vt 0.033645 0.457446
vt 0.967072 0.728358
vt 0.761496 0.723110
vt 0.767078 0.615836
vt 0.298294 0.769351
vt 0.236065 0.768030
vt 0.176134 0.761535
vt 0.948043 0.198727
vt 0.948043 0.181161
vt 0.958974 0.187971
vt 0.947155 0.420720
vt 0.942927 0.429473
vt 0.945898 0.412332
vt 0.939107 0.413750
vt 0.917622 0.867342
vt 0.275017 0.766376
vt 0.931205 0.400391
vt 0.908555 0.540291
vt 0.956152 0.430137
vt 0.741983 0.740421
vt 0.754801 0.732484
vt 0.753443 0.709387
vt 0.756648 0.672213
vt 0.759865 0.647918
vt 0.735892 0.936165
vt 0.741441 0.932893
vt 0.286361 0.772874
vt 0.899863 0.141341
vt 0.910509 0.154506
vt 0.907618 0.155609
vt 0.963817 0.191183
vt 0.936968 0.166830
vt 0.950939 0.432489
vt 0.760258 0.813597
vt 0.748585 0.799018
vt 0.761969 0.797632
vt 0.747181 0.716312
vt 0.939107 0.599057
vt 0.950935 0.598053
vt 0.944533 0.609951
vt 0.941736 0.585226
vt 0.953605 0.581976
vt 0.954623 0.560417
vt 0.322278 0.777365
vt 0.244025 0.777879
vt 0.179759 0.771914
vt 0.176027 0.763029
vt 0.123781 0.823062
vt 0.114254 0.823895
vt 0.024241 0.467238
vt 0.025883 0.461680
vt 0.605503 0.922407
vt 0.613751 0.932927
vt 0.605503 0.938526
vt 0.944429 0.558918
vt 0.927585 0.149660
vt 0.991483 0.427595
vt 0.971155 0.431411
vt 0.942920 0.571066
vt 0.086889 0.503664
vt 0.112581 0.516321
vt 0.917659 0.148375
vt 0.471682 0.648434
vt 0.471682 0.636765
vt 0.471733 0.641972
vt 0.747788 0.643802
vt 0.278653 0.776355
vt 0.194639 0.777309
vt 0.932425 0.147660
vt 0.945081 0.149382
vt 0.746489 0.815509
vt 0.024454 0.472774
vt 0.748334 0.705898
vt 0.750482 0.658811
vt 0.059897 0.496440
vt 0.305292 0.777328
vt 0.182239 0.777283
vt 0.122863 0.850537
vt 0.114254 0.852775
vt 0.034635 0.486176
vt 0.757111 0.765503
vt 0.746286 0.677119
vt 0.750051 0.649668
vt 0.749947 0.636778
vt 0.757708 0.619961
vt 0.745043 0.728310
vt 0.746128 0.672338
vt 0.290724 0.780883
vt 0.272637 0.785417
vt 0.980350 0.438664
vt 0.951161 0.444940
vt 0.750292 0.781457
vt 0.230191 0.788218
vt 0.921636 0.144215
vt 0.279801 0.651525
vt 0.269019 0.652213
vt 0.268638 0.635855
vt 0.863950 0.578933
vt 0.871544 0.567956
vt 0.880234 0.580530
vt 0.945129 0.441733
vt 0.736212 0.798504
vt 0.743772 0.619925
vt 0.977165 0.447063
vt 0.741545 0.701128
vt 0.741513 0.666975
vt 0.741374 0.656196
vt 0.736950 0.816000
vt 0.735960 0.706798
vt 0.919571 0.709562
vt 0.930656 0.721828
vt 0.918025 0.724181
vt 0.253125 0.790674
vt 0.735240 0.783590
vt 0.328743 0.800635
vt 0.307178 0.796510
vt 0.184704 0.787959
vt 0.142845 0.828002
vt 0.973257 0.456812
vt 0.737674 0.696051
vt 0.739745 0.636665
vt 0.919413 0.695488
vt 0.861705 0.572402
vt 0.882591 0.584366
vt 0.883802 0.606126
vt 0.876208 0.595153
vt 0.869535 0.606126
vt 0.733701 0.642586
vt 0.938197 0.667795
vt 0.922601 0.668507
vt 0.236000 0.799520
vt 0.926844 0.135004
vt 0.941075 0.131288
vt 0.734197 0.766570
vt 0.729858 0.703622
vt 0.919010 0.641206
vt 0.326006 0.789595
vt 0.186898 0.798350
vt 0.987063 0.447593
vt 0.735163 0.720859
vt 0.730137 0.709917
vt 0.725835 0.635465
vt 0.939545 0.691956
vt 0.949420 0.012151
vt 0.948043 0.000837
vt 0.957794 0.004512
vt 0.973367 0.017810
vt 0.971268 0.003385
vt 0.622174 0.968044
vt 0.638275 0.953678
vt 0.634854 0.967368
vt 0.722716 0.780770
vt 0.722870 0.770531
vt 0.731959 0.688636
vt 0.938418 0.643478
vt 0.626505 0.950153
vt 0.990566 0.457506
vt 0.945851 0.459808
vt 0.724071 0.758649
vt 0.839356 0.382681
vt 0.865689 0.392216
vt 0.845493 0.400383
vt 0.293244 0.796235
vt 0.962032 0.019486
vt 0.967008 0.460354
vt 0.722489 0.815058
vt 0.722741 0.787619
vt 0.712941 0.656140
vt 0.727201 0.619807
vt 0.282917 0.665372
vt 0.723226 0.744964
vt 0.728405 0.698505
vt 0.712519 0.666454
vt 0.941853 0.719877
vt 0.290657 0.817198
vt 0.977438 0.471379
vt 0.718876 0.797802
vt 0.939802 0.615225
vt 0.918025 0.612315
vt 0.249395 0.807727
vt 0.932026 0.126104
vt 0.950421 0.020907
vt 0.271690 0.665405
vt 0.839630 0.606380
vt 0.841776 0.596147
vt 0.845718 0.596551
vt 0.614740 0.777658
vt 0.610905 0.787890
vt 0.610905 0.774992
vt 0.837510 0.590517
vt 0.703520 0.930704
vt 0.272420 0.814960
vt 0.863164 0.369628
vt 0.845718 0.583053
vt 0.707829 0.641711
vt 0.281920 0.671693
vt 0.719353 0.710540
vt 0.836646 0.594610
vt 0.715705 0.699688
vt 0.718472 0.772528
vt 0.715180 0.720240
vt 0.716232 0.673123
vt 0.958489 0.692671
vt 0.269027 0.678189
vt 0.837781 0.577969
vt 0.711754 0.765606
vt 0.715836 0.704457
vt 0.721100 0.688349
vt 0.724684 0.684721
vt 0.715270 0.680437
vt 0.949197 0.614364
vt 0.305540 0.822617
vt 0.963682 0.036502
vt 0.630393 0.933274
vt 0.639523 0.947427
vt 0.709283 0.780850
vt 0.324768 0.815214
vt 0.183035 0.811037
vt 0.951772 0.028898
vt 0.975529 0.032014
vt 0.280048 0.680508
vt 0.951644 0.479043
vt 0.841040 0.368764
vt 0.711951 0.708368
vt 0.715767 0.688467
vt 0.957235 0.642204
vt 0.701818 0.813206
vt 0.704068 0.796278
vt 0.709793 0.740492
vt 0.714748 0.714206
vt 0.718450 0.696001
vt 0.718197 0.691212
vt 0.707693 0.619831
vt 0.180791 0.818154
vt 0.618781 0.935583
vt 0.616242 0.948370
vt 0.953219 0.037076
vt 0.641642 0.938692
vt 0.969465 0.482270
vt 0.955557 0.649016
vt 0.954999 0.667338
vt 0.989007 0.467225
vt 0.944076 0.482831
vt 0.455428 0.933526
vt 0.455428 0.919322
vt 0.460332 0.930379
vt 0.458936 0.922062
vt 0.236793 0.822581
vt 0.222972 0.823509
vt 0.831966 0.568240
vt 0.982798 0.478138
vt 0.710401 0.690527
vt 0.257097 0.819936
vt 0.619929 0.928288
vt 0.697228 0.777134
vt 0.703577 0.714062
vt 0.706063 0.684107
vt 0.706598 0.670985
vt 0.964823 0.719927
vt 0.956976 0.720089
vt 0.953120 0.042662
vt 0.693604 0.771020
vt 0.706865 0.702650
vt 0.974888 0.850899
vt 0.963131 0.614488
vt 0.856624 0.357774
vt 0.704255 0.636239
vt 0.675049 0.323924
vt 0.268638 0.696070
vt 0.976332 0.484886
vt 0.698628 0.770387
vt 0.845576 0.354131
vt 0.703095 0.656105
vt 0.697138 0.619462
vt 0.301425 0.828861
vt 0.289551 0.823919
vt 0.284319 0.828156
vt 0.824426 0.563271
vt 0.689399 0.810435
vt 0.718844 0.035969
vt 0.865689 0.355359
vt 0.698799 0.707984
vt 0.702158 0.697216
vt 0.705294 0.693920
vt 0.971456 0.692652
vt 0.973613 0.641815
vt 0.322584 0.822757
vt 0.274075 0.833941
vt 0.619174 0.921089
vt 0.962758 0.052858
vt 0.645982 0.919875
vt 0.692855 0.794572
vt 0.611896 0.940199
vt 0.611896 0.953840
vt 0.605503 0.946968
vt 0.937382 0.584366
vt 0.937382 0.598500
vt 0.930087 0.591094
vt 0.990142 0.709001
vt 0.978314 0.050980
vt 0.819915 0.578800
vt 0.682794 0.739934
vt 0.696178 0.732504
vt 0.970712 0.489530
vt 0.686376 0.751093
vt 0.711591 0.089620
vt 0.704194 0.645352
vt 0.290172 0.835847
vt 0.250732 0.841721
vt 0.177514 0.824883
vt 0.696817 0.671725
vt 0.693135 0.631589
vt 0.988744 0.718068
vt 0.310817 0.843257
vt 0.951233 0.054131
vt 0.948043 0.057756
vt 0.633059 0.914310
vt 0.947693 0.496706
vt 0.941648 0.494145
vt 0.695475 0.652767
vt 0.695429 0.696542
vt 0.671928 0.937760
vt 0.683211 0.940943
vt 0.981045 0.614862
vt 0.684748 0.339299
vt 0.618142 0.912517
vt 0.819825 0.557938
vt 0.678999 0.776830
vt 0.852877 0.343370
vt 0.207337 0.850078
vt 0.191039 0.843687
vt 0.616242 0.911188
vt 0.674424 0.805802
vt 0.680014 0.790181
vt 0.468700 0.887850
vt 0.482934 0.893323
vt 0.462833 0.899048
vt 0.477547 0.681386
vt 0.481044 0.686425
vt 0.481044 0.790226
vt 0.992883 0.666521
vt 0.991564 0.693937
vt 0.173261 0.835177
vt 0.644901 0.909320
vt 0.964336 0.505106
vt 0.476768 0.791900
vt 0.482569 0.806656
vt 0.462833 0.801518
vt 0.006828 0.832846
vt 0.023477 0.847030
vt 0.003827 0.840934
vt 0.687542 0.721439
vt 0.683323 0.667927
vt 0.687403 0.344223
vt 0.263007 0.839226
vt 0.226672 0.849187
vt 0.216557 0.851073
vt 0.620786 0.904859
vt 0.950714 0.061593
vt 0.962535 0.063262
vt 0.016062 0.733616
vt 0.000837 0.738381
vt 0.685028 0.649063
vt 0.685379 0.637949
vt 0.988338 0.627645
vt 0.171341 0.843220
vt 0.633084 0.904257
vt 0.132941 0.960208
vt 0.144162 0.956432
vt 0.603829 0.904167
vt 0.603055 0.971829
vt 0.603829 0.979768
vt 0.468327 0.812817
vt 0.680310 0.696140
vt 0.680940 0.688851
vt 0.685656 0.628623
vt 0.455428 0.892567
vt 0.461126 0.879370
vt 0.461126 0.897932
vt 0.990312 0.641642
vt 0.266682 0.846992
vt 0.976287 0.062818
vt 0.783262 0.592876
vt 0.773010 0.597726
vt 0.783821 0.582204
vt 0.150439 0.962463
vt 0.946377 0.508053
vt 0.602182 0.961642
vt 0.478570 0.871754
vt 0.470246 0.879957
vt 0.682048 0.711014
vt 0.986524 0.615461
vt 0.704916 0.351182
vt 0.245103 0.844898
vt 0.953287 0.505895
vt 0.939107 0.506800
vt 0.157645 0.962189
vt 0.472262 0.869863
vt 0.486014 0.825366
vt 0.466758 0.770415
vt 0.008122 0.826224
vt 0.035989 0.826347
vt 0.681444 0.615303
vt 0.687987 0.614210
vt 0.292499 0.851130
vt 0.643945 0.871049
vt 0.633546 0.867948
vt 0.587245 0.917375
vt 0.471979 0.829662
vt 0.470506 0.823529
vt 0.484989 0.882092
vt 0.473713 0.711858
vt 0.673489 0.720878
vt 0.660688 0.922463
vt 0.960533 0.073820
vt 0.643666 0.763163
vt 0.587527 0.940868
vt 0.479676 0.850354
vt 0.472994 0.850190
vt 0.464968 0.713854
vt 0.034112 0.850789
vt 0.673778 0.723703
vt 0.675257 0.628241
vt 0.965159 0.314273
vt 0.972017 0.293452
vt 0.973698 0.312389
vt 0.875015 0.313467
vt 0.876488 0.295532
vt 0.886791 0.315984
vt 0.645982 0.859350
vt 0.587001 0.952219
vt 0.009522 0.815629
vt 0.672388 0.697478
vt 0.900381 0.279716
vt 0.275886 0.857813
vt 0.250997 0.852740
vt 0.626979 0.896036
vt 0.783821 0.607406
vt 0.622670 0.865226
vt 0.625416 0.875640
vt 0.645982 0.776988
vt 0.587115 0.930051
vt 0.486860 0.872277
vt 0.026030 0.789013
vt 0.009106 0.777763
vt 0.031071 0.727684
vt 0.672615 0.664906
vt 0.672769 0.645985
vt 0.949178 0.300781
vt 0.951078 0.317891
vt 0.235169 0.857706
vt 0.970742 0.076593
vt 0.641485 0.895232
vt 0.643627 0.795790
vt 0.487671 0.849608
vt 0.462833 0.738128
vt 0.041421 0.723579
vt 0.042295 0.737729
vt 0.042463 0.844241
vt 0.050781 0.857456
vt 0.648063 0.906525
vt 0.924813 0.320127
vt 0.900298 0.318884
vt 0.644929 0.848269
vt 0.643797 0.839988
vt 0.647656 0.921602
vt 0.727477 0.358939
vt 0.185686 0.861449
vt 0.167352 0.853833
vt 0.162556 0.862874
vt 0.160973 0.845155
vt 0.630499 0.887520
vt 0.671631 0.683274
vt 0.924560 0.304484
vt 0.970385 0.276387
vt 0.180705 0.864900
vt 0.771870 0.610549
vt 0.620509 0.858544
vt 0.643157 0.817960
vt 0.044026 0.789011
vt 0.045117 0.829146
vt 0.666387 0.627130
vt 0.877514 0.272322
vt 0.969479 0.261664
vt 0.968798 0.246150
vt 0.246076 0.867003
vt 0.210465 0.861680
vt 0.684617 0.114073
vt 0.667704 0.691069
vt 0.668522 0.612315
vt 0.947988 0.279077
vt 0.737055 0.361810
vt 0.834602 0.362167
vt 0.959810 0.083135
vt 0.111971 0.856074
vt 0.617404 0.843056
vt 0.044977 0.758939
vt 0.049437 0.717528
vt 0.053381 0.741981
vt 0.995858 0.020120
vt 0.979987 0.012978
vt 0.983373 0.000837
vt 0.663185 0.706047
vt 0.664494 0.641356
vt 0.607118 0.851407
vt 0.048194 0.822222
vt 0.056059 0.837604
vt 0.057890 0.730475
vt 0.996060 0.022939
vt 0.663220 0.653150
vt 0.598957 0.813854
vt 0.597395 0.850942
vt 0.600898 0.868030
vt 0.229990 0.871633
vt 0.584406 0.875457
vt 0.592434 0.880719
vt 0.580929 0.890207
vt 0.592547 0.794962
vt 0.595927 0.782026
vt 0.592076 0.864068
vt 0.924270 0.278232
vt 0.877767 0.262559
vt 0.632638 0.883407
vt 0.743910 0.963975
vt 0.755473 0.978768
vt 0.743115 0.978768
vt 0.616738 0.818057
vt 0.979987 0.036156
vt 0.980317 0.026526
vt 0.661516 0.670547
vt 0.578198 0.881021
vt 0.567909 0.896123
vt 0.582071 0.770256
vt 0.216202 0.874751
vt 0.197335 0.869710
vt 0.916407 0.584366
vt 0.928414 0.595206
vt 0.916407 0.603142
vt 0.672492 0.114022
vt 0.563536 0.888651
vt 0.556580 0.898960
vt 0.569638 0.764380
vt 0.569733 0.886504
vt 0.878077 0.253205
vt 0.901090 0.247430
vt 0.960709 0.090624
vt 0.629170 0.877313
vt 0.616656 0.806264
vt 0.069263 0.733629
vt 0.658729 0.684457
vt 0.539126 0.900460
vt 0.535780 0.889509
vt 0.555219 0.760308
vt 0.562848 0.771741
vt 0.549133 0.769923
vt 0.554323 0.889737
vt 0.161403 0.646232
vt 0.161403 0.633432
vt 0.161607 0.640815
vt 0.823429 0.738258
vt 0.947284 0.257594
vt 0.878691 0.232438
vt 0.160870 0.873568
vt 0.842965 0.753606
vt 0.786942 0.521450
vt 0.655512 0.727586
vt 0.647656 0.716495
vt 0.658317 0.718501
vt 0.653290 0.701787
vt 0.527038 0.887593
vt 0.525183 0.898672
vt 0.535077 0.771127
vt 0.529417 0.760308
vt 0.946897 0.232280
vt 0.836912 0.883262
vt 0.836094 0.875990
vt 0.852906 0.878018
vt 0.063378 0.788179
vt 0.067290 0.832139
vt 0.067266 0.740582
vt 0.064408 0.755959
vt 0.517248 0.882579
vt 0.968086 0.229631
vt 0.783284 0.497246
vt 0.528282 0.773151
vt 0.514531 0.765667
vt 0.508520 0.891412
vt 0.609942 0.709094
vt 0.605889 0.690007
vt 0.616182 0.701244
vt 0.840272 0.852588
vt 0.853242 0.785424
vt 0.065047 0.817888
vt 0.518601 0.777902
vt 0.589137 0.736079
vt 0.586793 0.700969
vt 0.600155 0.721420
vt 0.923677 0.234936
vt 0.901019 0.231380
vt 0.967618 0.215770
vt 0.069263 0.841028
vt 0.503525 0.773758
vt 0.507144 0.871975
vt 0.606030 0.714345
vt 0.966892 0.205662
vt 0.879400 0.205662
vt 0.878983 0.215875
vt 0.206017 0.877400
vt 0.835454 0.853368
vt 0.827438 0.873255
vt 0.837449 0.782072
vt 0.852997 0.856765
vt 0.499314 0.779773
vt 0.508539 0.788728
vt 0.506608 0.793801
vt 0.496877 0.880485
vt 0.583530 0.742982
vt 0.575554 0.750392
vt 0.569221 0.739636
vt 0.584236 0.719315
vt 0.803429 0.726506
vt 0.836605 0.792370
vt 0.853446 0.803286
vt 0.491042 0.827430
vt 0.500623 0.848292
vt 0.438363 0.417992
vt 0.901103 0.206298
vt 0.193985 0.885985
vt 0.188378 0.890122
vt 0.169105 0.878358
vt 0.819450 0.777637
vt 0.840770 0.802618
vt 0.432957 0.417096
vt 0.352732 0.415880
vt 0.362155 0.414367
vt 0.354913 0.433408
vt 0.563611 0.758634
vt 0.923435 0.206829
vt 0.947394 0.205917
vt 0.821747 0.849563
vt 0.840405 0.824166
vt 0.853611 0.825956
vt 0.399127 0.432904
vt 0.396425 0.412587
vt 0.416272 0.414296
vt 0.414670 0.440818
vt 0.378796 0.435726
vt 0.377433 0.412953
vt 0.512948 0.400818
vt 0.808296 0.781019
vt 0.950334 0.160127
vt 0.962181 0.179487
vt 0.948043 0.179377
vt 0.342643 0.433394
vt 0.589654 0.688491
vt 0.807131 0.866058
vt 0.815205 0.823948
vt 0.423504 0.456055
vt 0.571517 0.712970
vt 0.600762 0.680532
vt 0.969512 0.135606
vt 0.950349 0.136321
vt 0.969338 0.161631
vt 0.969050 0.112498
vt 0.345179 0.456216
vt 0.968807 0.179407
vt 0.803840 0.848648
vt 0.806096 0.703249
vt 0.803159 0.822898
vt 0.574554 0.691848
vt 0.359119 0.453287
vt 0.561427 0.718512
vt 0.581636 0.679974
vt 0.587044 0.661161
vt 0.435572 0.460994
vt 0.378315 0.467880
vt 0.595466 0.656862
vt 0.309265 0.626515
vt 0.311959 0.622934
vt 0.351928 0.478870
vt 0.305958 0.621747
vt 0.307054 0.619333
vt 0.559948 0.680189
vt 0.295319 0.697313
vt 0.294992 0.694701
vt 0.409553 0.482275
vt 0.395734 0.475296
vt 0.304620 0.599735
vt 0.572514 0.668376
vt 0.811065 0.689984
vt 0.295738 0.674970
vt 0.360715 0.465881
vt 0.536815 0.248240
vt 0.294058 0.663882
vt 0.549108 0.698533
vt 0.553838 0.688150
vt 0.577034 0.655001
vt 0.302420 0.582015
vt 0.296134 0.657121
vt 0.562856 0.673909
vt 0.325012 0.437468
vt 0.292393 0.648265
vt 0.484767 0.772203
vt 0.374513 0.483631
vt 0.584806 0.607037
vt 0.597710 0.642377
vt 0.293747 0.639161
vt 0.297421 0.564597
vt 0.362269 0.480256
vt 0.297182 0.550701
vt 0.427597 0.504506
vt 0.961452 0.609951
vt 0.956436 0.596992
vt 0.962993 0.596992
vt 0.416715 0.499542
vt 0.575549 0.621246
vt 0.290066 0.628188
vt 0.292655 0.554049
vt 0.460384 0.945152
vt 0.455428 0.949095
vt 0.455428 0.935199
vt 0.365577 0.488617
vt 0.350404 0.504073
vt 0.543019 0.673654
vt 0.290544 0.538060
vt 0.566649 0.620504
vt 0.160794 0.558737
vt 0.691780 0.585691
vt 0.390963 0.499057
vt 0.368312 0.490623
vt 0.361545 0.490695
vt 0.292293 0.530475
vt 0.551039 0.651830
vt 0.559768 0.640805
vt 0.597785 0.613191
vt 0.324123 0.475779
vt 0.484881 0.429758
vt 0.482249 0.428411
vt 0.479133 0.412587
vt 0.489368 0.570886
vt 0.746633 0.596774
vt 0.374211 0.499336
vt 0.300999 0.484040
vt 0.303350 0.462269
vt 0.307072 0.462981
vt 0.311959 0.429038
vt 0.309207 0.428601
vt 0.521613 0.699692
vt 0.526438 0.704846
vt 0.515687 0.708223
vt 0.533932 0.689737
vt 0.357498 0.502568
vt 0.294109 0.501915
vt 0.311866 0.413796
vt 0.735889 0.566667
vt 0.526478 0.684846
vt 0.536750 0.677879
vt 0.537102 0.690124
vt 0.487394 0.445594
vt 0.484990 0.447094
vt 0.290066 0.519183
vt 0.487811 0.482508
vt 0.483600 0.505520
vt 0.484422 0.464820
vt 0.486675 0.534085
vt 0.489368 0.533929
vt 0.483758 0.539694
vt 0.693323 0.560950
vt 0.818204 0.620461
vt 0.486740 0.547475
vt 0.483392 0.548356
vt 0.285268 0.686205
vt 0.288283 0.695292
vt 0.285268 0.700849
vt 0.750143 0.579992
vt 0.763300 0.610642
vt 0.167414 0.660027
vt 0.175094 0.700040
vt 0.163489 0.674373
vt 0.514237 0.693682
vt 0.405319 0.524432
vt 0.533987 0.669162
vt 0.356334 0.508547
vt 0.827532 0.614469
vt 0.479133 0.560404
vt 0.328573 0.584401
vt 0.326881 0.597067
vt 0.326881 0.574978
vt 0.481477 0.563613
vt 0.826430 0.586334
vt 0.834972 0.583053
vt 0.481401 0.907073
vt 0.481386 0.915221
vt 0.477983 0.900722
vt 0.536472 0.671876
vt 0.537454 0.655194
vt 0.822358 0.584120
vt 0.502946 0.692234
vt 0.374592 0.506265
vt 0.442230 0.527693
vt 0.349683 0.523306
vt 0.595260 0.570859
vt 0.163489 0.706025
vt 0.902748 0.987457
vt 0.916280 0.975353
vt 0.919529 0.994250
vt 0.374324 0.512111
vt 0.935167 0.977558
vt 0.480300 0.920644
vt 0.513415 0.663942
vt 0.427319 0.527883
vt 0.543365 0.644856
vt 0.554284 0.606176
vt 0.747782 0.543991
vt 0.889519 0.976650
vt 0.582262 0.567943
vt 0.487754 0.925691
vt 0.413513 0.537134
vt 0.575674 0.578095
vt 0.925904 0.964489
vt 0.511234 0.674847
vt 0.525280 0.658522
vt 0.534588 0.648878
vt 0.545046 0.628053
vt 0.757745 0.565352
vt 0.373443 0.530442
vt 0.372890 0.519740
vt 0.593967 0.298608
vt 0.904911 0.956065
vt 0.937490 0.963307
vt 0.389743 0.539184
vt 0.527324 0.645362
vt 0.538980 0.638323
vt 0.781643 0.868643
vt 0.789344 0.853423
vt 0.785230 0.864519
vt 0.785230 0.844011
vt 0.791376 0.837845
vt 0.545202 0.612835
vt 0.730296 0.526837
vt 0.763810 0.537204
vt 0.772426 0.858323
vt 0.787107 0.834261
vt 0.791521 0.827793
vt 0.486204 0.928641
vt 0.370347 0.525797
vt 0.430504 0.565575
vt 0.738025 0.402492
vt 0.879913 0.955384
vt 0.520331 0.637212
vt 0.789158 0.825436
vt 0.498712 0.672870
vt 0.531542 0.632574
vt 0.597971 0.280706
vt 0.566177 0.565223
vt 0.649615 0.548484
vt 0.659644 0.578333
vt 0.939557 0.952228
vt 0.512543 0.959236
vt 0.501257 0.665935
vt 0.518990 0.653452
vt 0.443332 0.554299
vt 0.741746 0.515565
vt 0.614740 0.800409
vt 0.611869 0.801326
vt 0.611869 0.789564
vt 0.779611 0.836352
vt 0.483368 0.935920
vt 0.481038 0.941526
vt 0.366146 0.529875
vt 0.536186 0.621501
vt 0.861982 0.964727
vt 0.444806 0.745733
vt 0.769878 0.869669
vt 0.769024 0.849976
vt 0.787721 0.817674
vt 0.867405 0.139480
vt 0.872000 0.139615
vt 0.507609 0.658857
vt 0.801533 0.609388
vt 0.797231 0.610191
vt 0.800881 0.596560
vt 0.596076 0.540216
vt 0.771299 0.837697
vt 0.796804 0.597507
vt 0.541829 0.610793
vt 0.556692 0.560437
vt 0.573769 0.542494
vt 0.924352 0.945357
vt 0.484487 0.945618
vt 0.487979 0.937088
vt 0.347467 0.554550
vt 0.340010 0.551655
vt 0.345727 0.539497
vt 0.770196 0.522190
vt 0.403114 0.552318
vt 0.392452 0.569669
vt 0.361465 0.543722
vt 0.361750 0.530116
vt 0.358606 0.546312
vt 0.525724 0.630558
vt 0.751543 0.510361
vt 0.288392 0.668077
vt 0.286072 0.665791
vt 0.288392 0.652892
vt 0.285445 0.653524
vt 0.759812 0.876557
vt 0.477983 0.948685
vt 0.796507 0.587855
vt 0.801533 0.583053
vt 0.382031 0.555595
vt 0.365946 0.545467
vt 0.371091 0.552940
vt 0.419719 0.568815
vt 0.759446 0.508649
vt 0.514846 0.631066
vt 0.342832 0.562153
vt 0.548387 0.564174
vt 0.583579 0.537969
vt 0.589196 0.520138
vt 0.604300 0.518704
vt 0.766008 0.508258
vt 0.934521 0.939881
vt 0.871853 0.184248
vt 0.867405 0.198851
vt 0.867405 0.182500
vt 0.523683 0.621615
vt 0.333946 0.582688
vt 0.333778 0.561906
vt 0.536251 0.602211
vt 0.628040 0.465599
vt 0.637238 0.457150
vt 0.635372 0.465150
vt 0.635932 0.440386
vt 0.645982 0.450579
vt 0.904570 0.939561
vt 0.751792 0.877773
vt 0.348208 0.563846
vt 0.339306 0.575411
vt 0.330533 0.580490
vt 0.793785 0.867025
vt 0.798244 0.866991
vt 0.793621 0.874040
vt 0.862779 0.954294
vt 0.751792 0.839800
vt 0.518523 0.640546
vt 0.870198 0.940514
vt 0.758488 0.860547
vt 0.106983 0.986950
vt 0.507422 0.623470
vt 0.613676 0.274266
vt 0.762253 0.478802
vt 0.606303 0.488700
vt 0.616006 0.473864
vt 0.633829 0.471196
vt 0.605503 0.902133
vt 0.608447 0.914364
vt 0.605503 0.920733
vt 0.625171 0.460036
vt 0.631071 0.452030
vt 0.709324 0.398911
vt 0.709324 0.389931
vt 0.711260 0.392551
vt 0.502722 0.637405
vt 0.500351 0.632474
vt 0.441765 0.585377
vt 0.614922 0.497267
vt 0.793621 0.858947
vt 0.801232 0.860894
vt 0.326727 0.667077
vt 0.328686 0.668207
vt 0.326727 0.676056
vt 0.752022 0.866512
vt 0.371366 0.562668
vt 0.517905 0.607152
vt 0.528999 0.623178
vt 0.338059 0.584469
vt 0.614104 0.908595
vt 0.940340 0.922916
vt 0.935741 0.930826
vt 0.411482 0.570310
vt 0.353894 0.578475
vt 0.568592 0.529008
vt 0.799968 0.854260
vt 0.535321 0.574430
vt 0.756659 0.443467
vt 0.627604 0.438109
vt 0.160170 0.566313
vt 0.157239 0.561132
vt 0.159383 0.560410
vt 0.157239 0.572300
vt 0.752019 0.854122
vt 0.580863 0.510226
vt 0.794998 0.851917
vt 0.626740 0.445679
vt 0.158885 0.584585
vt 0.512141 0.916351
vt 0.431708 0.597765
vt 0.330417 0.607761
vt 0.602615 0.475501
vt 0.621179 0.465008
vt 0.454090 0.682856
vt 0.457162 0.690753
vt 0.454090 0.698077
vt 0.867405 0.180826
vt 0.867405 0.161819
vt 0.872127 0.171797
vt 0.379913 0.573004
vt 0.620441 0.458218
vt 0.621833 0.450179
vt 0.628946 0.434195
vt 0.288283 0.680419
vt 0.285445 0.684096
vt 0.285445 0.669751
vt 0.401797 0.572443
vt 0.370216 0.570240
vt 0.337462 0.596019
vt 0.622972 0.442058
vt 0.861085 0.943597
vt 0.287112 0.684532
vt 0.155791 0.789823
vt 0.155791 0.777396
vt 0.158448 0.784946
vt 0.461020 0.696520
vt 0.498398 0.621671
vt 0.509290 0.605139
vt 0.357427 0.586889
vt 0.357688 0.580716
vt 0.356153 0.600632
vt 0.896981 0.925585
vt 0.514811 0.604063
vt 0.339778 0.612451
vt 0.560359 0.525823
vt 0.493235 0.628952
vt 0.363483 0.578507
vt 0.413337 0.601301
vt 0.345467 0.610695
vt 0.456895 0.706083
vt 0.620138 0.433836
vt 0.514482 0.597940
vt 0.574755 0.498732
vt 0.594333 0.469046
vt 0.476870 0.496064
vt 0.473406 0.496727
vt 0.475213 0.487912
vt 0.474630 0.516828
vt 0.476870 0.515194
vt 0.422787 0.600310
vt 0.535606 0.551303
vt 0.794834 0.605582
vt 0.785495 0.610191
vt 0.360945 0.577381
vt 0.360352 0.600313
vt 0.533492 0.552978
vt 0.552781 0.522272
vt 0.498741 0.590679
vt 0.399980 0.599595
vt 0.599690 0.445432
vt 0.612248 0.440738
vt 0.501190 0.601368
vt 0.386526 0.605170
vt 0.372694 0.602995
vt 0.373708 0.594265
vt 0.511168 0.584783
vt 0.336391 0.626637
vt 0.606509 0.425334
vt 0.619749 0.423505
vt 0.936965 0.909418
vt 0.341440 0.634755
vt 0.562868 0.493803
vt 0.586457 0.464320
vt 0.972912 0.183862
vt 0.976707 0.173614
vt 0.364501 0.608812
vt 0.530059 0.555286
vt 0.895993 0.911782
vt 0.598693 0.434446
vt 0.601327 0.442428
vt 0.259326 0.660027
vt 0.507504 0.576250
vt 0.361107 0.622298
vt 0.348163 0.635287
vt 0.531274 0.540169
vt 0.541008 0.530646
vt 0.866149 0.915053
vt 0.495144 0.592696
vt 0.533689 0.526753
vt 0.610248 0.413564
vt 0.259326 0.698803
vt 0.402648 0.610948
vt 0.413401 0.623278
vt 0.369042 0.609101
vt 0.372889 0.618999
vt 0.590460 0.443542
vt 0.491042 0.578281
vt 0.336483 0.641734
vt 0.642191 0.233225
vt 0.245758 0.702177
vt 0.931870 0.897065
vt 0.545481 0.505134
vt 0.573760 0.470358
vt 0.933267 0.898897
vt 0.492571 0.574324
vt 0.338968 0.652762
vt 0.530242 0.528892
vt 0.238333 0.703022
vt 0.235659 0.694297
vt 0.243117 0.690726
vt 0.241622 0.702804
vt 0.161558 0.647906
vt 0.161558 0.649074
vt 0.161608 0.648176
vt 0.932834 0.897807
vt 0.492886 0.586992
vt 0.345512 0.659437
vt 0.597485 0.422718
vt 0.387783 0.646283
vt 0.373406 0.645621
vt 0.360302 0.642936
vt 0.885088 0.897164
vt 0.530060 0.507414
vt 0.588331 0.434621
vt 0.856069 0.899097
vt 0.328686 0.664211
vt 0.326985 0.665403
vt 0.326985 0.656282
vt 0.425953 0.642487
vt 0.342735 0.664200
vt 0.574487 0.439595
vt 0.707651 0.396194
vt 0.703628 0.398911
vt 0.703628 0.390030
vt 0.244030 0.683060
vt 0.233523 0.678401
vt 0.855285 0.909449
vt 0.326505 0.548742
vt 0.326505 0.554254
vt 0.325016 0.550189
vt 0.555005 0.478006
vt 0.586389 0.437272
vt 0.244030 0.675456
vt 0.403467 0.646560
vt 0.236512 0.663626
vt 0.239768 0.660027
vt 0.461020 0.640185
vt 0.453809 0.655819
vt 0.454099 0.636765
vt 0.413055 0.646660
vt 0.457184 0.652455
vt 0.528566 0.516880
vt 0.927577 0.881997
vt 0.893490 0.881997
vt 0.449746 0.679434
vt 0.592605 0.422313
vt 0.591225 0.412019
vt 0.598166 0.416984
vt 0.845933 0.336430
vt 0.851524 0.337550
vt 0.839356 0.341697
vt 0.526494 0.505202
vt 0.538060 0.482423
vt 0.359381 0.676764
vt 0.346548 0.675445
vt 0.349750 0.683973
vt 0.857122 0.884418
vt 0.374222 0.671027
vt 0.528546 0.479111
vt 0.547047 0.455162
vt 0.584193 0.408377
vt 0.851013 0.330495
vt 0.410486 0.663644
vt 0.848927 0.902266
vt 0.390318 0.675764
vt 0.552753 0.444895
vt 0.648741 0.080908
vt 0.648750 0.068536
vt 0.820130 0.992274
vt 0.825476 0.977300
vt 0.853611 0.991139
vt 0.848261 0.974248
vt 0.413440 0.680797
vt 0.525154 0.496282
vt 0.863115 0.326946
vt 0.801351 0.978689
vt 0.784411 0.995538
vt 0.854541 0.217964
vt 0.457708 0.668156
vt 0.395985 0.683592
vt 0.374263 0.683075
vt 0.365857 0.865437
vt 0.349503 0.874730
vt 0.351244 0.858827
vt 0.341633 0.865981
vt 0.654238 0.075770
vt 0.521245 0.483558
vt 0.437226 0.918157
vt 0.573834 0.402492
vt 0.858172 0.321125
vt 0.781598 0.981830
vt 0.827372 0.958066
vt 0.845437 0.919621
vt 0.439627 0.978528
vt 0.429874 0.976525
vt 0.437165 0.942041
vt 0.806871 0.903879
vt 0.821338 0.919138
vt 0.844861 0.955328
vt 0.410114 0.855065
vt 0.421725 0.868697
vt 0.404682 0.866329
vt 0.523402 0.474878
vt 0.330546 0.919529
vt 0.349353 0.921236
vt 0.330417 0.931348
vt 0.349866 0.945515
vt 0.333672 0.978528
vt 0.655012 0.071758
vt 0.454511 0.669028
vt 0.387102 0.867187
vt 0.382108 0.858979
vt 0.401760 0.897460
vt 0.357353 0.885073
vt 0.979305 0.115641
vt 0.973701 0.115000
vt 0.419101 0.973647
vt 0.418967 0.938863
vt 0.853273 0.226189
vt 0.783575 0.885414
vt 0.844506 0.944711
vt 0.517482 0.471181
vt 0.343207 0.890834
vt 0.844606 0.931082
vt 0.351112 0.897667
vt 0.215939 0.703261
vt 0.796111 0.919847
vt 0.802814 0.959167
vt 0.800496 0.929665
vt 0.822812 0.947948
vt 0.363554 0.891817
vt 0.520795 0.464977
vt 0.351403 0.975413
vt 0.857817 0.236301
vt 0.868402 0.315951
vt 0.666518 0.073161
vt 0.458158 0.681183
vt 0.366789 0.895264
vt 0.613579 0.769541
vt 0.610905 0.773319
vt 0.610905 0.760308
vt 0.354854 0.910265
vt 0.873341 0.304615
vt 0.800868 0.948529
vt 0.385134 0.896799
vt 0.400856 0.920016
vt 0.357212 0.917094
vt 0.410611 0.971251
vt 0.400941 0.940524
vt 0.863837 0.226611
vt 0.866601 0.238428
vt 0.864029 0.304308
vt 0.461020 0.679897
vt 0.982803 0.124095
vt 0.772405 0.982386
vt 0.516254 0.475614
vt 0.510555 0.466864
vt 0.370304 0.900291
vt 0.373775 0.907545
vt 0.363523 0.928264
vt 0.399983 0.969355
vt 0.859606 0.244914
vt 0.522484 0.452179
vt 0.375851 0.912614
vt 0.378238 0.918158
vt 0.364868 0.971205
vt 0.769584 0.983600
vt 0.499948 0.458717
vt 0.523379 0.445146
vt 0.379666 0.929100
vt 0.515962 0.433999
vt 0.524368 0.432526
vt 0.383780 0.957293
vt 0.373129 0.941847
vt 0.376967 0.936680
vt 0.366732 0.933731
vt 0.374536 0.969282
vt 0.383567 0.968747
vt 0.869145 0.254394
vt 0.861975 0.255404
vt 0.764406 0.905896
vt 0.764445 0.961695
vt 0.769547 0.943376
vt 0.976476 0.137828
vt 0.971544 0.138529
vt 0.525168 0.426314
vt 0.864664 0.290356
vt 0.872069 0.289744
vt 0.763172 0.921608
vt 0.985558 0.127928
vt 0.519640 0.415260
vt 0.526200 0.416175
vt 0.864045 0.271600
vt 0.863754 0.280590
vt 0.759533 0.921332
vt 0.760549 0.958141
vt 0.870575 0.263502
vt 0.872264 0.273940
vt 0.499847 0.438720
vt 0.758714 0.930733
vt 0.758339 0.941807
vt 0.710723 0.942701
vt 0.503041 0.414750
vt 0.973532 0.149821
vt 0.700269 0.949672
vt 0.971244 0.155323
vt 0.493754 0.415235
vt 0.695807 0.960529
vt 0.491653 0.444276
vt 0.973468 0.161357
vt 0.491042 0.426910
vt 0.971186 0.171941
vt 0.691534 0.970681
vt 0.310631 0.689555
vt 0.307712 0.691002
vt 0.306295 0.673513
vt 0.311184 0.695818
vt 0.306295 0.702981
s 1
f 1/1/1 2/2/2 6/3/3
f 5/4/4 1/5/4 4/6/4
f 2/7/5 3/8/6 9/9/7
f 6/3/3 2/2/2 9/10/8
f 4/11/9 1/1/10 7/12/11
f 1/1/10 6/3/12 7/12/11
f 4/6/13 10/13/13 5/4/13
f 4/11/9 7/12/11 12/14/14
f 13/15/15 14/16/15 15/17/15
f 6/3/3 9/10/8 16/18/16
f 3/8/6 21/19/17 9/9/7
f 17/20/18 13/21/19 15/22/20
f 15/17/21 14/16/22 22/23/23
f 14/16/22 20/24/24 22/23/23
f 20/25/25 14/26/25 18/27/25
f 9/9/26 21/19/27 39/28/28
f 26/29/29 31/30/30 27/31/31
f 7/12/11 6/3/32 34/32/33
f 9/10/34 39/33/34 16/18/34
f 32/34/35 27/35/31 35/36/36
f 35/36/36 27/35/31 36/37/37
f 27/35/31 31/38/30 36/37/37
f 22/23/38 20/24/39 42/39/40
f 6/3/3 16/18/16 34/32/41
f 39/28/28 21/19/27 30/40/42
f 31/30/43 46/41/44 36/42/45
f 15/17/46 22/23/38 50/43/47
f 43/44/48 7/12/11 34/32/33
f 40/45/49 32/34/35 35/36/36
f 37/46/50 49/47/50 41/48/50
f 54/49/51 7/12/11 43/44/48
f 88/50/52 43/51/53 34/52/54
f 64/53/55 88/50/52 34/52/54
f 34/52/54 16/54/56 44/55/57
f 64/53/55 34/52/54 44/55/57
f 64/53/55 44/55/57 56/56/58
f 44/55/57 16/54/56 39/57/59
f 39/57/59 30/58/60 44/55/57
f 30/58/60 57/59/61 44/55/57
f 44/55/57 57/59/61 58/60/62
f 44/55/57 58/60/62 56/56/58
f 58/60/62 57/59/61 65/61/63
f 45/62/64 56/56/58 59/63/65
f 56/56/66 58/60/66 59/63/66
f 40/45/49 35/36/36 47/64/67
f 35/36/36 36/37/37 60/65/68
f 52/66/69 22/23/38 42/39/40
f 88/50/52 54/67/70 43/51/53
f 77/68/71 64/53/55 56/56/58
f 40/45/49 47/64/67 68/69/72
f 36/37/37 48/70/73 60/65/68
f 47/71/74 35/72/75 69/73/76
f 35/72/75 70/74/77 69/73/76
f 35/72/75 60/75/78 70/74/77
f 22/23/38 52/66/69 50/43/47
f 42/39/40 20/24/39 82/76/79
f 25/77/80 55/78/81 76/79/82
f 56/56/58 45/62/64 66/80/83
f 40/45/49 68/69/72 67/81/84
f 48/70/73 36/37/37 79/82/85
f 60/75/78 80/83/86 70/74/77
f 62/84/87 71/85/87 61/86/87
f 50/43/47 73/87/88 15/17/46
f 53/88/89 88/50/52 82/89/90
f 84/90/91 77/68/71 66/80/83
f 56/56/58 66/80/83 77/68/71
f 57/59/61 76/79/82 85/91/92
f 36/37/37 78/92/93 79/82/85
f 69/73/76 96/93/94 47/71/74
f 75/94/95 74/95/96 94/96/97
f 83/97/98 64/53/55 77/68/71
f 67/81/84 68/69/72 90/98/99
f 68/69/100 47/64/100 90/98/100
f 47/71/74 86/99/101 90/100/102
f 96/93/94 86/99/101 47/71/74
f 41/48/103 49/47/103 93/101/103
f 98/102/104 83/97/98 105/103/105
f 70/74/77 80/83/86 119/104/106
f 69/73/76 70/74/77 97/105/107
f 62/106/108 41/48/109 102/107/110
f 41/48/111 93/101/111 73/87/111
f 63/108/112 94/96/97 74/95/96
f 71/109/113 62/106/108 102/107/110
f 50/43/47 52/66/69 113/110/114
f 98/102/104 103/111/115 88/50/52
f 83/97/116 77/68/117 115/112/118
f 96/93/94 110/113/119 86/99/101
f 69/73/76 97/105/107 111/114/120
f 97/105/107 70/74/77 119/104/106
f 102/107/110 91/115/121 71/109/113
f 63/108/112 81/116/122 94/96/97
f 77/68/117 84/90/123 115/112/118
f 67/117/124 100/118/125 99/119/126
f 67/81/84 90/98/99 117/120/127
f 67/81/84 117/120/127 100/121/128
f 79/82/85 78/92/93 101/122/129
f 80/83/86 118/123/130 119/104/106
f 69/73/76 111/114/120 96/93/94
f 98/102/104 105/103/105 123/124/131
f 94/96/97 114/125/132 106/126/133
f 83/97/116 115/112/118 136/127/134
f 101/122/129 109/128/135 128/129/136
f 90/100/102 86/99/101 117/130/137
f 119/104/106 120/131/138 97/105/107
f 131/132/139 92/133/140 91/134/141
f 102/107/142 41/48/143 127/135/144
f 93/136/145 72/137/146 133/138/147
f 50/43/47 113/110/114 140/139/148
f 104/140/149 141/141/150 94/96/97
f 86/99/101 129/142/151 117/130/137
f 96/93/94 125/143/152 110/113/119
f 131/132/139 130/144/153 92/133/140
f 132/145/154 131/146/155 91/115/121
f 41/48/143 73/87/156 127/135/144
f 73/87/88 50/43/47 148/147/157
f 105/103/158 83/97/116 134/148/159
f 134/148/159 83/97/116 136/127/134
f 84/90/123 108/149/160 115/112/118
f 157/150/161 108/151/162 99/119/126
f 125/143/152 96/93/94 111/114/120
f 91/115/121 102/107/110 132/145/154
f 86/99/101 110/113/119 129/142/151
f 50/43/47 140/139/148 148/147/157
f 105/103/158 134/148/159 123/124/131
f 143/152/163 142/153/163 135/154/163
f 157/150/164 99/119/126 100/118/125
f 100/121/128 117/120/127 146/155/165
f 153/156/166 130/144/166 131/132/166
f 122/157/167 161/158/168 104/140/149
f 116/159/169 144/160/170 156/161/171
f 100/121/172 146/155/173 157/162/174
f 110/113/119 125/143/152 129/142/151
f 73/87/88 148/147/157 171/163/175
f 123/124/131 149/164/176 121/165/177
f 117/166/137 158/167/178 146/168/179
f 117/166/137 129/169/151 158/167/178
f 125/170/180 111/171/181 97/172/182
f 131/146/183 132/145/184 164/173/185
f 97/172/182 120/174/186 168/175/187
f 132/145/184 102/107/188 164/173/185
f 127/135/144 73/87/156 170/176/189
f 179/177/190 121/165/177 149/164/176
f 172/178/191 173/179/192 122/157/167
f 175/180/193 166/181/194 162/182/195
f 115/183/196 182/184/197 196/185/198
f 115/183/196 108/151/199 182/184/197
f 120/174/186 118/186/200 168/175/187
f 174/187/201 123/124/131 134/148/159
f 136/188/202 115/183/196 196/185/198
f 184/189/203 129/169/151 125/190/152
f 73/87/88 171/163/175 170/176/204
f 131/191/205 192/192/206 169/193/207
f 102/107/208 186/194/209 164/173/210
f 102/107/208 127/135/211 186/194/209
f 194/195/212 180/196/213 154/197/214
f 196/185/198 195/198/215 136/188/202
f 156/199/216 151/200/216 190/201/216
f 129/169/151 184/189/203 158/167/178
f 125/170/180 97/172/182 215/202/217
f 174/203/201 134/204/218 217/205/219
f 134/204/218 136/188/202 195/198/215
f 182/184/220 157/150/161 212/206/221
f 199/207/222 152/208/223 191/209/224
f 206/210/225 202/211/226 180/196/213
f 174/187/201 226/212/227 123/124/131
f 97/172/182 168/175/187 215/202/217
f 200/213/228 168/175/187 118/186/200
f 201/214/229 180/196/213 194/195/212
f 202/211/230 203/215/231 172/178/232
f 217/205/219 134/204/218 195/198/215
f 196/185/198 182/184/197 212/206/233
f 157/150/174 146/168/173 212/206/234
f 225/216/235 146/168/179 158/167/178
f 213/217/236 193/218/236 205/219/236
f 226/212/227 149/164/176 123/124/131
f 184/220/237 125/170/180 215/202/217
f 222/221/238 213/222/238 205/223/238
f 146/168/179 225/216/235 212/206/233
f 158/167/178 184/189/203 225/216/235
f 196/185/198 212/206/233 224/224/239
f 211/225/240 234/226/241 235/227/242
f 184/189/203 221/228/243 225/216/235
f 187/229/244 241/230/245 205/231/246
f 238/232/247 203/215/231 227/233/248
f 226/212/227 174/187/201 232/234/249
f 168/175/187 200/213/228 220/235/250
f 149/164/176 226/212/227 231/236/251
f 224/224/239 212/206/233 240/237/252
f 195/198/215 224/224/239 245/238/253
f 212/206/233 225/216/235 229/239/254
f 184/220/237 215/202/217 221/240/255
f 174/203/201 217/205/219 246/241/256
f 224/224/239 240/237/252 262/242/257
f 243/243/258 253/244/259 238/232/247
f 239/245/260 234/226/241 244/246/261
f 217/205/219 195/198/215 245/238/253
f 212/206/233 258/247/262 240/237/252
f 212/206/233 229/239/254 258/247/262
f 225/216/235 221/228/243 250/248/263
f 246/241/256 217/205/219 276/249/264
f 224/224/239 262/242/257 245/238/253
f 232/234/249 260/250/265 226/212/227
f 276/249/264 217/205/219 245/238/253
f 240/237/252 268/251/266 262/242/257
f 225/216/235 250/248/263 229/239/254
f 252/252/267 226/212/227 260/250/265
f 250/253/268 221/240/255 215/202/217
f 240/237/252 258/247/262 268/251/266
f 232/254/249 246/241/256 264/255/269
f 288/256/270 245/238/253 262/242/257
f 229/239/254 250/248/263 279/257/271
f 220/235/250 251/258/272 168/175/187
f 258/247/262 229/239/254 279/257/271
f 250/253/268 215/202/217 269/259/273
f 289/260/274 262/242/257 297/261/275
f 268/251/266 274/262/276 297/261/275
f 168/175/187 251/258/272 280/263/277
f 275/264/278 273/265/279 284/266/280
f 276/249/264 245/238/253 288/256/270
f 267/267/281 231/236/251 283/268/282
f 264/255/269 246/241/256 276/249/264
f 250/253/283 269/259/283 290/269/283
f 283/268/282 231/236/251 252/252/267
f 262/242/257 289/260/274 288/256/270
f 291/270/284 292/271/284 293/272/284
f 301/273/285 291/270/286 293/272/287
f 273/265/279 275/264/278 294/274/288
f 268/251/266 298/275/289 274/262/276
f 268/251/266 258/247/262 298/275/289
f 279/257/271 250/248/263 290/276/290
f 282/277/291 301/278/285 293/279/287
f 281/280/292 286/281/293 259/282/294
f 293/279/287 270/283/295 282/277/291
f 280/263/277 251/258/272 299/284/296
f 215/202/217 168/175/187 300/285/297
f 307/286/298 291/287/299 301/278/300
f 252/252/267 260/250/265 308/288/301
f 276/249/264 288/256/270 314/289/302
f 215/202/217 300/285/297 269/259/273
f 168/175/187 280/263/277 300/285/297
f 301/278/300 282/277/303 344/290/304
f 337/291/305 288/256/270 289/260/274
f 289/260/274 297/261/275 327/292/306
f 258/247/262 279/257/271 321/293/307
f 279/257/271 290/276/290 321/293/307
f 280/263/277 299/284/296 317/294/308
f 297/261/275 274/262/276 328/295/309
f 252/252/267 308/288/301 283/268/282
f 300/285/297 280/263/277 317/294/308
f 341/296/310 332/297/311 333/298/312
f 341/296/313 333/298/313 334/299/313
f 334/300/314 318/301/315 335/302/316
f 307/286/298 301/278/300 344/290/304
f 337/291/305 289/260/274 327/292/306
f 298/275/289 258/247/262 339/303/317
f 269/259/318 300/285/318 352/304/318
f 300/285/297 340/305/319 360/306/320
f 341/296/310 348/307/321 332/297/311
f 258/247/262 321/293/307 339/303/317
f 352/304/322 300/285/297 346/308/323
f 300/285/297 317/294/308 340/305/319
f 354/309/324 318/310/324 315/311/324
f 319/312/325 276/249/264 314/289/302
f 341/313/326 334/300/326 347/314/326
f 318/301/327 354/315/328 335/302/329
f 321/293/330 290/276/330 358/316/330
f 290/317/331 269/318/332 385/319/333
f 346/308/323 300/285/297 360/306/320
f 334/300/314 368/320/334 347/314/335
f 307/286/298 344/290/304 355/321/336
f 356/322/337 283/268/282 308/288/301
f 320/323/338 357/324/339 364/325/340
f 368/320/334 334/300/314 378/326/341
f 334/300/314 335/302/316 378/326/341
f 326/327/342 264/255/269 319/312/325
f 352/328/343 346/329/344 401/330/345
f 329/331/346 298/275/289 387/332/347
f 367/333/348 347/334/349 390/335/350
f 321/293/351 358/316/351 400/336/351
f 358/337/352 385/338/353 400/339/354
f 361/340/355 369/341/356 374/342/357
f 430/343/358 356/344/337 308/345/301
f 339/303/317 321/293/307 400/336/359
f 377/346/360 371/347/361 415/348/362
f 425/349/363 385/338/364 388/350/365
f 389/351/366 377/346/367 478/352/368
f 378/326/369 335/302/329 416/353/370
f 335/302/329 354/315/328 416/353/370
f 354/309/371 315/311/371 443/354/371
f 396/355/372 429/356/373 361/340/374
f 400/339/354 385/338/353 425/349/375
f 389/351/366 478/352/368 424/357/376
f 417/358/377 418/359/378 419/360/379
f 419/360/379 418/359/378 427/361/380
f 420/362/381 323/363/382 267/267/281
f 411/364/383 337/291/305 351/365/384
f 421/366/385 351/365/384 386/367/386
f 408/368/387 401/330/345 423/369/388
f 389/351/366 424/357/376 409/370/389
f 368/320/390 378/326/391 461/371/392
f 354/315/393 443/372/393 416/353/393
f 417/373/394 419/374/395 435/375/396
f 419/376/397 427/377/398 446/378/399
f 314/289/302 337/291/305 411/364/383
f 410/379/400 409/370/389 424/357/376
f 425/349/363 388/350/365 423/380/401
f 443/381/402 445/382/402 444/383/402
f 423/380/401 487/384/403 425/349/363
f 444/383/404 445/382/404 452/385/404
f 417/373/394 435/375/396 453/386/405
f 319/312/325 314/289/302 455/387/406
f 443/372/407 444/388/407 416/353/407
f 416/353/408 444/388/408 452/389/408
f 419/374/409 446/390/409 465/391/409
f 446/378/399 427/377/398 428/392/410
f 326/327/342 319/312/325 482/393/411
f 314/289/302 411/364/383 483/394/412
f 423/380/401 441/395/413 487/384/403
f 460/396/414 360/397/415 372/398/416
f 452/399/417 417/373/394 453/386/405
f 419/374/395 465/391/418 435/375/396
f 468/400/419 339/303/317 477/401/420
f 479/402/421 378/326/422 416/353/423
f 416/403/424 452/404/425 462/405/426
f 442/406/427 410/379/400 488/407/428
f 410/379/400 424/357/376 488/407/428
f 461/371/392 479/402/429 497/408/430
f 462/405/426 452/404/425 481/409/431
f 319/312/325 455/387/406 482/393/411
f 441/395/413 496/410/432 520/411/433
f 486/412/434 442/406/434 488/407/434
f 481/413/435 452/399/417 453/386/405
f 435/375/396 465/391/418 512/414/436
f 455/387/406 314/289/302 502/415/437
f 487/384/403 441/395/413 520/411/433
f 510/416/438 416/353/423 462/417/439
f 453/386/405 435/375/396 512/414/436
f 479/402/421 416/353/423 497/408/440
f 453/386/405 512/414/436 535/418/441
f 543/419/442 326/327/342 482/393/411
f 496/410/432 507/420/443 520/411/433
f 424/357/444 509/421/445 533/422/446
f 416/353/423 510/416/438 497/408/440
f 400/336/359 508/423/447 477/401/420
f 424/357/444 533/422/446 488/407/448
f 481/413/435 528/424/449 534/425/450
f 528/424/449 481/413/435 578/426/451
f 481/413/435 453/386/405 578/426/451
f 430/343/358 326/327/342 543/419/442
f 527/427/452 486/412/453 488/407/454
f 542/428/455 430/343/358 543/419/442
f 453/386/405 535/418/456 564/429/457
f 549/430/458 527/427/452 488/407/454
f 482/393/411 455/387/406 565/431/459
f 499/432/460 430/343/358 588/433/461
f 570/434/462 503/435/463 470/436/464
f 520/411/465 548/437/465 567/438/465
f 488/407/448 533/422/446 577/439/466
f 509/440/445 478/441/467 561/442/468
f 578/426/451 564/429/457 568/443/469
f 542/428/455 588/433/461 430/343/358
f 488/407/454 577/439/470 549/430/458
f 601/444/471 584/445/471 585/446/471
f 585/447/472 584/448/472 573/449/472
f 577/439/466 533/422/446 605/450/473
f 565/431/459 455/387/406 502/415/437
f 569/451/474 483/394/475 592/452/476
f 483/394/475 503/453/463 592/452/476
f 600/454/477 584/445/477 601/444/477
f 575/455/478 499/456/460 588/457/461
f 601/458/479 585/459/480 602/460/481
f 585/459/480 559/461/482 602/460/481
f 539/462/483 586/463/484 613/464/485
f 470/465/464 617/466/486 570/467/462
f 607/468/487 598/469/488 599/470/489
f 568/443/469 606/471/490 594/472/491
f 607/468/487 626/473/492 608/474/493
f 607/468/487 608/474/493 598/469/488
f 607/468/494 599/470/494 609/475/494
f 599/470/495 610/476/495 600/454/495
f 609/475/496 599/470/497 600/454/498
f 609/475/496 600/454/498 601/444/499
f 601/458/479 602/460/481 609/477/500
f 626/478/501 607/479/502 619/480/503
f 607/479/502 609/477/504 619/480/503
f 626/478/501 619/480/503 636/481/505
f 609/477/506 627/482/506 619/480/506
f 609/477/507 602/460/508 628/483/509
f 631/484/510 567/438/510 587/485/510
f 592/486/476 570/487/462 647/488/511
f 648/489/512 626/473/513 636/490/514
f 593/491/515 590/492/516 667/493/517
f 622/494/518 605/495/473 654/496/519
f 631/484/520 587/485/520 651/497/520
f 543/419/442 482/393/411 640/498/521
f 636/481/522 619/480/523 643/499/524
f 643/499/524 619/480/523 644/500/525
f 619/480/523 627/482/526 644/500/525
f 640/498/521 482/393/411 565/431/459
f 636/481/522 653/501/527 652/502/528
f 660/503/529 664/504/530 648/489/531
f 660/503/532 648/489/512 636/490/514
f 667/505/517 630/506/533 651/507/534
f 575/455/478 588/457/461 663/508/535
f 660/509/536 636/481/537 661/510/538
f 663/508/535 588/457/461 665/511/539
f 660/503/529 673/512/540 664/504/530
f 569/451/474 592/452/476 670/513/541
f 592/514/476 647/515/511 670/516/541
f 713/517/542 575/518/478 663/519/535
f 565/431/459 502/415/437 704/520/543
f 680/521/544 673/512/545 660/503/546
f 667/505/517 651/507/534 668/522/547
f 640/498/521 565/431/459 672/523/548
f 660/509/536 661/510/538 675/524/549
f 502/415/437 569/451/550 704/520/543
f 647/525/511 656/526/551 678/527/552
f 680/528/553 660/509/536 675/524/549
f 680/521/544 694/529/554 673/512/545
f 682/530/555 694/529/556 680/521/557
f 683/531/558 680/528/558 675/524/558
f 695/532/559 640/498/521 672/523/548
f 672/523/560 565/431/459 704/520/543
f 682/533/561 680/528/562 683/531/563
f 683/531/564 675/524/565 688/534/566
f 704/520/543 569/451/550 692/535/567
f 706/536/568 694/529/556 682/530/555
f 665/537/539 542/428/455 710/538/569
f 640/498/521 695/532/559 542/428/455
f 706/536/570 698/539/570 694/529/570
f 706/540/571 682/533/561 683/531/563
f 692/535/572 670/513/541 709/541/573
f 697/542/574 678/543/574 706/536/574
f 706/536/575 678/543/575 698/539/575
f 706/536/576 683/544/576 697/542/576
f 683/545/564 708/546/577 715/547/578
f 697/548/579 683/549/580 715/550/581
f 720/551/582 695/532/559 672/523/548
f 672/523/560 704/520/543 720/551/583
f 703/552/584 713/517/542 727/553/585
f 709/554/573 721/555/586 729/556/587
f 728/557/588 725/558/589 731/559/590
f 728/557/588 731/559/590 734/560/591
f 725/558/589 732/561/592 731/559/590
f 732/561/592 735/562/593 759/563/594
f 713/517/542 663/519/535 727/553/585
f 729/556/587 721/555/586 733/564/595
f 727/553/585 741/565/596 703/552/584
f 695/532/559 720/551/582 749/566/597
f 758/567/598 735/562/599 751/568/600
f 737/569/601 734/570/591 747/571/602
f 796/572/603 665/537/539 710/538/569
f 720/551/583 704/520/543 752/573/604
f 752/573/604 704/520/543 692/535/567
f 727/553/585 665/574/539 796/575/603
f 710/538/569 695/532/559 748/576/605
f 728/557/606 734/560/607 762/577/608
f 745/578/609 762/577/608 734/560/607
f 738/579/610 746/580/611 735/562/593
f 759/563/594 735/562/593 746/580/611
f 752/573/604 692/535/567 754/581/612
f 739/582/613 810/583/614 751/568/615
f 810/583/614 758/567/616 751/568/615
f 786/584/617 726/585/618 716/586/619
f 767/587/620 692/535/567 729/588/587
f 764/589/621 732/561/622 756/590/623
f 748/576/605 695/532/559 749/566/597
f 759/563/594 746/580/611 763/591/624
f 732/561/622 759/563/625 756/590/623
f 764/589/626 756/590/627 765/592/628
f 756/590/627 778/593/629 765/592/628
f 756/590/627 760/594/630 778/593/629
f 754/581/612 692/535/567 767/587/620
f 729/595/587 733/596/595 767/597/620
f 800/598/631 810/583/614 739/582/613
f 810/583/614 769/599/632 758/567/616
f 770/600/633 739/582/613 762/577/634
f 734/560/591 731/559/590 771/601/635
f 760/594/630 766/602/636 778/593/629
f 733/564/637 722/603/638 773/604/639
f 739/582/613 770/600/633 800/598/631
f 745/605/640 737/606/641 789/607/642
f 734/560/591 771/601/635 747/608/602
f 771/601/643 764/589/621 775/609/644
f 775/609/645 764/589/626 777/610/646
f 777/610/646 764/589/626 765/592/628
f 760/594/630 776/611/647 766/602/636
f 794/612/648 779/613/649 780/614/650
f 780/614/650 785/615/651 794/612/648
f 785/615/651 780/614/650 781/616/652
f 720/551/582 798/617/653 749/566/597
f 810/583/614 801/618/654 769/599/632
f 770/619/655 745/605/640 789/607/642
f 791/620/656 737/606/641 747/621/657
f 763/591/624 746/580/611 803/622/658
f 760/594/659 803/622/660 776/611/661
f 779/613/649 794/612/648 782/623/662
f 785/615/651 781/616/652 786/584/663
f 781/616/652 783/624/664 793/625/665
f 784/626/666 782/623/662 796/575/667
f 796/575/667 782/623/662 741/565/668
f 781/616/652 793/625/665 786/584/663
f 782/623/662 794/612/648 741/565/668
f 783/624/664 795/627/669 793/625/665
f 791/620/656 747/621/657 802/628/670
f 802/629/671 747/630/602 771/631/635
f 776/611/661 803/622/660 804/632/672
f 775/609/645 777/610/646 814/633/673
f 778/634/674 766/635/675 792/636/676
f 784/626/666 796/575/667 805/637/677
f 793/625/665 795/627/669 772/638/678
f 795/627/669 816/639/679 772/638/678
f 720/551/583 752/573/604 807/640/680
f 768/641/681 736/642/682 799/643/683
f 869/644/684 801/618/654 810/583/614
f 800/598/631 770/600/633 812/645/685
f 789/607/642 737/606/641 791/620/656
f 771/601/643 775/609/644 802/646/686
f 814/647/687 777/648/687 765/649/687
f 765/649/688 778/634/674 821/650/689
f 772/638/678 816/639/679 797/651/690
f 816/639/679 817/652/691 797/651/690
f 805/637/677 796/575/667 748/653/692
f 798/617/693 720/551/583 818/654/694
f 720/551/583 807/640/680 818/654/694
f 809/655/695 767/597/620 733/596/595
f 829/656/696 869/644/684 810/583/614
f 859/657/697 810/583/614 800/598/631
f 840/658/698 859/657/697 800/598/631
f 830/659/699 840/658/698 800/598/631
f 830/659/699 800/598/631 812/645/685
f 775/609/645 820/660/700 802/646/701
f 775/609/645 814/633/673 820/660/700
f 814/647/702 765/649/688 833/661/703
f 833/661/703 765/649/688 821/650/689
f 792/636/676 766/635/675 825/662/704
f 766/635/675 776/663/705 822/664/706
f 778/634/674 792/636/676 821/650/689
f 805/637/677 748/653/692 827/665/707
f 752/573/604 754/581/612 852/666/708
f 752/573/604 852/666/708 807/640/709
f 733/596/710 773/667/710 809/655/710
f 812/668/711 770/669/711 830/670/711
f 766/635/675 822/664/706 825/662/704
f 817/652/691 828/671/712 806/672/713
f 748/653/692 749/673/714 827/665/707
f 827/665/707 749/673/714 798/674/715
f 852/666/708 754/581/612 853/675/716
f 754/581/612 767/587/620 853/675/716
f 824/676/717 802/677/718 820/678/719
f 776/663/705 923/679/720 822/664/706
f 805/680/721 827/681/722 849/682/723
f 836/683/724 827/665/707 798/674/715
f 750/684/725 828/671/712 757/685/726
f 767/587/620 854/686/727 853/675/716
f 770/619/728 789/607/642 872/687/729
f 824/676/717 820/678/719 844/688/730
f 875/689/731 820/690/732 814/647/702
f 776/663/705 804/691/733 923/679/720
f 875/689/731 814/647/702 845/692/734
f 757/685/726 828/671/712 851/693/735
f 798/674/715 818/694/736 836/683/724
f 851/693/735 808/695/737 757/685/726
f 744/696/738 837/697/739 838/698/740
f 855/699/741 773/667/742 856/700/743
f 768/641/744 799/643/745 868/701/746
f 819/702/747 857/703/748 773/667/742
f 819/702/747 768/641/744 858/704/749
f 860/705/750 859/657/697 840/658/698
f 845/692/734 814/647/702 833/661/703
f 833/706/751 821/707/752 877/708/753
f 821/707/752 792/709/754 877/708/753
f 825/662/704 822/664/706 792/636/676
f 792/709/755 822/710/756 862/711/757
f 877/708/753 792/709/754 863/712/758
f 784/713/759 805/680/721 848/714/760
f 818/694/736 807/715/761 836/683/724
f 865/716/762 808/695/737 851/693/735
f 836/683/724 807/715/761 866/717/763
f 807/715/761 852/718/764 866/717/763
f 837/719/765 787/720/766 878/721/767
f 839/722/768 799/643/745 867/723/769
f 819/702/747 858/704/749 857/703/748
f 830/724/770 770/619/728 872/687/729
f 872/687/729 789/607/642 842/725/771
f 791/620/656 802/628/670 843/726/772
f 863/712/773 792/709/755 862/711/757
f 848/714/760 805/680/721 864/727/774
f 827/681/775 836/728/776 884/729/777
f 852/718/764 879/730/778 866/717/763
f 787/720/766 865/716/762 878/721/767
f 852/718/764 853/731/779 879/730/778
f 838/732/780 837/733/765 885/734/781
f 773/667/742 857/703/748 856/700/743
f 829/656/696 906/735/782 869/644/684
f 869/644/684 871/736/783 870/737/784
f 830/724/770 872/687/729 888/738/785
f 822/710/786 923/739/787 876/740/788
f 822/710/786 876/740/788 882/741/789
f 862/711/790 822/710/786 882/741/789
f 853/742/779 854/743/791 879/744/778
f 879/744/778 854/743/791 886/745/792
f 886/745/792 854/743/791 809/746/793
f 867/747/794 894/748/795 839/749/796
f 894/748/795 867/747/794 838/732/780
f 855/699/797 856/700/798 904/750/799
f 917/751/800 859/657/697 860/705/750
f 880/752/801 830/724/770 888/738/785
f 833/706/751 889/753/802 845/754/803
f 833/706/751 877/708/753 889/753/802
f 877/755/804 863/756/805 883/757/806
f 877/755/804 883/757/806 890/758/807
f 863/756/805 862/759/808 883/757/806
f 892/760/809 815/761/810 848/762/811
f 892/760/809 848/762/811 864/763/812
f 836/728/776 893/764/813 884/729/777
f 893/764/813 836/728/776 915/765/814
f 836/728/776 866/766/815 915/765/814
f 809/746/793 904/767/799 886/745/792
f 855/768/797 904/767/799 809/746/793
f 838/732/780 885/734/781 894/748/795
f 904/750/799 856/700/798 895/769/816
f 868/701/817 839/722/796 887/770/818
f 839/749/796 894/748/795 887/771/818
f 856/700/798 857/703/819 895/769/816
f 858/704/820 868/701/817 887/770/818
f 895/769/816 857/703/819 896/772/821
f 857/703/819 858/704/820 896/772/821
f 896/772/821 858/704/820 887/770/818
f 929/773/822 905/774/823 829/656/696
f 907/775/824 929/773/822 829/656/696
f 829/656/696 859/657/697 907/775/824
f 820/690/732 875/689/731 844/776/825
f 875/777/826 845/754/803 901/778/827
f 845/754/803 889/753/802 901/778/827
f 889/779/828 877/755/804 890/758/807
f 883/757/829 862/759/830 909/780/831
f 791/620/832 843/726/833 922/781/834
f 862/759/830 910/782/835 909/780/831
f 883/783/836 909/784/837 911/785/838
f 890/786/839 883/783/836 911/785/838
f 925/787/840 968/788/841 823/789/842
f 968/788/841 902/790/843 823/789/842
f 925/787/844 892/760/809 912/791/845
f 849/682/846 884/729/847 927/792/848
f 929/773/822 930/793/849 905/774/823
f 931/794/850 859/657/697 917/751/800
f 860/795/851 840/796/852 942/797/853
f 872/687/854 842/725/855 933/798/856
f 842/725/857 791/620/832 920/799/858
f 909/784/837 910/800/859 911/785/838
f 911/785/838 910/800/859 924/801/860
f 890/786/839 911/785/838 936/802/861
f 892/760/809 864/763/812 927/803/848
f 864/727/812 849/682/846 927/792/848
f 884/729/777 893/764/813 927/792/862
f 930/793/849 955/804/863 906/735/782
f 942/797/853 840/796/852 880/752/801
f 888/738/864 872/687/854 1024/805/865
f 842/725/857 920/799/858 933/798/866
f 889/779/828 890/758/807 901/806/867
f 901/806/868 890/758/869 935/807/870
f 911/808/871 924/809/872 950/810/873
f 915/765/814 866/766/815 975/811/874
f 866/766/815 879/812/875 916/813/876
f 993/814/877 1009/815/878 932/816/879
f 860/795/851 942/797/853 917/817/880
f 943/818/881 888/738/864 1024/805/865
f 824/676/882 844/688/883 947/819/884
f 875/689/731 934/820/885 844/776/825
f 862/759/830 882/821/886 948/822/887
f 910/782/835 862/759/830 948/822/887
f 890/786/888 936/802/889 935/823/890
f 935/823/890 936/802/889 962/824/891
f 911/808/871 937/825/892 936/826/893
f 937/825/892 911/808/871 950/810/873
f 971/827/894 926/828/895 938/829/896
f 975/811/874 866/766/815 916/813/876
f 886/830/897 991/831/898 879/812/899
f 904/750/900 895/769/901 976/832/902
f 896/772/903 887/770/904 1053/833/905
f 931/834/906 917/817/880 979/835/907
f 923/836/787 900/837/908 959/838/909
f 901/839/827 960/840/910 875/841/826
f 882/842/789 923/843/787 959/844/909
f 962/845/911 936/826/893 963/846/912
f 936/826/893 964/847/913 963/846/912
f 936/826/893 937/825/892 964/847/913
f 937/848/914 950/849/914 965/850/914
f 966/851/915 952/852/916 951/853/917
f 1000/854/918 951/855/919 967/856/920
f 951/855/919 952/857/921 967/856/920
f 987/858/922 902/790/843 968/788/841
f 879/812/899 991/831/898 916/813/923
f 886/859/897 904/750/924 991/860/898
f 1053/833/905 887/770/904 954/861/925
f 901/839/827 961/862/926 960/840/910
f 882/863/789 959/864/909 948/865/927
f 901/806/868 935/807/870 961/866/928
f 935/823/890 962/824/891 982/867/929
f 937/848/930 965/850/931 999/868/932
f 1000/854/918 967/856/920 986/869/933
f 987/858/922 1002/870/934 902/790/843
f 969/871/935 939/872/936 970/873/937
f 992/874/938 931/794/850 1008/875/939
f 934/876/940 875/841/826 960/840/910
f 935/823/890 982/867/929 961/877/941
f 949/878/942 1012/879/943 997/880/944
f 962/845/911 996/881/945 995/882/946
f 962/845/911 963/846/912 996/881/945
f 964/883/947 937/848/930 999/868/932
f 983/884/948 1000/854/918 986/869/933
f 952/852/921 984/885/949 985/886/950
f 967/856/951 1001/887/952 986/869/953
f 1001/887/952 967/856/951 985/888/954
f 927/792/955 1004/889/956 974/890/957
f 904/750/924 1020/891/958 991/860/898
f 904/750/900 976/832/902 1020/891/959
f 895/769/901 896/772/903 976/832/902
f 942/797/960 880/752/961 1010/892/962
f 880/752/961 943/818/881 1010/892/962
f 824/676/882 947/819/884 957/893/963
f 982/894/964 962/845/911 995/882/946
f 963/895/965 964/883/947 1013/896/966
f 999/868/932 965/850/931 998/897/967
f 1013/896/966 964/883/947 999/868/932
f 983/884/948 986/869/933 1042/898/968
f 1001/887/969 985/888/970 987/899/971
f 985/886/950 984/885/949 1002/870/972
f 986/900/973 969/871/935 970/873/937
f 974/890/974 1004/889/974 1014/901/974
f 1016/902/975 975/811/976 1036/903/977
f 922/781/978 899/904/979 1011/905/980
f 948/906/927 959/907/909 1026/908/981
f 961/862/982 982/909/983 1084/910/984
f 996/911/985 963/895/986 1013/896/987
f 996/911/985 1013/896/987 1040/912/988
f 987/899/971 985/888/970 1002/913/989
f 988/914/990 990/915/990 1031/916/990
f 1016/902/991 1036/903/992 1035/917/993
f 931/834/906 1022/918/994 1008/919/995
f 1022/918/994 931/834/906 979/835/907
f 918/920/996 933/798/997 1045/921/998
f 933/798/997 920/799/999 1045/921/998
f 844/776/825 934/820/885 1046/922/1000
f 960/840/910 961/862/926 1084/910/1001
f 998/897/967 950/849/1002 1041/923/1003
f 950/849/1002 997/924/1004 1041/923/1003
f 983/884/948 1042/898/968 1028/925/1005
f 1049/926/1006 1042/898/1007 986/869/1008
f 970/873/1009 1049/927/1009 986/900/1009
f 1018/928/1010 991/831/1011 1043/929/1012
f 942/797/960 1010/892/962 1054/930/1013
f 1024/805/1014 918/920/996 1045/921/998
f 1039/931/1015 982/894/964 995/882/946
f 1012/879/943 1061/932/1016 997/880/944
f 996/911/985 1040/912/988 995/933/1017
f 1041/923/1018 1062/934/1019 966/851/915
f 1062/934/1019 1027/935/1020 984/885/1021
f 1042/898/1007 1049/926/1006 970/936/1022
f 1074/937/1023 974/890/1024 1014/901/1025
f 1004/889/1026 1016/902/991 1089/938/1027
f 1016/902/991 1064/939/1028 1089/938/1027
f 896/772/903 1053/833/905 976/832/902
f 943/818/1029 1024/805/1014 1105/940/1030
f 844/776/825 1046/922/1000 947/941/1031
f 1046/942/1032 934/876/1033 1058/943/1034
f 934/876/940 960/840/910 1069/944/1035
f 997/924/1036 1047/945/1037 1062/934/1038
f 1063/946/1039 1030/947/1040 971/827/1041
f 990/915/1042 974/890/1024 1074/937/1023
f 1075/948/1043 1018/928/1044 1043/929/1045
f 979/835/1046 942/797/960 1054/930/1013
f 1038/949/1047 956/950/1048 1068/951/1049
f 934/876/1033 1069/944/1050 1058/943/1034
f 960/840/1051 1060/952/1052 1069/944/1053
f 1039/931/1015 995/882/946 1070/953/1054
f 997/880/1055 1061/932/1055 1047/954/1055
f 1042/898/1007 970/936/1022 1086/955/1056
f 988/914/1057 1031/916/1058 1071/956/1059
f 1014/901/1025 1004/889/1026 1089/938/1027
f 1016/902/991 1035/917/993 1092/957/1060
f 1007/958/1061 1006/959/1062 1076/960/1063
f 1043/929/1045 991/831/1064 1075/948/1043
f 1008/875/1065 1078/961/1066 978/962/1067
f 1078/963/1068 1008/919/995 1022/918/994
f 1010/892/1069 943/818/1029 1105/940/1030
f 1060/952/1070 960/840/1071 1084/910/1072
f 1084/910/984 1039/964/1073 1085/965/1074
f 1028/925/1075 1042/898/1076 1101/966/1077
f 1101/967/1077 1042/968/1076 1086/969/1078
f 1074/937/1023 1014/901/1025 1089/938/1027
f 1016/902/991 1092/957/1060 1064/939/1028
f 1035/917/993 1036/903/992 1092/957/1060
f 1036/903/992 1075/948/1043 1092/957/1060
f 1036/903/992 1018/928/1044 1075/948/1043
f 1105/940/1030 1054/930/1079 1010/892/1069
f 1038/949/1080 1095/970/1081 920/799/999
f 957/893/1082 947/819/1082 1097/971/1082
f 947/941/1031 1046/922/1000 1108/972/1083
f 1047/954/1084 1061/932/1085 1098/973/1086
f 1071/956/1087 1031/916/1088 1102/974/1089
f 1020/975/958 976/976/1090 1103/977/1091
f 979/835/1046 1104/978/1092 1022/918/1093
f 1038/949/1080 1080/979/1094 1095/970/1081
f 1038/949/1080 1068/951/1095 1080/979/1094
f 947/941/1031 1108/972/1083 1097/980/1096
f 995/981/1097 1040/982/1098 1070/983/1099
f 1028/984/1075 1101/985/1077 1111/986/1100
f 1101/987/1101 1086/988/1102 1050/989/1103
f 1075/990/1104 991/860/898 1142/991/1105
f 991/860/898 1020/891/958 1142/991/1105
f 957/893/1106 1097/971/1106 1107/992/1106
f 1046/942/1032 1058/943/1034 1108/993/1107
f 1085/994/1108 1039/931/1015 1070/953/1054
f 1117/995/1109 1070/983/1099 1040/982/1098
f 1040/912/1110 1028/996/1111 1117/997/1112
f 1077/998/1113 1052/999/1114 1112/1000/1115
f 1105/940/1030 1024/805/1014 1045/921/998
f 1045/921/998 920/799/999 1095/970/1081
f 1095/970/1081 1080/979/1094 1121/1001/1116
f 1060/952/1070 1084/910/1072 1123/1002/1117
f 1123/1002/1118 1084/910/984 1085/965/1074
f 1074/937/1119 1089/938/1120 1126/1003/1121
f 1064/939/1122 1092/957/1123 1138/1004/1124
f 1092/957/1123 1075/948/1104 1150/1005/1125
f 1141/1006/1126 1075/948/1104 1142/1007/1105
f 1142/1008/1105 1020/975/958 1129/1009/1127
f 1020/975/958 1118/1010/1128 1129/1009/1127
f 1191/1011/1129 978/962/1067 1078/961/1066
f 1022/918/994 1144/1012/1130 1078/963/1068
f 1104/978/1131 1054/930/1079 1105/940/1030
f 939/1013/1132 1124/1014/1133 1158/1015/1134
f 1102/974/1135 1074/937/1119 1136/1016/1136
f 1136/1016/1136 1074/937/1119 1126/1003/1121
f 1138/1004/1124 1092/957/1123 1149/1017/1137
f 1075/948/1104 1141/1006/1126 1150/1005/1125
f 1191/1011/1129 1131/1018/1138 978/962/1067
f 1022/918/1093 1104/978/1092 1151/1019/1139
f 1105/940/1030 1045/921/998 1145/1020/1140
f 1078/963/1068 1144/1012/1130 1191/1021/1141
f 1107/992/1142 1097/971/1096 1152/1022/1143
f 1098/973/1086 1061/932/1085 1154/1023/1144
f 1111/986/1145 1101/985/1146 1174/1024/1147
f 1089/938/1120 1159/1025/1148 1126/1003/1121
f 1089/938/1120 1148/1026/1149 1159/1025/1148
f 1148/1026/1149 1064/939/1122 1138/1004/1124
f 1113/1027/1150 1169/1028/1151 1190/1029/1152
f 1121/1030/1153 1011/1031/1154 1162/1032/1155
f 1115/1033/1156 1162/1032/1155 1011/1031/1154
f 1108/993/1107 1058/943/1034 1164/1034/1157
f 1069/944/1053 1060/952/1052 1165/1035/1158
f 1185/1036/1159 1123/1002/1118 1085/965/1074
f 1149/1037/1160 1150/1038/1160 1168/1039/1160
f 1142/1040/1161 1129/1041/1162 1180/1042/1163
f 1180/1042/1163 1129/1041/1162 1118/1043/1164
f 1130/1044/1165 1077/998/1166 1160/1045/1167
f 1113/1027/1150 1119/1046/1168 1169/1028/1151
f 1022/918/1093 1151/1019/1139 1144/1012/1169
f 1104/978/1131 1145/1020/1140 1181/1047/1170
f 1117/995/1171 1111/986/1172 1174/1024/1173
f 1139/1048/1174 1207/1049/1174 1128/1050/1174
f 1141/1006/1175 1179/1051/1176 1150/1005/1177
f 1141/1006/1175 1142/1007/1178 1179/1051/1176
f 1142/1040/1161 1180/1042/1163 1179/1052/1179
f 1103/1053/1180 1113/1027/1150 1190/1029/1152
f 1095/970/1181 1121/1001/1182 1194/1054/1183
f 1152/1055/1184 1108/972/1185 1183/1056/1186
f 1058/943/1187 1184/1057/1188 1164/1034/1189
f 1070/953/1054 1155/1058/1190 1085/994/1108
f 1070/983/1191 1117/995/1192 1186/1059/1193
f 1100/1060/1194 1157/1061/1195 1147/1062/1196
f 1233/1063/1197 1148/1026/1198 1138/1004/1199
f 1138/1004/1200 1149/1017/1200 1282/1064/1200
f 1118/1043/1164 1103/1053/1180 1190/1029/1152
f 1115/1065/1201 1107/1066/1201 1200/1067/1201
f 1184/1057/1202 1058/943/1034 1195/1068/1203
f 1058/943/1034 1069/944/1050 1195/1068/1203
f 1069/944/1053 1165/1035/1158 1195/1068/1204
f 1060/952/1070 1123/1002/1117 1165/1035/1205
f 1185/1069/1206 1085/994/1108 1155/1058/1190
f 1070/983/1191 1186/1059/1193 1155/1070/1207
f 1117/995/1171 1174/1024/1173 1186/1059/1208
f 1187/1071/1209 1167/1072/1210 1204/1073/1211
f 1167/1072/1212 1126/1003/1213 1159/1025/1214
f 1148/1026/1215 1233/1063/1215 1159/1025/1215
f 1138/1004/1199 1282/1064/1216 1233/1063/1197
f 1145/1020/1140 1045/921/998 1193/1074/1217
f 1095/970/1181 1194/1054/1183 1045/921/1218
f 1107/992/1142 1152/1022/1143 1200/1075/1219
f 1183/1076/1220 1108/993/1221 1164/1034/1222
f 1174/1024/1147 1101/985/1146 1202/1077/1223
f 1202/1077/1223 1101/985/1146 1203/1078/1224
f 1050/1079/1225 1158/1015/1134 1245/1080/1226
f 1176/1081/1227 1205/1082/1227 1206/1083/1227
f 1150/1005/1177 1179/1051/1176 1250/1084/1228
f 1180/1042/1163 1118/1043/1164 1190/1029/1152
f 1227/1085/1229 1130/1044/1165 1160/1045/1167
f 1130/1044/1165 1227/1085/1229 1169/1028/1151
f 1181/1047/1170 1145/1020/1140 1193/1074/1217
f 1045/921/1218 1194/1054/1183 1182/1086/1230
f 1050/1079/1225 1245/1080/1226 1203/1078/1231
f 1102/974/1135 1136/1016/1136 1247/1087/1232
f 1136/1016/1233 1187/1071/1233 1213/1088/1233
f 1168/1089/1234 1150/1005/1235 1208/1090/1236
f 1214/1091/1237 1213/1088/1237 1187/1071/1237
f 1167/1072/1238 1219/1092/1239 1226/1093/1240
f 1167/1072/1241 1159/1025/1241 1219/1092/1241
f 1168/1089/1234 1208/1090/1236 1220/1094/1242
f 1208/1090/1243 1150/1005/1177 1250/1084/1228
f 1191/1021/1141 1144/1012/1130 1221/1095/1244
f 1194/1054/1183 1121/1001/1182 1222/1096/1245
f 1152/1055/1184 1183/1056/1186 1224/1097/1246
f 1102/974/1135 1247/1087/1232 1212/1098/1247
f 1204/1073/1248 1167/1072/1238 1226/1093/1240
f 1282/1099/1249 1149/1100/1250 1220/1101/1251
f 1220/1101/1251 1149/1100/1250 1168/1102/1252
f 1250/1103/1253 1179/1052/1179 1180/1042/1163
f 1184/1057/1202 1195/1068/1203 1243/1104/1254
f 1154/1023/1144 1235/1105/1255 1156/1106/1256
f 1186/1059/1257 1217/1107/1258 1155/1070/1259
f 1186/1059/1260 1174/1024/1261 1217/1107/1262
f 1214/1091/1263 1204/1073/1264 1259/1108/1265
f 1206/1083/1266 1205/1082/1266 1239/1109/1266
f 1227/1085/1229 1160/1045/1167 1273/1110/1267
f 1221/1095/1244 1144/1012/1130 1251/1111/1268
f 1195/1068/1204 1165/1035/1158 1269/1112/1269
f 1083/1113/1270 1116/1114/1271 1255/1115/1272
f 1165/1035/1205 1123/1002/1117 1269/1112/1273
f 1123/1002/1274 1185/1036/1274 1298/1116/1274
f 1185/1069/1206 1155/1058/1190 1298/1117/1275
f 1174/1024/1276 1202/1077/1277 1257/1118/1278
f 1204/1073/1264 1226/1093/1279 1259/1108/1265
f 1180/1042/1163 1190/1029/1152 1305/1119/1280
f 1183/1076/1220 1164/1034/1222 1224/1120/1281
f 1195/1068/1204 1269/1112/1269 1243/1104/1282
f 1226/1093/1240 1219/1092/1239 1248/1121/1283
f 1219/1092/1284 1159/1025/1284 1240/1122/1284
f 1249/1123/1285 1207/1049/1286 1283/1124/1287
f 1194/1054/1183 1222/1096/1245 1276/1125/1288
f 1298/1117/1275 1155/1058/1190 1278/1126/1289
f 1203/1078/1224 1245/1080/1290 1202/1077/1223
f 1190/1029/1152 1169/1028/1151 1274/1127/1291
f 1265/1128/1292 1194/1054/1183 1276/1125/1288
f 1200/1075/1219 1152/1022/1143 1266/1129/1293
f 1200/1075/1219 1266/1129/1293 1229/1130/1294
f 1123/1002/1117 1298/1116/1295 1269/1112/1273
f 1156/1106/1256 1235/1105/1255 1256/1131/1296
f 1202/1077/1223 1245/1080/1290 1258/1132/1297
f 1160/1045/1167 1209/1133/1298 1273/1110/1267
f 1274/1127/1299 1169/1028/1151 1227/1085/1229
f 1164/1034/1189 1184/1057/1188 1287/1134/1300
f 1155/1070/1259 1217/1107/1258 1278/1135/1301
f 1212/1098/1247 1247/1087/1232 1288/1136/1302
f 1219/1092/1239 1240/1122/1303 1248/1121/1283
f 1206/1083/1304 1239/1109/1304 1241/1137/1304
f 1224/1120/1281 1164/1034/1222 1287/1134/1305
f 1224/1120/1281 1287/1134/1305 1286/1138/1306
f 1255/1115/1272 1116/1114/1271 1277/1139/1307
f 1202/1077/1277 1258/1132/1308 1257/1118/1278
f 1212/1098/1247 1288/1136/1302 1246/1140/1309
f 1259/1108/1310 1226/1093/1310 1281/1141/1310
f 1190/1029/1152 1274/1127/1291 1305/1119/1280
f 1151/1019/1139 1275/1142/1311 1144/1012/1169
f 1265/1128/1292 1182/1086/1230 1194/1054/1183
f 1242/1143/1312 1267/1144/1313 1318/1145/1314
f 1281/1141/1315 1292/1146/1315 1291/1147/1315
f 1289/1148/1316 1300/1149/1317 1293/1150/1318
f 1295/1151/1319 1193/1074/1320 1182/1086/1321
f 1224/1097/1322 1286/1152/1323 1266/1153/1324
f 1214/1091/1263 1259/1108/1265 1310/1154/1325
f 1291/1147/1326 1292/1146/1326 1301/1155/1326
f 1282/1064/1327 1313/1156/1328 1233/1063/1329
f 1246/1140/1309 1288/1136/1302 1320/1157/1330
f 1288/1136/1302 1247/1087/1232 1334/1158/1331
f 1311/1159/1332 1259/1108/1332 1291/1147/1332
f 1312/1160/1333 1302/1161/1333 1293/1162/1333
f 1240/1122/1334 1303/1163/1334 1248/1121/1334
f 1282/1099/1249 1220/1101/1251 1313/1164/1335
f 1227/1085/1229 1273/1110/1267 1325/1165/1336
f 1274/1127/1299 1227/1085/1229 1325/1165/1336
f 1144/1012/1169 1275/1142/1311 1251/1111/1337
f 1184/1057/1202 1243/1104/1254 1309/1166/1338
f 1331/1167/1339 1256/1131/1296 1339/1168/1340
f 1256/1131/1296 1235/1105/1255 1339/1168/1340
f 1278/1135/1301 1217/1107/1258 1332/1169/1341
f 1310/1154/1325 1259/1108/1265 1311/1159/1342
f 1233/1063/1329 1313/1156/1328 1323/1170/1343
f 1249/1123/1285 1283/1124/1287 1304/1171/1344
f 1208/1090/1236 1346/1172/1345 1220/1094/1242
f 1274/1127/1299 1325/1165/1336 1326/1173/1346
f 1275/1142/1347 1181/1047/1348 1295/1151/1349
f 1286/1138/1306 1287/1134/1305 1348/1174/1350
f 1184/1057/1188 1309/1166/1351 1287/1134/1300
f 1243/1104/1282 1269/1112/1269 1349/1175/1352
f 1269/1112/1353 1298/1116/1354 1330/1176/1355
f 1257/1118/1278 1258/1132/1308 1373/1177/1356
f 1335/1178/1357 1300/1179/1357 1296/1180/1357
f 1291/1147/1358 1301/1155/1358 1311/1159/1358
f 1292/1146/1359 1294/1181/1359 1353/1182/1359
f 1221/1095/1244 1251/1111/1268 1328/1183/1360
f 1229/1130/1294 1266/1129/1293 1315/1184/1361
f 1341/1185/1362 1245/1080/1226 1236/1186/1363
f 1208/1090/1243 1250/1084/1228 1346/1172/1364
f 1265/1128/1292 1276/1125/1288 1307/1187/1365
f 1266/1153/1366 1286/1152/1367 1358/1188/1368
f 1349/1175/1352 1269/1112/1269 1338/1189/1369
f 1298/1117/1275 1278/1126/1289 1332/1190/1370
f 1248/1121/1371 1303/1163/1371 1361/1191/1371
f 1250/1103/1253 1180/1042/1163 1355/1192/1372
f 1274/1127/1291 1326/1173/1373 1305/1119/1280
f 1182/1086/1230 1265/1128/1292 1428/1193/1374
f 1307/1187/1365 1384/1194/1375 1265/1128/1292
f 1309/1166/1338 1243/1104/1254 1349/1175/1376
f 1269/1112/1353 1330/1176/1355 1338/1189/1377
f 1311/1159/1378 1301/1155/1378 1353/1182/1378
f 1353/1182/1379 1294/1181/1380 1395/1195/1381
f 1395/1195/1381 1294/1181/1380 1361/1191/1382
f 1294/1181/1380 1226/1093/1383 1361/1191/1382
f 1255/1115/1272 1277/1139/1307 1372/1196/1384
f 1226/1093/1385 1248/1121/1385 1361/1191/1385
f 1220/1094/1242 1346/1172/1345 1376/1197/1386
f 1332/1169/1341 1217/1107/1258 1369/1198/1387
f 1341/1185/1362 1236/1186/1363 1374/1199/1388
f 1310/1154/1325 1311/1159/1342 1389/1200/1389
f 1311/1159/1342 1353/1182/1379 1395/1195/1381
f 1250/1084/1228 1355/1201/1390 1346/1172/1364
f 1307/1187/1365 1371/1202/1391 1384/1194/1375
f 1358/1188/1368 1286/1152/1367 1348/1203/1392
f 1372/1196/1384 1277/1139/1307 1368/1204/1393
f 1369/1198/1394 1257/1118/1395 1373/1177/1396
f 1381/1205/1397 1341/1185/1362 1385/1206/1398
f 1311/1159/1342 1395/1195/1381 1389/1200/1389
f 1303/1163/1399 1323/1170/1400 1421/1207/1401
f 1313/1164/1335 1220/1101/1251 1430/1208/1402
f 1266/1129/1293 1358/1209/1368 1315/1184/1361
f 1236/1186/1363 1352/1210/1403 1374/1199/1388
f 1386/1211/1404 1288/1136/1405 1334/1158/1406
f 1334/1158/1406 1387/1212/1407 1386/1211/1404
f 1382/1213/1408 1303/1163/1399 1421/1207/1401
f 1220/1101/1251 1376/1214/1409 1430/1208/1402
f 1298/1116/1410 1393/1215/1410 1330/1176/1410
f 1298/1117/1275 1332/1190/1370 1393/1216/1411
f 1320/1157/1330 1288/1136/1302 1386/1211/1412
f 1320/1157/1330 1386/1211/1412 1394/1217/1413
f 1180/1042/1163 1305/1119/1280 1431/1218/1414
f 1348/1174/1350 1287/1134/1305 1400/1219/1415
f 1373/1177/1416 1381/1205/1417 1417/1220/1418
f 1421/1207/1419 1323/1170/1420 1396/1221/1421
f 1346/1172/1364 1355/1201/1390 1406/1222/1422
f 1275/1142/1311 1364/1223/1423 1251/1111/1337
f 1378/1224/1424 1182/1086/1425 1428/1193/1426
f 1384/1194/1375 1371/1202/1391 1410/1225/1427
f 1348/1203/1392 1400/1226/1428 1358/1188/1368
f 1349/1175/1429 1338/1189/1430 1413/1227/1431
f 1332/1169/1432 1369/1198/1433 1415/1228/1434
f 1387/1212/1435 1395/1195/1436 1420/1229/1437
f 1382/1213/1438 1421/1207/1438 1420/1229/1438
f 1425/1230/1439 1180/1042/1163 1431/1218/1414
f 1326/1173/1346 1325/1165/1336 1440/1231/1440
f 1251/1111/1337 1364/1223/1423 1433/1232/1441
f 1309/1166/1338 1349/1175/1376 1413/1227/1442
f 1372/1196/1384 1368/1204/1393 1412/1233/1443
f 1273/1110/1267 1347/1234/1444 1439/1235/1445
f 1305/1119/1280 1326/1173/1373 1440/1231/1446
f 1305/1119/1280 1440/1231/1446 1431/1218/1414
f 1315/1184/1361 1358/1209/1368 1435/1236/1447
f 1287/1134/1448 1309/1166/1338 1400/1219/1449
f 1420/1229/1450 1421/1207/1450 1386/1211/1450
f 1376/1197/1451 1406/1222/1451 1430/1237/1451
f 1369/1198/1433 1436/1238/1452 1415/1228/1434
f 1386/1211/1412 1453/1239/1453 1394/1217/1413
f 1387/1212/1454 1420/1229/1454 1386/1211/1454
f 1396/1221/1455 1422/1240/1456 1455/1241/1457
f 1355/1192/1372 1425/1230/1439 1438/1242/1458
f 1325/1165/1336 1390/1243/1459 1440/1231/1440
f 1433/1232/1460 1364/1223/1461 1445/1244/1462
f 1400/1219/1449 1309/1166/1338 1451/1245/1463
f 1332/1190/1370 1415/1246/1464 1393/1216/1411
f 1417/1220/1465 1381/1205/1397 1385/1206/1398
f 1421/1207/1466 1396/1221/1455 1455/1241/1457
f 1456/1247/1467 1422/1240/1468 1430/1237/1469
f 1364/1223/1461 1408/1248/1470 1445/1244/1462
f 1309/1166/1338 1413/1227/1442 1451/1245/1463
f 1414/1249/1471 1331/1167/1339 1339/1168/1340
f 1386/1211/1412 1421/1207/1466 1461/1250/1472
f 1421/1207/1466 1455/1241/1457 1461/1250/1472
f 1378/1224/1424 1428/1193/1473 1462/1251/1474
f 1358/1188/1368 1400/1226/1428 1463/1252/1475
f 1413/1227/1431 1338/1189/1430 1452/1253/1476
f 1338/1189/1377 1330/1176/1355 1452/1253/1477
f 1452/1253/1478 1330/1176/1479 1464/1254/1480
f 1341/1185/1362 1374/1199/1388 1385/1206/1398
f 1455/1241/1457 1422/1240/1456 1456/1247/1481
f 1406/1222/1482 1438/1255/1483 1473/1256/1484
f 1438/1242/1485 1425/1230/1486 1474/1257/1487
f 1425/1230/1486 1431/1218/1488 1475/1258/1489
f 1431/1218/1488 1440/1231/1490 1483/1259/1491
f 1445/1244/1462 1408/1248/1470 1398/1260/1492
f 1463/1252/1475 1400/1226/1428 1451/1261/1493
f 1453/1239/1453 1386/1211/1412 1479/1262/1494
f 1386/1211/1412 1461/1250/1472 1479/1262/1494
f 1430/1237/1469 1406/1222/1482 1456/1247/1467
f 1473/1263/1495 1438/1242/1496 1474/1257/1497
f 1398/1260/1492 1462/1251/1498 1445/1244/1462
f 1486/1264/1499 1458/1265/1500 1488/1266/1501
f 1385/1206/1398 1374/1199/1388 1492/1267/1502
f 1406/1222/1482 1473/1256/1484 1456/1247/1467
f 1439/1235/1503 1424/1268/1504 1480/1269/1505
f 1440/1231/1490 1390/1243/1506 1482/1270/1507
f 1431/1218/1488 1483/1259/1491 1475/1258/1489
f 1425/1230/1486 1475/1258/1489 1474/1257/1487
f 1440/1231/1490 1482/1270/1507 1483/1259/1491
f 1435/1236/1447 1358/1209/1368 1463/1271/1475
f 1415/1246/1464 1505/1272/1508 1393/1216/1411
f 1503/1273/1509 1414/1249/1471 1504/1274/1510
f 1414/1249/1471 1466/1275/1511 1504/1274/1510
f 1415/1228/1512 1467/1276/1513 1505/1277/1514
f 1467/1276/1513 1506/1278/1515 1505/1277/1514
f 1456/1247/1516 1473/1256/1516 1512/1279/1516
f 1474/1257/1497 1534/1280/1517 1473/1263/1495
f 1390/1243/1506 1481/1281/1518 1482/1270/1507
f 1445/1244/1462 1462/1251/1498 1536/1282/1519
f 1519/1283/1520 1496/1284/1521 1517/1285/1522
f 1456/1247/1523 1511/1286/1524 1523/1287/1525
f 1435/1236/1526 1463/1271/1527 1502/1288/1528
f 1463/1252/1475 1451/1261/1493 1538/1289/1529
f 1505/1290/1530 1527/1291/1531 1578/1292/1532
f 1491/1293/1533 1478/1294/1534 1518/1295/1535
f 1546/1296/1536 1455/1241/1537 1531/1297/1538
f 1455/1241/1537 1456/1247/1523 1533/1298/1539
f 1512/1279/1540 1473/1256/1540 1534/1299/1540
f 1458/1265/1541 1499/1300/1542 1488/1266/1543
f 1538/1289/1529 1451/1261/1493 1516/1301/1544
f 1393/1216/1411 1505/1272/1508 1539/1302/1545
f 1474/1257/1546 1475/1258/1547 1563/1303/1548
f 1462/1251/1498 1573/1304/1549 1536/1282/1519
f 1428/1193/1473 1537/1305/1550 1565/1306/1551
f 1486/1264/1499 1488/1266/1501 1574/1307/1552
f 1488/1266/1543 1499/1300/1542 1575/1308/1553
f 1533/1298/1554 1523/1287/1555 1562/1309/1556
f 1534/1280/1557 1474/1257/1546 1563/1303/1548
f 1483/1259/1558 1482/1270/1559 1564/1310/1560
f 1558/1311/1561 1544/1312/1562 1542/1313/1563
f 1523/1287/1555 1511/1286/1564 1562/1309/1556
f 1511/1286/1564 1512/1279/1565 1562/1309/1556
f 1534/1280/1557 1563/1303/1548 1638/1314/1566
f 1482/1270/1559 1481/1281/1567 1564/1310/1560
f 1462/1251/1498 1565/1306/1568 1573/1304/1549
f 1574/1307/1569 1488/1266/1543 1575/1308/1553
f 1503/1273/1509 1504/1274/1510 1577/1315/1570
f 1540/1316/1571 1554/1317/1572 1578/1292/1532
f 1557/1318/1573 1558/1311/1574 1542/1313/1575
f 1478/1319/1576 1569/1320/1577 1543/1321/1578
f 1492/1267/1502 1529/1322/1579 1560/1323/1580
f 1522/1324/1581 1546/1296/1536 1531/1297/1538
f 1512/1279/1565 1534/1299/1582 1562/1309/1556
f 1475/1258/1547 1483/1259/1558 1583/1325/1583
f 1463/1271/1527 1538/1326/1584 1604/1327/1585
f 1551/1328/1586 1490/1329/1587 1587/1330/1588
f 1539/1302/1545 1553/1331/1589 1591/1332/1590
f 1567/1333/1591 1503/1334/1591 1594/1335/1591
f 1568/1336/1592 1559/1337/1593 1595/1338/1594
f 1559/1337/1593 1557/1318/1573 1595/1338/1594
f 1557/1318/1573 1542/1313/1575 1595/1338/1594
f 1497/1339/1595 1520/1340/1596 1529/1322/1597
f 1520/1340/1598 1530/1341/1599 1609/1342/1600
f 1522/1324/1601 1531/1297/1602 1582/1343/1603
f 1531/1297/1602 1533/1298/1554 1610/1344/1604
f 1573/1304/1549 1565/1306/1568 1599/1345/1605
f 1602/1346/1606 1628/1347/1606 1499/1300/1606
f 1516/1348/1607 1495/1349/1608 1588/1350/1609
f 1576/1351/1610 1588/1350/1609 1495/1349/1608
f 1594/1352/1611 1577/1315/1570 1622/1353/1612
f 1594/1352/1611 1503/1273/1509 1577/1315/1570
f 1529/1322/1613 1520/1340/1598 1609/1342/1600
f 1609/1342/1600 1530/1341/1599 1522/1324/1601
f 1582/1343/1603 1531/1297/1602 1610/1344/1604
f 1533/1298/1554 1562/1309/1556 1610/1344/1604
f 1563/1303/1548 1475/1258/1547 1611/1354/1614
f 1475/1258/1547 1583/1325/1583 1611/1354/1614
f 1583/1325/1583 1483/1259/1558 1564/1310/1560
f 1592/1355/1615 1591/1332/1590 1553/1331/1589
f 1529/1322/1613 1609/1342/1600 1614/1356/1616
f 1522/1324/1601 1582/1343/1603 1609/1342/1600
f 1599/1345/1605 1565/1306/1568 1618/1357/1617
f 1565/1306/1568 1537/1305/1618 1618/1357/1617
f 1586/1358/1619 1574/1307/1569 1575/1308/1553
f 1592/1355/1615 1606/1359/1620 1591/1332/1590
f 1594/1352/1611 1622/1353/1612 1645/1360/1621
f 1562/1309/1556 1534/1299/1582 1636/1361/1622
f 1534/1299/1582 1638/1362/1623 1636/1361/1622
f 1537/1305/1618 1586/1358/1624 1618/1357/1617
f 1538/1289/1529 1516/1301/1544 1620/1363/1625
f 1633/1364/1626 1590/1365/1627 1643/1366/1628
f 1606/1359/1620 1645/1360/1621 1591/1332/1590
f 1606/1359/1620 1593/1367/1629 1645/1360/1621
f 1593/1367/1629 1594/1352/1611 1645/1360/1621
f 1575/1308/1553 1641/1368/1630 1586/1358/1631
f 1643/1366/1632 1605/1369/1632 1642/1370/1632
f 1589/1371/1633 1621/1372/1634 1632/1373/1635
f 1610/1344/1604 1562/1309/1556 1648/1374/1636
f 1562/1309/1556 1636/1361/1622 1648/1374/1636
f 1586/1358/1624 1641/1368/1637 1618/1357/1617
f 1538/1289/1529 1620/1363/1625 1630/1375/1638
f 1631/1376/1639 1551/1328/1586 1587/1330/1588
f 1643/1366/1640 1642/1370/1641 1669/1377/1642
f 1621/1372/1634 1644/1378/1643 1632/1373/1635
f 1582/1343/1644 1610/1344/1604 1635/1379/1645
f 1635/1379/1645 1610/1344/1604 1648/1374/1636
f 1611/1380/1646 1583/1381/1647 1684/1382/1648
f 1631/1376/1639 1587/1330/1588 1706/1383/1649
f 1588/1350/1650 1632/1373/1651 1675/1384/1652
f 1632/1373/1651 1644/1378/1653 1689/1385/1654
f 1689/1385/1654 1644/1378/1653 1643/1366/1640
f 1614/1386/1655 1653/1387/1656 1652/1388/1657
f 1691/1389/1658 1634/1390/1659 1582/1343/1644
f 1582/1343/1644 1635/1379/1645 1691/1389/1658
f 1575/1308/1553 1628/1347/1660 1641/1368/1630
f 1632/1373/1651 1689/1385/1654 1675/1384/1652
f 1563/1391/1661 1611/1380/1646 1664/1392/1662
f 1599/1345/1663 1666/1393/1664 1672/1394/1665
f 1641/1368/1630 1628/1347/1660 1668/1395/1666
f 1631/1376/1639 1706/1383/1649 1658/1396/1667
f 1657/1397/1668 1675/1384/1669 1674/1398/1670
f 1689/1385/1654 1643/1366/1640 1677/1399/1671
f 1643/1366/1640 1669/1377/1642 1677/1399/1671
f 1657/1397/1668 1674/1398/1670 1620/1400/1672
f 1670/1401/1673 1684/1402/1674 1695/1403/1675
f 1671/1404/1676 1704/1405/1677 1684/1402/1674
f 1652/1406/1678 1662/1407/1679 1708/1408/1680
f 1681/1409/1681 1664/1410/1682 1712/1411/1683
f 1664/1410/1682 1670/1401/1673 1712/1411/1683
f 1671/1404/1676 1683/1412/1684 1704/1405/1677
f 1694/1413/1685 1681/1409/1681 1712/1411/1683
f 1670/1401/1673 1695/1403/1675 1712/1411/1683
f 1695/1403/1675 1684/1402/1674 1713/1414/1686
f 1684/1402/1674 1704/1405/1677 1713/1414/1686
f 1728/1415/1687 1658/1396/1667 1706/1383/1649
f 1682/1416/1688 1693/1417/1689 1732/1418/1690
f 1724/1419/1691 1694/1413/1685 1712/1411/1683
f 1620/1363/1625 1674/1420/1692 1714/1421/1693
f 1680/1422/1694 1694/1423/1695 1702/1424/1696
f 1687/1425/1697 1641/1368/1698 1745/1426/1699
f 1674/1420/1692 1746/1427/1700 1714/1421/1693
f 1674/1420/1692 1698/1428/1701 1746/1427/1700
f 1712/1411/1683 1695/1403/1675 1734/1429/1702
f 1745/1426/1703 1641/1368/1704 1765/1430/1705
f 1721/1431/1706 1630/1432/1707 1727/1433/1708
f 1702/1434/1709 1694/1435/1710 1724/1436/1691
f 1698/1428/1701 1761/1437/1711 1746/1427/1700
f 1713/1414/1712 1758/1438/1713 1695/1403/1714
f 1668/1395/1715 1721/1439/1716 1773/1440/1717
f 1751/1441/1718 1722/1442/1719 1716/1443/1720
f 1729/1444/1721 1748/1445/1722 1747/1446/1723
f 1710/1447/1724 1701/1448/1725 1770/1449/1726
f 1724/1419/1691 1712/1411/1683 1757/1450/1727
f 1710/1447/1724 1770/1449/1726 1709/1451/1728
f 1757/1450/1727 1712/1411/1683 1734/1429/1729
f 1695/1403/1714 1758/1438/1713 1777/1452/1730
f 1758/1438/1713 1713/1414/1712 1763/1453/1731
f 1713/1414/1712 1704/1405/1732 1763/1453/1731
f 1754/1454/1733 1741/1455/1734 1796/1456/1735
f 1759/1457/1736 1745/1458/1737 1765/1459/1738
f 1719/1460/1739 1709/1451/1728 1784/1461/1740
f 1702/1434/1741 1776/1462/1742 1701/1448/1743
f 1702/1434/1709 1724/1436/1691 1776/1462/1744
f 1763/1453/1731 1704/1405/1732 1771/1463/1745
f 1695/1403/1675 1777/1452/1730 1734/1429/1702
f 1770/1449/1726 1701/1448/1725 1789/1464/1746
f 1724/1419/1691 1757/1450/1727 1776/1465/1744
f 1758/1438/1713 1763/1453/1731 1792/1466/1747
f 1760/1467/1748 1767/1468/1749 1786/1469/1750
f 1723/1470/1751 1719/1460/1739 1784/1461/1740
f 1789/1464/1752 1701/1448/1743 1776/1462/1742
f 1777/1452/1730 1758/1438/1713 1785/1471/1753
f 1757/1450/1754 1734/1429/1755 1790/1472/1756
f 1709/1451/1728 1770/1449/1726 1784/1461/1740
f 1734/1429/1702 1777/1452/1730 1798/1473/1757
f 1763/1453/1731 1771/1463/1745 1792/1466/1747
f 1758/1438/1713 1792/1466/1747 1785/1471/1753
f 1757/1474/1727 1790/1475/1756 1776/1462/1744
f 1776/1462/1744 1790/1475/1756 1802/1476/1758
f 1789/1464/1752 1776/1462/1742 1801/1477/1759
f 1734/1429/1755 1798/1473/1760 1790/1472/1756
f 1798/1473/1757 1777/1452/1730 1807/1478/1761
f 1777/1452/1730 1785/1471/1753 1809/1479/1762
f 1803/1480/1763 1771/1463/1745 1806/1481/1764
f 1798/1482/1765 1807/1483/1765 1808/1484/1765
f 1777/1452/1730 1809/1479/1762 1807/1478/1761
f 1809/1479/1762 1785/1471/1753 1818/1485/1766
f 1776/1462/1742 1802/1476/1767 1801/1477/1759
f 1811/1486/1768 1798/1482/1768 1808/1484/1768
f 1785/1471/1753 1792/1466/1747 1818/1485/1766
f 1808/1484/1769 1810/1487/1770 1811/1486/1771
f 1798/1488/1772 1811/1489/1773 1815/1490/1774
f 1811/1486/1771 1810/1487/1770 1813/1491/1775
f 1790/1472/1756 1798/1473/1760 1815/1492/1776
f 1807/1478/1761 1809/1479/1762 1822/1493/1777
f 1792/1466/1747 1803/1480/1763 1817/1494/1778
f 1815/1490/1774 1811/1489/1773 1819/1495/1779
f 1801/1477/1759 1802/1476/1767 1821/1496/1780
f 1815/1497/1781 1819/1498/1781 1823/1499/1781
f 1818/1485/1766 1792/1466/1747 1817/1494/1778
f 1811/1489/1773 1824/1500/1782 1819/1495/1779
f 1784/1461/1740 1770/1449/1726 1820/1501/1783
f 1770/1449/1726 1789/1464/1746 1801/1477/1784
f 1811/1489/1785 1813/1502/1786 1824/1500/1787
f 1813/1491/1775 1810/1487/1770 1828/1503/1788
f 1815/1504/1776 1822/1493/1777 1831/1505/1789
f 1822/1493/1777 1809/1479/1762 1831/1505/1789
f 1813/1502/1786 1832/1506/1790 1824/1500/1787
f 1810/1507/1791 1836/1508/1791 1828/1509/1791
f 1813/1491/1792 1828/1503/1793 1832/1510/1794
f 1802/1476/1758 1790/1475/1756 1839/1511/1795
f 1809/1479/1762 1818/1485/1766 1835/1512/1796
f 1820/1501/1783 1770/1449/1726 1848/1513/1797
f 1770/1449/1726 1801/1477/1784 1848/1513/1798
f 1790/1472/1756 1815/1492/1776 1839/1514/1795
f 1817/1494/1778 1803/1480/1763 1840/1515/1799
f 1824/1516/1800 1844/1517/1801 1843/1518/1802
f 1824/1500/1803 1832/1506/1804 1844/1519/1805
f 1832/1510/1794 1828/1503/1793 1845/1520/1806
f 1809/1479/1762 1849/1521/1807 1831/1505/1789
f 1809/1479/1762 1835/1512/1796 1849/1521/1807
f 1841/1522/1808 1818/1485/1766 1817/1494/1778
f 1845/1520/1809 1828/1503/1810 1836/1523/1811
f 1817/1494/1778 1840/1515/1799 1841/1522/1808
f 1845/1524/1806 1858/1525/1812 1832/1506/1794
f 1853/1526/1813 1832/1506/1804 1858/1525/1814
f 1839/1511/1795 1815/1527/1776 1863/1528/1815
f 1815/1504/1776 1831/1505/1789 1863/1529/1815
f 1831/1505/1789 1849/1521/1807 1851/1530/1816
f 1818/1485/1766 1841/1522/1808 1835/1512/1796
f 1832/1506/1804 1853/1526/1813 1844/1519/1805
f 1873/1531/1817 1860/1532/1817 1854/1533/1817
f 1820/1501/1783 1848/1513/1797 1855/1534/1818
f 1801/1477/1784 1821/1496/1819 1848/1513/1798
f 1802/1476/1767 1839/1511/1820 1821/1496/1780
f 1831/1505/1789 1851/1530/1816 1863/1529/1815
f 1871/1535/1821 1873/1536/1822 1854/1537/1823
f 1821/1496/1780 1839/1511/1820 1867/1538/1824
f 1858/1539/1825 1845/1540/1825 1859/1541/1825
f 1873/1536/1822 1871/1535/1821 1868/1542/1826
f 1803/1480/1763 1870/1543/1827 1840/1515/1799
f 1860/1532/1828 1873/1531/1828 1872/1544/1828
f 1848/1513/1798 1821/1496/1819 1880/1545/1829
f 1853/1526/1813 1858/1525/1814 1883/1546/1830
f 1858/1547/1831 1859/1548/1831 1884/1549/1831
f 1875/1550/1832 1874/1551/1833 1877/1552/1834
f 1874/1551/1833 1876/1553/1835 1877/1552/1834
f 1878/1554/1836 1875/1550/1832 1877/1552/1834
f 1854/1555/1837 1861/1556/1838 1895/1557/1839
f 1820/1501/1840 1855/1534/1841 1796/1558/1842
f 1806/1481/1764 1862/1559/1843 1870/1543/1827
f 1884/1560/1844 1883/1546/1845 1858/1525/1846
f 1875/1550/1832 1878/1554/1836 1885/1561/1847
f 1861/1562/1848 1877/1563/1848 1894/1564/1848
f 1796/1456/1735 1887/1565/1849 1826/1566/1850
f 1821/1496/1819 1867/1538/1851 1880/1545/1829
f 1853/1567/1852 1883/1568/1853 1889/1569/1854
f 1854/1555/1837 1895/1557/1839 1871/1570/1855
f 1849/1521/1807 1835/1512/1796 1896/1571/1856
f 1851/1530/1816 1849/1521/1807 1896/1571/1856
f 1840/1515/1799 1897/1572/1857 1841/1522/1808
f 1884/1573/1858 1890/1574/1859 1898/1575/1860
f 1906/1576/1861 1884/1577/1862 1898/1578/1863
f 1899/1579/1864 1909/1580/1864 1910/1581/1864
f 1872/1544/1865 1891/1582/1866 1900/1583/1867
f 1925/1584/1868 1902/1585/1869 1886/1586/1870
f 1886/1587/1871 1902/1588/1871 1904/1589/1871
f 1902/1588/1872 1903/1590/1873 1904/1589/1874
f 1840/1515/1799 1870/1543/1827 1905/1591/1875
f 1841/1522/1808 1897/1572/1857 1917/1592/1876
f 1835/1512/1796 1841/1522/1808 1916/1593/1877
f 1883/1546/1845 1884/1560/1844 1906/1594/1878
f 1906/1576/1861 1898/1578/1863 1907/1595/1879
f 1898/1578/1860 1908/1596/1880 1909/1580/1881
f 1907/1595/1882 1898/1578/1883 1909/1580/1884
f 1909/1580/1881 1908/1596/1880 1910/1581/1885
f 1909/1580/1884 1899/1579/1886 1907/1595/1882
f 1907/1597/1882 1899/1598/1886 1911/1599/1887
f 1899/1579/1888 1910/1581/1888 1912/1600/1888
f 1899/1579/1889 1912/1600/1890 1911/1601/1891
f 1876/1553/1892 1893/1602/1893 1923/1603/1894
f 1877/1604/1895 1876/1605/1896 1923/1606/1897
f 1925/1607/1868 1886/1608/1870 1913/1609/1898
f 1835/1512/1796 1916/1593/1877 1896/1571/1856
f 1841/1522/1808 1917/1592/1876 1916/1593/1877
f 1906/1594/1899 1907/1597/1900 1918/1610/1901
f 1911/1601/1891 1912/1600/1890 1919/1611/1902
f 1901/1612/1903 1931/1613/1904 1885/1561/1905
f 1891/1614/1906 1873/1536/1822 1920/1615/1907
f 1873/1536/1822 1868/1542/1826 1920/1615/1907
f 1894/1616/1908 1877/1604/1895 1923/1606/1897
f 1871/1570/1909 1895/1557/1910 1922/1617/1911
f 1925/1584/1868 1924/1618/1912 1902/1585/1869
f 1883/1546/1913 1906/1594/1899 1918/1610/1901
f 1918/1610/1914 1907/1597/1915 1911/1599/1916
f 1911/1599/1917 1919/1619/1918 1941/1620/1919
f 1940/1621/1920 1874/1551/1921 1875/1550/1922
f 1868/1622/1923 1871/1623/1924 1951/1624/1925
f 1951/1625/1926 1871/1570/1927 1922/1617/1928
f 1839/1511/1795 1863/1528/1815 1933/1626/1929
f 1851/1530/1816 1934/1627/1930 1863/1529/1815
f 1883/1546/1931 1918/1610/1932 1935/1628/1933
f 1918/1610/1914 1911/1599/1916 1937/1629/1934
f 1911/1599/1916 1941/1620/1935 1938/1630/1936
f 1930/1631/1937 1939/1632/1937 1919/1633/1937
f 1943/1634/1938 1920/1635/1939 1868/1622/1923
f 1943/1634/1938 1868/1622/1923 1951/1624/1925
f 1894/1616/1908 1923/1606/1897 1932/1636/1940
f 1925/1584/1868 1913/1637/1898 1946/1638/1941
f 1851/1530/1816 1896/1571/1856 1971/1639/1942
f 1883/1546/1853 1935/1628/1943 1928/1640/1944
f 1918/1610/1932 1949/1641/1945 1935/1628/1933
f 1918/1610/1932 1937/1629/1946 1949/1641/1945
f 1919/1642/1947 1939/1643/1947 1891/1582/1947
f 1923/1606/1897 1944/1644/1948 1932/1636/1940
f 1951/1625/1926 1922/1617/1928 1957/1645/1949
f 1922/1617/1911 1895/1557/1910 1988/1646/1950
f 1863/1528/1815 1934/1647/1930 1933/1626/1929
f 1896/1571/1856 1916/1593/1877 1966/1648/1951
f 1941/1620/1919 1919/1619/1918 1891/1614/1952
f 1959/1649/1953 1924/1618/1954 1925/1584/1955
f 1934/1627/1930 1851/1530/1816 1971/1639/1942
f 1971/1639/1942 1896/1571/1856 1966/1648/1951
f 1895/1557/1956 1932/1636/1957 1988/1646/1958
f 1923/1606/1897 1958/1650/1959 1944/1644/1948
f 1941/1620/1935 1968/1651/1960 1938/1630/1936
f 1941/1620/1961 1891/1614/1961 1968/1651/1961
f 1891/1614/1962 1920/1615/1962 1968/1651/1962
f 1925/1584/1955 1946/1638/1963 1979/1652/1964
f 1979/1652/1964 1946/1638/1963 1926/1653/1965
f 1867/1538/1851 1965/1654/1966 1880/1545/1829
f 1839/1511/1820 1933/1626/1929 1867/1538/1824
f 1966/1648/1951 1916/1593/1877 1983/1655/1967
f 1887/1656/1968 1927/1657/1969 1970/1658/1970
f 1869/1659/1971 1848/1513/1797 1880/1545/1829
f 1917/1592/1876 1897/1572/1857 1972/1660/1972
f 1916/1593/1877 1917/1592/1876 1983/1655/1967
f 1920/1615/1973 1943/1661/1974 1975/1662/1975
f 1943/1661/1974 1951/1663/1976 1976/1664/1977
f 1976/1664/1977 1951/1663/1976 1977/1665/1978
f 1932/1636/1940 1944/1644/1948 1984/1666/1979
f 1967/1667/1980 1968/1651/1981 1974/1668/1982
f 1974/1668/1982 1968/1651/1981 1975/1662/1975
f 1968/1651/1983 1920/1615/1973 1975/1662/1975
f 1943/1661/1974 1976/1664/1977 2005/1669/1984
f 1984/1666/1979 1944/1644/1948 1987/1670/1985
f 1951/1625/1926 1957/1645/1949 1977/1671/1986
f 1944/1644/1948 1958/1650/1959 1978/1672/1987
f 1979/1652/1988 1926/1653/1989 1980/1673/1990
f 1880/1545/1829 1965/1654/1966 1981/1674/1991
f 1966/1648/1951 1982/1675/1992 1971/1639/1942
f 1966/1648/1951 1983/1655/1967 1982/1675/1992
f 1986/1676/1993 1932/1636/1994 1984/1666/1995
f 1957/1645/1949 1922/1617/1928 1988/1646/1996
f 1959/1649/1953 1925/1584/1955 1979/1652/1964
f 1917/1592/1876 1972/1660/1972 1983/1655/1967
f 1880/1545/1829 1981/1674/1991 1869/1659/1971
f 1933/1626/1929 1934/1647/1930 1994/1677/1997
f 1995/1678/1998 1954/1679/1999 1940/1621/1920
f 1954/1679/1999 1995/1678/1998 2003/1680/2000
f 1955/1681/2001 1974/1682/2002 1991/1683/2003
f 1991/1684/2003 1974/1668/1982 1975/1662/1975
f 1987/1670/1985 2025/1685/2004 1984/1666/1979
f 1944/1644/1948 1978/1672/1987 1987/1670/1985
f 1971/1639/1942 2002/1686/2005 1934/1627/1930
f 1982/1687/1992 1983/1688/1967 2008/1689/2006
f 2017/1690/2007 1995/1678/1998 1940/1621/1920
f 1998/1691/2008 1986/1676/2009 2012/1692/2010
f 1980/1673/1990 1990/1693/2011 2033/1694/2012
f 1982/1687/1992 2016/1695/2013 1971/1696/1942
f 1983/1688/1967 1972/1697/1972 2009/1698/2014
f 2008/1689/2006 1983/1688/1967 2009/1698/2014
f 2018/1699/2015 1996/1700/2016 1955/1681/2001
f 1986/1676/2009 2011/1701/2017 2012/1692/2010
f 1976/1664/2018 1977/1665/2019 2019/1702/2020
f 2002/1703/2005 1971/1696/1942 2022/1704/2021
f 2016/1695/2013 1982/1687/1992 2023/1705/2022
f 1984/1666/1995 2025/1685/2023 2011/1701/2024
f 1988/1646/1996 2020/1706/2025 1957/1645/1949
f 1958/1650/2026 2026/1707/2027 1978/1672/2028
f 2035/1708/2029 2027/1709/2030 2028/1710/2031
f 2028/1710/2031 2027/1709/2030 2029/1711/2032
f 2029/1711/2032 2027/1709/2030 2030/1712/2033
f 1959/1649/1953 1979/1652/1964 2013/1713/2034
f 1990/1693/2011 2021/1714/2035 2033/1694/2012
f 1981/1674/1991 2067/1715/2036 1869/1659/1971
f 1971/1696/1942 2016/1695/2013 2022/1704/2021
f 2016/1695/2013 2023/1705/2022 2050/1716/2037
f 2023/1705/2022 1982/1687/1992 2008/1689/2006
f 1996/1700/2016 2063/1717/2038 2017/1690/2007
f 2011/1701/2024 2025/1685/2023 2034/1718/2039
f 1988/1646/1958 2024/1719/2040 2020/1706/2041
f 1979/1652/1988 1980/1673/1990 2033/1694/2012
f 1934/1647/1930 2002/1720/2005 1994/1677/1997
f 2084/1721/2042 2063/1717/2038 1996/1700/2016
f 2018/1699/2015 2084/1721/2042 1996/1700/2016
f 2005/1669/2043 1976/1664/2018 2045/1722/2044
f 2024/1719/2045 1998/1691/2046 2012/1692/2047
f 2012/1692/2010 2011/1701/2017 2034/1718/2048
f 1977/1671/1986 1957/1645/1949 2055/1723/2049
f 2057/1724/2050 2030/1712/2050 2013/1725/2050
f 1867/1538/1824 1933/1626/1929 2044/1726/2051
f 1933/1626/1929 1994/1677/1997 2044/1726/2051
f 2022/1704/2021 2016/1695/2013 2050/1716/2037
f 1972/1697/1972 2049/1727/2052 2009/1698/2014
f 2009/1698/2014 2049/1727/2052 2051/1728/2053
f 2008/1689/2054 2009/1698/2014 2051/1728/2053
f 2070/1729/2055 2053/1730/2056 2063/1717/2038
f 1978/1672/1987 2046/1731/2057 1987/1670/1985
f 2030/1712/2033 2057/1724/2058 2029/1711/2032
f 1965/1654/1966 2068/1732/2059 1981/1674/1991
f 1965/1654/1966 1867/1538/1851 2044/1726/2051
f 2015/1733/2060 2081/1734/2061 1972/1697/1972
f 2023/1705/2022 2052/1735/2062 2050/1716/2037
f 2051/1728/2053 2049/1727/2052 2069/1736/2063
f 2023/1705/2022 2008/1689/2054 2061/1737/2064
f 2051/1728/2053 2062/1738/2065 2008/1689/2054
f 2061/1737/2064 2008/1689/2054 2062/1738/2065
f 2084/1721/2042 2083/1739/2066 2063/1717/2038
f 2070/1729/2055 2094/1740/2067 2053/1730/2056
f 1957/1645/1949 2020/1706/2025 2064/1741/2068
f 1987/1670/1985 2046/1731/2057 2065/1742/2069
f 2028/1743/2070 2029/1744/2071 2074/1745/2072
f 2021/1714/2035 2058/1746/2073 2033/1694/2012
f 2015/1733/2060 2080/1747/2074 2081/1734/2061
f 2049/1727/2052 1972/1697/1972 2081/1734/2061
f 2023/1705/2022 2061/1737/2064 2052/1735/2062
f 2082/1748/2075 2070/1729/2055 2063/1717/2038
f 1975/1662/1975 2005/1669/1984 2129/1749/2076
f 2025/1685/2004 1987/1670/1985 2065/1742/2069
f 2019/1750/2077 1977/1671/2077 2055/1723/2077
f 2036/1751/2078 2035/1752/2079 2073/1753/2080
f 2029/1744/2081 2057/1754/2082 2103/1755/2083
f 2057/1754/2084 1979/1652/2085 2103/1755/2086
f 1965/1654/1966 2044/1726/2051 2068/1732/2059
f 2051/1728/2053 2082/1748/2087 2062/1738/2065
f 2061/1737/2064 2062/1738/2065 2083/1739/2066
f 2083/1739/2066 2062/1738/2065 2082/1748/2087
f 2107/1756/2088 2084/1721/2042 1991/1683/2003
f 2005/1669/2043 2045/1722/2044 2129/1749/2089
f 1976/1664/2018 2086/1757/2090 2045/1722/2044
f 2012/1692/2010 2034/1718/2048 2087/1758/2091
f 1957/1645/1949 2064/1741/2068 2162/1759/2092
f 1978/1672/2028 2026/1707/2027 2046/1731/2093
f 2029/1744/2081 2103/1755/2083 2089/1760/2094
f 2050/1716/2037 2052/1735/2095 2022/1704/2021
f 2052/1735/2062 2061/1737/2064 2092/1761/2096
f 2051/1728/2053 2069/1736/2063 2082/1748/2075
f 2093/1762/2097 2082/1748/2075 2069/1736/2063
f 2082/1748/2075 2093/1762/2097 2070/1729/2055
f 2093/1762/2097 2094/1740/2067 2070/1729/2055
f 2095/1763/2098 2061/1737/2064 2083/1739/2066
f 2095/1763/2098 2083/1739/2066 2084/1721/2042
f 1976/1664/2018 2019/1702/2020 2086/1757/2090
f 2034/1718/2099 2025/1685/2100 2097/1764/2101
f 2036/1751/2078 2073/1753/2080 2088/1765/2102
f 2103/1755/2086 1979/1652/2085 2033/1694/2012
f 2033/1694/2012 2058/1746/2073 2104/1766/2103
f 2058/1746/2073 2077/1767/2104 2104/1766/2103
f 1994/1677/1997 2002/1720/2005 2112/1768/2105
f 2002/1720/2005 2022/1769/2021 2112/1768/2105
f 2061/1737/2064 2095/1763/2098 2092/1761/2096
f 2107/1756/2088 2095/1763/2098 2084/1721/2042
f 2087/1758/2091 2034/1718/2048 2097/1764/2106
f 2025/1685/2100 2065/1742/2107 2108/1770/2108
f 2073/1753/2080 2028/1743/2070 2101/1771/2109
f 2089/1772/2110 2119/1773/2110 2110/1774/2110
f 2052/1735/2095 2123/1775/2111 2022/1704/2021
f 2052/1735/2095 2092/1761/2096 2123/1775/2111
f 2124/1776/2112 2092/1761/2096 2095/1763/2098
f 2085/1777/2113 2126/1778/2114 2114/1779/2115
f 2085/1777/2116 2114/1779/2116 2115/1780/2116
f 2024/1719/2045 2012/1692/2047 2098/1781/2117
f 1957/1645/1949 2162/1759/2092 2055/1723/2049
f 2028/1743/2070 2074/1745/2072 2101/1771/2109
f 2143/1782/2118 2114/1779/2118 2126/1778/2118
f 2127/1783/2119 2126/1778/2114 2085/1777/2113
f 2128/1784/2120 2107/1756/2088 1991/1683/2003
f 2114/1779/2121 2136/1785/2122 2115/1780/2123
f 2096/1786/2124 1975/1662/1975 2129/1749/2076
f 2097/1764/2101 2025/1685/2100 2137/1787/2125
f 2064/1741/2126 2020/1706/2127 2131/1788/2128
f 2012/1692/2047 2118/1789/2129 2098/1781/2117
f 2138/1790/2130 2029/1744/2081 2089/1760/2094
f 2103/1755/2086 2033/1694/2012 2120/1791/2131
f 2157/1792/2132 2044/1726/2051 1994/1677/1997
f 2069/1736/2063 2113/1793/2133 2135/1794/2134
f 2092/1761/2096 2124/1776/2112 2123/1775/2111
f 2095/1763/2098 2107/1756/2088 2124/1776/2112
f 2146/1795/2135 2088/1765/2102 2073/1753/2080
f 2101/1771/2109 2074/1745/2072 2138/1790/2130
f 2074/1745/2072 2029/1744/2081 2138/1790/2130
f 2022/1704/2021 2123/1775/2111 2112/1796/2105
f 2143/1782/2136 2144/1797/2136 2114/1779/2136
f 2115/1798/2123 2136/1799/2122 2116/1800/2137
f 2097/1764/2106 2137/1787/2138 2087/1758/2091
f 2065/1742/2107 2046/1731/2139 2145/1801/2140
f 2033/1694/2012 2104/1766/2103 2120/1791/2131
f 2123/1775/2111 2124/1776/2112 2158/1802/2141
f 2124/1776/2112 2107/1756/2088 2170/1803/2142
f 2086/1757/2143 2019/1702/2143 2153/1804/2143
f 2044/1726/2051 2157/1792/2132 2168/1805/2144
f 1994/1677/1997 2112/1768/2105 2157/1792/2132
f 2123/1775/2111 2150/1806/2145 2112/1796/2105
f 2150/1806/2145 2123/1775/2111 2158/1802/2141
f 2108/1770/2108 2145/1801/2140 2161/1807/2146
f 2146/1795/2147 2073/1753/2080 2101/1771/2109
f 2089/1808/2148 2110/1809/2148 2173/1810/2148
f 2068/1732/2059 2167/1811/2149 1981/1674/1991
f 2044/1726/2051 2168/1805/2144 2068/1732/2059
f 2113/1793/2133 2142/1812/2150 2159/1813/2151
f 2158/1802/2141 2124/1776/2112 2170/1803/2142
f 2170/1803/2142 2107/1756/2088 2128/1784/2120
f 2045/1722/2044 2086/1757/2090 2181/1814/2152
f 2181/1814/2153 2086/1757/2153 2153/1804/2153
f 2098/1781/2117 2172/1815/2154 2131/1788/2155
f 2191/1816/2156 2153/1817/2157 2055/1723/2158
f 2087/1758/2091 2137/1787/2138 2171/1818/2159
f 2110/1809/2160 2132/1819/2161 2173/1810/2162
f 2179/1820/2163 2204/1821/2164 2096/1786/2124
f 2116/1800/2165 2136/1799/2166 2180/1822/2167
f 2172/1815/2154 2098/1781/2117 2118/1789/2129
f 2184/1823/2168 2145/1801/2140 2046/1731/2139
f 2118/1789/2129 2012/1692/2010 2185/1824/2169
f 2012/1692/2010 2087/1758/2091 2185/1824/2169
f 2128/1825/2120 2096/1786/2124 2204/1821/2164
f 2154/1826/2170 2131/1788/2155 2172/1815/2154
f 2161/1807/2171 2145/1801/2172 2171/1818/2159
f 2191/1816/2173 2162/1759/2174 2183/1827/2175
f 2138/1790/2130 2089/1760/2094 2173/1828/2176
f 2112/1768/2105 2194/1829/2177 2157/1792/2132
f 2150/1830/2145 2202/1831/2178 2112/1768/2105
f 2179/1820/2163 2129/1749/2089 2190/1832/2179
f 2190/1832/2179 2045/1722/2044 2181/1814/2152
f 2183/1827/2180 2154/1826/2181 2172/1815/2182
f 2145/1801/2172 2184/1823/2183 2171/1818/2159
f 2101/1771/2109 2138/1790/2130 2208/1833/2184
f 2133/1834/2185 2067/1715/2036 2230/1835/2186
f 1981/1674/1991 2167/1811/2149 2067/1715/2036
f 2194/1829/2177 2112/1768/2105 2202/1831/2178
f 2158/1836/2141 2170/1837/2187 2223/1838/2188
f 2130/1839/2189 2206/1840/2190 2182/1841/2191
f 2183/1827/2180 2172/1815/2182 2191/1816/2192
f 2101/1771/2109 2199/1842/2193 2207/1843/2194
f 2199/1842/2193 2101/1771/2109 2208/1833/2184
f 2191/1816/2192 2172/1815/2182 2211/1844/2195
f 2172/1815/2154 2118/1789/2129 2218/1845/2196
f 2171/1818/2159 2217/1846/2197 2087/1758/2091
f 2218/1845/2196 2118/1789/2129 2185/1824/2169
f 2087/1758/2091 2217/1846/2197 2185/1824/2169
f 2138/1790/2130 2209/1847/2198 2208/1833/2184
f 2067/1715/2036 2233/1848/2199 2230/1835/2186
f 2067/1715/2036 2167/1811/2149 2233/1848/2199
f 2150/1830/2145 2158/1836/2141 2223/1838/2188
f 2150/1830/2145 2223/1838/2188 2202/1831/2178
f 2223/1838/2188 2170/1837/2187 2204/1821/2164
f 2170/1837/2187 2128/1825/2120 2204/1821/2164
f 2153/1817/2200 2191/1816/2201 2211/1844/2202
f 2209/1847/2198 2138/1790/2130 2173/1828/2176
f 2221/1849/2203 2156/1850/2203 2193/1851/2203
f 2172/1815/2182 2218/1845/2204 2211/1844/2195
f 2171/1818/2159 2184/1823/2183 2217/1846/2197
f 2184/1823/2183 2225/1852/2205 2217/1846/2197
f 2207/1843/2206 2199/1842/2206 2226/1853/2206
f 2155/1854/2207 2220/1855/2208 2232/1856/2209
f 2068/1732/2059 2168/1805/2144 2167/1811/2149
f 2157/1792/2132 2194/1829/2177 2168/1805/2144
f 2180/1822/2167 2178/1857/2210 2237/1858/2211
f 2153/1804/2200 2239/1859/2212 2181/1814/2213
f 2153/1817/2200 2211/1844/2202 2239/1860/2212
f 2218/1845/2214 2185/1824/2215 2242/1861/2216
f 2232/1856/2209 2220/1855/2208 2244/1862/2217
f 2204/1821/2164 2179/1820/2163 2240/1863/2218
f 2190/1832/2179 2181/1814/2152 2251/1864/2219
f 2185/1824/2215 2217/1846/2220 2243/1865/2221
f 2209/1866/2222 2173/1810/2222 2231/1867/2222
f 2240/1863/2218 2179/1820/2163 2190/1832/2179
f 2180/1822/2167 2237/1858/2211 2238/1868/2223
f 2206/1840/2190 2241/1869/2224 2225/1852/2225
f 2242/1861/2216 2185/1824/2215 2243/1865/2221
f 2194/1829/2177 2202/1831/2178 2245/1870/2226
f 2181/1814/2152 2239/1859/2227 2251/1864/2219
f 2217/1846/2220 2225/1852/2228 2243/1865/2221
f 2194/1829/2177 2245/1870/2226 2168/1805/2144
f 2202/1831/2178 2223/1838/2188 2253/1871/2229
f 2253/1871/2229 2223/1838/2188 2204/1821/2164
f 2218/1845/2214 2242/1861/2216 2211/1844/2230
f 2202/1831/2178 2253/1871/2229 2245/1870/2226
f 2168/1805/2144 2245/1870/2226 2281/1872/2231
f 2253/1871/2229 2204/1821/2164 2240/1863/2218
f 2225/1852/2228 2241/1869/2232 2278/1873/2233
f 2174/1874/2234 2232/1856/2235 2263/1875/2236
f 2238/1868/2223 2237/1858/2211 2269/1876/2237
f 2239/1860/2238 2211/1844/2230 2270/1877/2239
f 2243/1865/2221 2225/1852/2228 2278/1873/2233
f 2232/1856/2209 2257/1878/2240 2263/1875/2241
f 2257/1878/2242 2244/1862/2242 2264/1879/2242
f 2269/1876/2237 2237/1858/2211 2273/1880/2243
f 2211/1844/2230 2242/1861/2216 2270/1877/2239
f 2167/1811/2149 2168/1805/2144 2281/1872/2231
f 2251/1864/2219 2239/1859/2227 2270/1881/2244
f 2233/1848/2199 2167/1811/2149 2230/1835/2186
f 2245/1870/2226 2286/1882/2245 2281/1872/2231
f 2245/1870/2226 2253/1871/2229 2286/1882/2245
f 2240/1863/2218 2190/1832/2179 2286/1882/2245
f 2286/1882/2245 2190/1832/2179 2282/1883/2246
f 2248/1884/2247 2230/1835/2186 2288/1885/2248
f 2260/1886/2249 2279/1887/2250 2283/1888/2251
f 2253/1871/2229 2240/1863/2218 2286/1882/2245
f 2190/1832/2179 2251/1864/2219 2282/1883/2246
f 2269/1889/2252 2273/1890/2253 2274/1891/2254
f 2242/1861/2216 2243/1865/2221 2298/1892/2255
f 2243/1865/2221 2278/1873/2233 2298/1892/2255
f 2302/1893/2256 2294/1894/2257 2293/1895/2258
f 2282/1883/2246 2251/1864/2219 2308/1896/2259
f 2251/1864/2219 2270/1881/2244 2297/1897/2260
f 2270/1877/2239 2242/1861/2216 2304/1898/2261
f 2248/1899/2247 2288/1900/2262 2309/1901/2263
f 2167/1811/2149 2281/1872/2231 2307/1902/2264
f 2242/1861/2216 2298/1892/2255 2304/1898/2261
f 2251/1864/2219 2297/1897/2260 2308/1896/2259
f 2291/1903/2265 2299/1904/2266 2310/1905/2267
f 2167/1811/2149 2307/1902/2264 2289/1906/2268
f 2326/1907/2269 2274/1908/2269 2321/1909/2269
f 2322/1910/2270 2270/1877/2239 2304/1898/2261
f 2281/1872/2231 2286/1882/2245 2307/1902/2264
f 2332/1911/2271 2286/1882/2245 2282/1883/2246
f 2298/1892/2255 2278/1873/2233 2366/1912/2272
f 2279/1913/2250 2310/1905/2273 2327/1914/2274
f 2289/1906/2268 2307/1902/2264 2345/1915/2275
f 2297/1897/2260 2352/1916/2276 2308/1896/2259
f 2299/1904/2277 2318/1917/2277 2336/1918/2277
f 2307/1902/2264 2286/1882/2245 2341/1919/2278
f 2348/1920/2279 2282/1883/2246 2308/1896/2259
f 2297/1897/2260 2270/1881/2244 2322/1921/2280
f 2278/1873/2233 2339/1922/2281 2366/1912/2272
f 2299/1904/2266 2336/1918/2282 2310/1905/2267
f 2318/1923/2283 2306/1924/2283 2336/1925/2283
f 2366/1912/2272 2339/1922/2281 2343/1926/2284
f 2309/1901/2263 2325/1927/2285 2312/1928/2286
f 2341/1919/2278 2286/1882/2245 2332/1911/2271
f 2282/1883/2246 2348/1920/2279 2332/1911/2271
f 2362/1929/2287 2322/1910/2270 2304/1898/2261
f 2342/1930/2288 2308/1896/2259 2352/1916/2276
f 2352/1916/2276 2297/1897/2260 2322/1921/2280
f 2343/1931/2289 2334/1932/2289 2366/1933/2289
f 2345/1915/2275 2307/1902/2264 2372/1934/2290
f 2348/1920/2279 2308/1896/2259 2349/1935/2291
f 2332/1911/2271 2348/1920/2279 2373/1936/2292
f 2349/1935/2291 2308/1896/2259 2342/1930/2288
f 2307/1902/2264 2341/1919/2293 2372/1934/2290
f 2330/1937/2294 2379/1938/2295 2325/1927/2285
f 2341/1919/2293 2373/1936/2292 2376/1939/2296
f 2330/1940/2294 2345/1915/2275 2368/1941/2297
f 2341/1919/2293 2376/1939/2296 2372/1934/2290
f 2298/1892/2255 2366/1912/2272 2375/1942/2298
f 2361/1943/2299 2351/1944/2300 2369/1945/2301
f 2345/1915/2275 2372/1934/2290 2368/1941/2297
f 2349/1935/2291 2342/1930/2288 2382/1946/2302
f 2387/1947/2303 2352/1916/2276 2362/1948/2304
f 2304/1898/2261 2388/1949/2305 2362/1929/2287
f 2335/1950/2306 2298/1892/2255 2375/1942/2298
f 2373/1936/2292 2359/1951/2307 2411/1952/2308
f 2396/1953/2309 2387/1954/2303 2362/1955/2304
f 2376/1939/2310 2394/1956/2311 2385/1957/2312
f 2359/1958/2313 2382/1959/2314 2395/1960/2315
f 2382/1946/2316 2342/1930/2316 2392/1961/2316
f 2342/1962/2317 2409/1963/2318 2392/1964/2319
f 2304/1898/2261 2335/1950/2306 2432/1965/2320
f 2423/1966/2321 2304/1898/2261 2432/1965/2320
f 2404/1967/2322 2410/1968/2323 2390/1969/2324
f 2385/1970/2325 2414/1971/2326 2401/1972/2327
f 2304/1898/2261 2423/1966/2321 2388/1949/2305
f 2417/1973/2328 2399/1974/2329 2408/1975/2330
f 2385/1976/2325 2425/1977/2331 2414/1978/2326
f 2430/1979/2332 2409/1963/2318 2421/1980/2333
f 2430/1981/2332 2421/1982/2333 2440/1983/2334
f 2445/1984/2335 2450/1985/2336 2469/1986/2337
f 2458/1987/2338 2448/1988/2339 2466/1989/2340
f 2477/1990/2341 2438/1991/2342 2481/1992/2343
f 2461/1993/2344 2469/1986/2337 2454/1994/2345
f 2471/1995/2346 2472/1996/2347 2484/1997/2348
f 2461/1993/2344 2462/1998/2349 2469/1986/2337
f 2462/1998/2349 2470/1999/2350 2490/2000/2351
f 2471/1995/2346 2484/1997/2348 2489/2001/2352
f 2470/1999/2353 2471/1995/2346 2489/2001/2352
f 2469/1986/2337 2462/1998/2349 2490/2000/2351
f 2489/2001/2352 2484/1997/2348 2492/2002/2354
f 2470/1999/2353 2489/2001/2352 2490/2000/2355
f 2490/2000/2355 2489/2001/2352 2497/2003/2356
f 2489/2001/2352 2492/2002/2354 2494/2004/2357
f 2497/2003/2356 2489/2001/2352 2494/2004/2358
f 5/4/2359 2/2005/2360 1/5/2361
f 5/2006/2359 11/2007/2362 2/2008/2360
f 11/2007/2362 8/2009/2363 2/2008/2360
f 8/2009/2363 3/2010/2364 2/2008/2360
f 12/2011/2365 10/13/2366 4/6/2367
f 10/2012/2368 11/2007/2362 5/2006/2359
f 10/2012/2368 24/2013/2369 11/2007/2362
f 23/2014/2370 8/2009/2363 11/2007/2362
f 12/2011/2365 20/25/2371 10/13/2366
f 20/25/2371 18/27/2372 10/13/2366
f 18/2015/2373 24/2013/2369 10/2012/2368
f 13/2016/2374 19/2017/2375 14/2018/2376
f 8/2009/2363 21/2019/2377 3/2010/2364
f 19/2017/2375 18/2015/2378 14/2018/2376
f 24/2013/2369 23/2014/2370 11/2007/2362
f 7/12/11 20/24/2379 12/14/14
f 38/2020/2380 13/21/2380 17/20/2380
f 8/2009/2363 25/2021/2381 21/2019/2377
f 38/2022/2382 28/2023/2383 13/2016/2384
f 13/2016/2384 28/2023/2383 19/2017/2375
f 25/2021/2381 30/2024/2385 21/2019/2377
f 33/2025/2386 38/2020/2387 17/20/2388
f 19/2017/2375 29/2026/2389 18/2015/2378
f 29/2026/2390 24/2013/2369 18/2015/2373
f 53/2027/2391 20/24/2379 7/12/11
f 24/2013/2369 29/2026/2389 23/2014/2370
f 32/2028/2392 26/29/2393 27/31/2394
f 15/22/20 33/2025/2395 17/20/18
f 7/12/11 54/49/51 53/2027/2391
f 32/2028/2392 59/63/2396 26/29/2393
f 58/60/2397 31/30/2398 26/29/2393
f 19/2017/2375 63/2029/2399 29/2026/2389
f 23/2014/2370 25/2021/2400 8/2009/2363
f 26/29/2393 59/63/2396 58/60/2397
f 51/2030/2401 19/2017/2375 28/2023/2383
f 45/62/2402 59/63/2396 32/2028/2392
f 66/80/2403 45/62/2402 32/2028/2392
f 58/60/2397 65/61/2404 31/30/2398
f 62/84/2405 61/86/2405 37/2031/2405
f 41/48/2406 62/106/2406 37/46/2406
f 37/2032/2407 72/2033/146 49/2034/2408
f 73/87/88 33/2035/2409 15/17/46
f 53/2027/2391 82/76/2410 20/24/2379
f 23/2014/2370 55/2036/2411 25/2021/2400
f 31/30/2398 65/61/2404 85/91/2412
f 85/91/2412 46/41/2413 31/30/2398
f 29/2026/2389 74/2037/2414 23/2014/2370
f 74/2037/2414 75/2038/2415 23/2014/2370
f 23/2014/2370 75/2038/2415 55/2036/2411
f 76/79/82 30/58/60 25/77/80
f 30/58/60 76/79/82 57/59/61
f 66/80/2403 32/2028/2392 40/2039/2416
f 46/41/44 78/2040/2417 36/42/45
f 38/2022/2382 87/2041/2418 28/2023/2383
f 19/2017/2375 81/2042/2419 63/2029/2399
f 53/88/89 54/67/70 88/50/52
f 88/50/52 64/53/55 98/102/104
f 63/2029/2399 74/2037/2414 29/2026/2389
f 83/97/98 98/102/104 64/53/55
f 84/90/2420 66/80/2403 40/2039/2416
f 48/2043/2421 80/83/86 60/75/78
f 112/2044/2422 61/2045/2422 71/2046/2422
f 112/2047/2423 37/2031/2423 61/86/2423
f 51/2030/2401 81/2042/2419 19/2017/2375
f 42/2048/2424 82/89/90 88/50/52
f 75/94/95 94/96/97 55/78/81
f 94/96/97 89/2049/2425 55/78/81
f 89/2049/2425 76/79/82 55/78/81
f 85/91/92 65/61/63 57/59/61
f 46/41/2426 95/2050/2427 78/2040/2428
f 48/2043/2421 79/2051/2429 80/83/86
f 91/134/2430 92/133/2430 71/2052/2430
f 112/2053/2431 126/2054/2432 37/2032/2433
f 93/2055/2434 38/2020/2387 33/2025/2386
f 126/2054/2432 72/2033/2435 37/2032/2433
f 72/2033/146 93/2056/145 49/2034/2408
f 73/2057/2436 93/2055/2436 33/2025/2436
f 88/50/52 52/2058/2437 42/2048/2424
f 89/2049/2438 116/159/2439 76/79/2440
f 107/2059/2441 85/91/2442 76/79/2440
f 99/2060/126 84/90/2420 40/2039/2416
f 99/2060/126 40/2039/2416 67/2061/124
f 79/2051/2429 101/2062/2443 80/83/86
f 92/2063/2444 112/2044/2444 71/2046/2444
f 103/111/115 52/2058/2437 88/50/52
f 51/2030/2401 104/2064/2445 81/2042/2419
f 106/126/133 89/2049/2425 94/96/97
f 116/159/2439 107/2059/2441 76/79/2440
f 108/149/162 84/90/2420 99/2060/126
f 107/2059/2446 46/41/2413 85/91/2412
f 107/2059/2446 95/2050/2447 46/41/2413
f 95/2050/2427 109/2065/2448 78/2040/2428
f 87/2041/2418 51/2030/2401 28/2023/2383
f 113/2066/2449 52/2058/2437 103/111/115
f 106/126/133 116/159/169 89/2049/2425
f 78/92/93 109/128/135 101/122/129
f 38/2022/2382 154/2067/2450 87/2041/2418
f 121/165/177 103/111/115 98/102/104
f 123/124/131 121/165/177 98/102/104
f 80/83/86 124/2068/2451 118/123/130
f 133/2069/2452 38/2020/2387 93/2055/2434
f 87/2041/2418 122/2070/2453 51/2030/2401
f 103/111/115 140/2071/2454 113/2066/2449
f 122/2070/2453 104/2064/2445 51/2030/2401
f 104/140/149 94/96/97 81/116/122
f 141/141/150 114/125/132 94/96/97
f 101/2062/2443 124/2068/2451 80/83/86
f 112/2072/2431 92/133/2455 130/144/2456
f 114/2073/2457 135/154/2458 106/2074/2459
f 106/126/133 137/2075/2460 116/159/169
f 137/2075/2460 144/160/170 116/159/169
f 153/2076/2461 112/2053/2431 130/2077/2456
f 126/2054/2432 139/2078/2462 72/2033/2435
f 72/2033/2435 139/2078/2462 133/2079/2463
f 133/2079/2464 154/2067/2464 38/2022/2464
f 141/2080/2465 142/153/2466 114/2073/2467
f 142/153/2466 143/152/2468 114/2073/2467
f 143/152/2468 135/154/2469 114/2073/2467
f 135/154/2458 155/2081/2470 106/2074/2459
f 155/2081/2470 137/2082/2471 106/2074/2459
f 95/2050/2427 145/2083/2472 109/2065/2448
f 128/2084/2473 138/2085/2474 101/2062/2443
f 138/2085/2474 124/2068/2451 101/2062/2443
f 119/104/106 118/123/130 120/131/2475
f 153/2076/2461 147/2086/2476 112/2053/2431
f 147/2086/2476 126/2054/2432 112/2053/2431
f 161/158/168 141/141/150 104/140/149
f 141/2080/2465 162/182/2477 142/153/2466
f 156/2087/2478 150/2088/2479 116/2089/2480
f 116/2089/2480 150/2088/2479 107/2090/2481
f 107/2059/2446 151/2091/2482 95/2050/2447
f 151/2091/2483 145/2083/2472 95/2050/2427
f 109/128/135 152/208/223 128/129/136
f 154/2067/2484 133/2079/2463 139/2078/2462
f 154/2067/2450 159/2092/2485 87/2041/2418
f 155/2081/2486 135/154/2486 142/153/2486
f 126/2054/2432 165/2093/2487 139/2078/2462
f 179/177/190 103/111/115 121/165/177
f 140/2094/2488 171/2095/2488 148/2096/2488
f 159/2092/2485 160/2097/2489 87/2041/2418
f 160/2097/2489 122/2070/2490 87/2041/2418
f 173/179/192 161/158/168 122/157/167
f 161/2098/2491 162/182/2477 141/2080/2465
f 166/181/194 155/2081/2492 142/153/2493
f 155/2081/2470 163/2099/2494 137/2082/2471
f 150/2100/2495 151/2101/2495 107/2102/2495
f 145/2103/2496 152/208/223 109/128/135
f 124/2068/2451 200/2104/2497 118/123/130
f 103/111/115 187/229/244 140/2071/2454
f 187/229/244 171/2105/2498 140/2071/2454
f 166/181/194 142/153/2493 162/182/195
f 176/2106/2499 155/2081/2500 166/181/2501
f 152/2107/2502 138/2108/2474 128/2109/2473
f 124/2068/2451 167/2110/2503 200/2104/2497
f 131/191/2504 169/193/2504 153/2111/2504
f 147/2086/2476 178/2112/2505 126/2054/2432
f 159/2113/2506 172/178/2507 160/2114/2508
f 172/178/2507 122/157/2509 160/2114/2508
f 175/180/2510 162/182/2477 161/2098/2491
f 163/2099/2494 177/2115/2511 137/2082/2471
f 152/2107/2502 183/2116/2512 138/2108/2474
f 178/2112/2505 165/2093/2487 126/2054/2432
f 165/2093/2487 154/2067/2484 139/2078/2462
f 180/196/213 159/2113/2506 154/197/214
f 204/2117/2513 161/158/2514 173/179/2515
f 175/180/193 198/2118/2516 166/181/194
f 176/2106/2499 163/2099/2517 155/2081/2500
f 137/2082/2471 177/2115/2511 144/2119/2518
f 177/2115/2511 181/2120/2519 144/2119/2518
f 157/150/161 182/184/220 108/151/162
f 191/209/224 152/208/223 145/2103/2496
f 138/2085/2474 167/2110/2503 124/2068/2451
f 169/2121/2520 185/2122/2520 153/2076/2520
f 153/2076/2521 185/2122/2522 147/2086/2476
f 185/2122/2522 178/2112/2505 147/2086/2476
f 194/2123/2523 154/2067/2524 165/2093/2487
f 187/229/244 103/111/115 179/177/190
f 170/2124/2525 171/2105/2498 187/229/244
f 180/196/213 172/178/2507 159/2113/2506
f 175/180/2510 161/2098/2491 204/2125/2526
f 189/2126/2527 177/2115/2527 163/2099/2527
f 181/2127/2528 156/161/171 144/160/170
f 156/2087/2478 190/2128/2529 150/2088/2479
f 164/173/210 192/2129/206 131/146/205
f 127/135/211 193/2130/2530 186/194/209
f 170/176/2531 193/2130/2530 127/135/211
f 188/2131/2532 166/181/2501 198/2118/2516
f 177/2115/2511 189/2126/2533 181/2120/2519
f 181/2127/2528 151/2132/2534 156/161/171
f 190/2133/2535 151/2134/2535 150/2135/2535
f 151/2136/2536 191/2137/2537 145/2138/2538
f 197/2139/2539 175/180/2510 204/2125/2526
f 176/2106/2499 189/2126/2540 163/2099/2517
f 183/2116/2512 167/2140/2503 138/2108/2474
f 230/2141/2541 187/229/244 179/177/190
f 202/211/226 172/178/2507 180/196/213
f 172/178/191 203/215/2542 173/179/192
f 197/2139/2543 198/2118/2516 175/180/193
f 189/2126/2533 209/2142/2544 181/2120/2519
f 152/2107/2502 199/2143/2545 183/2116/2512
f 192/192/2546 185/2144/2546 169/193/2546
f 186/194/209 192/2129/206 164/173/210
f 201/2145/2547 194/2123/2523 165/2093/2487
f 187/229/244 205/231/246 170/2124/2525
f 205/2146/2548 193/2130/2548 170/176/2548
f 211/2147/2549 204/2117/2513 173/179/2515
f 197/2139/2543 207/2148/2550 198/2118/2516
f 188/2131/2532 176/2106/2499 166/181/2501
f 209/2142/2551 151/2136/2534 181/2120/2528
f 193/2130/2552 213/2149/2553 186/194/209
f 210/2150/2554 230/2141/2541 179/177/190
f 210/2150/2554 179/177/190 149/164/176
f 207/2148/2555 197/2139/2539 204/2125/2526
f 208/2151/2556 189/2126/2540 176/2106/2499
f 216/2152/2557 165/2093/2487 178/2112/2505
f 227/233/2558 202/211/226 206/210/225
f 211/225/240 207/2148/2555 204/2125/2526
f 218/2153/2559 188/2131/2532 198/2118/2516
f 186/194/209 216/2154/2560 192/2129/206
f 216/2152/2557 178/2112/2505 185/2122/2561
f 213/2149/2553 216/2154/2560 186/194/209
f 165/2093/2487 216/2152/2557 201/2145/2547
f 213/2155/2562 201/2156/2562 216/2157/2562
f 238/232/2563 173/179/2515 203/215/2564
f 238/232/2563 223/2158/2565 173/179/2515
f 223/2158/2565 211/2147/2549 173/179/2515
f 207/2148/2550 218/2153/2559 198/2118/2516
f 224/224/239 195/198/215 196/185/198
f 214/2159/2566 208/2151/2556 176/2106/2499
f 189/2126/2533 219/2160/2567 209/2142/2544
f 209/2142/2551 228/2161/2568 151/2136/2534
f 183/2116/2512 220/2162/2569 167/2140/2503
f 167/2140/2503 220/2162/2569 200/2163/2497
f 192/2164/2570 216/2152/2570 185/2122/2570
f 222/2165/2571 201/214/229 213/2166/2572
f 201/214/229 222/2165/2571 180/196/213
f 202/211/230 227/233/248 203/215/231
f 208/2151/2556 219/2160/2573 189/2126/2540
f 151/2136/2536 228/2161/2574 191/2137/2537
f 235/227/242 207/2148/2555 211/225/240
f 241/230/245 222/2165/2571 205/231/246
f 231/236/251 210/2150/2554 149/164/176
f 235/227/2575 218/2153/2559 207/2148/2550
f 233/2167/2576 214/2159/2566 188/2131/2532
f 188/2131/2532 214/2159/2566 176/2106/2499
f 214/2159/2566 236/2168/2577 208/2151/2556
f 228/2161/2578 248/2169/2578 191/2137/2578
f 191/209/224 248/2170/2579 199/207/222
f 223/2171/2580 234/226/2581 211/225/2582
f 218/2153/2559 233/2167/2576 188/2131/2532
f 236/2168/2577 219/2160/2573 208/2151/2556
f 219/2160/2567 228/2161/2583 209/2142/2544
f 243/243/2584 227/233/2558 206/210/225
f 227/233/248 243/243/258 238/232/247
f 239/245/260 235/227/242 234/226/241
f 199/2143/2545 237/2172/2585 183/2116/2512
f 183/2116/2512 237/2172/2585 220/2162/2569
f 187/229/244 259/282/294 241/230/245
f 242/2173/2586 243/243/2584 206/210/225
f 226/212/227 252/252/267 231/236/251
f 244/246/2587 234/226/2581 223/2171/2580
f 236/2168/2588 228/2161/2588 219/2160/2588
f 249/2174/2589 206/210/225 180/196/213
f 246/241/256 232/254/249 174/203/201
f 233/2167/2590 247/2175/2591 214/2159/2592
f 248/2169/2593 237/2172/2585 199/2143/2545
f 237/2172/2585 251/2176/2594 220/2162/2569
f 259/282/294 187/229/244 230/2141/2541
f 222/2165/2571 249/2174/2589 180/196/213
f 253/244/2595 223/2158/2565 238/232/2563
f 239/245/2596 257/2177/2596 235/227/2596
f 257/2177/2597 218/2153/2559 235/227/2575
f 243/243/258 242/2173/2598 253/244/259
f 256/2178/2599 244/246/2587 223/2171/2580
f 214/2159/2592 255/2179/2600 236/2168/2601
f 259/282/294 254/2180/2602 241/230/245
f 247/2175/2591 266/2181/2603 214/2159/2592
f 254/2180/2602 249/2174/2589 241/230/245
f 241/230/245 249/2174/2589 222/2165/2571
f 257/2177/2604 239/245/260 244/246/261
f 218/2153/2559 265/2182/2605 233/2167/2576
f 266/2181/2603 255/2179/2600 214/2159/2592
f 236/2168/2606 248/2169/2606 228/2161/2606
f 273/265/2607 223/2158/2565 253/244/2595
f 242/2173/2598 284/266/280 253/244/259
f 273/265/2607 256/2183/2608 223/2158/2565
f 236/2168/2601 263/2184/2609 248/2169/2610
f 248/2169/2610 263/2184/2609 237/2172/2585
f 249/2174/2589 242/2173/2586 206/210/225
f 265/2182/2605 261/2185/2611 233/2167/2590
f 261/2185/2611 247/2175/2591 233/2167/2590
f 267/267/281 230/2141/2541 210/2150/2554
f 304/2186/2612 265/2182/2605 218/2153/2559
f 268/251/266 297/261/275 262/242/257
f 231/236/251 267/267/281 210/2150/2554
f 284/266/2613 242/2173/2586 249/2174/2589
f 284/266/280 273/265/279 253/244/259
f 304/2186/2612 218/2153/2559 257/2177/2597
f 266/2181/2603 271/2187/2614 255/2179/2600
f 270/2188/2615 249/2174/2589 254/2180/2602
f 270/2188/2615 272/2189/2616 249/2174/2589
f 296/2190/2617 244/246/261 256/2178/2618
f 296/2190/2617 257/2177/2604 244/246/261
f 264/255/269 260/2191/265 232/254/249
f 277/2192/2619 247/2175/2591 261/2185/2611
f 255/2179/2600 263/2184/2609 236/2168/2601
f 237/2172/2585 285/2193/2620 251/2176/2594
f 281/280/292 230/2141/2541 267/267/281
f 296/2190/2621 304/2186/2612 257/2177/2597
f 271/2187/2614 278/2194/2622 255/2179/2600
f 263/2184/2609 285/2193/2620 237/2172/2585
f 254/2180/2602 282/2195/2623 270/2188/2615
f 277/2192/2619 266/2181/2603 247/2175/2591
f 255/2179/2600 278/2194/2622 263/2184/2609
f 281/280/292 259/282/294 230/2141/2541
f 286/281/293 254/2180/2602 259/282/294
f 287/2196/2624 256/2183/2608 273/265/2607
f 284/266/2613 249/2174/2589 272/2189/2616
f 294/274/288 275/264/278 284/266/280
f 295/2197/2625 296/2190/2617 256/2178/2618
f 303/2198/2626 272/2189/2626 270/2188/2626
f 294/274/288 309/2199/2627 273/265/279
f 287/2196/2624 295/2200/2628 256/2183/2608
f 285/2193/2620 299/2201/2629 251/2176/2594
f 292/271/2630 303/2198/2631 293/272/2632
f 293/272/2632 303/2198/2631 270/2188/2633
f 310/2202/2634 266/2181/2603 277/2192/2619
f 266/2181/2603 302/2203/2635 271/2187/2614
f 271/2187/2614 302/2203/2635 278/2194/2622
f 278/2194/2622 306/2204/2636 263/2184/2609
f 313/2205/2637 261/2185/2611 265/2182/2605
f 306/2204/2636 331/2206/2638 263/2184/2609
f 342/2207/2639 311/2208/2640 291/2209/2641
f 311/2208/2640 292/2210/2642 291/2209/2643
f 292/2210/2644 312/2211/2645 303/2212/2646
f 286/281/293 282/2195/2623 254/2180/2602
f 272/2189/2616 309/2199/2647 284/266/2613
f 309/2199/2647 294/274/2648 284/266/2613
f 310/2202/2634 305/2213/2649 266/2181/2603
f 305/2213/2649 302/2203/2635 266/2181/2603
f 331/2206/2638 285/2193/2620 263/2184/2609
f 311/2208/2640 312/2211/2645 292/2210/2642
f 394/2214/2650 286/281/293 281/280/292
f 303/2212/2651 324/2215/2651 272/2216/2651
f 313/2205/2637 277/2192/2619 261/2185/2611
f 302/2203/2635 316/2217/2652 278/2194/2622
f 344/2218/2653 282/2195/2623 286/281/293
f 325/2219/2654 309/2199/2647 272/2189/2616
f 326/327/342 260/2191/265 264/255/269
f 319/312/325 264/255/269 276/249/264
f 297/261/275 320/323/338 327/292/306
f 334/299/2655 333/298/2655 318/2220/2655
f 318/2221/2656 322/2222/2657 315/2223/2658
f 267/267/281 323/363/382 281/280/292
f 312/2211/2645 324/2215/2659 303/2212/2646
f 309/2199/2660 287/2196/2661 273/265/2662
f 297/261/275 328/295/309 320/323/338
f 274/262/276 329/331/346 328/295/309
f 330/2224/2663 306/2204/2636 278/2194/2622
f 331/2206/2638 366/2225/2664 285/2193/2620
f 366/2225/2664 299/2201/2629 285/2193/2620
f 333/2226/2665 322/2222/2657 318/2221/2656
f 342/2207/2639 336/2227/2666 311/2208/2640
f 311/2208/2640 380/2228/2667 312/2211/2645
f 323/363/382 394/2214/2650 281/280/292
f 324/2229/2668 325/2219/2654 272/2189/2616
f 369/341/2669 295/2200/2628 287/2196/2624
f 370/2230/2670 296/2190/2617 295/2197/2625
f 288/256/270 337/291/305 314/289/302
f 363/2231/2671 310/2202/2634 277/2192/2619
f 343/2232/2672 344/2218/2653 286/281/293
f 380/2228/2667 324/2215/2659 312/2211/2645
f 325/2219/2673 369/341/356 309/2199/2660
f 309/2199/2660 369/341/356 287/2196/2661
f 370/2230/2674 304/2186/2612 296/2190/2621
f 338/2233/2675 331/2206/2638 306/2204/2636
f 269/318/2676 352/328/343 345/2234/2677
f 347/2235/2678 348/307/2678 341/296/2678
f 332/2236/2679 349/2237/2680 333/2226/2665
f 349/2237/2680 322/2222/2657 333/2226/2665
f 394/2214/2650 343/2232/2672 286/281/293
f 326/327/342 308/345/301 260/2191/265
f 370/2230/2674 350/2238/2681 304/2186/2612
f 350/2238/2681 265/2182/2605 304/2186/2612
f 350/2238/2681 313/2205/2637 265/2182/2605
f 362/2239/2682 277/2192/2619 313/2205/2637
f 337/291/305 327/292/306 351/365/384
f 316/2217/2652 330/2224/2663 278/2194/2622
f 274/262/276 298/275/289 329/331/346
f 322/2222/2683 353/2240/2684 315/2223/2685
f 307/286/2686 342/2241/2687 291/287/2688
f 343/2232/2672 355/2242/2689 344/2218/2653
f 320/323/338 381/2243/2690 327/292/306
f 329/331/346 357/324/339 328/295/309
f 385/319/2691 269/318/2676 345/2234/2677
f 340/2244/2692 317/2245/2693 359/2246/2694
f 347/334/2695 367/333/2695 348/2247/2695
f 348/2248/2696 349/2237/2680 332/2236/2679
f 361/2249/2697 324/2215/2659 380/2228/2667
f 361/340/2698 374/342/2699 324/2229/2668
f 324/2229/2668 374/342/2699 325/2219/2654
f 362/2239/2682 363/2231/2671 277/2192/2619
f 364/325/340 381/2243/2690 320/323/338
f 357/324/339 320/323/338 328/295/309
f 330/2224/2663 338/2233/2675 306/2204/2636
f 338/2233/2675 365/2250/2700 331/2206/2638
f 366/2225/2701 371/2251/2702 299/2201/2703
f 290/317/331 385/319/333 358/2252/2704
f 385/319/2691 345/2234/2677 376/2253/2705
f 345/2234/2677 352/328/343 376/2253/2705
f 373/2254/2706 283/268/282 356/322/337
f 397/2255/2707 370/2230/2670 295/2197/2625
f 327/292/306 386/367/386 351/365/384
f 406/2256/2708 310/2202/2634 363/2231/2671
f 382/2257/2709 305/2213/2710 310/2202/2634
f 305/2213/2710 375/2258/2711 302/2203/2712
f 383/2259/2713 316/2217/2652 302/2203/2712
f 371/2260/2702 377/2261/2714 299/2262/2703
f 377/2261/2714 317/2245/2715 299/2262/2703
f 317/2245/2693 377/2261/2716 359/2246/2694
f 372/398/416 340/2244/2692 359/2246/2694
f 360/397/415 340/2244/2692 372/398/416
f 395/2263/2717 342/2241/2687 307/286/2686
f 355/321/2718 395/2263/2717 307/286/2686
f 373/2254/2706 267/267/281 283/268/282
f 374/342/357 369/341/356 325/2219/2673
f 316/2217/2652 407/2264/2719 330/2224/2663
f 367/2265/2720 349/2237/2721 348/2248/2722
f 405/2266/2723 350/2238/2681 370/2230/2674
f 382/2257/2709 375/2258/2711 305/2213/2710
f 375/2258/2711 383/2259/2713 302/2203/2712
f 365/2250/2700 366/2225/2664 331/2206/2638
f 385/319/2724 376/2253/2725 384/2267/2726
f 384/2267/2726 376/2253/2725 388/2268/2727
f 359/2246/2694 377/2261/2716 389/2269/2728
f 376/2253/2705 352/328/343 401/330/345
f 379/2270/2729 336/2271/2729 342/2272/2729
f 379/2270/2730 342/2272/2730 395/2273/2730
f 393/2274/2731 311/2208/2640 336/2227/2666
f 396/2275/2732 361/2249/2697 380/2228/2667
f 326/327/342 430/343/358 308/345/301
f 397/2255/2733 295/2197/2628 369/2276/2669
f 327/292/306 381/2243/2690 386/367/386
f 382/2257/2709 310/2202/2634 406/2256/2708
f 329/331/346 399/2277/2734 357/324/339
f 367/2265/2720 391/2278/2735 349/2237/2721
f 392/2279/2736 322/2222/2683 349/2237/2721
f 393/2274/2731 380/2228/2667 311/2208/2640
f 406/2256/2708 363/2231/2671 362/2239/2682
f 357/2280/339 398/2281/2737 364/2282/340
f 407/2264/2719 316/2217/2652 434/2283/2738
f 359/2246/2694 389/2269/2728 409/2284/2739
f 388/2268/2740 376/2253/2705 408/368/387
f 410/2285/2741 359/2246/2694 409/2284/2742
f 372/398/416 359/2246/2694 410/2285/2741
f 346/329/344 360/397/415 460/396/414
f 390/335/2743 402/2286/2743 367/333/2743
f 368/320/2744 390/2287/350 347/314/349
f 403/2288/2745 355/2242/2689 343/2232/2672
f 397/2255/2707 404/2289/2746 370/2230/2670
f 404/2289/2747 405/2266/2723 370/2230/2674
f 412/2290/2748 382/2257/2709 406/2256/2708
f 439/2291/2749 375/2292/2711 382/2293/2709
f 413/2294/2750 383/2295/2713 375/2292/2711
f 383/2259/2713 434/2283/2738 316/2217/2652
f 415/2296/2751 371/2251/2751 366/2225/2751
f 376/2253/2705 401/330/345 408/368/387
f 384/2297/2752 388/350/2752 385/338/2752
f 402/2286/2753 391/2298/2753 367/333/2753
f 379/2270/2754 393/2299/2754 336/2271/2754
f 373/2254/2706 420/362/381 267/267/281
f 355/2242/2689 403/2288/2745 395/2300/2755
f 403/2288/2745 379/2301/2756 395/2300/2755
f 393/2274/2731 396/2275/2732 380/2228/2667
f 514/2302/2757 406/2256/2708 362/2239/2682
f 387/332/2758 399/2277/2734 329/331/346
f 392/2279/2736 353/2240/2684 322/2222/2683
f 353/2240/2684 443/2303/2759 315/2223/2685
f 361/340/374 429/356/373 369/341/2760
f 437/2304/2761 412/2290/2748 406/2256/2708
f 364/2282/340 432/2305/2762 381/2306/2690
f 364/2282/340 398/2281/2737 432/2305/2762
f 439/2291/2749 413/2294/2750 375/2292/2711
f 357/2280/339 414/2307/2763 422/2308/2764
f 413/2294/2750 434/2309/2738 383/2295/2713
f 399/2310/2734 414/2311/2763 357/2312/339
f 415/348/362 478/352/2765 377/346/360
f 368/320/2744 426/2313/2766 390/2287/350
f 426/2314/2767 402/2286/2767 390/335/2767
f 394/2214/2650 403/2288/2745 343/2232/2672
f 403/2288/2745 428/2315/2768 379/2301/2756
f 428/2315/2769 393/2316/2769 379/2301/2769
f 431/2317/2770 369/2276/2669 429/2318/2771
f 431/2317/2770 397/2255/2733 369/2276/2669
f 381/2306/2690 448/2319/2772 386/2320/386
f 449/2321/2773 382/2293/2709 412/2322/2774
f 433/2323/2775 439/2291/2749 382/2293/2709
f 357/2280/339 422/2308/2764 398/2281/2737
f 365/2250/2700 415/2296/2776 366/2225/2664
f 423/380/2777 388/350/2777 408/2324/2777
f 346/329/344 460/396/414 401/330/345
f 391/2278/2735 392/2279/2736 349/2237/2721
f 445/382/2778 418/359/2778 417/358/2778
f 499/2325/460 373/2254/2706 356/322/337
f 431/2317/2779 404/2289/2779 397/2255/2779
f 447/2326/2780 436/2327/2781 313/2205/2637
f 313/2205/2637 436/2327/2781 362/2239/2682
f 381/2306/2690 432/2305/2762 448/2319/2772
f 449/2321/2773 433/2323/2775 382/2293/2709
f 475/2328/2782 434/2309/2738 413/2294/2750
f 338/2233/2675 440/2329/2783 365/2250/2700
f 423/369/388 401/330/345 441/2330/2784
f 442/2331/2785 372/398/416 410/2285/2741
f 445/382/2786 463/2332/2787 418/359/2788
f 446/2333/2789 428/2315/2789 403/2288/2789
f 447/2326/2780 313/2205/2637 350/2238/2681
f 438/2334/2790 449/2321/2773 412/2322/2774
f 398/2281/2737 456/2335/2791 432/2305/2762
f 433/2323/2775 466/2336/2792 439/2291/2749
f 458/2337/2793 413/2294/2750 439/2291/2749
f 422/2308/2764 457/2338/2794 398/2281/2737
f 450/2339/2795 407/2264/2719 434/2283/2738
f 339/303/317 468/400/419 298/275/289
f 452/385/2796 445/382/2796 417/358/2796
f 428/2340/2797 454/2341/2798 393/2274/2799
f 454/2341/2798 396/2275/2800 393/2274/2799
f 454/2342/2801 429/356/373 396/355/372
f 421/366/385 411/364/383 351/365/384
f 514/2302/2757 437/2304/2761 406/2256/2708
f 433/2323/2775 449/2321/2802 492/2343/2803
f 466/2336/2792 458/2337/2793 439/2291/2749
f 459/2344/2804 414/2311/2763 399/2310/2734
f 476/2345/2805 459/2344/2804 399/2310/2734
f 451/2346/2806 330/2224/2663 407/2264/2719
f 338/2233/2675 330/2224/2663 440/2329/2783
f 368/2347/2807 461/2348/2808 426/2314/2809
f 479/402/429 461/371/392 378/326/391
f 353/2240/2684 392/2279/2736 443/2303/2810
f 480/2349/2811 445/2350/2812 443/2303/2813
f 463/2351/2814 464/2352/2815 418/2353/2816
f 464/2352/2815 427/2354/2817 418/2353/2816
f 465/2355/2818 446/2333/2818 403/2288/2818
f 513/2356/2819 350/2238/2681 405/2266/2723
f 514/2302/2757 362/2239/2682 436/2327/2820
f 421/2357/385 386/2320/386 470/465/464
f 466/2336/2792 433/2323/2775 492/2343/2803
f 398/2281/2737 457/2338/2794 456/2335/2791
f 457/2338/2794 473/2358/2821 456/2335/2791
f 458/2337/2793 467/2359/2822 413/2294/2750
f 387/332/2758 476/2360/2805 399/2277/2734
f 298/275/289 468/400/419 387/332/347
f 400/336/359 477/401/420 339/303/317
f 495/2361/2823 415/2296/2776 365/2250/2700
f 426/2314/2809 461/2348/2808 402/2286/2824
f 391/2278/2735 489/2362/2825 392/2279/2736
f 392/2279/2826 480/2349/2826 443/2303/2826
f 469/2363/2827 445/2350/2812 480/2349/2811
f 469/2364/2828 463/2332/2787 445/382/2786
f 421/366/385 503/453/463 411/364/383
f 438/2334/2790 412/2322/2774 437/2365/2761
f 386/2320/386 448/2319/2772 470/465/464
f 471/2366/2829 449/2321/2802 438/2334/2790
f 492/2343/2803 449/2321/2802 471/2366/2829
f 456/2335/2791 473/2358/2821 504/2367/2830
f 457/2338/2794 474/2368/2831 473/2358/2821
f 422/2308/2764 474/2368/2831 457/2338/2794
f 434/2369/2738 475/2370/2782 450/2371/2795
f 372/398/416 442/2331/2832 486/2372/2833
f 461/2373/2834 391/2278/2835 402/2374/2836
f 500/2375/2837 431/2317/2770 429/2318/2771
f 524/2376/2838 438/2334/2790 437/2365/2761
f 448/2319/2772 456/2335/2791 516/2377/2839
f 432/2305/2762 456/2335/2791 448/2319/2772
f 472/2378/2840 466/2336/2792 493/2379/2841
f 493/2379/2841 466/2336/2792 492/2343/2803
f 473/2358/2821 505/2380/2842 504/2367/2830
f 473/2358/2821 484/2381/2843 505/2380/2842
f 484/2381/2843 472/2378/2840 505/2380/2842
f 466/2336/2792 472/2378/2840 458/2337/2793
f 484/2381/2843 485/2382/2844 472/2378/2840
f 485/2382/2844 458/2337/2793 472/2378/2840
f 474/2368/2831 494/2383/2845 473/2358/2821
f 485/2382/2844 467/2359/2846 458/2337/2793
f 414/2307/2763 474/2368/2831 422/2308/2764
f 467/2359/2822 475/2328/2847 413/2294/2750
f 464/2352/2815 428/2340/2848 427/2354/2817
f 491/2384/2849 323/363/382 420/362/381
f 523/2385/2850 454/2341/2851 428/2340/2852
f 430/343/358 499/432/460 356/344/337
f 454/2341/2851 500/2375/2837 429/2318/2771
f 431/2317/2853 405/2266/2723 404/2289/2747
f 448/2319/2772 515/2386/2854 470/465/464
f 505/2380/2842 472/2378/2840 493/2379/2841
f 494/2383/2845 484/2381/2843 473/2358/2821
f 485/2382/2844 532/2387/2855 467/2359/2846
f 414/2311/2763 459/2344/2804 474/2388/2831
f 440/2329/2783 495/2361/2823 365/2250/2700
f 441/2330/2784 401/330/345 496/2389/2856
f 425/349/2857 508/2390/2857 400/339/2857
f 461/2373/2834 489/2362/2858 391/2278/2835
f 480/2391/2859 481/2392/2859 469/2393/2859
f 481/2394/2860 490/2395/2860 469/2396/2860
f 529/2397/2861 403/2288/2745 394/2214/2650
f 501/2398/2862 447/2326/2780 350/2238/2681
f 421/2357/385 470/465/464 503/2399/463
f 471/2366/2829 438/2334/2790 524/2376/2838
f 448/2319/2772 516/2377/2839 515/2386/2854
f 456/2335/2791 504/2367/2830 516/2377/2839
f 537/2400/2863 492/2343/2803 471/2366/2829
f 505/2380/2842 493/2379/2841 537/2400/2863
f 493/2379/2841 492/2343/2803 537/2400/2863
f 484/2381/2843 532/2387/2855 485/2382/2844
f 459/2344/2804 506/2401/2864 474/2388/2831
f 496/2389/2856 401/330/345 507/2402/2865
f 507/2402/2866 401/330/345 460/396/414
f 521/2403/2867 487/384/2868 520/411/2869
f 425/349/2870 487/384/2868 521/2403/2867
f 424/357/444 478/352/2871 509/421/445
f 497/2404/2872 489/2405/2873 461/2406/2874
f 462/2407/2875 481/2392/2875 480/2391/2875
f 511/2408/2876 463/2332/2787 469/2364/2828
f 529/2397/2861 465/2355/2877 403/2288/2745
f 373/2254/2706 499/2325/460 420/362/381
f 523/2385/2850 500/2375/2837 454/2341/2851
f 431/2317/2853 513/2356/2819 405/2266/2723
f 314/289/302 483/394/412 502/415/437
f 516/2377/2839 504/2367/2830 525/2409/2878
f 504/2367/2830 517/2410/2879 525/2409/2878
f 504/2367/2830 505/2380/2842 517/2410/2879
f 505/2380/2842 537/2400/2863 517/2410/2879
f 518/2411/2880 484/2381/2843 494/2383/2845
f 484/2381/2843 518/2411/2880 532/2387/2855
f 519/2412/2881 518/2411/2880 494/2383/2845
f 474/2368/2831 519/2412/2881 494/2383/2845
f 407/2264/2719 450/2339/2795 451/2346/2806
f 468/400/2882 476/2360/2805 387/332/2758
f 460/396/414 486/2372/2833 527/2413/2883
f 486/2372/2833 460/396/414 372/398/416
f 425/349/2884 521/2403/2867 508/2390/2885
f 489/2362/2825 522/2414/2886 392/2279/2736
f 522/2414/2886 480/2349/2887 392/2279/2736
f 462/2407/2888 480/2391/2889 510/2415/2890
f 490/2416/2891 511/2417/2892 469/2418/2893
f 498/2419/2894 464/2352/2815 463/2351/2814
f 464/2352/2815 523/2385/2895 428/2340/2848
f 491/2384/2849 394/2214/2650 323/363/382
f 512/2420/2896 465/2355/2877 529/2397/2861
f 541/2421/2897 491/2384/2849 420/362/381
f 499/456/460 541/2422/2897 420/2423/381
f 531/2424/2898 471/2366/2829 524/2376/2838
f 506/2401/2864 519/2425/2881 474/2388/2831
f 532/2426/2855 526/2427/2899 467/2428/2822
f 526/2429/2899 475/2328/2847 467/2359/2822
f 451/2346/2806 440/2329/2783 330/2224/2663
f 495/2361/2823 540/2430/2900 415/2296/2776
f 478/441/2901 415/2431/2902 540/2432/2903
f 497/2404/2872 522/2433/2904 489/2405/2873
f 510/2415/2905 522/2433/2905 497/2404/2905
f 510/2415/2890 480/2391/2889 522/2433/2906
f 511/2434/2876 498/2419/2907 463/2351/2787
f 536/2435/2908 500/2375/2837 523/2385/2850
f 530/2436/2909 431/2317/2770 500/2375/2837
f 530/2436/2910 582/2437/2911 431/2317/2853
f 582/2437/2911 513/2356/2819 431/2317/2853
f 516/2377/2839 525/2409/2878 552/2438/2912
f 552/2438/2912 525/2409/2878 546/2439/2913
f 525/2409/2878 517/2410/2879 546/2439/2913
f 476/2345/2805 538/2440/2914 459/2344/2804
f 481/2394/2915 534/2441/2915 490/2395/2915
f 535/2442/2916 512/2420/2896 529/2397/2861
f 516/2377/2839 552/2438/2912 515/2386/2854
f 471/2366/2829 531/2424/2898 556/2443/2917
f 537/2400/2863 471/2366/2829 556/2443/2917
f 517/2410/2879 537/2400/2863 546/2439/2913
f 477/401/2918 539/462/483 468/400/2882
f 498/2419/2894 523/2385/2895 464/2352/2815
f 491/2384/2849 529/2397/2861 394/2214/2650
f 513/2356/2819 501/2398/2862 350/2238/2681
f 501/2398/2862 544/2444/2919 447/2326/2780
f 447/2326/2780 544/2444/2919 436/2327/2781
f 566/2445/2920 436/2327/2820 544/2444/2921
f 566/2445/2920 514/2302/2757 436/2327/2820
f 514/2302/2757 545/2446/2922 437/2304/2761
f 537/2400/2863 556/2443/2917 546/2439/2913
f 553/2447/2923 518/2448/2880 519/2425/2881
f 475/2370/2782 554/2449/2924 450/2371/2795
f 507/2402/2866 460/396/414 548/2450/2925
f 460/396/414 549/2451/2926 548/2450/2927
f 549/2451/2926 460/396/414 527/2413/2883
f 550/2452/2928 498/2419/2907 511/2434/2876
f 551/2453/2929 536/2435/2930 523/2385/2931
f 483/394/475 411/364/383 503/453/463
f 524/2376/2838 437/2365/2761 576/2454/2932
f 526/2427/2899 532/2426/2855 518/2448/2880
f 506/2401/2864 553/2447/2923 519/2425/2881
f 526/2427/2899 554/2449/2924 475/2370/2847
f 450/2339/2795 560/2455/2933 451/2346/2806
f 440/2329/2783 547/2456/2934 495/2361/2823
f 561/2457/2935 540/2430/2900 495/2361/2823
f 498/2419/2894 562/2458/2936 523/2385/2895
f 562/2458/2937 551/2453/2929 523/2385/2931
f 515/2386/2854 552/2438/2938 555/2459/2939
f 553/2447/2923 557/2460/2940 518/2448/2880
f 518/2448/2880 557/2460/2940 526/2427/2899
f 558/2461/2941 553/2447/2923 506/2401/2864
f 459/2344/2804 558/2461/2941 506/2401/2864
f 538/2440/2914 558/2461/2941 459/2344/2804
f 451/2346/2806 560/2455/2933 440/2329/2783
f 547/2456/2934 561/2457/2935 495/2361/2823
f 508/423/447 586/463/2942 477/401/420
f 521/2403/2867 520/411/2869 563/2462/2943
f 478/441/2901 540/2432/2903 561/442/2944
f 534/2463/2945 511/2417/2892 490/2416/2891
f 536/2464/2946 530/2465/2909 500/2466/2837
f 526/2427/2899 583/2467/2947 554/2449/2924
f 559/2468/2948 538/2440/2914 476/2345/2805
f 468/400/2882 539/462/483 476/2360/2805
f 477/401/2918 586/463/484 539/462/483
f 548/2450/2949 520/2469/2949 507/2402/2949
f 508/2390/2885 521/2403/2867 586/2470/2950
f 586/2471/2950 521/2472/2867 563/2473/2943
f 453/386/405 564/429/457 578/426/451
f 576/2454/2932 437/2365/2761 545/2474/2922
f 470/465/464 515/2386/2854 617/466/486
f 539/462/483 559/2475/2948 476/2360/2805
f 520/411/2869 567/438/2951 563/2462/2943
f 511/2434/2876 574/2476/2952 550/2452/2928
f 564/2477/2953 535/2442/2916 529/2397/2861
f 536/2464/2954 581/2478/2955 530/2465/2910
f 483/394/412 569/451/550 502/415/437
f 524/2376/2838 576/2454/2932 571/2479/2956
f 531/2424/2898 524/2376/2838 571/2479/2956
f 556/2443/2917 531/2424/2898 597/2480/2957
f 546/2439/2913 556/2443/2917 597/2480/2957
f 558/2461/2941 572/2481/2958 553/2447/2923
f 573/2482/2959 558/2461/2941 538/2440/2914
f 585/447/2960 573/449/2959 538/2483/2914
f 559/461/482 585/459/480 538/2484/2961
f 577/2485/2962 548/2486/2962 549/2487/2962
f 533/2488/446 509/440/445 605/495/473
f 509/440/445 561/442/468 605/495/473
f 534/2463/2963 574/2489/2963 511/2417/2963
f 550/2452/2964 579/2490/2965 498/2419/2966
f 579/2490/2965 562/2458/2967 498/2419/2966
f 575/455/478 541/2422/2897 499/456/460
f 582/2437/2911 616/2491/2968 513/2356/2819
f 545/2446/2922 514/2302/2757 566/2445/2920
f 552/2438/2938 546/2439/2913 555/2459/2939
f 554/2492/2924 560/2455/2933 450/2339/2795
f 577/2493/2969 567/438/2970 548/437/2971
f 528/424/449 578/426/451 534/425/450
f 551/2453/2972 580/2494/2972 536/2435/2972
f 597/2480/2957 531/2424/2898 571/2479/2956
f 572/2481/2958 557/2460/2940 553/2447/2923
f 583/2467/2973 526/2427/2899 557/2460/2940
f 583/2467/2947 621/2495/2974 554/2449/2924
f 539/462/483 590/492/2975 559/2475/2948
f 440/2329/2783 560/2455/2933 547/2456/2934
f 568/443/469 594/472/491 578/426/451
f 562/2458/2937 579/2490/2976 551/2453/2929
f 580/2496/2977 581/2497/2955 536/2498/2978
f 515/2386/2854 555/2459/2939 617/466/486
f 546/2439/2913 634/2499/2979 555/2459/2939
f 634/2499/2979 546/2439/2913 597/2480/2957
f 604/2500/2980 572/2481/2958 558/2461/2941
f 604/2500/2980 558/2461/2941 573/2482/2959
f 577/2493/2969 587/485/2981 567/438/2970
f 568/2501/2982 564/2477/2953 529/2397/2861
f 616/2491/2968 501/2398/2862 513/2356/2819
f 616/2491/2968 589/2502/2983 501/2398/2862
f 503/2503/463 570/2504/462 592/2505/476
f 614/2506/2984 561/2457/2935 547/2456/2934
f 595/2507/2985 568/2501/2982 529/2397/2861
f 625/2508/2986 580/2494/2987 551/2453/2929
f 610/476/2988 584/445/2988 600/454/2988
f 603/2509/2989 604/2500/2990 573/2482/2991
f 584/448/2992 603/2510/2992 573/449/2992
f 559/2511/2993 593/2512/2993 602/2513/2993
f 593/2512/2994 603/2514/2994 602/2513/2994
f 559/2475/2995 590/492/2995 593/491/2995
f 560/2455/2933 614/2506/2984 547/2456/2934
f 563/2473/2943 567/2515/2951 631/2516/2996
f 586/2471/2950 563/2473/2943 613/2517/2997
f 563/2473/2943 631/2516/2996 613/2517/2997
f 605/495/473 561/442/468 614/2518/2998
f 578/426/451 594/472/491 534/425/450
f 591/2519/2999 595/2507/2985 529/2397/2861
f 625/2508/2986 551/2453/2929 579/2490/2976
f 589/2502/2983 544/2444/2919 501/2398/2862
f 611/2520/3000 584/2521/3000 610/2522/3000
f 611/2520/3001 612/2523/3001 584/2521/3001
f 584/2521/3002 612/2523/3002 603/2524/3002
f 602/2513/3003 603/2514/3004 612/2525/3005
f 613/464/485 590/492/2975 539/462/483
f 615/2526/3006 574/2489/3007 534/2463/3008
f 594/472/491 615/2527/3009 534/425/450
f 594/2528/3010 606/2529/3010 632/2530/3010
f 595/2507/2985 606/2531/3011 568/2501/2982
f 589/2502/2983 596/2532/3012 544/2444/2919
f 566/2445/2920 544/2444/2921 596/2532/3013
f 618/2533/3014 620/2534/3015 608/2535/3016
f 608/2535/3016 620/2534/3015 598/2536/3017
f 620/2534/3018 599/2537/3019 598/2536/3020
f 599/2537/3019 620/2534/3018 610/2522/3021
f 572/2481/2958 621/2495/3022 557/2460/2940
f 621/2495/3022 583/2467/2973 557/2460/2940
f 602/2513/3003 612/2525/3005 628/2538/3023
f 650/2539/3024 614/2518/2984 560/2540/2933
f 622/494/3025 587/2541/3026 577/2542/3027
f 622/494/518 577/2542/466 605/495/473
f 615/2526/3006 623/2543/3028 574/2489/3007
f 623/2544/3029 550/2452/3030 574/2476/3031
f 594/472/491 623/2545/3032 615/2527/3009
f 550/2452/3030 623/2544/3029 579/2490/3033
f 491/2384/2849 624/2546/3034 529/2397/2861
f 545/2446/2922 566/2445/2920 641/2547/3035
f 617/466/486 555/2459/2939 656/526/551
f 555/2459/2939 634/2499/2979 659/2548/3036
f 648/489/3037 608/474/493 626/473/492
f 608/2535/3016 637/2549/3038 618/2533/3014
f 620/2534/3039 611/2520/3039 610/2522/3039
f 628/2538/3040 612/2525/3041 611/2550/3042
f 603/2509/2989 629/2551/3043 604/2500/2990
f 554/2492/2924 650/2552/3044 560/2455/2933
f 613/2517/485 630/506/3045 590/2553/2975
f 624/2546/3034 591/2519/2999 529/2397/2861
f 624/2546/3034 491/2384/2849 541/2421/2897
f 623/2544/3046 625/2508/2986 579/2490/2976
f 633/2554/3047 581/2497/2955 580/2496/2977
f 642/2555/3048 576/2454/2932 545/2474/2922
f 571/2479/2956 576/2454/2932 642/2555/3048
f 570/467/462 617/466/486 656/526/551
f 597/2480/2957 635/2556/3049 634/2499/2979
f 648/2557/3050 637/2549/3038 608/2535/3016
f 638/2558/3051 611/2520/3052 620/2534/3053
f 609/477/507 628/483/509 627/482/3054
f 621/2495/2974 650/2559/3044 554/2449/2924
f 605/495/473 614/2518/2998 654/496/519
f 594/2560/3055 639/2561/3055 623/2562/3055
f 632/2563/3056 639/2564/3056 594/2565/3056
f 623/2544/3057 639/2566/3057 625/2508/3057
f 640/498/521 542/428/455 543/419/442
f 597/2480/2957 571/2479/2956 642/2555/3048
f 664/504/3058 637/2567/3058 648/489/3058
f 644/2568/3059 618/2569/3059 643/2570/3059
f 618/2533/3060 638/2558/3051 620/2534/3053
f 644/2568/3061 638/2571/3062 618/2569/3063
f 644/2568/3061 611/2550/3042 638/2571/3062
f 628/2538/3064 644/2568/3064 627/2572/3064
f 628/2538/3040 611/2550/3042 644/2568/3061
f 593/2573/3065 629/2551/3066 603/2509/3067
f 667/2574/3068 629/2551/3066 593/2573/3065
f 629/2551/3069 645/2575/3070 604/2500/3071
f 604/2500/2980 645/2575/3072 572/2481/2958
f 613/2517/485 651/507/3073 630/506/3045
f 613/2517/2997 631/2516/2996 651/507/3074
f 595/2507/2985 646/2576/3075 606/2531/3011
f 646/2576/3075 632/2577/3076 606/2531/3011
f 555/2459/2939 659/2548/3036 656/526/551
f 649/2578/3077 637/2579/3078 664/2580/3079
f 643/499/524 653/501/527 636/481/522
f 637/2549/3080 643/2581/3080 618/2533/3080
f 653/2582/3081 643/2583/3081 637/2584/3081
f 590/492/516 630/2585/533 667/493/517
f 614/2518/2984 650/2539/3024 654/496/3082
f 625/2586/3083 633/2587/3047 580/2588/2977
f 690/2589/3084 530/2436/2910 581/2590/2955
f 669/2591/3085 566/2445/2920 596/2532/3013
f 653/2582/3086 637/2584/3086 649/2592/3086
f 651/507/3087 587/2593/3088 658/2594/3089
f 658/2595/3090 587/2596/3026 622/2597/3025
f 639/2598/3091 633/2587/3047 625/2586/3083
f 690/2589/3084 655/2599/3092 530/2436/2910
f 655/2599/3092 582/2437/2911 530/2436/2910
f 641/2547/3035 566/2445/2920 669/2591/3085
f 641/2600/3035 642/2555/3048 545/2474/2922
f 659/2548/3036 634/2499/2979 671/2601/3093
f 622/494/518 654/496/519 657/2602/3094
f 632/2577/3095 646/2576/3075 639/2598/3091
f 655/2599/3092 616/2491/2968 582/2437/2911
f 597/2480/2957 642/2555/3048 679/2603/3096
f 652/502/3097 661/510/3097 636/481/3097
f 653/2582/3098 649/2592/3099 652/2604/3100
f 629/2551/3069 662/2605/3101 645/2575/3070
f 657/2602/3102 572/2606/3103 645/2607/3104
f 657/2602/3102 621/2608/3105 572/2606/3103
f 657/2602/3102 654/496/3106 621/2608/3105
f 621/2608/3107 654/496/3082 650/2539/3024
f 542/428/455 665/537/539 588/433/461
f 570/467/462 656/526/551 647/525/511
f 635/2556/3049 597/2480/2957 679/2603/3096
f 674/2609/3108 649/2578/3077 664/2580/3079
f 646/2576/3075 633/2587/3047 639/2598/3091
f 671/2601/3093 634/2499/2979 701/2610/3109
f 634/2499/2979 635/2556/3049 701/2610/3109
f 673/2611/3110 674/2609/3108 664/2580/3079
f 666/2612/3111 649/2592/3112 674/2613/3113
f 652/2604/3100 649/2592/3099 666/2612/3114
f 662/2614/3115 668/2615/3116 645/2616/3117
f 645/2616/3117 668/2615/3116 657/2617/3118
f 668/2615/3119 622/2618/3119 657/2617/3119
f 713/517/542 541/2421/2897 575/518/478
f 690/2619/3084 581/2497/2955 633/2554/3047
f 656/526/551 659/2548/3036 671/2601/3093
f 652/2604/3120 666/2612/3121 661/2620/3122
f 667/2574/3068 662/2605/3123 629/2551/3066
f 668/522/3124 658/2594/3124 622/2621/3124
f 713/517/542 624/2546/3034 541/2421/2897
f 642/2555/3048 641/2600/3035 681/2622/3125
f 635/2556/3049 679/2603/3096 701/2610/3109
f 667/505/3126 668/522/3126 662/2623/3126
f 651/507/3087 658/2594/3089 668/522/3127
f 677/2624/3128 616/2491/2968 655/2599/3092
f 717/2625/3129 589/2502/2983 616/2491/2968
f 656/2626/551 671/2627/3093 678/2628/3130
f 666/2612/3121 675/2629/3131 661/2620/3122
f 595/2507/2985 676/2630/3132 646/2576/3075
f 717/2625/3133 596/2532/3012 589/2502/2983
f 675/2629/3134 666/2612/3135 684/2631/3136
f 666/2612/3111 674/2613/3113 684/2631/3137
f 685/2632/3138 595/2507/2985 591/2519/2999
f 679/2603/3096 642/2555/3048 699/2633/3139
f 685/2632/3138 676/2630/3132 595/2507/2985
f 681/2622/3125 641/2600/3035 669/2634/3085
f 673/2611/3110 687/2635/3140 674/2609/3108
f 687/2635/3141 684/2636/3141 674/2609/3141
f 686/2637/3142 633/2587/3047 646/2576/3075
f 616/2491/2968 677/2624/3128 717/2625/3129
f 569/451/474 670/513/541 692/535/572
f 671/2627/3093 693/2638/3143 678/2628/3130
f 687/2635/3144 673/2611/3145 694/2639/3146
f 675/2629/3134 684/2631/3136 688/2640/3147
f 703/552/584 689/2641/3148 624/2546/3034
f 691/2642/3149 655/2599/3092 690/2589/3084
f 696/2643/3150 681/2622/3125 669/2634/3085
f 642/2555/3048 681/2622/3125 699/2633/3139
f 671/2601/3093 701/2610/3109 693/2644/3143
f 698/2645/3151 687/2635/3144 694/2639/3146
f 689/2641/3148 591/2519/2999 624/2546/3034
f 686/2637/3142 646/2576/3075 676/2630/3132
f 647/525/511 678/527/552 697/2646/3152
f 679/2603/3096 699/2633/3139 701/2610/3109
f 707/2647/3153 687/2635/3144 698/2645/3151
f 688/2640/3147 684/2631/3136 708/546/3154
f 684/2631/3155 687/2648/3156 708/546/3157
f 647/2649/511 709/541/573 670/513/541
f 647/525/511 697/2646/3152 709/554/573
f 678/2628/3130 693/2638/3143 700/2650/3158
f 688/2640/566 708/546/577 683/545/564
f 702/2651/3159 591/2519/2999 689/2641/3148
f 713/517/542 703/552/584 624/2546/3034
f 723/2652/3160 596/2532/3012 717/2625/3133
f 723/2652/3161 669/2591/3085 596/2532/3013
f 681/2622/3125 696/2643/3162 705/2653/3163
f 693/2644/3143 701/2610/3109 700/2654/3158
f 707/2655/3164 708/546/3157 687/2648/3156
f 712/2656/3165 708/546/3166 707/2655/3167
f 723/2652/3161 724/2657/3168 669/2591/3085
f 711/2658/3169 678/2628/3130 722/2659/638
f 678/2628/3130 700/2650/3158 722/2659/638
f 699/2633/3139 681/2622/3125 705/2653/3163
f 711/2658/3170 698/2660/3170 678/2628/3170
f 708/546/577 712/2656/3171 715/547/578
f 716/586/619 685/2632/3138 591/2519/2999
f 714/2661/3172 655/2599/3092 691/2642/3149
f 714/2661/3172 677/2624/3128 655/2599/3092
f 711/2658/3173 721/2662/3173 698/2660/3173
f 712/2656/3174 721/2663/3174 715/547/3174
f 721/2663/3175 712/2656/3165 707/2655/3167
f 721/2664/3176 707/2647/3176 698/2645/3176
f 702/2651/3159 716/586/619 591/2519/2999
f 719/2665/3177 690/2666/3084 633/2587/3047
f 709/554/573 697/2646/3152 721/555/586
f 697/548/579 715/550/581 721/2667/3178
f 701/2610/3109 699/2633/3139 705/2653/3163
f 701/2610/3109 705/2653/3163 718/2668/3179
f 700/2654/3158 701/2610/3109 718/2668/3179
f 695/532/559 710/538/569 542/428/455
f 730/2669/3180 705/2653/3163 696/2643/3162
f 721/2662/3181 711/2658/3169 722/2659/638
f 700/2654/3158 718/2668/3179 722/603/638
f 719/2670/3177 691/2642/3149 690/2589/3084
f 742/2671/3182 677/2624/3128 714/2661/3172
f 696/2643/3150 669/2634/3085 724/2672/3183
f 726/585/618 676/2630/3132 685/2632/3138
f 719/2665/3177 633/2587/3047 686/2637/3142
f 709/541/573 729/588/3184 692/535/572
f 751/568/600 735/562/599 725/558/3185
f 726/585/618 686/2637/3142 676/2630/3132
f 751/568/600 725/558/3185 728/557/606
f 735/562/593 732/561/592 725/558/589
f 716/586/619 726/585/618 685/2632/3138
f 742/2671/3182 717/2625/3129 677/2624/3128
f 743/2673/3186 723/2652/3160 717/2625/3133
f 724/2657/3168 723/2652/3161 744/2674/3187
f 736/2675/3188 696/2643/3150 724/2672/3183
f 730/2669/3180 696/2643/3162 736/2675/682
f 705/2653/3163 755/2676/3189 718/2668/3179
f 665/574/539 727/553/585 663/519/535
f 739/582/3190 751/568/600 728/557/606
f 735/562/599 740/2677/3191 738/579/3192
f 703/552/584 794/612/3193 689/2641/3148
f 691/2642/3149 750/2678/3194 714/2661/3172
f 750/2678/3194 742/2671/3182 714/2661/3172
f 742/2671/3182 743/2673/3186 717/2625/3129
f 705/2653/3163 730/2669/3180 755/2676/3189
f 758/567/598 740/2677/3191 735/562/599
f 737/2679/3195 745/578/609 734/560/607
f 722/603/638 718/2668/3179 755/2676/3189
f 794/612/3193 702/2651/3159 689/2641/3148
f 741/565/596 794/612/3193 703/552/584
f 753/2680/3196 723/2652/3160 743/2673/3186
f 753/2680/3197 744/2674/3187 723/2652/3161
f 721/555/3181 722/603/638 733/564/637
f 762/577/608 739/582/3190 728/557/606
f 793/625/3198 686/2637/3142 726/585/618
f 719/2670/3177 797/2681/3199 691/2642/3149
f 797/2681/3200 750/2678/3194 691/2642/3149
f 757/2682/3201 743/2673/3186 742/2671/3182
f 744/2683/3202 736/2675/3188 724/2672/3183
f 790/2684/3203 738/2685/3204 740/2686/3205
f 794/612/3193 785/615/3206 702/2651/3159
f 702/2651/3159 785/615/3206 716/586/619
f 730/2669/3180 768/2687/681 755/2676/3189
f 761/2688/3207 740/2677/3191 758/567/598
f 731/559/3208 732/561/622 764/589/621
f 756/590/623 759/563/625 760/594/3209
f 785/615/3206 786/584/617 716/586/619
f 768/2687/681 730/2669/3180 736/2675/682
f 722/603/638 755/2676/3189 773/604/3210
f 770/600/3211 762/577/608 745/578/609
f 761/2689/3212 790/2684/3203 740/2686/3205
f 738/2685/3204 774/2690/3213 746/2691/3214
f 771/601/643 731/559/3208 764/589/621
f 772/638/3215 719/2665/3177 686/2637/3142
f 743/2673/3186 787/2692/3216 753/2680/3196
f 755/2676/3189 768/2687/681 819/2693/3217
f 761/2688/3218 758/567/616 788/2694/3219
f 790/2684/3203 774/2690/3213 738/2685/3204
f 759/563/625 763/591/3220 760/594/3209
f 763/591/3220 803/622/3221 760/594/3209
f 796/575/603 741/565/596 727/553/585
f 793/625/3198 772/638/3215 686/2637/3142
f 748/576/605 796/572/603 710/538/569
f 787/2692/3222 744/2674/3187 753/2680/3197
f 788/2694/3219 758/567/616 769/599/632
f 786/584/617 793/625/3198 726/585/618
f 799/2695/3223 736/2696/3188 744/2697/3202
f 772/2698/3215 797/2681/3199 719/2670/3177
f 806/672/713 750/684/725 797/651/690
f 773/604/3210 755/2676/3189 819/2693/3217
f 801/618/654 811/2699/3224 769/599/632
f 811/2699/3224 788/2694/3219 769/599/632
f 746/2691/3214 813/2700/3225 803/2701/3226
f 815/761/3227 782/623/3228 784/626/3229
f 743/2673/3186 808/2702/3230 787/2692/3216
f 859/657/697 829/656/696 810/583/614
f 774/2690/3213 813/2700/3225 746/2691/3214
f 834/2703/3231 780/614/3232 779/613/3233
f 847/2704/3234 816/2705/3235 795/2706/3236
f 750/2678/3194 757/2682/3201 742/2671/3182
f 757/2682/3201 808/2702/3230 743/2673/3186
f 834/2703/3231 823/789/3237 780/614/3232
f 834/2703/3231 779/613/3233 782/623/3228
f 846/2707/3238 783/624/3239 781/616/3240
f 847/2704/3241 835/2708/3242 816/2705/3243
f 816/2705/3243 835/2708/3242 817/2709/3244
f 817/652/691 806/672/713 797/651/690
f 788/2710/3245 831/2711/3246 761/2689/3212
f 861/2712/3247 774/2690/3213 790/2684/3203
f 824/2713/3248 843/2714/3249 802/2715/3250
f 813/2716/3251 832/2717/3251 803/2718/3251
f 846/2707/3238 826/2719/3252 783/624/3239
f 826/2719/3252 795/627/3253 783/624/3239
f 806/672/713 828/671/712 750/684/725
f 787/2692/3222 837/2720/3222 744/2674/3187
f 767/597/620 809/655/695 854/2721/3254
f 744/696/738 838/698/740 799/643/745
f 869/644/684 811/2699/3224 801/618/654
f 841/2722/3255 790/2684/3203 761/2689/3212
f 823/789/3237 846/2707/3238 780/614/3232
f 846/2707/3238 781/616/3240 780/614/3232
f 815/761/3227 834/2703/3231 782/623/3228
f 826/2723/3256 847/2704/3234 795/2706/3236
f 784/713/759 848/714/760 815/2724/3257
f 884/729/3258 849/682/723 827/681/722
f 867/723/769 799/643/745 838/698/740
f 773/667/3259 855/699/3259 809/655/3259
f 839/722/768 868/701/746 799/643/745
f 870/737/784 811/2699/3224 869/644/684
f 831/2711/3246 841/2722/3255 761/2689/3212
f 841/2722/3255 861/2712/3247 790/2684/3203
f 835/2708/3242 850/2725/3260 817/2709/3244
f 850/2725/3260 828/2726/3261 817/2709/3244
f 865/716/762 787/720/766 808/695/737
f 858/704/749 768/641/744 868/701/746
f 880/752/801 840/796/852 830/724/770
f 897/2727/3262 788/2710/3245 811/2728/3263
f 897/2727/3262 831/2711/3246 788/2710/3245
f 791/620/656 842/725/771 789/607/642
f 774/2690/3213 873/2729/3264 813/2700/3225
f 803/2730/3265 874/2731/3266 804/2732/3267
f 849/682/723 864/727/774 805/680/721
f 861/2712/3247 873/2729/3264 774/2690/3213
f 832/2717/3268 881/2733/3269 803/2718/3265
f 925/787/3270 834/2703/3231 815/761/3271
f 846/2707/3238 891/2734/3272 826/2719/3273
f 878/721/767 885/2735/781 837/719/765
f 899/2736/979 843/2737/3249 824/2738/3248
f 881/2733/3269 874/2739/3266 803/2718/3265
f 925/787/3270 823/789/3237 834/2703/3231
f 823/789/3237 902/790/3274 846/2707/3238
f 902/790/3274 891/2734/3272 846/2707/3238
f 892/760/809 925/787/844 815/761/810
f 993/814/877 869/644/684 906/735/782
f 897/2727/3262 811/2728/3263 870/2740/3275
f 831/2711/3276 919/2741/3277 841/2722/3278
f 841/2722/3279 898/2742/3280 861/2712/3281
f 873/2729/3282 832/2743/3283 813/2700/3284
f 874/2744/3285 900/2745/3286 804/691/733
f 900/2745/3286 923/679/720 804/691/733
f 891/2734/3272 926/828/3287 826/2719/3273
f 926/828/3288 847/2746/3289 826/2719/3290
f 926/828/3288 903/2747/3291 847/2746/3289
f 828/2726/3292 914/2748/3293 851/2749/3294
f 914/2748/3293 865/2750/3295 851/2749/3294
f 928/2751/3296 878/2752/3297 865/2750/3295
f 871/2753/3298 908/2754/3299 870/2740/3275
f 897/2727/3262 870/2740/3275 908/2754/3299
f 919/2741/3300 898/2742/3280 841/2722/3279
f 923/739/787 882/741/789 876/740/788
f 903/2747/3301 835/2755/3302 847/2746/3303
f 850/2725/3260 913/2756/3304 828/2726/3261
f 930/793/849 829/656/696 905/774/823
f 829/656/696 930/793/849 906/735/782
f 931/794/850 907/775/824 859/657/697
f 993/814/877 932/816/879 869/644/684
f 932/816/879 871/736/783 869/644/684
f 944/2757/3305 919/2741/3277 831/2711/3276
f 922/781/834 920/799/858 791/620/832
f 902/790/843 938/829/3306 891/2734/3272
f 938/829/3306 926/828/3287 891/2734/3272
f 903/2747/3301 850/2758/3307 835/2755/3302
f 913/2756/3308 914/2748/3293 828/2726/3292
f 914/2748/3293 928/2751/3296 865/2750/3295
f 878/2752/3297 940/2759/3309 885/2760/3310
f 931/794/850 929/773/822 907/775/824
f 872/687/854 933/798/856 918/920/3311
f 919/2741/3312 945/2761/3312 898/2742/3312
f 898/2742/3280 921/2762/3313 861/2712/3281
f 921/2762/3313 873/2729/3314 861/2712/3281
f 881/2763/3315 958/2764/3316 874/2765/3317
f 903/2766/3318 913/2756/3318 850/2725/3318
f 941/2767/3319 894/2768/3320 885/2769/3321
f 954/861/925 887/770/904 894/2768/3322
f 955/804/863 993/814/877 906/735/782
f 880/752/961 888/738/864 943/818/881
f 918/920/3311 1024/805/865 872/687/854
f 873/2770/3282 946/2771/3323 832/2717/3283
f 957/2772/3324 899/2736/979 824/2738/3248
f 948/2773/3325 924/801/860 910/800/859
f 969/871/3326 968/788/841 925/787/840
f 939/872/936 969/871/935 925/787/844
f 953/2774/3327 903/2747/3328 926/828/895
f 928/2751/3296 940/2759/3309 878/2752/3297
f 940/2759/3309 941/2775/3329 885/2760/3310
f 1093/2776/3330 930/793/3331 929/773/3332
f 931/794/850 992/874/938 929/773/822
f 980/2777/3333 944/2757/3305 831/2711/3276
f 922/781/834 956/950/1048 920/799/858
f 832/2717/3283 946/2771/3323 881/2733/3334
f 969/871/3326 986/900/3335 968/788/841
f 902/790/843 1002/870/934 938/829/3306
f 939/872/936 925/787/844 912/791/845
f 927/792/955 988/914/3336 892/2778/3337
f 989/2779/3338 913/2756/3339 903/2766/3340
f 915/765/3341 1004/889/956 893/764/3342
f 1093/2776/3330 977/2780/3343 930/793/3331
f 930/793/3331 977/2780/3343 955/804/3344
f 978/962/1067 929/773/3345 992/874/3346
f 897/2727/3347 980/2777/3333 831/2711/3276
f 945/2761/3348 981/2781/3349 898/2742/3350
f 899/904/979 922/781/978 843/726/3249
f 946/2771/3323 994/2782/3351 881/2733/3334
f 958/2783/3352 900/2745/3286 874/2744/3285
f 948/2773/3325 949/2784/3353 924/801/860
f 949/878/942 950/810/873 924/809/872
f 985/888/950 967/856/920 952/857/921
f 972/2785/3354 953/2774/3327 926/828/895
f 953/2786/3355 973/2787/3356 903/2766/3357
f 927/792/955 990/915/3358 988/914/3336
f 927/792/955 974/890/957 990/915/3358
f 893/764/3342 1004/889/956 927/792/955
f 915/765/3341 975/811/976 1016/902/975
f 916/813/3359 1018/928/1010 975/811/976
f 1093/2776/3330 929/773/3332 978/962/1067
f 1023/2788/3360 871/2753/3298 932/2789/3361
f 1023/2788/3360 908/2754/3299 871/2753/3298
f 908/2754/3362 980/2777/3333 897/2727/3347
f 948/2773/3325 1012/2790/3363 949/2784/3353
f 949/878/942 997/880/944 950/810/873
f 950/849/1002 998/897/967 965/850/931
f 999/868/3364 966/851/915 951/853/917
f 1000/2791/3365 999/868/3364 951/853/917
f 1001/2792/3366 968/788/841 986/900/3335
f 1001/2792/3366 987/858/922 968/788/841
f 1029/2793/3367 938/829/3368 1002/870/3369
f 971/827/894 972/2785/3354 926/828/895
f 973/2787/3370 989/2779/3338 903/2766/3340
f 1003/2794/3371 913/2756/3339 989/2779/3338
f 1015/2795/3372 913/2756/3339 1003/2794/3371
f 1015/2795/3372 914/2748/3293 913/2756/3339
f 1005/2796/3373 914/2748/3293 1015/2795/3372
f 928/2751/3296 1007/958/3374 940/2759/3309
f 977/2780/3343 1021/2797/3375 955/804/3344
f 1011/2798/3376 956/2799/3377 922/2800/3378
f 1011/2801/980 899/2736/979 957/2772/3324
f 994/2802/3379 958/2764/3316 881/2763/3315
f 958/2783/3352 1025/2803/3380 900/2745/3286
f 1013/896/3381 999/868/3364 1000/2791/3365
f 988/914/1057 912/2804/3382 892/2778/3383
f 915/765/3341 1016/902/975 1004/889/956
f 914/2748/3293 1017/2805/3384 928/2751/3296
f 941/2767/3319 1019/2806/3385 894/2768/3320
f 1008/875/1065 978/962/1067 992/874/3346
f 942/797/853 979/835/907 917/817/880
f 1044/2807/3386 980/2777/3333 908/2754/3362
f 1056/2808/3387 945/2761/3388 919/2741/3389
f 1039/964/1073 1084/910/984 982/909/983
f 999/868/3364 998/897/3390 966/851/915
f 984/885/1021 952/852/916 966/851/915
f 984/885/949 1029/2793/3391 1002/870/972
f 1030/947/1040 972/2785/3392 971/827/1041
f 972/2809/3393 973/2787/3356 953/2786/3355
f 973/2787/3394 1032/2810/3394 989/2779/3394
f 1032/2810/3395 1033/2811/3396 989/2779/3397
f 1033/2811/3396 1003/2794/3398 989/2779/3397
f 1003/2794/3398 1034/2812/3399 1015/2795/3400
f 1005/2796/3373 1017/2805/3384 914/2748/3293
f 1006/959/3401 928/2751/3296 1037/2813/3402
f 975/811/976 1018/928/1010 1036/903/977
f 1007/958/3374 928/2751/3296 1006/959/3401
f 916/813/3359 991/831/1011 1018/928/1010
f 1007/958/3374 941/2775/3329 940/2759/3309
f 1021/2797/3375 993/814/3403 955/804/3344
f 1009/2814/3404 1023/2788/3360 932/2789/3361
f 1023/2788/3405 1044/2807/3386 908/2754/3362
f 944/2757/3406 1056/2808/3387 919/2741/3389
f 1056/2808/3387 1066/2815/3407 945/2761/3388
f 956/950/1048 1038/949/1047 920/799/858
f 1025/2816/3408 959/838/909 900/837/908
f 1040/912/3409 1013/896/3381 1000/2791/3365
f 1062/934/1019 984/885/1021 966/851/915
f 1028/2817/3410 1000/2818/3410 983/2819/3410
f 1027/2820/3411 1029/2821/3391 984/2822/949
f 1048/2823/3412 938/829/3368 1029/2793/3367
f 1048/2823/3412 971/827/1041 938/829/3368
f 1050/989/1103 970/873/937 939/872/936
f 988/914/1057 939/1013/1132 912/2804/3382
f 1017/2805/3384 1037/2813/3402 928/2751/3296
f 894/2768/3322 1019/2806/3413 954/861/925
f 1021/2797/3375 1009/815/3414 993/814/3403
f 1041/923/1018 966/851/915 998/897/3390
f 1048/2824/3415 1029/2821/3391 1027/2820/3411
f 1050/989/1103 1086/988/1102 970/873/937
f 1051/2825/3416 1032/2810/3417 973/2787/3356
f 1033/2811/3396 1034/2812/3399 1003/2794/3398
f 1052/2826/3418 941/2775/3329 1007/958/3374
f 1079/2827/3419 1023/2788/3360 1009/2814/3404
f 1055/2828/3420 944/2757/3406 980/2777/3421
f 1055/2828/3420 1056/2808/3387 944/2757/3406
f 1066/2815/3407 981/2781/3422 945/2761/3388
f 981/2781/3349 1067/2829/3423 898/2742/3350
f 1067/2829/3424 921/2762/3424 898/2742/3424
f 946/2830/3323 873/2831/3282 921/2832/3425
f 1026/2833/3426 1061/2834/3427 948/2835/3428
f 948/2835/3428 1061/2834/3427 1012/2836/3429
f 1062/934/3430 1041/923/1003 997/924/1004
f 1028/996/3431 1040/912/3409 1000/2791/3365
f 941/2767/3319 1052/2837/3432 1019/2806/3385
f 1065/2838/3433 1044/2807/3386 1023/2788/3405
f 1044/2807/3434 1055/2828/3420 980/2777/3421
f 1011/2798/3376 1068/2839/3435 956/2799/3377
f 1057/2840/3436 1025/2803/3380 958/2783/3352
f 1025/2816/3408 1059/2841/3437 959/838/909
f 1059/2841/3437 1026/2833/981 959/838/909
f 1063/946/1039 971/827/1041 1048/2823/3412
f 1087/2842/3438 973/2787/3356 972/2809/3393
f 1072/2843/3439 1051/2825/3416 973/2787/3356
f 1073/2844/3440 1033/2811/3396 1032/2810/3395
f 1074/937/3441 1031/916/1088 990/915/3442
f 1015/2795/3400 1090/2845/3443 1005/2796/3444
f 1005/2796/3444 1091/2846/3445 1017/2805/3446
f 1017/2805/3446 1091/2846/3445 1037/2813/3447
f 1037/2813/3447 1091/2846/3445 1006/959/1062
f 1091/2846/3445 1076/960/1063 1006/959/1062
f 1076/2847/1063 1052/999/3448 1007/2848/1061
f 1094/2849/3449 1023/2788/3405 1079/2827/3450
f 981/2850/3422 1081/2851/3451 1067/2852/3452
f 1067/2853/3453 946/2830/3323 921/2832/3425
f 1082/2854/3454 994/2782/3351 946/2771/3323
f 1025/2816/3408 1083/1113/3455 1059/2841/3437
f 1026/2833/3456 1109/2855/3456 1061/2834/3456
f 1047/2856/1037 1110/2857/3457 1062/2858/1038
f 1071/956/1059 939/1013/1132 988/914/1057
f 1088/2859/3458 1073/2844/3459 1032/2810/3460
f 1034/2812/3399 1090/2845/3443 1015/2795/3400
f 1090/2845/3443 1091/2846/3445 1005/2796/3444
f 1077/2860/1113 1019/2861/3461 1052/2862/1114
f 1130/2863/3462 954/2864/3463 1019/2861/3464
f 1053/2865/3465 954/2864/3463 1130/2863/3462
f 1114/2866/3466 1079/2827/3419 1009/2814/3404
f 1023/2788/3405 1094/2849/3449 1065/2838/3433
f 1065/2838/3467 1106/2867/3468 1044/2807/3434
f 1106/2867/3468 1055/2828/3420 1044/2807/3434
f 1096/2868/3469 1081/2869/3451 1066/2815/3407
f 1066/2815/3407 1081/2869/3451 981/2781/3422
f 1067/2852/3470 1081/2851/3471 946/2771/3472
f 1107/2870/3473 1115/1033/1156 1011/1031/1154
f 1107/2870/3474 1011/1031/980 957/2871/3324
f 1099/2872/3475 1100/2873/3476 1048/2823/3477
f 1099/2874/3475 1048/2875/3477 1027/2876/3478
f 1072/2843/3439 973/2787/3356 1087/2842/3438
f 1051/2825/3479 1088/2859/3458 1032/2810/3460
f 1102/974/1089 1031/916/1088 1074/937/3441
f 1019/2861/3464 1077/2860/3480 1130/2863/3462
f 976/976/1090 1053/2865/3465 1113/2877/3481
f 979/835/1046 1054/930/1013 1104/978/1092
f 1135/2878/3482 946/2771/3472 1081/2851/3471
f 1082/2879/3483 958/2764/3316 994/2802/3379
f 1082/2879/3484 1057/2880/3485 958/2764/3486
f 1059/2841/3437 1109/2855/3487 1026/2833/981
f 1100/2873/3488 1063/946/1039 1048/2823/3412
f 1158/1015/1134 1050/1079/1225 939/1013/1132
f 1112/1000/3489 1052/999/3490 1076/2847/3491
f 1053/2865/3465 1130/2863/3462 1119/2881/3492
f 1120/2882/3493 1021/2797/3375 977/2780/3343
f 1114/2883/3494 1009/815/3414 1021/2797/3375
f 1081/2851/3471 1096/2884/3495 1135/2878/3482
f 1057/2880/3496 1116/1114/3497 1025/2816/3408
f 1025/2816/3408 1116/1114/3497 1083/1113/3455
f 1111/986/3498 1117/995/1112 1028/984/1111
f 1063/2885/3499 972/2886/3499 1030/2887/3499
f 1072/2843/3500 1088/2859/3458 1051/2825/3479
f 1128/2888/3501 1076/960/3491 1091/2846/3502
f 1020/975/958 1103/977/1091 1118/1010/1128
f 976/976/1090 1113/2877/3481 1103/977/1091
f 1053/2865/3465 1119/2881/3492 1113/2877/3481
f 1093/2776/3330 1120/2882/3493 977/2780/3343
f 1094/2849/3503 1133/2889/3504 1065/2838/3467
f 1146/2890/3505 1096/2868/3469 1066/2815/3407
f 946/2771/3323 1122/2891/3506 1082/2854/3454
f 1122/2891/3506 1171/2892/3507 1082/2854/3454
f 1098/2893/3508 1110/2857/3457 1047/2856/1037
f 1062/934/3509 1099/2894/3510 1027/935/3511
f 1124/1014/1133 939/1013/1132 1071/956/1059
f 1073/2844/3512 1125/2895/3513 1033/2811/3514
f 1090/2845/3515 1127/2896/3516 1091/2846/3502
f 1143/2897/3517 1093/2776/3330 978/962/1067
f 1132/2898/3518 1079/2827/3419 1114/2866/3466
f 1106/2867/3468 1056/2808/3387 1055/2828/3420
f 1146/2890/3505 1134/2899/3519 1096/2868/3469
f 1011/1031/1154 1080/2900/3520 1068/2901/3521
f 1110/2902/3522 1099/2894/3510 1062/934/3509
f 1100/1060/3523 1147/1062/3524 1063/2903/3525
f 1063/2903/3525 1147/1062/3524 972/2809/3393
f 1125/2895/3513 1137/2904/3526 1033/2811/3514
f 1033/2811/3514 1137/2904/3526 1034/2812/3527
f 1034/2812/3527 1137/2904/3526 1090/2845/3528
f 1089/938/1120 1064/939/1122 1148/1026/1149
f 1127/2896/3516 1139/2905/3529 1091/2846/3502
f 1128/2888/3501 1140/2906/3530 1076/960/3491
f 1076/960/3491 1140/2906/3530 1112/2907/3489
f 1133/2889/3504 1106/2867/3468 1065/2838/3467
f 1145/1020/1140 1104/978/1131 1105/940/1030
f 1056/2808/3387 1146/2890/3505 1066/2815/3407
f 1121/1030/1153 1080/2900/3520 1011/1031/1154
f 1122/2891/3506 946/2771/3323 1135/2878/3482
f 1083/1113/3531 1109/2855/3487 1059/2841/3437
f 1087/2842/3532 1175/2908/3533 1072/2843/3500
f 1088/2859/3534 1125/2895/3513 1073/2844/3512
f 1137/2904/3526 1177/2909/3535 1090/2845/3528
f 1177/2909/3536 1127/2896/3516 1090/2845/3515
f 1093/2776/3330 1143/2897/3517 1120/2882/3493
f 1132/2898/3537 1170/2910/3538 1079/2827/3450
f 1079/2827/3450 1170/2910/3538 1094/2849/3449
f 1133/2889/3504 1198/2911/3539 1106/2867/3468
f 1097/980/1096 1108/972/1083 1152/1055/1143
f 1082/2879/3484 1153/2912/3540 1057/2880/3485
f 1109/2855/3541 1166/2913/3541 1061/2834/3541
f 1157/1061/1195 1100/1060/1194 1099/2914/3542
f 1124/1014/3543 1071/956/3544 1102/974/3545
f 1175/2908/3533 1088/2859/3458 1072/2843/3500
f 1126/1003/1213 1187/1071/3546 1136/1016/3547
f 1139/2905/3529 1128/2888/3501 1091/2846/3502
f 1092/957/1123 1150/1005/1125 1149/1017/1137
f 1131/1018/1138 1143/2897/3517 978/962/1067
f 1161/2915/3548 1056/2808/3549 1106/2867/3468
f 1134/2916/3550 1135/2878/3482 1096/2884/3495
f 1171/2917/3551 1163/2918/3552 1082/2919/3484
f 1163/2920/3552 1153/2921/3540 1082/2922/3484
f 1166/2913/3553 1154/2923/3553 1061/2834/3553
f 1154/1023/1144 1156/1106/1256 1098/973/1086
f 1110/2857/3554 1173/2924/3555 1099/2914/3556
f 1087/2842/3438 972/2809/3393 1147/1062/3524
f 1126/1003/1213 1167/1072/1212 1187/1071/3546
f 1176/1081/3557 1137/2904/3557 1125/2895/3557
f 1209/2925/3558 1112/2907/3559 1140/2906/3560
f 1112/1000/3561 1160/1045/1167 1077/998/1166
f 1094/2849/3562 1170/2910/3563 1133/2889/3564
f 1153/2912/3565 1172/2926/3566 1057/2880/3567
f 1083/1113/3531 1166/2913/3568 1109/2855/3487
f 1098/2893/3569 1173/2924/3570 1110/2857/3571
f 1176/1081/3572 1125/2895/3513 1188/2927/3573
f 1177/2909/3574 1178/2928/3575 1127/2896/3576
f 1127/2896/3577 1207/2929/3577 1139/2905/3577
f 1209/1133/1298 1160/1045/1167 1112/1000/3561
f 1161/2915/3578 1146/2890/3579 1056/2808/3580
f 1098/2893/3569 1156/2930/3581 1173/2924/3570
f 1196/2931/3582 1125/2895/3513 1088/2859/3534
f 1196/2931/3582 1188/2927/3573 1125/2895/3513
f 1130/1044/1165 1169/1028/1151 1119/1046/1168
f 1021/2932/3375 1197/2933/3583 1114/2934/3584
f 1170/2910/3563 1198/2911/3585 1133/2889/3564
f 1192/2935/3586 1106/2867/3468 1198/2911/3539
f 1182/1086/3587 1193/1074/1217 1045/921/998
f 1099/2914/3556 1201/2936/3588 1157/1061/3589
f 1050/1079/1225 1203/1078/1231 1101/985/3590
f 1262/2937/3591 1132/2898/3518 1114/2866/3466
f 1262/2937/3591 1263/2938/3592 1132/2898/3518
f 1181/1047/1348 1151/1019/3593 1104/978/3594
f 1146/2890/3579 1199/2939/3595 1134/2899/3596
f 1134/2916/3550 1122/2891/3506 1135/2878/3482
f 1200/2940/3597 1162/1032/1155 1115/1033/1156
f 1216/2941/3598 1116/1114/3599 1057/2880/3600
f 1173/2924/3555 1201/2936/3588 1099/2914/3556
f 1214/1091/3601 1187/1071/1209 1204/1073/1211
f 1188/2927/3602 1215/2942/3602 1176/1081/3602
f 1215/2942/3603 1205/1082/3603 1176/1081/3603
f 1176/1081/3604 1206/1083/3605 1137/2904/3526
f 1206/1083/3605 1177/2909/3535 1137/2904/3526
f 1178/2928/3575 1207/2929/3606 1127/2896/3576
f 1189/2943/3607 1209/2925/3558 1140/2906/3560
f 1197/2933/3583 1021/2932/3375 1120/2944/3493
f 1225/2945/3608 1153/2921/3540 1163/2920/3552
f 1172/2926/3609 1216/2941/3609 1057/2880/3609
f 1087/2946/3532 1211/2947/3610 1175/2948/3533
f 1211/2947/3610 1088/2949/3458 1175/2948/3533
f 1102/974/3545 1212/1098/3611 1124/1014/3543
f 1136/1016/3612 1213/1088/3612 1247/1087/3612
f 1249/2950/3613 1140/2906/3530 1128/2888/3501
f 1249/2950/3614 1189/2943/3614 1140/2906/3614
f 1228/2951/3615 1120/2944/3493 1143/2952/3517
f 1252/2953/3616 1146/2890/3579 1161/2915/3578
f 1134/2916/3550 1199/2954/3617 1122/2891/3506
f 1199/2954/3617 1234/2955/3618 1122/2891/3506
f 1157/1061/1195 1218/2956/3619 1147/1062/1196
f 1212/1098/3611 1158/1015/3620 1124/1014/3543
f 1188/2927/3621 1237/2957/3622 1215/2942/3623
f 1249/1123/1285 1128/1050/3624 1207/1049/1286
f 1228/2951/3625 1143/2952/3517 1131/2958/1138
f 1197/2959/3626 1262/2937/3591 1114/2866/3466
f 1263/2938/3627 1170/2910/3538 1132/2898/3537
f 1285/2960/3628 1199/2939/3595 1146/2890/3579
f 1225/2961/3629 1172/2926/3566 1153/2912/3565
f 1255/1115/3630 1166/2913/3631 1083/1113/3632
f 1211/2962/3633 1232/2963/3634 1196/2931/3582
f 1233/1063/3635 1240/1122/3636 1159/1025/3637
f 1189/2943/3607 1261/2964/3638 1209/2925/3558
f 1306/2965/3639 1120/2944/3493 1228/2951/3615
f 1252/2953/3616 1285/2960/3628 1146/2890/3579
f 1222/2966/3640 1121/2967/1153 1162/2968/1155
f 1229/2969/3641 1162/2968/1155 1200/2970/3642
f 1122/2971/3506 1223/2972/3643 1171/2973/3644
f 1201/2936/3588 1230/2974/3645 1157/1061/3589
f 1244/2975/3646 1218/2956/3619 1157/1061/1195
f 1211/2962/3633 1196/2931/3582 1088/2859/3534
f 1238/2976/3647 1205/1082/3648 1215/2942/3649
f 1206/1083/3605 1241/1137/3650 1177/2909/3535
f 1210/2977/3651 1228/2951/3625 1131/2958/1138
f 1120/2944/3493 1306/2965/3639 1197/2933/3583
f 1192/2935/3586 1161/2915/3548 1106/2867/3468
f 1234/2978/3618 1223/2972/3643 1122/2971/3506
f 1225/2961/3629 1242/2979/3652 1172/2926/3566
f 1235/2980/3653 1154/2923/3654 1166/2913/3631
f 1230/2974/3645 1244/2975/3655 1157/1061/3589
f 1279/2981/3656 1087/2842/3438 1147/1062/3524
f 1246/1140/3657 1236/1186/3658 1158/1015/3620
f 1246/1140/3657 1158/1015/3620 1212/1098/3611
f 1231/2982/3659 1211/2983/3610 1087/2984/3532
f 1196/2931/3660 1237/2957/3622 1188/2927/3621
f 1241/1137/3661 1178/2928/3662 1177/2909/3663
f 1263/2938/3627 1284/2985/3664 1170/2910/3538
f 1275/1142/1347 1151/1019/3593 1181/1047/1348
f 1193/1074/1320 1295/1151/1319 1181/1047/3665
f 1252/2953/3666 1161/2915/3548 1192/2935/3586
f 1253/2986/3667 1222/2966/3640 1162/2968/1155
f 1225/2945/3608 1163/2920/3552 1242/1143/1312
f 1254/2987/3668 1116/1114/3599 1216/2941/3598
f 1256/2988/3669 1173/2924/3570 1156/2930/3581
f 1271/2989/3670 1201/2936/3588 1173/2924/3555
f 1218/2956/3671 1279/2981/3671 1147/1062/3671
f 1232/2963/3672 1237/2957/3622 1196/2931/3660
f 1238/2976/3647 1239/1109/3673 1205/1082/3648
f 1178/2928/3674 1283/2990/3675 1207/2929/3676
f 1249/2950/3677 1261/2964/3678 1189/2943/3679
f 1261/2964/3638 1324/2991/3680 1209/2925/3558
f 1223/2992/3681 1163/2918/3552 1171/2917/3551
f 1254/2987/3668 1277/1139/3682 1116/1114/3599
f 1255/1115/3630 1235/2980/3653 1166/2913/3631
f 1231/2993/3683 1087/2842/3438 1279/2981/3656
f 1214/1091/3684 1247/1087/3685 1213/1088/3686
f 1237/2957/3687 1260/2994/3688 1215/2942/3649
f 1260/2994/3688 1238/2976/3647 1215/2942/3649
f 1241/1137/3661 1336/2995/3689 1178/2928/3662
f 1306/2965/3639 1262/2996/3690 1197/2933/3583
f 1264/2997/3691 1198/2911/3692 1170/2910/3693
f 1163/2920/3552 1267/1144/1313 1242/1143/1312
f 1242/2979/3652 1268/2998/3694 1172/2926/3566
f 1256/2988/3669 1270/2999/3695 1173/2924/3570
f 1270/2999/3696 1271/2989/3670 1173/2924/3555
f 1271/2989/3670 1230/2974/3697 1201/2936/3588
f 1221/3000/3698 1210/2977/3651 1131/2958/1138
f 1191/3001/3699 1221/3000/3698 1131/2958/1138
f 1198/2911/3700 1297/3002/3701 1192/2935/3702
f 1285/3003/3703 1234/2955/3618 1199/2954/3617
f 1276/3004/3704 1222/2966/3640 1253/2986/3667
f 1223/2992/3681 1267/3005/3705 1163/2918/3552
f 1257/1118/1395 1217/1107/1262 1174/1024/1261
f 1289/3006/3706 1272/3007/3707 1238/3008/3708
f 1289/3009/3706 1238/3010/3708 1260/3011/3709
f 1272/3007/3710 1302/3012/3710 1238/3008/3710
f 1324/3013/3711 1273/1110/1267 1209/1133/1298
f 1284/2985/3664 1264/2997/3712 1170/2910/3538
f 1290/3014/3713 1297/3002/3701 1198/2911/3700
f 1229/2969/3641 1253/2986/3667 1162/2968/1155
f 1152/1055/3714 1224/1097/1322 1266/1153/1324
f 1268/2998/3715 1216/2941/3716 1172/2926/3717
f 1244/2975/3646 1279/2981/3718 1218/2956/3619
f 1236/1186/1363 1245/1080/1226 1158/1015/1134
f 1231/2982/3659 1280/3015/3719 1211/2983/3610
f 1302/3012/3720 1239/3016/3673 1238/3008/3647
f 1304/3017/3721 1261/2964/3678 1249/2950/3677
f 1317/3018/3722 1267/3005/3705 1223/2992/3681
f 1232/2963/3723 1333/3019/3724 1237/2957/3725
f 1259/1108/3726 1281/1141/3726 1291/1147/3726
f 1289/3006/3727 1293/3020/3727 1272/3007/3727
f 1294/1181/3728 1292/1146/3728 1281/1141/3728
f 1226/1093/1383 1294/1181/1380 1281/1141/3729
f 1293/3020/3730 1302/3012/3730 1272/3007/3730
f 1336/2995/3731 1283/2990/3675 1178/2928/3674
f 1297/3002/3701 1252/2953/3732 1192/2935/3702
f 1237/2957/3687 1296/3021/3733 1260/2994/3688
f 1296/3021/3733 1300/1149/3734 1260/2994/3688
f 1230/2974/3645 1299/3022/3735 1244/2975/3655
f 1280/3023/3736 1232/2963/3634 1211/2962/3633
f 1310/1154/3737 1247/1087/3685 1214/1091/3684
f 1300/1149/3738 1289/1148/3738 1260/2994/3738
f 1239/1109/3739 1322/3024/3740 1241/1137/3741
f 1233/1063/3635 1303/1163/1399 1240/1122/3636
f 1327/3025/3742 1306/2965/3743 1228/2951/3744
f 1317/3018/3722 1308/3026/3745 1267/3005/3705
f 1308/3027/3746 1318/1145/1314 1267/1144/1313
f 1319/3028/3747 1279/2981/3748 1244/2975/3749
f 1321/3029/3750 1296/3021/3733 1237/2957/3687
f 1300/1149/1317 1312/3030/3751 1293/1150/1318
f 1302/3031/3720 1354/3032/3752 1239/1109/3673
f 1324/3013/3711 1347/1234/1444 1273/1110/1267
f 1328/3033/3753 1210/2977/3754 1221/3000/3755
f 1329/3034/3756 1263/2938/3592 1262/2937/3591
f 1329/3034/3757 1284/2985/3664 1263/2938/3627
f 1264/2997/3691 1290/3014/3758 1198/2911/3692
f 1229/2969/3759 1337/3035/3760 1253/2986/3761
f 1316/3036/3762 1317/3037/3763 1223/2972/3764
f 1340/3038/3765 1299/3022/3735 1230/2974/3645
f 1299/3022/3766 1319/3028/3747 1244/2975/3749
f 1245/1080/3767 1341/1185/3768 1258/1132/3769
f 1246/1140/3657 1320/1157/3770 1236/1186/3658
f 1333/3019/3724 1321/3029/3771 1237/2957/3725
f 1354/3032/3772 1322/3024/3740 1239/1109/3739
f 1323/1170/1400 1303/1163/1399 1233/1063/3635
f 1363/3039/3773 1329/3034/3756 1262/2937/3591
f 1329/3034/3757 1264/2997/3712 1284/2985/3664
f 1252/2953/3616 1314/3040/3774 1285/2960/3628
f 1253/2986/3761 1307/3041/3775 1276/3004/3776
f 1315/3042/3777 1337/3035/3760 1229/2969/3759
f 1317/3018/3722 1366/3043/3778 1308/3026/3745
f 1350/3044/3779 1235/2980/3653 1255/1115/3630
f 1342/3045/3780 1280/3015/3719 1231/2982/3659
f 1310/1154/3737 1334/1158/3781 1247/1087/3685
f 1360/3046/3782 1321/3029/3771 1333/3019/3724
f 1345/3047/3783 1302/3031/3783 1312/3030/3783
f 1322/3024/3784 1336/2995/3689 1241/1137/3661
f 1362/3048/3785 1228/2951/3786 1210/2977/3754
f 1234/2978/3787 1316/3036/3762 1223/2972/3764
f 1270/2999/3695 1256/2988/3669 1331/3049/3788
f 1351/3050/3789 1271/2989/3670 1270/2999/3696
f 1340/3038/3790 1230/2974/3697 1271/2989/3670
f 1258/1132/3769 1341/1185/3768 1373/1177/1416
f 1342/3051/3791 1231/2993/3683 1279/2981/3656
f 1352/1210/3792 1236/1186/3658 1320/1157/3770
f 1280/3023/3736 1343/3052/3793 1232/2963/3634
f 1343/3052/3794 1333/3019/3794 1232/2963/3794
f 1300/1149/3795 1335/3053/3796 1312/3030/3797
f 1335/3053/3796 1344/3054/3798 1312/3030/3797
f 1353/1182/3799 1301/1155/3799 1292/1146/3799
f 1344/3054/3800 1345/3047/3800 1312/3030/3800
f 1347/3055/3801 1324/2991/3680 1261/2964/3638
f 1328/3033/3753 1362/3048/3785 1210/2977/3754
f 1252/2953/3616 1357/3056/3802 1314/3040/3774
f 1314/3057/3803 1234/2978/3787 1285/3058/3804
f 1253/2986/3761 1371/3059/3805 1307/3041/3775
f 1316/3036/3762 1366/3060/3806 1317/3037/3763
f 1268/2998/3715 1359/3061/3807 1216/2941/3716
f 1331/3049/3788 1351/3050/3808 1270/2999/3695
f 1351/3050/3789 1340/3038/3790 1271/2989/3670
f 1345/3047/3809 1354/3032/3752 1302/3031/3720
f 1356/3062/3810 1228/2951/3786 1362/3048/3785
f 1337/3035/3760 1371/3059/3805 1253/2986/3761
f 1359/3061/3811 1254/2987/3668 1216/2941/3598
f 1343/3052/3812 1360/3046/3812 1333/3019/3812
f 1370/3063/3813 1327/3025/3742 1228/2951/3744
f 1318/3064/3814 1268/2998/3694 1242/2979/3652
f 1254/2987/3668 1368/1204/3815 1277/1139/3682
f 1350/3044/3779 1339/3065/3816 1235/2980/3653
f 1257/1118/1395 1369/1198/1394 1217/1107/1262
f 1296/3066/3817 1345/3067/3818 1335/3068/3819
f 1335/3068/3819 1345/3067/3818 1344/3069/3820
f 1356/3062/3810 1370/3063/3813 1228/2951/3786
f 1182/1086/1425 1378/1224/1424 1295/1151/3821
f 1365/3070/3822 1252/2953/3823 1297/3002/3824
f 1379/3071/3825 1357/3056/3802 1252/2953/3616
f 1308/3027/3746 1367/3072/3826 1318/1145/1314
f 1367/3073/3827 1268/2998/3694 1318/3064/3814
f 1359/3061/3811 1368/1204/3815 1254/2987/3668
f 1372/1196/3828 1350/3044/3829 1255/1115/3830
f 1321/3029/3750 1375/3074/3831 1296/3021/3733
f 1273/1110/1267 1390/1243/1459 1325/1165/1336
f 1290/3014/3832 1377/3075/3833 1297/3002/3824
f 1357/3076/3834 1316/3036/3762 1314/3057/3803
f 1316/3036/3762 1234/2978/3787 1314/3057/3803
f 1380/3077/3835 1299/3022/3735 1340/3038/3765
f 1280/3023/3736 1403/3078/3836 1343/3052/3793
f 1310/1154/3837 1387/1212/3838 1334/1158/3839
f 1375/3074/3831 1345/3047/3809 1296/3021/3733
f 1361/1191/3840 1303/1163/3840 1382/1213/3840
f 1404/3079/3841 1322/3024/3841 1354/3032/3841
f 1383/3080/3842 1336/2995/3689 1322/3024/3784
f 1306/2965/3743 1391/3081/3843 1262/2996/3844
f 1391/3081/3845 1363/3082/3845 1262/2996/3845
f 1295/1151/1349 1364/1223/3846 1275/1142/1347
f 1365/3070/3822 1379/3071/3847 1252/2953/3823
f 1337/3035/3760 1410/3083/3848 1371/3059/3805
f 1380/3077/3849 1319/3028/3747 1299/3022/3766
f 1319/3028/3850 1468/3084/3851 1279/2981/3852
f 1360/3046/3853 1388/3085/3853 1321/3029/3853
f 1389/1200/3854 1387/1212/3838 1310/1154/3837
f 1321/3029/3855 1388/3085/3855 1375/3074/3855
f 1345/3047/3809 1375/3074/3831 1354/3032/3752
f 1283/1124/1287 1423/3086/3856 1304/1171/1344
f 1327/3025/3742 1391/3081/3843 1306/2965/3743
f 1392/3087/3857 1362/3048/3785 1328/3033/3753
f 1384/1194/1375 1428/1193/1374 1265/1128/1292
f 1341/1185/3768 1381/1205/1417 1373/1177/1416
f 1342/3045/3780 1429/3088/3858 1280/3015/3719
f 1343/3052/3859 1388/3085/3859 1360/3046/3859
f 1361/1191/3860 1382/1213/3861 1395/1195/3862
f 1395/1195/3862 1382/1213/3861 1420/1229/3863
f 1397/3089/3864 1347/3055/3801 1261/2964/3638
f 1251/1111/1268 1392/3090/3865 1328/1183/1360
f 1408/1248/3866 1364/1223/3846 1295/1151/1349
f 1377/3075/3833 1365/3070/3822 1297/3002/3824
f 1399/3091/3867 1308/3026/3745 1366/3043/3778
f 1367/3073/3827 1411/3092/3868 1268/2998/3694
f 1401/3093/3869 1319/3028/3747 1380/3077/3849
f 1468/3084/3870 1342/3051/3791 1279/2981/3656
f 1402/3094/3871 1429/3088/3858 1342/3045/3780
f 1395/1195/1436 1387/1212/1435 1389/1200/3872
f 1404/3079/3873 1354/3032/3874 1375/3074/3875
f 1404/3079/3876 1383/3080/3876 1322/3024/3876
f 1313/1156/3877 1396/1221/1421 1323/1170/1420
f 1336/2995/3878 1405/3095/3879 1283/2990/3880
f 1313/1156/3877 1422/1240/3881 1396/1221/1421
f 1346/1172/3882 1406/1222/3882 1376/1197/3882
f 1304/3017/3883 1397/3089/3864 1261/2964/3638
f 1424/3096/3884 1347/3055/3801 1397/3089/3864
f 1329/3034/3757 1444/3097/3885 1264/2997/3712
f 1444/3097/3885 1407/3098/3886 1264/2997/3712
f 1409/3099/3887 1290/3014/3758 1264/2997/3691
f 1295/1151/3821 1378/1224/1424 1398/1260/3888
f 1308/3027/3889 1411/3100/3889 1367/3072/3889
f 1414/3101/3890 1351/3050/3891 1331/3049/3892
f 1373/1177/1396 1436/1238/3893 1369/1198/1394
f 1351/3050/3789 1380/3077/3894 1340/3038/3790
f 1373/1177/1416 1417/1220/1418 1416/3102/3895
f 1429/3088/3858 1403/3103/3896 1280/3015/3719
f 1403/3078/3836 1418/3104/3897 1343/3052/3793
f 1343/3052/3793 1418/3104/3897 1388/3085/3898
f 1418/3104/3897 1437/3105/3899 1388/3085/3898
f 1388/3085/3900 1419/3106/3901 1375/3074/3875
f 1404/3079/3873 1375/3074/3875 1419/3106/3901
f 1370/3063/3813 1426/3107/3902 1327/3025/3742
f 1392/3087/3903 1427/3108/3904 1362/3048/3785
f 1363/3039/3773 1391/3109/3905 1329/3034/3756
f 1407/3098/3906 1409/3099/3906 1264/2997/3906
f 1446/3110/3907 1377/3075/3833 1290/3014/3832
f 1434/3111/3908 1316/3036/3909 1357/3076/3910
f 1337/3035/3760 1450/3112/3911 1410/3083/3848
f 1316/3036/3909 1399/3113/3912 1366/3060/3913
f 1359/3061/3914 1412/1233/3915 1368/1204/3916
f 1441/3114/3917 1351/3050/3891 1414/3101/3890
f 1416/3102/3918 1436/1238/3893 1373/1177/1396
f 1320/1157/3770 1394/1217/3919 1352/1210/3792
f 1404/3079/3920 1437/3105/3899 1383/3080/3921
f 1383/3080/3922 1405/3095/3879 1336/2995/3878
f 1313/3115/3923 1430/3116/3923 1422/3117/3923
f 1423/3118/3924 1283/3119/3924 1405/3120/3924
f 1355/1201/1390 1438/1255/3925 1406/1222/1422
f 1180/1042/1163 1425/1230/1439 1355/1192/1372
f 1327/3025/3926 1432/3121/3927 1391/3081/3928
f 1295/1151/3821 1398/1260/3888 1408/1248/3929
f 1315/3042/3930 1435/3122/3931 1337/3035/3760
f 1399/3123/3867 1411/3100/3932 1308/3027/3745
f 1412/1233/3915 1350/3044/3829 1372/1196/3828
f 1401/3093/3933 1468/3084/3851 1319/3028/3850
f 1342/3051/3791 1570/3124/3934 1402/3125/3935
f 1388/3085/3898 1437/3105/3899 1419/3106/3936
f 1347/1234/1444 1424/1268/3937 1439/1235/1445
f 1362/3048/3785 1370/3063/3813 1356/3062/3810
f 1409/3099/3938 1446/3110/3907 1290/3014/3832
f 1411/3092/3939 1477/3126/3940 1268/2998/3941
f 1477/3126/3940 1359/3061/3914 1268/2998/3941
f 1441/3114/3942 1380/3077/3894 1351/3050/3789
f 1442/3127/3943 1342/3051/3791 1468/3084/3870
f 1394/1217/3919 1443/3128/3944 1352/1210/3792
f 1419/3106/3936 1437/3105/3899 1404/3079/3920
f 1423/3129/3945 1397/3089/3946 1304/3017/3947
f 1391/3109/3905 1444/3097/3948 1329/3034/3756
f 1444/3097/3949 1485/3130/3950 1407/3098/3951
f 1377/3075/3833 1447/3131/3952 1365/3070/3953
f 1379/3071/3954 1434/3132/3955 1357/3056/3956
f 1384/1194/3957 1410/1225/3958 1458/1265/1500
f 1435/3122/3931 1450/3112/3911 1337/3035/3760
f 1477/3126/3940 1412/1233/3915 1359/3061/3914
f 1380/3077/3849 1468/3084/3959 1401/3093/3869
f 1454/3133/3960 1383/3080/3961 1437/3105/3899
f 1454/3133/3962 1405/3095/3963 1383/3080/3964
f 1472/3134/3965 1397/3089/3946 1423/3129/3945
f 1439/1235/1445 1390/1243/1459 1273/1110/1267
f 1457/3135/3966 1391/3081/3928 1432/3121/3927
f 1457/3136/3967 1444/3097/3948 1391/3109/3905
f 1433/1232/3968 1392/3090/3865 1251/1111/1268
f 1428/1193/3969 1384/1194/3957 1486/1264/1499
f 1449/3137/3970 1458/3138/3970 1410/3083/3970
f 1434/3111/3908 1459/3139/3971 1316/3036/3909
f 1412/1233/3915 1465/3140/3972 1350/3044/3829
f 1466/3141/3973 1339/3065/3974 1350/3044/3975
f 1442/3127/3943 1570/3124/3934 1342/3051/3791
f 1352/1210/1403 1492/1267/1502 1374/1199/1388
f 1471/3142/3976 1472/3134/3965 1423/3129/3945
f 1327/3025/3926 1426/3107/3977 1432/3121/3927
f 1485/3130/3950 1409/3099/3978 1407/3098/3951
f 1378/1224/1424 1462/1251/1474 1398/1260/3888
f 1384/1194/3957 1458/1265/1500 1486/1264/1499
f 1450/3112/3911 1449/3137/3979 1410/3083/3848
f 1465/3140/3980 1466/3141/3973 1350/3044/3975
f 1466/1275/1511 1414/1249/1471 1339/1168/1340
f 1418/3104/3897 1470/3143/3981 1437/3105/3899
f 1437/3105/3899 1470/3143/3981 1454/3133/3960
f 1454/3133/3962 1471/3142/3976 1405/3095/3963
f 1471/3142/3976 1423/3129/3945 1405/3095/3963
f 1472/3144/3965 1424/1268/3982 1397/3145/3946
f 1476/3146/3983 1427/3108/3904 1392/3087/3903
f 1433/1232/3968 1476/3147/3984 1392/3090/3865
f 1446/3110/3907 1447/3131/3952 1377/3075/3833
f 1365/3070/3953 1447/3131/3952 1379/3071/3954
f 1448/3148/3985 1459/3139/3971 1434/3111/3908
f 1411/3100/3932 1490/1329/3986 1477/3149/3987
f 1393/1215/3988 1464/1254/3988 1330/1176/3988
f 1517/3150/3989 1468/3084/3989 1380/3077/3989
f 1402/3094/3871 1469/3151/3990 1429/3088/3858
f 1429/3088/3858 1469/3151/3990 1403/3103/3896
f 1497/1339/3991 1394/1217/3992 1453/1239/3993
f 1481/1281/1518 1390/1243/1506 1439/1235/1503
f 1487/3152/3994 1526/3153/3995 1379/3071/3954
f 1379/3071/3954 1526/3153/3995 1434/3132/3955
f 1434/3111/3996 1489/3154/3996 1448/3148/3996
f 1316/3036/3909 1459/3139/3971 1399/3113/3912
f 1490/1329/3986 1411/3100/3932 1399/3123/3867
f 1503/3155/3997 1441/3114/3998 1414/3101/3999
f 1436/1238/4000 1467/1276/1513 1415/1228/1512
f 1503/3155/3997 1460/3156/4001 1441/3114/3998
f 1460/3157/4002 1517/3158/4003 1441/3159/4004
f 1436/1238/4000 1506/1278/1515 1467/1276/1513
f 1517/3150/4003 1380/3077/4005 1441/3114/4004
f 1416/3160/4006 1417/3161/4007 1491/1293/4008
f 1496/1284/1521 1468/3162/4009 1517/1285/1522
f 1443/3128/4010 1492/1267/1502 1352/1210/1403
f 1472/3144/3965 1480/1269/4011 1424/1268/3982
f 1484/3163/4012 1370/3063/3813 1362/3048/3785
f 1427/3108/3904 1484/3163/4012 1362/3048/3785
f 1426/3107/3977 1493/3164/4013 1432/3121/3927
f 1485/3130/3950 1446/3110/4014 1409/3099/3978
f 1526/3153/3995 1489/3165/4015 1434/3132/3955
f 1459/3139/3971 1494/3166/4016 1399/3113/3912
f 1412/1233/3915 1477/3126/3940 1551/3167/4017
f 1416/3168/4018 1491/3169/4019 1436/3170/4020
f 1417/3161/4007 1478/1294/4021 1491/1293/4008
f 1496/3171/4022 1442/3172/4023 1468/3173/4024
f 1394/1217/3992 1497/1339/3991 1443/3128/4025
f 1469/3174/4026 1418/3104/4027 1403/3078/4028
f 1509/3175/4029 1454/3133/4030 1470/3143/4031
f 1509/3175/4029 1471/3142/4032 1454/3133/4030
f 1445/1244/4033 1515/3176/4034 1433/1232/3968
f 1446/3110/3907 1498/3177/4035 1447/3131/3952
f 1486/1264/4036 1537/1305/1550 1428/1193/1473
f 1566/3178/4037 1379/3071/3954 1447/3131/3952
f 1600/3179/4038 1487/3152/3994 1379/3071/3954
f 1489/3154/4039 1500/3180/4040 1448/3148/4041
f 1449/3137/4042 1499/3181/4042 1458/3138/4042
f 1450/3112/3911 1501/3182/4043 1449/3137/4044
f 1435/3122/3931 1501/3182/4043 1450/3112/3911
f 1385/3183/4045 1478/1319/1576 1417/3184/4046
f 1461/1250/4047 1522/1324/1581 1479/1262/4048
f 1532/3185/4049 1471/3142/4032 1509/3175/4029
f 1532/3185/4049 1510/3186/4050 1471/3142/4032
f 1510/3186/4050 1472/3134/4051 1471/3142/4032
f 1456/1247/1523 1512/1279/4052 1511/1286/1524
f 1480/1269/1505 1481/1281/1518 1439/1235/1503
f 1476/3146/3983 1514/3187/4053 1427/3108/3904
f 1433/1232/3968 1515/3176/4034 1476/3147/3984
f 1457/3136/3967 1485/3130/4054 1444/3097/3948
f 1566/3178/4037 1600/3179/4038 1379/3071/3954
f 1526/3153/4055 1500/3188/4056 1489/3165/4057
f 1501/3182/4043 1499/3181/4058 1449/3137/4044
f 1550/3189/4059 1494/3166/4016 1459/3139/3971
f 1413/1227/1442 1516/3190/4060 1451/1245/1463
f 1452/1253/1478 1516/3190/4060 1413/1227/1442
f 1452/1253/1478 1464/1254/1480 1495/3191/1608
f 1506/3192/4061 1527/1291/1531 1505/1290/1530
f 1507/3193/4062 1460/3194/4063 1503/1334/4064
f 1491/3169/4019 1506/3195/4065 1436/3170/4020
f 1469/3174/4066 1402/3125/3935 1570/3124/3934
f 1529/1322/1579 1492/1267/1502 1443/3128/4010
f 1453/1239/4067 1520/1340/4068 1497/1339/4069
f 1479/1262/4048 1520/1340/4068 1453/1239/4067
f 1571/3196/4070 1521/3197/4071 1470/3143/4031
f 1479/1262/4048 1522/1324/1581 1530/1341/4072
f 1521/3197/4071 1509/3175/4029 1470/3143/4031
f 1455/1241/1537 1546/1296/1536 1461/1250/4047
f 1456/1247/1523 1523/1287/1525 1533/1298/1539
f 1524/3198/4073 1472/3134/4051 1510/3186/4050
f 1524/3199/4073 1480/3200/4074 1472/3201/4051
f 1513/3202/4075 1484/3163/4012 1427/3108/3904
f 1485/3130/3950 1525/3203/4076 1446/3110/4014
f 1428/1193/1473 1565/1306/1551 1462/1251/1474
f 1500/3180/4040 1459/3139/4077 1448/3148/4041
f 1502/3204/4078 1501/3182/4043 1435/3122/3931
f 1494/3205/4079 1490/3206/4080 1399/3207/4081
f 1490/1329/1587 1551/1328/1586 1477/3149/4082
f 1495/3191/1608 1516/3190/4060 1452/1253/1478
f 1464/1254/4083 1393/1215/4084 1576/3208/4085
f 1605/3209/4086 1466/3141/4087 1465/3140/4088
f 1555/3210/4089 1507/3193/4062 1503/1334/4064
f 1528/3211/4090 1460/3157/4091 1507/3212/4092
f 1528/3211/4090 1517/3158/4093 1460/3157/4091
f 1497/1339/1595 1529/1322/1597 1443/3128/4094
f 1508/3213/4095 1418/3104/4027 1469/3174/4026
f 1418/3104/4027 1508/3213/4095 1470/3143/4031
f 1479/1262/4048 1530/1341/4072 1520/1340/4068
f 1461/1250/4047 1546/1296/1536 1522/1324/1581
f 1455/1241/1537 1533/1298/1539 1531/1297/1538
f 1514/3187/4053 1513/3202/4096 1427/3108/3904
f 1515/3214/4097 1514/3187/4053 1476/3146/3983
f 1445/1244/4033 1535/3215/4098 1515/3176/4034
f 1549/3216/4099 1566/3178/4037 1447/3131/3952
f 1552/3217/4100 1465/3140/3972 1412/1233/3915
f 1605/3209/4086 1504/3218/4101 1466/3141/4087
f 1393/1215/4084 1539/3219/4102 1576/3208/4085
f 1567/1333/4103 1555/3210/4089 1503/1334/4064
f 1578/1292/1532 1527/1291/1531 1540/1316/4104
f 1555/3220/4105 1528/3211/4090 1507/3212/4092
f 1541/3221/4106 1506/3195/4107 1491/3169/4108
f 1542/1313/1563 1519/1283/1520 1556/3222/4109
f 1519/1283/1520 1517/1285/1522 1556/3222/4109
f 1542/1313/1563 1544/1312/1562 1519/1283/1520
f 1558/1311/1561 1519/1283/1520 1544/1312/1562
f 1519/3223/4110 1545/3224/4111 1496/3171/4022
f 1496/3171/4022 1545/3224/4111 1442/3172/4023
f 1571/3196/4070 1470/3143/4031 1508/3213/4095
f 1524/3198/4112 1547/3225/4113 1480/3226/4114
f 1457/3136/3967 1548/3227/4115 1485/3130/4054
f 1536/1282/4116 1535/3215/4098 1445/1244/4033
f 1485/3130/4054 1548/3227/4115 1525/3203/4117
f 1446/3110/4014 1525/3203/4076 1498/3177/4118
f 1498/3177/4035 1549/3216/4099 1447/3131/3952
f 1551/3167/4017 1552/3217/4100 1412/1233/3915
f 1605/1369/4119 1465/3228/3972 1552/3229/4100
f 1505/1290/1530 1578/1292/1532 1553/3230/4120
f 1506/3195/4121 1540/3231/4121 1527/3232/4121
f 1528/3211/4090 1556/3233/4122 1517/3158/4093
f 1491/1293/1533 1518/1295/1535 1568/1336/4123
f 1518/1295/1535 1543/3234/4124 1568/1336/4123
f 1385/3183/4045 1569/1320/1577 1478/1319/1576
f 1561/3235/4125 1508/3213/4125 1469/3174/4125
f 1547/3236/4126 1481/1281/1567 1480/1269/4127
f 1484/3163/4012 1426/3107/3902 1370/3063/3813
f 1484/3163/4012 1493/3164/4128 1426/3107/3902
f 1500/3180/4129 1550/3189/4059 1459/3139/3971
f 1602/3237/4130 1499/3181/4058 1501/3182/4043
f 1464/3238/1480 1576/1351/1610 1495/1349/1608
f 1554/1317/1572 1555/3210/4131 1606/3239/4132
f 1579/3240/4133 1555/3220/4105 1554/3241/4134
f 1506/3195/4107 1541/3221/4106 1540/3231/4135
f 1491/1293/1533 1568/1336/4123 1541/3242/4136
f 1543/3234/4137 1559/1337/1593 1568/1336/1592
f 1518/1295/1535 1478/1294/1534 1543/3234/4124
f 1545/3224/4111 1570/3243/4138 1442/3172/4023
f 1570/3124/3934 1580/3244/4139 1469/3174/4066
f 1510/3186/4140 1572/3245/4141 1524/3198/4112
f 1524/3198/4112 1572/3245/4141 1547/3225/4113
f 1432/3246/4142 1548/3247/4143 1457/3248/4144
f 1515/3249/4145 1535/3250/4146 1514/3251/4147
f 1590/1365/4148 1504/3252/4149 1605/1369/4150
f 1505/1272/1508 1553/1331/1589 1539/1302/1545
f 1593/3253/4151 1555/3210/4131 1594/1335/4152
f 1555/3210/4089 1567/1333/4103 1594/1335/4153
f 1555/3210/4131 1593/3253/4151 1606/3239/4132
f 1554/1317/1572 1606/3239/4132 1578/1292/1532
f 1540/3231/4135 1579/3240/4133 1554/3241/4134
f 1579/3240/4133 1528/3211/4090 1555/3220/4105
f 1557/1318/4154 1559/1337/4154 1558/1311/4154
f 1558/3254/4155 1545/3224/4111 1519/3223/4110
f 1597/3255/4156 1509/3175/4157 1521/3197/4158
f 1535/3250/4146 1584/3256/4159 1514/3251/4147
f 1573/1304/4160 1535/3215/4098 1536/1282/4116
f 1548/3227/4115 1616/3257/4161 1525/3203/4117
f 1525/3203/4076 1585/3258/4162 1498/3177/4118
f 1498/3177/4118 1585/3258/4162 1549/3216/4163
f 1486/1264/4036 1586/1358/4164 1537/1305/1550
f 1574/1307/4165 1586/1358/4164 1486/1264/4036
f 1601/3259/4166 1550/3189/4059 1500/3180/4129
f 1463/1271/1527 1604/1327/1585 1502/1288/1528
f 1494/3205/4079 1619/3260/4167 1490/3206/4080
f 1631/3261/4168 1552/3229/4100 1551/3262/4017
f 1539/3263/4169 1589/1371/4170 1576/1351/4171
f 1553/3230/4120 1578/1292/1532 1592/3264/4172
f 1578/1292/1532 1606/3239/4132 1592/3264/4172
f 1542/3265/4173 1528/3211/4090 1579/3240/4133
f 1542/3265/4173 1556/3233/4122 1528/3211/4090
f 1596/3266/4174 1559/3267/4175 1543/1321/4176
f 1385/3183/4045 1492/3268/4177 1569/1320/1577
f 1580/3244/4178 1561/3235/4178 1469/3174/4178
f 1508/3213/4179 1597/3255/4156 1571/3196/4180
f 1597/3255/4156 1581/3269/4181 1509/3175/4157
f 1509/3175/4157 1598/3270/4182 1532/3185/4183
f 1532/3185/4183 1598/3270/4182 1510/3186/4140
f 1598/3270/4182 1572/3245/4141 1510/3186/4140
f 1612/3271/4184 1432/3246/4142 1493/3272/4185
f 1432/3246/4142 1612/3271/4184 1548/3247/4143
f 1585/3258/4162 1566/3178/4186 1549/3216/4163
f 1585/3258/4162 1617/3273/4187 1566/3178/4186
f 1604/3274/4188 1501/3182/4043 1502/3204/4078
f 1619/3275/4189 1494/3166/4016 1550/3189/4059
f 1576/1351/4190 1589/1371/1633 1588/1350/4191
f 1633/1364/4192 1504/3252/4149 1590/1365/4148
f 1539/3263/4169 1591/3276/4193 1589/1371/4170
f 1607/3277/4194 1579/3240/4133 1540/3231/4135
f 1541/3221/4106 1607/3277/4194 1540/3231/4135
f 1568/1336/4123 1607/3278/4195 1541/3242/4136
f 1568/1336/4123 1595/1338/4196 1607/3278/4195
f 1595/1338/4196 1542/1313/4197 1607/3278/4195
f 1569/1320/4198 1596/3266/4174 1543/1321/4176
f 1560/3279/4199 1608/3280/4200 1492/3268/4201
f 1613/3281/4202 1580/3282/4203 1570/3243/4204
f 1561/3235/4205 1597/3255/4156 1508/3213/4179
f 1571/3196/4180 1597/3255/4156 1521/3197/4158
f 1581/3269/4181 1598/3270/4182 1509/3175/4157
f 1481/1281/1567 1656/3283/4206 1564/1310/1560
f 1612/3271/4184 1493/3272/4185 1484/3284/4207
f 1584/3256/4159 1513/3285/4208 1514/3251/4147
f 1487/3152/4209 1500/3188/4056 1526/3153/4055
f 1628/1347/1660 1575/1308/1553 1499/1300/1542
f 1642/1370/4210 1605/1369/4119 1552/3229/4100
f 1633/1364/4192 1577/3286/4211 1504/3252/4149
f 1622/3287/4212 1577/3286/4211 1633/1364/4192
f 1607/3277/4194 1542/3265/4173 1579/3240/4133
f 1596/3266/4174 1558/3254/4213 1559/3267/4175
f 1596/3266/4174 1545/3224/4214 1558/3254/4213
f 1608/3280/4200 1569/1320/4215 1492/3268/4201
f 1614/1356/4216 1560/1323/1580 1529/1322/1579
f 1615/3288/4217 1481/1281/1567 1547/3236/4126
f 1573/1304/4160 1626/3289/4218 1535/3215/4098
f 1617/3273/4187 1600/3179/4219 1566/3178/4186
f 1487/3152/4209 1649/3290/4220 1500/3188/4056
f 1601/3291/4221 1603/3292/4222 1550/3293/4059
f 1603/3294/4222 1619/3275/4189 1550/3189/4059
f 1516/1348/1607 1588/1350/1609 1620/1400/4223
f 1590/1365/1627 1605/1369/4224 1643/1366/1628
f 1591/3276/4193 1621/1372/4225 1589/1371/4170
f 1545/3224/4226 1613/3281/4202 1570/3243/4204
f 1597/3255/4156 1624/3295/4227 1581/3269/4181
f 1513/3285/4208 1625/3296/4228 1484/3284/4207
f 1584/3256/4159 1625/3296/4228 1513/3285/4208
f 1548/3247/4143 1612/3271/4184 1616/3297/4229
f 1616/3257/4161 1585/3258/4230 1525/3203/4117
f 1629/3298/4231 1601/3291/4231 1500/3188/4231
f 1619/3260/4167 1587/3299/4232 1490/3206/4080
f 1658/3300/4233 1552/3229/4100 1631/3261/4168
f 1642/1370/4210 1552/3229/4100 1658/3300/4233
f 1588/1350/4191 1589/1371/1633 1632/1373/1635
f 1645/3301/4234 1622/3287/4235 1633/1364/4236
f 1569/1320/4198 1623/3302/4237 1596/3266/4174
f 1623/3302/4237 1646/3303/4238 1596/3266/4174
f 1596/3266/4174 1646/3303/4238 1545/3224/4214
f 1582/1343/4239 1634/1390/4239 1609/1342/4239
f 1572/3245/4240 1637/3304/4241 1547/3225/4126
f 1625/3296/4228 1612/3271/4184 1484/3284/4207
f 1626/3305/4242 1584/3256/4159 1535/3250/4146
f 1639/3306/4243 1640/3307/4243 1616/3297/4243
f 1616/3257/4161 1640/3308/4244 1585/3258/4230
f 1617/3273/4187 1627/3309/4245 1600/3179/4219
f 1600/3179/4219 1649/3290/4220 1487/3152/4209
f 1604/3274/4188 1602/3237/4130 1501/3182/4043
f 1633/1364/4246 1643/1366/4246 1644/1378/4246
f 1645/3301/4234 1644/1378/4247 1621/1372/4225
f 1645/3301/4234 1633/1364/4236 1644/1378/4247
f 1591/3276/4193 1645/3301/4234 1621/1372/4225
f 1545/3224/4214 1646/3303/4238 1613/3281/4248
f 1609/1342/4249 1653/3310/1656 1614/1356/1655
f 1609/1342/4249 1634/1390/4250 1653/3310/1656
f 1597/3255/4251 1647/3311/4251 1624/3295/4251
f 1598/3270/4252 1637/3304/4241 1572/3245/4240
f 1637/3304/4241 1615/3312/4217 1547/3225/4126
f 1615/3288/4217 1656/3283/4206 1481/1281/1567
f 1612/3271/4184 1665/3313/4253 1616/3297/4229
f 1573/1304/4160 1686/3314/4254 1626/3289/4218
f 1627/3309/4245 1649/3290/4220 1600/3179/4219
f 1649/3290/4220 1629/3298/4255 1500/3188/4056
f 1602/1346/4256 1650/3315/4257 1668/1395/1715
f 1604/3274/4188 1650/3316/4258 1602/3237/4130
f 1630/3317/4259 1604/1327/1585 1538/1326/1584
f 1688/3318/4260 1642/1370/4210 1658/3300/4233
f 1651/3319/4261 1623/3302/4237 1569/1320/4198
f 1614/3320/4262 1660/3321/4263 1560/3279/4199
f 1561/3322/4264 1654/3323/4265 1597/3324/4266
f 1647/3311/4267 1597/3255/4266 1654/3325/4265
f 1581/3269/4181 1655/3326/4268 1598/3270/4269
f 1684/1382/1648 1583/1381/1647 1564/3327/4270
f 1573/1304/4160 1672/1394/1665 1686/3314/4254
f 1599/1345/1663 1672/1394/1665 1573/1304/4160
f 1629/3298/4271 1603/3292/4271 1601/3291/4271
f 1620/1400/1672 1588/1350/4272 1657/1397/1668
f 1588/1350/4272 1675/1384/1669 1657/1397/1668
f 1669/1377/4273 1642/1370/4210 1688/3318/4260
f 1623/3302/4274 1659/3328/4275 1646/3303/4238
f 1608/3280/4200 1660/3321/4263 1569/1320/4215
f 1661/3329/4276 1613/3281/4248 1646/3303/4238
f 1613/3281/4248 1661/3329/4276 1580/3282/4277
f 1560/3279/4199 1660/3321/4263 1608/3280/4200
f 1614/3320/4262 1652/3330/4278 1660/3321/4263
f 1654/3323/4279 1561/3322/4279 1580/3331/4279
f 1662/1407/1679 1652/1406/4280 1653/3310/4281
f 1581/3269/4181 1663/3332/4282 1655/3326/4268
f 1655/3326/4283 1637/3304/4241 1598/3270/4252
f 1611/1380/1646 1684/1382/1648 1670/3333/4284
f 1564/3327/4270 1671/3334/4285 1684/1382/1648
f 1671/3334/4285 1564/3327/4270 1656/3335/4286
f 1665/3313/4253 1639/3306/4287 1616/3297/4229
f 1640/3308/4244 1667/3336/4288 1585/3258/4230
f 1667/3336/4288 1617/3273/4289 1585/3258/4230
f 1618/1357/4290 1666/1393/1664 1599/1345/1663
f 1668/1395/4291 1628/1347/4291 1602/1346/4291
f 1660/3321/4292 1651/3319/4261 1569/1320/4198
f 1682/3337/4293 1615/3338/4294 1637/3339/4295
f 1563/1391/1661 1681/3340/4296 1638/3341/4297
f 1615/3338/4294 1682/3337/4293 1683/3342/4298
f 1563/1391/1661 1664/1392/1662 1681/3340/4296
f 1671/3334/4285 1656/3335/4286 1683/3342/4298
f 1656/3335/4286 1615/3338/4294 1683/3342/4298
f 1664/1392/1662 1611/1380/1646 1670/3333/4284
f 1625/3296/4228 1685/3343/4299 1612/3271/4184
f 1685/3343/4299 1665/3313/4253 1612/3271/4184
f 1626/3305/4242 1686/3344/4300 1584/3256/4159
f 1673/3345/4301 1619/3275/4189 1603/3294/4222
f 1673/3346/4302 1587/3347/4303 1619/3348/4304
f 1676/3349/4305 1669/1377/4306 1688/3318/4307
f 1677/1399/4308 1669/1377/4306 1676/3349/4305
f 1659/3328/4275 1661/3329/4276 1646/3303/4238
f 1661/3350/4276 1678/3351/4309 1580/3331/4277
f 1580/3331/4277 1678/3351/4309 1654/3323/4310
f 1647/3311/4311 1679/3352/4312 1624/3295/4313
f 1679/3352/4314 1581/3269/4181 1624/3295/4227
f 1679/3352/4314 1663/3332/4282 1581/3269/4181
f 1693/3353/4315 1637/3339/4295 1655/3354/4316
f 1636/3355/4317 1694/1423/1695 1680/1422/1694
f 1682/3337/4293 1637/3339/4295 1693/3353/4315
f 1636/3355/4317 1638/3341/4297 1694/1423/1695
f 1638/3341/4297 1681/3340/4296 1694/1423/1695
f 1584/3256/4159 1685/3343/4299 1625/3296/4228
f 1617/3273/4289 1667/3336/4288 1627/3309/4318
f 1739/3356/4319 1627/3309/4318 1667/3336/4288
f 1627/3309/4318 1696/3357/4320 1649/3290/4321
f 1673/3358/4302 1706/3359/4322 1587/3360/4303
f 1675/1384/4323 1689/1385/4324 1676/3349/4305
f 1689/1385/4324 1677/1399/4308 1676/3349/4305
f 1691/1389/1658 1690/3361/4325 1653/3310/4281
f 1634/1390/1659 1691/1389/1658 1653/3310/4281
f 1700/3362/4326 1655/3354/4316 1663/3363/4327
f 1648/3364/4328 1636/3355/4317 1702/1424/1696
f 1636/3355/4317 1680/1422/1694 1702/1424/1696
f 1703/3365/4329 1693/3353/4315 1655/3354/4316
f 1672/3366/4330 1736/3367/4331 1686/3344/4300
f 1618/1357/4290 1687/1425/1697 1666/1393/1664
f 1641/1368/1698 1687/1425/1697 1618/1357/4290
f 1604/3274/4188 1721/3368/4332 1650/3316/4258
f 1697/3369/4333 1673/3345/4301 1603/3294/4222
f 1674/1398/4334 1675/1384/4323 1698/3370/4335
f 1675/1384/4323 1676/3349/4305 1698/3370/4335
f 1652/3330/4336 1708/3371/4337 1660/3321/4338
f 1690/3361/4325 1662/1407/1679 1653/3310/4281
f 1692/3372/4339 1679/3352/4312 1647/3311/4311
f 1663/3363/4327 1679/3373/4340 1720/3374/4341
f 1635/3375/4342 1710/3376/4343 1709/3377/4344
f 1700/3362/4326 1663/3363/4327 1711/3378/4345
f 1648/3364/4328 1710/3376/4343 1635/3375/4342
f 1648/3364/4328 1702/1424/1696 1710/3376/4343
f 1710/3379/4346 1702/3380/4346 1701/3381/4346
f 1700/3362/4326 1703/3365/4329 1655/3354/4316
f 1733/3382/4347 1704/1405/1677 1683/1412/1684
f 1685/3343/4299 1705/3383/4348 1665/3313/4253
f 1686/3344/4300 1736/3367/4331 1584/3256/4159
f 1666/3384/4349 1736/3367/4331 1672/3366/4330
f 1739/3356/4319 1696/3357/4320 1627/3309/4318
f 1629/3298/4350 1697/3385/4351 1603/3292/4352
f 1650/3315/4257 1721/1439/1716 1668/1395/1715
f 1604/3386/1585 1630/1432/4259 1721/1431/4353
f 1620/1363/1625 1714/1421/1693 1630/1375/1638
f 1728/1415/1687 1688/3387/4354 1658/1396/1667
f 1661/3388/4355 1707/3389/4356 1678/3390/4357
f 1678/3390/4357 1707/3389/4356 1654/3325/4358
f 1707/3389/4356 1699/3391/4359 1654/3325/4358
f 1699/3391/4360 1647/3311/4361 1654/3325/4362
f 1699/3391/4360 1692/3372/4363 1647/3311/4361
f 1718/3392/4364 1679/3373/4340 1692/3393/4365
f 1635/3375/4342 1719/3394/4366 1691/3395/4367
f 1720/3374/4341 1679/3373/4340 1718/3392/4364
f 1635/3375/4342 1709/3377/4344 1719/3394/4366
f 1720/3374/4341 1711/3378/4345 1663/3363/4327
f 1733/3382/4347 1683/1412/1684 1682/1416/1688
f 1665/3313/4253 1737/3396/4368 1639/3306/4287
f 1737/3396/4368 1640/3307/4369 1639/3306/4287
f 1696/3357/4370 1629/3298/4350 1649/3290/4371
f 1673/3397/4302 1697/3398/4372 1706/3399/4322
f 1715/3400/4373 1623/3302/4274 1651/3319/4374
f 1722/3401/4375 1661/3329/4376 1659/3328/4275
f 1717/3402/4377 1729/3403/4378 1660/3321/4379
f 1717/3402/4380 1660/3321/4338 1708/3371/4337
f 1718/3392/4364 1692/3393/4365 1730/3404/4381
f 1732/1418/1690 1733/3382/4347 1682/1416/1688
f 1705/3383/4348 1737/3396/4368 1665/3313/4253
f 1640/3307/4369 1737/3396/4368 1667/3405/4382
f 1676/3406/4383 1688/3387/4354 1761/1437/1711
f 1688/3387/4354 1728/1415/1687 1761/1437/1711
f 1715/3400/4373 1651/3319/4374 1729/3403/4378
f 1659/3328/4275 1623/3302/4274 1715/3400/4373
f 1660/3321/4379 1729/3403/4378 1651/3319/4374
f 1691/3395/4367 1723/3407/4384 1690/3408/4385
f 1730/3404/4381 1692/3393/4365 1699/3409/4386
f 1691/3395/4367 1719/3394/4366 1723/3407/4384
f 1703/3410/4387 1732/3411/1690 1693/3412/1689
f 1668/1395/1715 1765/1430/1705 1641/1368/1704
f 1706/3399/4388 1697/3398/4389 1740/3413/4390
f 1630/1432/1707 1714/3414/4391 1727/1433/1708
f 1698/1428/1701 1676/3406/4383 1761/1437/1711
f 1715/3400/4373 1716/3415/4392 1659/3328/4275
f 1716/3415/4392 1722/3401/4375 1659/3328/4275
f 1690/3361/4325 1708/1408/1680 1662/1407/1679
f 1690/3408/4385 1723/3407/4384 1741/3416/4393
f 1720/3417/4394 1731/3418/4395 1711/3419/4396
f 1584/3256/4159 1735/3420/4397 1685/3343/4299
f 1735/3420/4397 1705/3383/4348 1685/3343/4299
f 1736/3367/4331 1735/3420/4397 1584/3256/4159
f 1666/3384/4349 1738/3421/4398 1736/3367/4331
f 1739/3422/4399 1667/3405/4382 1737/3396/4368
f 1722/3401/4375 1707/3423/4400 1661/3329/4376
f 1690/3408/4385 1741/3416/4393 1708/3424/4401
f 1730/3404/4381 1699/3409/4386 1743/3425/4402
f 1700/3426/4403 1732/3411/4404 1703/3410/4405
f 1744/3427/4406 1739/3422/4399 1737/3396/4368
f 1745/3428/4407 1738/3421/4398 1666/3384/4349
f 1687/3429/4408 1745/3428/4408 1666/3384/4408
f 1739/3356/4319 1744/3430/4409 1696/3357/4320
f 1774/3431/4410 1697/3398/4411 1725/3432/4412
f 1721/1431/4413 1727/1433/4414 1726/3433/4415
f 1774/3431/4416 1740/3413/4417 1697/3398/4418
f 1728/3434/4419 1706/3399/4388 1740/3413/4390
f 1717/3435/4420 1742/3436/4421 1750/3437/4422
f 1750/3437/4422 1748/1445/1722 1729/1444/1721
f 1751/1441/1718 1743/3425/4402 1722/1442/1719
f 1722/1442/1719 1699/3409/4386 1707/3438/4423
f 1708/3424/4401 1741/3416/4393 1717/3435/4420
f 1741/3416/4393 1742/3436/4421 1717/3435/4420
f 1743/3425/4402 1699/3409/4386 1722/1442/1719
f 1718/3439/4424 1730/3440/4425 1756/3441/4426
f 1752/3442/4427 1731/3418/4395 1720/3417/4394
f 1731/3418/4395 1700/3426/4428 1711/3419/4396
f 1732/1418/1690 1753/3443/4429 1733/3382/4347
f 1738/3421/4398 1735/3420/4397 1736/3367/4331
f 1737/3396/4368 1705/3383/4348 1735/3420/4397
f 1727/1433/4414 1779/3444/4430 1726/3433/4415
f 1714/3414/4391 1746/3445/4431 1727/1433/1708
f 1747/1446/1723 1715/3446/4432 1729/1444/1721
f 1715/3446/4432 1747/1446/1723 1716/1443/1720
f 1717/3435/4420 1750/3437/4422 1729/1444/1721
f 1747/1446/1723 1749/3447/4433 1716/1443/1720
f 1749/3447/4433 1751/1441/1718 1716/1443/1720
f 1741/1455/1734 1754/1454/1733 1742/3448/4434
f 1745/3428/4407 1759/3449/4435 1738/3421/4398
f 1744/3430/4436 1766/3450/4437 1696/3357/4370
f 1696/3357/4370 1778/3451/4438 1629/3298/4350
f 1629/3298/4350 1725/3452/4439 1697/3385/4351
f 1721/1431/4440 1726/3433/4441 1773/3453/4442
f 1727/1433/4414 1760/1467/4443 1779/3444/4430
f 1727/1433/1708 1746/3445/4431 1768/3454/4444
f 1754/1454/4445 1750/3455/4446 1742/3448/4447
f 1743/3456/4448 1751/3457/4449 1755/3458/4450
f 1743/3459/4451 1756/3441/4452 1730/3440/4453
f 1738/3421/4398 1764/3460/4454 1735/3420/4397
f 1772/3461/4455 1744/3427/4406 1737/3396/4368
f 1778/3451/4438 1725/3452/4439 1629/3298/4350
f 1773/1440/1717 1765/1430/1705 1668/1395/1715
f 1774/3431/4410 1725/3432/4412 1791/3462/4456
f 1727/1433/4414 1768/3454/4457 1760/1467/4443
f 1746/3445/4431 1775/3463/4458 1768/3454/4444
f 1775/3463/4458 1728/3434/4459 1740/3413/4460
f 1746/3445/4431 1761/3464/4461 1775/3463/4458
f 1761/3464/4461 1728/3434/4459 1775/3463/4458
f 1769/3465/4462 1747/3466/4463 1748/3467/4464
f 1762/3468/4465 1769/3465/4462 1748/3467/4464
f 1748/3467/4464 1750/3455/4446 1762/3468/4465
f 1718/3439/4466 1752/3442/4467 1720/3417/4468
f 1771/1463/1745 1704/1405/1732 1733/3382/4469
f 1764/3460/4454 1737/3396/4368 1735/3420/4397
f 1759/3449/4435 1764/3460/4454 1738/3421/4398
f 1764/3460/4454 1772/3461/4455 1737/3396/4368
f 1767/1468/1749 1774/3431/4410 1791/3462/4456
f 1760/1467/4443 1768/3454/4457 1767/1468/4470
f 1768/3454/4457 1775/3463/4471 1767/1468/4470
f 1775/3463/4471 1774/3431/4416 1767/1468/4470
f 1775/3463/4471 1740/3413/4417 1774/3431/4416
f 1747/3466/4463 1780/3469/4472 1749/3470/4473
f 1723/1470/1751 1796/1558/1842 1741/3471/4474
f 1766/3450/4437 1778/3451/4438 1696/3357/4370
f 1773/3453/4442 1726/3433/4441 1765/3472/4475
f 1726/3433/4441 1779/3444/4476 1765/3472/4475
f 1753/3443/4429 1771/1463/4477 1733/3382/4347
f 1772/3473/4478 1766/3474/4479 1744/3475/4480
f 1765/3472/4475 1779/3444/4476 1760/1467/1748
f 1769/3465/4462 1780/3469/4472 1747/3466/4463
f 1755/3458/4450 1756/3476/4452 1743/3456/4451
f 1731/3418/4395 1783/3477/4481 1700/3426/4428
f 1783/3477/4482 1732/3411/4404 1700/3426/4403
f 1791/3462/4456 1725/3432/4412 1778/3478/4483
f 1786/1469/1750 1767/1468/1749 1787/3479/4484
f 1767/1468/1749 1791/3462/4456 1787/3479/4484
f 1781/3480/4485 1762/3468/4465 1750/3455/4446
f 1780/3469/4472 1751/3457/4449 1749/3470/4473
f 1756/3441/4426 1782/3481/4486 1718/3439/4424
f 1783/3477/4482 1753/3482/4487 1732/3411/4404
f 1793/3483/4488 1764/3484/4489 1759/1457/1736
f 1764/3484/4489 1793/3483/4488 1772/3473/4478
f 1793/3483/4488 1794/3485/4490 1772/3473/4478
f 1794/3485/4490 1766/3474/4479 1772/3473/4478
f 1765/1459/1738 1786/3486/4491 1759/1457/1736
f 1755/3458/4450 1788/3487/4492 1756/3476/4452
f 1786/3486/4491 1793/3483/4488 1759/1457/1736
f 1766/3474/4479 1794/3485/4490 1778/3488/4493
f 1791/3462/4456 1778/3478/4483 1794/3489/4494
f 1765/3472/4475 1760/1467/1748 1786/1469/1750
f 1754/1454/4445 1781/3480/4485 1750/3455/4446
f 1723/1470/1751 1784/1461/1740 1796/1558/1842
f 1782/3481/4495 1752/3442/4467 1718/3439/4466
f 1795/3490/4496 1771/1463/4477 1753/3443/4429
f 1791/3462/4456 1794/3489/4494 1787/3479/4484
f 1786/1469/1750 1787/3479/4484 1793/3491/4497
f 1793/3491/4497 1787/3479/4484 1794/3489/4494
f 1782/3481/4495 1797/3492/4498 1752/3442/4467
f 1797/3492/4499 1731/3418/4395 1752/3442/4427
f 1804/3493/4500 1755/3458/4450 1751/3457/4449
f 1788/3494/4492 1782/3481/4486 1756/3441/4426
f 1780/3469/4472 1804/3493/4500 1751/3457/4449
f 1731/3418/4395 1800/3495/4501 1783/3477/4481
f 1771/1463/1745 1803/1480/1763 1792/1466/1747
f 1755/3458/4450 1804/3493/4500 1788/3487/4492
f 1783/3477/4482 1805/3496/4502 1753/3482/4487
f 1754/1454/4445 1799/3497/4503 1781/3480/4485
f 1795/3490/4496 1806/1481/1764 1771/1463/4477
f 1800/3495/4501 1805/3496/4502 1783/3477/4481
f 1780/3469/4472 1812/3498/4504 1804/3493/4500
f 1795/3499/4505 1753/3482/4487 1805/3496/4502
f 1807/3500/4506 1810/1507/4506 1808/3501/4506
f 1804/3493/4500 1814/3502/4507 1788/3487/4492
f 1822/3503/4508 1816/3504/4508 1807/3500/4508
f 1816/3504/4509 1810/1507/4510 1807/3500/4511
f 1769/3465/4462 1812/3498/4504 1780/3469/4472
f 1782/3481/4495 1834/3505/4512 1797/3492/4498
f 1797/3492/4499 1800/3495/4513 1731/3418/4395
f 1815/1497/4514 1823/1499/4514 1822/3506/4514
f 1823/1499/4515 1816/3507/4515 1822/3506/4515
f 1833/3508/4516 1769/3465/4462 1762/3468/4465
f 1820/1501/1840 1796/1558/1842 1784/1461/1740
f 1833/3508/4516 1846/3509/4517 1769/3465/4462
f 1796/1456/1735 1826/1566/1850 1754/1454/1733
f 1819/1498/4518 1816/3507/4518 1823/1499/4518
f 1816/3504/4509 1827/3510/4519 1810/1507/4510
f 1826/1566/1850 1799/3497/4503 1754/1454/1733
f 1829/3511/4520 1800/3495/4513 1797/3492/4499
f 1795/3490/4496 1830/3512/4521 1806/1481/1764
f 1819/1498/4522 1827/3513/4523 1816/3507/4524
f 1804/3493/4500 1825/3514/4525 1814/3502/4507
f 1788/3494/4492 1834/3505/4512 1782/3481/4486
f 1824/1500/4526 1843/3515/4526 1819/1495/4526
f 1819/1498/4522 1843/3516/4527 1827/3513/4523
f 1812/3498/4504 1825/3514/4525 1804/3493/4500
f 1814/3517/4507 1837/3518/4528 1788/3494/4492
f 1838/3519/4529 1805/3496/4502 1800/3495/4501
f 1842/3520/4530 1810/1507/4510 1827/3510/4519
f 1843/3516/4531 1842/3521/4532 1827/3513/4533
f 1810/1507/4510 1842/3520/4530 1836/1508/4534
f 1846/3509/4517 1812/3498/4504 1769/3465/4462
f 1781/3480/4485 1833/3508/4516 1762/3468/4465
f 1837/3518/4528 1834/3505/4512 1788/3494/4492
f 1834/3505/4512 1847/3522/4535 1797/3492/4498
f 1829/3511/4520 1838/3519/4529 1800/3495/4513
f 1847/3522/4535 1829/3511/4520 1797/3492/4498
f 1852/3523/4536 1843/1518/1802 1844/1517/1801
f 1852/3524/4537 1842/3521/4532 1843/3516/4531
f 1859/3525/4538 1845/1520/1809 1836/1523/1811
f 1864/3526/4539 1825/3514/4525 1812/3498/4504
f 1805/3496/4502 1856/3527/4540 1795/3499/4505
f 1795/3499/4496 1856/3527/4540 1830/3528/4521
f 1857/3529/4541 1842/3521/4542 1852/3524/4543
f 1857/3530/4544 1836/1508/4534 1842/3520/4530
f 1825/3514/4525 1864/3526/4539 1850/3531/4545
f 1850/3531/4545 1814/3502/4507 1825/3514/4525
f 1830/3512/4521 1862/1559/1843 1806/1481/1764
f 1853/1567/1852 1852/3523/4536 1844/1517/1801
f 1857/3530/4544 1859/3532/4546 1836/1508/4534
f 1799/3497/4503 1866/3533/4547 1781/3480/4485
f 1826/1566/1850 1866/3533/4547 1799/3497/4503
f 1869/1659/1971 1855/1534/1818 1848/1513/1797
f 1854/3534/4548 1877/3535/4548 1861/3536/4548
f 1865/3537/4549 1833/3508/4516 1781/3480/4485
f 1838/3519/4529 1881/3538/4550 1805/3496/4502
f 1878/1554/4551 1854/1533/4552 1860/1532/4553
f 1806/1481/1764 1870/1543/1827 1803/1480/1763
f 1889/3539/4554 1857/3529/4541 1852/3524/4543
f 1853/1567/1852 1889/1569/1854 1852/3523/4536
f 1859/3532/4555 1857/3530/4556 1889/3540/4557
f 1872/1544/4558 1885/1561/1905 1860/1532/4553
f 1885/1561/1905 1878/1554/4551 1860/1532/4553
f 1878/3541/4551 1877/3542/4559 1854/3543/4552
f 1864/3526/4539 1886/3544/4560 1850/3531/4545
f 1850/3531/4545 1879/3545/4561 1814/3502/4507
f 1879/3546/4561 1837/3518/4528 1814/3517/4507
f 1855/1534/1841 1887/1656/1968 1796/1558/1842
f 1805/3496/4502 1881/3538/4550 1856/3527/4540
f 1889/3540/4557 1882/3547/4562 1859/3532/4555
f 1829/3511/4520 1888/3548/4563 1838/3519/4529
f 1859/1548/4564 1890/3549/4564 1884/1549/4564
f 1891/1582/1866 1872/1544/1865 1873/1531/4565
f 1892/3550/4566 1875/1550/1922 1885/1561/4567
f 1874/1551/4568 1893/1602/1893 1876/1553/1892
f 1894/1616/4569 1895/1557/4570 1861/1556/4571
f 1961/3551/4572 1812/3498/4504 1846/3509/4517
f 1866/3533/4547 1865/3537/4549 1781/3480/4485
f 1888/3548/4563 1881/3538/4550 1838/3519/4529
f 1872/1544/4558 1901/1612/1903 1885/1561/1905
f 1864/3526/4539 1913/3552/4573 1886/3544/4560
f 1886/3544/4574 1904/3553/4575 1850/3531/4545
f 1905/1591/1875 1897/1572/1857 1840/1515/1799
f 1882/3547/4562 1890/3554/4576 1859/3532/4555
f 1900/1583/4577 1901/1612/1903 1872/1544/4558
f 1961/3551/4572 1864/3526/4539 1812/3498/4504
f 1837/3518/4528 1914/3555/4578 1834/3505/4512
f 1914/3555/4578 1847/3522/4535 1834/3505/4512
f 1847/3522/4535 1915/3556/4579 1829/3511/4520
f 1856/3527/4540 1862/3557/1843 1830/3528/4521
f 1883/1568/1853 1928/3558/1944 1889/1569/1854
f 1928/3559/4580 1882/3560/4581 1889/3561/4582
f 1898/1578/1860 1890/3562/1859 1908/1596/1880
f 1931/1613/4583 1892/3550/4566 1885/1561/4567
f 1921/3563/4584 1923/1603/1894 1893/1602/1893
f 1926/3564/4585 1864/3526/4539 1961/3551/4572
f 1904/3553/4575 1879/3545/4561 1850/3531/4545
f 1927/1657/1969 1855/1534/1818 1869/1659/1971
f 1908/3565/4586 1929/3566/4587 1910/3567/4588
f 1910/3567/4588 1929/3566/4587 1912/3568/4589
f 1929/3566/4587 1930/3569/4590 1912/3568/4589
f 1931/1613/1904 1901/1612/1903 1900/1583/4577
f 1945/3570/4591 1902/3571/4591 1924/3572/4591
f 1945/3570/4592 1903/3573/4593 1902/3571/4594
f 1926/3564/4585 1913/3552/4573 1864/3526/4539
f 1947/3574/4595 1879/3545/4561 1904/3553/4575
f 1837/3518/4528 1879/3546/4561 1914/3555/4596
f 1882/3547/4597 1936/3575/4598 1890/3554/4599
f 1890/3554/4599 1936/3575/4598 1908/3565/4586
f 1936/3575/4598 1929/3566/4587 1908/3565/4586
f 1911/1599/1916 1938/1630/1936 1937/1629/1934
f 1930/3569/4590 1919/3576/4600 1912/3568/4589
f 1940/1621/1920 1954/1679/1999 1874/1551/1921
f 1973/3577/4601 1893/1602/4602 1874/1551/1921
f 1894/1616/4569 1932/1636/4603 1895/1557/4570
f 1945/3570/4592 1960/3578/4604 1903/3573/4593
f 1903/3573/1873 1947/3579/4605 1904/3580/1874
f 1914/3555/4578 1915/3556/4579 1847/3522/4535
f 1935/3581/4606 1948/3582/4607 1928/3559/4608
f 1928/3559/4580 1948/3582/4609 1882/3560/4581
f 1882/3547/4610 1948/3583/4610 1936/3575/4610
f 1949/3584/4611 1929/3585/4612 1936/3586/4613
f 1950/3587/4614 1929/3585/4615 1949/3584/4616
f 1937/3588/4617 1950/3587/4618 1949/3584/4619
f 1950/3587/4614 1930/3589/4620 1929/3585/4615
f 1942/3590/4621 1875/1550/1922 1892/3550/4566
f 1891/1582/1866 1939/1643/4622 1900/1583/1867
f 1926/1653/4623 1946/1638/4623 1913/1637/4623
f 1826/1566/1850 1887/1565/1849 1866/3533/4547
f 1862/1559/1843 1952/3591/4624 1870/1543/1827
f 1935/3581/4606 1936/3586/4613 1948/3582/4607
f 1949/3584/4611 1936/3586/4613 1935/3581/4606
f 1938/3592/4625 1950/3587/4618 1937/3588/4617
f 1938/3592/4625 1953/3593/4626 1950/3587/4618
f 1953/3594/4627 1930/3595/4627 1950/3596/4627
f 1942/3590/4621 1940/1621/1920 1875/1550/1922
f 1955/1681/2001 1942/3590/4621 1892/3550/4566
f 1931/1613/4583 1955/1681/2001 1892/3550/4566
f 1939/1643/4628 1931/1613/4629 1900/1583/4630
f 1973/3577/4601 1956/3597/4631 1893/1602/4602
f 1956/3597/4631 1921/3563/4632 1893/1602/4602
f 1921/3563/4632 1958/3598/4633 1923/1603/4634
f 1833/3508/4516 1961/3551/4572 1846/3509/4517
f 1915/3556/4579 1888/3548/4563 1829/3511/4520
f 1870/3599/1827 1952/3600/4624 1905/3601/1875
f 1969/3602/4635 1945/3570/4636 1924/3572/4637
f 1962/3603/4638 1833/3508/4516 1865/3537/4549
f 1960/3578/4604 1963/3604/4639 1903/3573/4593
f 1963/3604/4639 1947/3579/4640 1903/3573/4593
f 1947/3574/4595 1964/3605/4641 1879/3545/4561
f 1927/1657/1969 1887/1656/1968 1855/1534/1841
f 2015/3606/2060 1972/1660/1972 1905/1591/1875
f 1905/1591/1875 1972/1660/1972 1897/1572/1857
f 1938/3592/4625 1967/3607/4642 1953/3593/4626
f 1953/3608/4643 1967/3609/4643 1930/3610/4643
f 1938/3592/4625 1968/3611/4644 1967/3607/4642
f 1967/3612/4645 1939/1632/4645 1930/1631/4645
f 1967/3612/4646 1931/3613/4629 1939/1632/4628
f 1959/3614/4647 1989/3615/4648 1924/3616/4649
f 1945/3570/4636 1969/3602/4635 1960/3578/4650
f 1963/3604/4639 1964/3617/4651 1947/3579/4640
f 1879/3546/4561 2000/3618/4652 1914/3555/4596
f 1973/3577/4601 1874/1551/1921 1954/1679/1999
f 1974/3619/4653 1931/3613/4653 1967/3612/4653
f 2031/3620/4654 1969/3602/4655 1924/3572/4656
f 1962/3603/4638 1961/3551/4572 1833/3508/4516
f 1961/3551/4572 1980/3621/4657 1926/3564/4585
f 1970/3622/4658 1866/3533/4547 1887/1565/1849
f 1964/3605/4641 2000/3623/4652 1879/3545/4561
f 1856/3527/4540 1952/3624/4659 1862/3557/1843
f 1952/3600/4624 2015/3625/2060 1905/3601/1875
f 1974/1682/2002 1955/1681/2001 1931/1613/4583
f 1956/3626/4631 1985/3627/4660 1921/3628/4632
f 1986/1676/4661 1988/1646/1958 1932/1636/1957
f 1961/3551/4572 1990/3629/4662 1980/3621/4657
f 1985/3627/4660 1958/3630/4633 1921/3628/4632
f 1989/3615/4663 2031/3631/4654 1924/3616/4656
f 1969/3602/4635 2006/3632/4664 1960/3578/4650
f 1970/3622/4658 2059/3633/4665 1866/3533/4547
f 2000/3618/4652 1992/3634/4666 1914/3555/4596
f 1915/3556/4579 1993/3635/4667 1888/3548/4563
f 1996/1700/2016 1940/1621/1920 1942/3590/4621
f 1996/1700/2016 1942/3590/4621 1955/1681/2001
f 2004/3636/4668 1956/3597/4631 1973/3577/4601
f 1997/3637/4669 1985/3627/4660 1956/3626/4631
f 1986/1676/4661 1998/1691/4670 1988/1646/1958
f 1856/3527/4540 2001/3638/4671 1952/3624/4659
f 2003/1680/2000 1973/3577/4601 1954/1679/1999
f 2005/1669/1984 1975/1662/1975 1943/1661/1974
f 2013/3639/4672 1989/3615/4648 1959/3614/4647
f 1999/3640/4673 1962/3603/4638 1865/3537/4549
f 2059/3633/4665 1865/3537/4549 1866/3533/4547
f 1881/3538/4550 2007/3641/4674 1856/3527/4540
f 1996/1700/2016 2017/1690/2007 1940/1621/1920
f 2003/1680/2000 2004/3636/4668 1973/3577/4601
f 1985/3627/4660 2010/3642/4675 1958/3630/4633
f 1986/1676/1993 1984/1666/1995 2011/1701/2024
f 2032/3643/4676 2006/3632/4664 1969/3602/4677
f 2039/3644/4678 2014/3645/4679 1963/3604/4680
f 2014/3645/4681 1964/3617/4682 1963/3604/4683
f 2014/3645/4681 2000/3618/4684 1964/3617/4682
f 1914/3555/4578 2042/3646/4685 1915/3556/4579
f 1991/1683/2003 2018/1699/2015 1955/1681/2001
f 2059/3633/4665 1999/3640/4673 1865/3537/4549
f 2007/3641/4674 2001/3638/4671 1856/3527/4540
f 2004/3636/4668 1997/3647/4669 1956/3597/4631
f 1998/1691/4670 2024/1719/2040 1988/1646/1958
f 2057/1754/4686 2013/1713/2034 1979/1652/1964
f 1960/3578/4650 2039/3644/4687 1963/3604/4688
f 2047/3648/4689 2021/3649/4690 1990/3629/4691
f 2014/3645/4681 1992/3634/4692 2000/3618/4684
f 1927/1657/1969 2048/3650/4693 1970/1658/1970
f 2054/3651/4694 2010/3642/4675 1985/3627/4660
f 2010/3642/4675 2026/3652/4695 1958/3630/4633
f 2013/3639/4696 2031/3631/4697 1989/3615/4698
f 1962/3603/4638 2038/3653/4699 1961/3551/4572
f 2038/3653/4699 1990/3629/4662 1961/3551/4572
f 2039/3644/4678 2041/3654/4700 2014/3645/4679
f 2014/3645/4681 2060/3655/4701 1992/3634/4692
f 2060/3655/4701 2042/3646/4702 1992/3634/4692
f 1992/3634/4666 2042/3646/4703 1914/3555/4596
f 2063/1717/2038 2053/1730/2056 2017/1690/2007
f 2017/1690/2007 2053/1730/2056 1995/1678/1998
f 2036/3656/4704 2027/3657/4705 2035/3658/4706
f 2037/3659/4707 2030/3660/4708 2027/3657/4705
f 2031/3620/4709 2032/3643/4676 1969/3602/4677
f 2006/3632/4664 2039/3644/4687 1960/3578/4650
f 2043/3661/4710 1993/3635/4667 1915/3556/4579
f 2053/1730/2056 2071/3662/4711 1995/1678/1998
f 2071/3662/4711 2003/1680/2000 1995/1678/1998
f 2004/3636/4668 2116/3663/4712 1997/3647/4669
f 2036/3656/4704 2100/3664/4713 2027/3657/4705
f 2100/3664/4713 2037/3659/4707 2027/3657/4705
f 2056/3665/4714 2030/3660/4708 2037/3659/4707
f 2056/3665/4715 2013/3666/4716 2030/3660/4717
f 2013/3639/4696 2075/3667/4718 2031/3631/4697
f 2047/3648/4689 2058/3668/4719 2021/3649/4690
f 1970/3622/4658 2040/3669/4720 2059/3633/4665
f 2042/3646/4685 2043/3661/4710 1915/3556/4579
f 1952/3670/4624 2080/1747/2074 2015/1733/2060
f 1991/1683/2003 2084/1721/2042 2018/1699/2015
f 2071/3662/4721 2004/3636/4668 2003/1680/2000
f 2072/3671/4722 1985/3627/4660 1997/3637/4669
f 2073/1753/2080 2035/1752/2079 2028/1743/2070
f 2066/3672/4723 2041/3654/4700 2039/3644/4678
f 2083/1739/2066 2082/1748/4724 2063/1717/2038
f 2094/1740/2067 2071/3662/4711 2053/1730/2056
f 2056/3665/4715 2075/3673/4725 2013/3666/4716
f 2076/3674/4726 2032/3643/4676 2031/3620/4709
f 2078/3675/4727 2060/3655/4728 2014/3645/4679
f 2079/3676/4729 2048/3650/4693 1927/1657/1969
f 1881/3538/4550 2134/3677/4730 2007/3641/4674
f 2085/1777/4731 2004/3636/4668 2071/3662/4721
f 2096/3678/2124 1991/1683/2003 1975/3679/1975
f 2010/3642/4675 2117/3680/4732 2026/3652/4695
f 2089/1760/2094 2103/1755/2083 2119/3681/4733
f 2090/3682/4734 2006/3632/4664 2032/3643/4676
f 2091/3683/4735 2066/3672/4723 2039/3644/4678
f 2041/3654/4700 2078/3675/4727 2014/3645/4679
f 2048/3684/4693 2040/3669/4720 1970/3622/4658
f 2067/1715/2036 1927/1657/1969 1869/1659/1971
f 2049/1727/2052 2081/1734/2061 2069/1736/2063
f 2125/3685/4736 2085/1777/4731 2071/3662/4721
f 2098/1781/4737 2020/1706/2127 2024/1719/4738
f 2088/3686/4739 2099/3687/4739 2036/3688/4739
f 2037/3659/4740 2110/3689/4740 2056/3665/4740
f 2075/3667/4741 2102/3690/4742 2031/3631/4743
f 2102/3690/4742 2076/3691/4744 2031/3631/4743
f 2076/3674/4726 2090/3682/4734 2032/3643/4676
f 2006/3632/4664 2091/3683/4745 2039/3644/4687
f 2047/3648/4689 2077/3692/4746 2058/3668/4719
f 1990/3629/4662 2038/3653/4699 2047/3648/4689
f 2078/3675/4727 2111/3693/4747 2060/3655/4728
f 1888/3548/4563 2134/3677/4730 1881/3538/4550
f 2081/1734/2061 2113/1793/2133 2069/1736/2063
f 2125/3685/4736 2071/3662/4721 2094/1740/2067
f 2116/3694/4748 2072/3671/4722 1997/3637/4669
f 2117/3695/4749 2046/1731/2093 2026/1707/2027
f 2099/3696/4750 2100/3664/4751 2036/3656/4752
f 2109/3697/4753 2037/3659/4707 2100/3664/4713
f 2110/3689/4754 2102/3698/4755 2056/3665/4756
f 2102/3698/4755 2075/3673/4757 2056/3665/4756
f 2119/1773/4758 2103/3699/4758 2102/3700/4758
f 2105/3701/4759 2091/3683/4745 2006/3632/4664
f 2077/3702/4760 2091/3703/4761 2104/3704/4762
f 2111/3693/4763 2042/3646/4702 2060/3655/4701
f 2001/3638/4671 2080/3705/2074 1952/3624/4659
f 2115/1780/4764 2004/3636/4668 2085/1777/4731
f 2115/1780/4764 2116/3663/4712 2004/3636/4668
f 2072/3671/4722 2054/3651/4694 1985/3627/4660
f 2098/1781/4737 2131/1788/2128 2020/1706/2127
f 2132/3706/4765 2110/3689/4766 2037/3659/4767
f 2119/1773/4768 2102/3700/4768 2110/1774/4768
f 2104/3704/4762 2091/3703/4761 2105/3707/4769
f 2121/3708/4770 2043/3661/4771 2042/3646/4772
f 2067/1715/2036 2133/1834/2185 1927/1657/1969
f 1993/3635/4667 2106/3709/4773 1888/3548/4563
f 1888/3548/4563 2106/3709/4773 2134/3677/4730
f 2007/3641/4674 2122/3710/4774 2001/3638/4671
f 2125/3685/4736 2127/1783/4775 2085/1777/4731
f 2130/3711/4776 2010/3642/4675 2054/3651/4694
f 2025/1685/2100 2108/1770/2108 2137/1787/2125
f 2120/3712/4777 2102/3690/4778 2103/3713/4779
f 2120/3712/4777 2076/3691/4780 2102/3690/4778
f 2105/3701/4759 2006/3632/4664 2090/3682/4734
f 2141/3714/4781 2078/3715/4782 2041/3716/4783
f 2111/3693/4763 2121/3708/4784 2042/3646/4702
f 2069/1736/2063 2135/1794/2134 2093/1762/2097
f 2135/1794/2134 2094/1740/2067 2093/1762/2097
f 2135/1794/2134 2125/3685/4736 2094/1740/2067
f 2144/1797/4785 2152/3717/4786 2114/1779/4787
f 2096/3678/2124 2128/1784/2120 1991/1683/2003
f 2130/3711/4776 2117/3680/4732 2010/3642/4675
f 2108/1770/2108 2065/1742/2107 2145/1801/2140
f 2109/3697/4788 2132/3706/4765 2037/3659/4767
f 1999/3640/4673 2140/3718/4789 1962/3603/4638
f 2140/3718/4789 2139/3719/4790 1962/3603/4638
f 2139/3719/4790 2038/3653/4699 1962/3603/4638
f 2077/3692/4791 2148/3720/4792 2091/3721/4793
f 2148/3720/4794 2066/3722/4794 2091/3721/4794
f 2066/3672/4723 2141/3723/4795 2041/3654/4700
f 2133/1834/2185 2079/3676/4729 1927/1657/1969
f 2081/1734/2061 2142/1812/2150 2113/1793/2133
f 2151/3724/4796 2127/1783/4775 2125/3685/4736
f 2152/3717/4786 2136/1785/4797 2114/1779/4787
f 2131/1788/2128 2162/1759/2174 2064/1741/2126
f 2146/3725/4798 2163/3726/4799 2088/3727/4800
f 2163/3726/4799 2099/3728/4801 2088/3727/4800
f 2163/3729/4802 2100/3664/4751 2099/3696/4750
f 2120/3712/4803 2090/3730/4803 2076/3691/4803
f 2104/3704/4804 2090/3731/4805 2120/3732/4806
f 2104/3704/4804 2105/3707/4807 2090/3731/4805
f 2200/3733/4808 2047/3648/4689 2038/3653/4699
f 2147/3734/4809 2077/3692/4746 2047/3648/4689
f 2147/3734/4810 2148/3720/4792 2077/3692/4791
f 2156/1850/4811 1993/3635/4667 2043/3661/4710
f 2080/1747/2074 2142/1812/2150 2081/1734/2061
f 2113/1793/2133 2159/1813/2151 2135/1794/2134
f 2151/3724/4796 2125/3685/4736 2135/1794/2134
f 2151/3724/4812 2143/1782/4813 2126/1778/4814
f 2127/1783/4815 2151/3724/4812 2126/1778/4814
f 2137/1787/2125 2108/1770/2108 2161/1807/2146
f 2154/1826/4816 2162/1759/2174 2131/1788/2128
f 2019/1750/4817 2055/1723/2158 2153/1817/2157
f 2200/3733/4808 2155/3735/4818 2047/3648/4689
f 2059/3633/4665 2164/3736/4819 1999/3640/4673
f 2121/3708/4770 2156/1850/4820 2043/3661/4771
f 2134/3677/4730 2122/3710/4774 2007/3641/4674
f 2159/1813/2151 2151/3724/4796 2135/1794/2134
f 2160/3737/4821 2143/1782/4813 2151/3724/4812
f 2179/1820/2163 2096/1786/2124 2129/1749/2076
f 2047/3648/4689 2155/3735/4818 2147/3734/4809
f 2066/3672/4822 2165/3738/4823 2141/3723/4824
f 2141/3714/4781 2166/3739/4825 2078/3715/4782
f 1993/3635/4667 2189/3740/4826 2106/3709/4773
f 2001/3638/4671 2169/3741/4827 2080/3705/2074
f 2080/3705/2074 2149/3742/4828 2142/3743/2150
f 2143/1782/4829 2177/3744/4830 2144/1797/4831
f 2182/3745/4832 2117/3680/4832 2130/3711/4832
f 2161/1807/4833 2171/1818/2159 2137/1787/2138
f 2184/1823/4834 2046/1731/4835 2117/3695/4836
f 2147/3746/4837 2174/3747/4837 2148/3748/4837
f 2165/3738/4823 2188/3749/4838 2141/3723/4824
f 2078/3715/4727 2175/3750/4839 2111/3751/4747
f 2111/3693/4763 2176/3752/4840 2121/3708/4784
f 2160/3737/4841 2177/3744/4830 2143/1782/4829
f 2177/3753/4842 2152/3754/4843 2144/3755/4844
f 2152/3754/4845 2178/3756/4845 2136/3757/4845
f 2198/3758/4846 2130/3711/4776 2054/3651/4694
f 2162/1759/2174 2154/1826/4816 2183/1827/2175
f 2182/1841/4847 2184/1823/4834 2117/3695/4836
f 2055/1723/4848 2162/1759/2174 2191/1816/2173
f 2186/3759/4849 2100/3664/4751 2163/3729/4802
f 2188/3760/4850 2166/3739/4851 2141/3714/4852
f 2192/3761/4853 2078/3715/4782 2166/3739/4825
f 2192/3761/4853 2175/3750/4854 2078/3715/4782
f 2175/3750/4839 2176/3762/4855 2111/3751/4747
f 2156/1850/4811 2189/3740/4826 1993/3635/4667
f 2001/3638/4671 2122/3710/4774 2169/3741/4827
f 2169/3741/4827 2149/3742/4828 2080/3705/2074
f 2196/3763/4856 2160/3764/4856 2151/3765/4856
f 2180/3766/4857 2072/3671/4722 2116/3694/4748
f 2190/1832/2179 2129/1749/2089 2045/1722/2044
f 2109/3697/4788 2231/3767/4858 2132/3706/4765
f 2148/3768/4859 2165/3738/4860 2066/3672/4861
f 2121/3708/4862 2193/1851/4862 2156/1850/4862
f 2072/3671/4722 2205/3769/4863 2054/3651/4694
f 2101/1771/2109 2207/1843/2194 2146/1795/2147
f 2186/3759/4849 2187/3770/4864 2100/3664/4751
f 2187/3770/4864 2109/3697/4865 2100/3664/4751
f 2231/1867/4866 2173/1810/2162 2132/1819/2161
f 2155/1854/4867 2174/1874/2234 2147/3771/4868
f 2165/3738/4823 2219/3772/4869 2188/3749/4838
f 2040/3669/4720 2164/3736/4819 2059/3633/4665
f 2079/3676/4729 2201/3773/4870 2048/3650/4693
f 2121/3708/4784 2176/3752/4840 2193/1851/4871
f 2195/3774/4872 2151/3724/4796 2159/1813/2151
f 2195/3775/4872 2210/3776/4873 2151/3777/4796
f 2210/3778/4873 2196/3779/4874 2151/3780/4796
f 2177/3753/4842 2203/3781/4875 2152/3754/4843
f 2203/3781/4875 2197/3782/4876 2152/3754/4843
f 2178/1857/2210 2180/1822/2167 2136/1799/2166
f 2207/3783/4877 2163/3784/4878 2146/3785/4879
f 2174/3786/4880 2213/3787/4881 2148/3768/4859
f 2213/3787/4881 2165/3738/4860 2148/3768/4859
f 2139/3719/4790 2200/3733/4808 2038/3653/4699
f 2201/3788/4870 2040/3669/4720 2048/3684/4693
f 2142/3743/2150 2149/3742/4828 2159/3789/2151
f 2196/3763/4882 2216/3790/4883 2160/3764/4884
f 2216/3790/4883 2177/3791/4885 2160/3764/4884
f 2205/3769/4863 2198/3758/4846 2054/3651/4694
f 2206/1840/2190 2225/1852/2225 2182/1841/2191
f 2182/1841/2191 2225/1852/2225 2184/1823/4886
f 2207/3792/4877 2186/3793/4887 2163/3794/4878
f 2212/3795/4888 2187/3770/4889 2186/3759/4890
f 2220/3796/4891 2155/3735/4818 2200/3733/4808
f 2188/3749/4850 2228/3797/4892 2166/3798/4851
f 2215/3799/4893 2175/3750/4854 2192/3761/4853
f 2133/1834/2185 2201/3773/4870 2079/3676/4729
f 2210/3778/4873 2216/3800/4894 2196/3779/4874
f 2198/3758/4846 2241/3801/4895 2130/3711/4776
f 2130/3711/4776 2241/3801/4895 2206/3802/4896
f 1999/3640/4673 2214/3803/4897 2140/3718/4789
f 2164/3736/4819 2214/3803/4897 1999/3640/4673
f 2166/3739/4851 2228/3804/4892 2192/3761/4898
f 2134/3677/4730 2222/3805/4899 2122/3710/4774
f 2122/3710/4774 2149/3742/4828 2169/3741/4827
f 2216/3790/4900 2203/3806/4901 2177/3791/4902
f 2197/3782/4876 2178/3756/4903 2152/3754/4843
f 2219/3772/4869 2228/3797/4904 2188/3749/4838
f 2176/3752/4840 2229/3807/4905 2193/1851/4871
f 2156/1850/4811 2221/1849/4906 2189/3740/4826
f 2149/3808/4828 2195/3774/4872 2159/1813/2151
f 2224/3809/4907 2178/3756/4903 2197/3782/4876
f 2180/3766/4908 2205/3769/4863 2072/3671/4722
f 2226/3810/4909 2186/3811/4910 2207/3812/4911
f 2226/3810/4909 2212/3813/4912 2186/3811/4910
f 2212/3795/4888 2227/3814/4913 2187/3770/4889
f 2227/3814/4913 2231/3767/4914 2187/3770/4889
f 2187/3770/4864 2231/3767/4915 2109/3697/4865
f 2122/3710/4774 2234/3815/4916 2149/3742/4828
f 2235/3816/4917 2203/3806/4901 2216/3790/4900
f 2203/3781/4918 2236/3817/4918 2197/3782/4918
f 2226/3810/4909 2227/3818/4919 2212/3813/4912
f 2199/1842/4920 2227/3819/4920 2226/1853/4920
f 2232/1856/2235 2174/1874/2234 2155/1854/4867
f 2213/3787/4921 2219/3772/4869 2165/3738/4823
f 2201/3788/4870 2252/3820/4922 2040/3669/4720
f 2175/3750/4839 2229/3821/4923 2176/3762/4855
f 2246/3822/4924 2216/3823/4894 2210/3776/4873
f 2197/3824/4925 2236/3825/4925 2224/3826/4925
f 2199/3827/4926 2208/3828/4927 2227/3829/4928
f 2139/3719/4790 2259/3830/4929 2200/3733/4808
f 2200/3733/4808 2259/3830/4929 2220/3796/4891
f 2229/3807/4930 2221/1849/4931 2193/1851/4932
f 2222/3805/4899 2234/3815/4916 2122/3710/4774
f 2234/3815/4916 2195/3775/4872 2149/3742/4828
f 2246/3822/4924 2210/3776/4873 2195/3775/4872
f 2246/3822/4924 2235/3831/4933 2216/3823/4894
f 2235/3831/4934 2236/3817/4935 2203/3781/4936
f 2235/3831/4934 2250/3832/4937 2236/3817/4935
f 2224/3809/4938 2237/3833/4939 2178/3756/4940
f 2208/3834/4927 2231/3835/4941 2227/3836/4928
f 2214/3803/4897 2247/3837/4942 2140/3718/4789
f 2247/3837/4942 2139/3719/4790 2140/3718/4789
f 2259/3830/4929 2244/3838/4943 2220/3796/4891
f 2252/3820/4922 2164/3736/4819 2040/3669/4720
f 2249/3839/4944 2175/3750/4854 2215/3799/4893
f 2133/1834/2185 2248/1884/2247 2201/3773/4870
f 2230/1835/2186 2248/1884/2247 2133/1834/2185
f 2106/3709/4773 2222/3805/4899 2134/3677/4730
f 2262/3840/4945 2236/3817/4935 2250/3832/4937
f 2238/3841/4946 2205/3769/4863 2180/3766/4908
f 2209/3842/4947 2231/3835/4947 2208/3834/4947
f 2174/3843/4948 2263/3844/4948 2213/3845/4948
f 2260/1886/4949 2244/3838/4943 2259/3830/4929
f 2234/3815/4916 2246/3822/4924 2195/3775/4872
f 2262/3846/4950 2224/3826/4950 2236/3825/4950
f 2244/1862/2217 2257/1878/2240 2232/1856/2209
f 2258/3847/4951 2254/3848/4952 2228/3797/4904
f 2261/3849/4953 2228/3804/4892 2255/3850/4954
f 2228/3804/4892 2256/3851/4955 2192/3761/4898
f 2192/3761/4956 2249/3839/4956 2215/3799/4956
f 2274/1891/4957 2198/3758/4846 2205/3769/4863
f 2295/3852/4958 2241/3801/4895 2198/3758/4846
f 2258/3847/4951 2228/3797/4904 2219/3772/4869
f 2254/3848/4959 2255/3853/4959 2228/3797/4959
f 2256/3851/4955 2228/3804/4892 2261/3849/4953
f 2248/1899/2247 2252/3820/4922 2201/3788/4870
f 2276/3854/4960 2175/3750/4960 2249/3839/4960
f 2106/3709/4773 2267/3855/4961 2222/3805/4899
f 2238/3841/4946 2269/1889/4962 2205/3769/4863
f 2269/1889/4962 2274/1891/4957 2205/3769/4863
f 2263/3856/4963 2258/3847/4964 2213/3787/4921
f 2258/3847/4964 2219/3772/4869 2213/3787/4921
f 2260/1886/4965 2264/3857/4965 2244/3838/4965
f 2265/3858/4966 2247/3837/4942 2214/3803/4897
f 2164/3736/4819 2265/3858/4966 2214/3803/4897
f 2256/3851/4955 2266/3859/4967 2192/3761/4898
f 2192/3761/4898 2266/3859/4967 2249/3839/4968
f 2262/3846/4969 2268/3860/4969 2224/3826/4969
f 2268/3861/4970 2237/3833/4939 2224/3809/4938
f 2254/3848/4971 2261/3862/4972 2255/3853/4973
f 2222/3805/4899 2271/3863/4974 2234/3815/4916
f 2234/3815/4916 2272/3864/4975 2246/3822/4924
f 2235/3831/4933 2272/3864/4975 2250/3832/4976
f 2272/3864/4975 2262/3840/4977 2250/3832/4976
f 2257/3865/4978 2258/3866/4979 2263/3867/4980
f 2254/3868/4981 2258/3866/4979 2257/3865/4978
f 2264/3869/4982 2254/3868/4981 2257/3865/4978
f 2252/3820/4922 2275/3870/4983 2164/3736/4819
f 2266/3859/4967 2276/3854/4984 2249/3839/4968
f 2276/3854/4985 2229/3821/4923 2175/3750/4839
f 2221/1849/4906 2277/3871/4986 2189/3740/4826
f 2272/3864/4975 2235/3831/4933 2246/3822/4924
f 2293/1895/4987 2268/3872/4987 2262/3873/4987
f 2260/1886/4988 2283/1888/4988 2264/3857/4988
f 2283/1888/4989 2254/3874/4989 2264/3857/4989
f 2275/3870/4983 2265/3858/4966 2164/3736/4819
f 2261/3849/4953 2287/3875/4990 2256/3851/4955
f 2229/3807/4930 2285/3876/4991 2221/1849/4931
f 2280/3877/4992 2106/3709/4773 2189/3740/4826
f 2267/3855/4961 2271/3863/4974 2222/3805/4899
f 2271/3863/4974 2272/3864/4975 2234/3815/4916
f 2254/3848/4971 2290/3878/4993 2261/3862/4972
f 2139/3719/4790 2284/3879/4994 2259/3830/4929
f 2259/3830/4929 2279/1887/4995 2260/1886/4949
f 2277/3871/4986 2280/3877/4992 2189/3740/4826
f 2106/3709/4773 2280/3877/4992 2267/3855/4961
f 2272/3864/4975 2302/3880/4996 2262/3840/4977
f 2302/3880/4997 2293/3881/4997 2262/3840/4997
f 2274/1891/4957 2295/3852/4958 2198/3758/4846
f 2247/3837/4942 2284/3879/4994 2139/3719/4790
f 2167/1811/2149 2289/1906/2268 2230/1835/2186
f 2283/3882/4998 2290/3878/4999 2254/3848/5000
f 2311/3883/5001 2299/3884/5002 2259/3830/4929
f 2311/3883/5001 2259/3830/4929 2284/3879/4994
f 2259/3830/4929 2291/3885/5003 2279/1887/4995
f 2265/3858/4966 2284/3879/4994 2247/3837/4942
f 2299/3884/5002 2291/3885/5003 2259/3830/4929
f 2290/3878/4993 2287/3886/5004 2261/3862/4972
f 2309/1901/2263 2252/3820/4922 2248/1899/2247
f 2292/3887/5005 2229/3821/4923 2276/3854/4985
f 2285/3876/4991 2277/3871/5006 2221/1849/4931
f 2294/1894/2257 2268/3872/5007 2293/1895/2258
f 2303/3888/5008 2273/3889/5009 2237/3833/5010
f 2295/3852/4958 2278/3890/5011 2241/3801/4895
f 2300/3891/5012 2292/3887/5005 2276/3854/4985
f 2267/3855/4961 2296/3892/5013 2271/3863/4974
f 2271/3863/4974 2301/3893/5014 2272/3864/4975
f 2301/3893/5014 2302/3880/4996 2272/3864/4975
f 2303/3888/5015 2237/3833/4939 2268/3861/4970
f 2279/1913/2250 2305/3894/5016 2283/3895/2251
f 2306/3896/5017 2256/3851/4955 2287/3875/4990
f 2266/3859/4967 2300/3891/5018 2276/3854/4984
f 2285/3876/5019 2229/3807/5020 2292/3897/5021
f 2289/1906/2268 2288/1885/2248 2230/1835/2186
f 2295/3852/4958 2317/3898/5022 2278/3890/5011
f 2291/1903/5023 2310/1905/2273 2279/1913/2250
f 2296/3892/5013 2301/3893/5014 2271/3863/4974
f 2333/3899/5024 2268/3861/4970 2294/3900/5025
f 2333/3899/5024 2303/3888/5015 2268/3861/4970
f 2326/1907/5026 2295/3901/4958 2274/1908/5027
f 2290/3878/4993 2306/3902/5028 2287/3886/5004
f 2312/1928/2286 2265/3858/4966 2275/3870/4983
f 2313/3903/5029 2256/3851/4955 2306/3896/5017
f 2312/1928/2286 2275/3870/4983 2252/3820/4922
f 2256/3851/4955 2314/3904/5030 2266/3859/4967
f 2266/3859/4967 2314/3904/5030 2300/3891/5018
f 2292/3897/5021 2315/3905/5031 2285/3876/5019
f 2277/3871/4986 2316/3906/5032 2280/3877/4992
f 2280/3877/4992 2296/3892/5013 2267/3855/4961
f 2326/3907/5026 2317/3898/5022 2295/3852/4958
f 2305/3908/5033 2290/3878/4999 2283/3882/4998
f 2313/3903/5029 2314/3904/5030 2256/3851/4955
f 2285/3876/4991 2315/3905/5034 2277/3871/5006
f 2319/3909/5035 2316/3906/5032 2277/3871/4986
f 2303/3888/5008 2320/3910/5036 2273/3889/5009
f 2273/3911/2253 2321/1909/5037 2274/1908/2254
f 2284/3879/4994 2323/3912/5038 2311/3883/5001
f 2323/3912/5038 2284/3879/4994 2265/3858/4966
f 2324/3913/5039 2323/3912/5038 2265/3858/4966
f 2312/1928/2286 2324/3913/5039 2265/3858/4966
f 2318/3914/5040 2329/3915/5041 2306/3896/5017
f 2288/1900/2262 2325/1927/2285 2309/1901/2263
f 2289/1906/2268 2330/1940/2294 2288/1885/2248
f 2301/3893/5014 2338/3916/5042 2302/3880/4996
f 2298/1892/2255 2335/1950/2306 2304/1898/2261
f 2279/1913/2250 2327/1914/2274 2305/3894/5016
f 2290/3878/4993 2328/3917/5043 2306/3902/5028
f 2329/3915/5041 2299/3884/5002 2311/3883/5001
f 2329/3915/5041 2318/3914/5040 2299/3884/5002
f 2329/3915/5041 2313/3903/5029 2306/3896/5017
f 2309/1901/2263 2312/1928/2286 2252/3820/4922
f 2300/3891/5012 2315/3918/5044 2292/3887/5005
f 2330/1940/2294 2325/3919/2285 2288/1885/2262
f 2315/3905/5034 2319/3909/5045 2277/3871/5006
f 2320/3920/5036 2321/1909/5046 2273/3911/5009
f 2317/3898/5022 2334/3921/5047 2278/3890/5011
f 2316/3906/5032 2337/3922/5048 2280/3877/4992
f 2296/3892/5013 2331/3923/5049 2301/3893/5014
f 2301/3893/5014 2331/3923/5049 2338/3916/5042
f 2302/3880/5050 2338/3916/5050 2294/3900/5050
f 2338/3916/5051 2333/3899/5052 2294/3900/5053
f 2339/3924/5054 2278/3890/5054 2334/3921/5054
f 2336/3925/5055 2306/3902/5028 2328/3917/5043
f 2300/3891/5012 2340/3926/5056 2315/3918/5044
f 2340/3927/5057 2319/3909/5045 2315/3905/5034
f 2321/3928/5058 2320/3929/5059 2351/3930/5060
f 2326/3931/5061 2321/3928/5061 2351/3930/5061
f 2343/3932/5062 2339/3933/5062 2344/3934/5062
f 2343/3935/5063 2339/3924/5063 2334/3921/5063
f 2327/3936/5064 2290/3878/4999 2305/3908/5033
f 2347/3937/5065 2340/3926/5056 2300/3891/5012
f 2360/3938/5066 2320/3910/5066 2303/3888/5066
f 2323/3912/5038 2346/3939/5067 2311/3883/5001
f 2329/3915/5041 2357/3940/5068 2313/3903/5029
f 2313/3903/5029 2371/3941/5069 2314/3904/5030
f 2319/3909/5035 2337/3922/5048 2316/3906/5032
f 2345/1915/2275 2330/1940/2294 2289/1906/2268
f 2337/3922/5048 2296/3892/5013 2280/3877/4992
f 2326/3907/5026 2370/3942/5070 2317/3898/5022
f 2334/3921/5047 2317/3898/5022 2370/3942/5070
f 2300/3891/5018 2314/3904/5030 2347/3937/5071
f 2319/3909/5035 2354/3943/5072 2337/3922/5048
f 2355/3944/5073 2333/3899/5052 2338/3916/5051
f 2355/3944/5073 2360/3938/5074 2333/3899/5052
f 2360/3938/5075 2303/3888/5015 2333/3899/5024
f 2361/3945/5076 2370/3942/5070 2326/3907/5026
f 2310/3946/5077 2328/3947/5077 2327/3948/5077
f 2328/3917/5078 2290/3878/4999 2327/3936/5064
f 2357/3940/5068 2329/3915/5041 2311/3883/5001
f 2364/3949/5079 2312/1928/2286 2325/1927/2285
f 2347/3937/5065 2353/3950/5080 2340/3926/5056
f 2331/3923/5081 2380/3951/5082 2338/3916/5083
f 2350/3952/5084 2355/3953/5084 2338/3954/5084
f 2351/3930/5060 2320/3929/5059 2356/3955/5085
f 2356/3955/5085 2320/3929/5059 2360/3956/5086
f 2361/3945/5076 2326/3907/5026 2351/3957/5087
f 2310/3958/5088 2336/3959/5088 2328/3960/5088
f 2357/3940/5068 2371/3941/5069 2313/3903/5029
f 2296/3892/5013 2358/3961/5089 2331/3923/5081
f 2332/1911/2271 2373/1936/2292 2341/1919/2293
f 2380/3951/5082 2350/3962/5090 2338/3916/5083
f 2348/1920/2279 2359/1951/2307 2373/1936/2292
f 2356/3955/5085 2360/3956/5086 2365/3963/5091
f 2363/3964/5092 2323/3912/5038 2324/3913/5039
f 2363/3964/5092 2346/3939/5067 2323/3912/5038
f 2346/3939/5067 2357/3940/5068 2311/3883/5001
f 2337/3922/5048 2358/3961/5089 2296/3892/5013
f 2365/3963/5091 2355/3965/5093 2350/3966/5094
f 2365/3963/5091 2360/3956/5086 2355/3965/5093
f 2356/3967/5095 2369/3968/5096 2351/3969/5097
f 2322/1921/2280 2362/1948/2304 2352/1916/2276
f 2312/1928/2286 2367/3970/5098 2324/3913/5039
f 2364/3949/5079 2367/3970/5098 2312/1928/2286
f 2374/3971/5099 2369/3968/5096 2356/3967/5095
f 2371/3941/5069 2347/3937/5071 2314/3904/5030
f 2379/1938/2295 2364/3949/5079 2325/1927/2285
f 2353/3972/5100 2319/3909/5045 2340/3927/5057
f 2353/3972/5100 2354/3943/5101 2319/3909/5045
f 2349/1935/5102 2359/1951/2307 2348/1920/2279
f 2366/3973/5103 2334/3921/5047 2377/3974/5104
f 2367/3970/5098 2363/3964/5092 2324/3913/5039
f 2368/3975/2297 2379/1938/2295 2330/1937/2294
f 2380/3951/5082 2365/3976/5105 2350/3962/5090
f 2365/3976/5105 2381/3977/5106 2356/3978/5107
f 2381/3979/5108 2374/3980/5109 2356/3981/5110
f 2352/1916/2276 2387/1947/2303 2342/1930/2288
f 2370/3942/5070 2377/3974/5104 2334/3921/5047
f 2353/3972/5100 2378/3982/5111 2354/3943/5101
f 2383/3983/5112 2358/3961/5089 2337/3922/5048
f 2358/3961/5089 2380/3951/5082 2331/3923/5081
f 2381/3977/5106 2365/3976/5105 2380/3951/5082
f 2349/1935/5113 2382/1946/2314 2359/1951/2313
f 2371/3941/5069 2384/3984/5114 2347/3937/5071
f 2378/3985/5115 2353/3950/5080 2347/3937/5065
f 2354/3943/5072 2383/3983/5112 2337/3922/5048
f 2357/3940/5068 2384/3984/5114 2371/3941/5069
f 2390/3986/5116 2378/3985/5116 2347/3937/5116
f 2372/1934/2290 2385/1957/2312 2368/1941/2297
f 2376/1939/2310 2385/1957/2312 2372/1934/2290
f 2361/3945/5076 2399/3987/5117 2370/3942/5070
f 2389/3988/5118 2357/3940/5068 2346/3939/5067
f 2384/3984/5114 2390/3986/5119 2347/3937/5071
f 2391/3989/5120 2383/3983/5112 2354/3943/5072
f 2393/3990/5121 2380/3951/5082 2358/3961/5089
f 2386/3991/5122 2381/3977/5106 2380/3951/5082
f 2381/3979/5108 2386/3992/5123 2374/3980/5109
f 2357/3940/5068 2389/3988/5118 2384/3984/5114
f 2364/3949/5079 2400/3993/5124 2367/3970/5098
f 2369/1945/2301 2399/1974/5125 2361/1943/2299
f 2399/3987/5117 2377/3974/5104 2370/3942/5070
f 2362/1955/2304 2388/3994/5126 2396/1953/2309
f 2363/3964/5092 2397/3995/5127 2346/3939/5067
f 2368/3975/2297 2385/1970/2325 2379/1938/2295
f 2383/3983/5112 2393/3990/5121 2358/3961/5089
f 2376/1939/2310 2373/1936/2292 2394/1956/2311
f 2398/3996/5128 2380/3951/5082 2393/3990/5121
f 2395/3997/5129 2411/1952/2308 2359/1951/2307
f 2342/1930/2288 2387/1947/2303 2409/3998/5130
f 2377/3999/5104 2405/4000/5131 2366/4001/5103
f 2375/4002/5132 2366/4001/5103 2405/4000/5131
f 2346/3939/5067 2397/3995/5127 2389/3988/5118
f 2400/3993/5124 2363/3964/5092 2367/3970/5098
f 2364/3949/5079 2403/4003/5133 2400/3993/5124
f 2401/1972/5134 2403/4003/5133 2364/3949/5079
f 2379/1938/2295 2401/1972/2327 2364/3949/5079
f 2390/4004/5135 2354/3943/5101 2378/3982/5111
f 2400/3993/5124 2397/3995/5127 2363/3964/5092
f 2385/1970/2325 2401/1972/2327 2379/1938/2295
f 2390/4004/5135 2391/3989/5120 2354/3943/5101
f 2380/3951/5082 2398/3996/5128 2386/3991/5122
f 2386/3992/5123 2402/4005/5136 2374/3980/5109
f 2422/4006/5137 2377/3999/5104 2399/4007/5117
f 2391/3989/5120 2393/3990/5121 2383/3983/5112
f 2373/1936/2292 2411/1952/2308 2394/1956/2311
f 2426/4008/5138 2395/1960/2315 2382/1959/2314
f 2369/3968/5139 2374/3971/5139 2402/4009/5139
f 2422/4006/5137 2405/4000/5131 2377/3999/5104
f 2406/4010/5140 2397/3995/5127 2400/3993/5124
f 2389/3988/5118 2413/4011/5141 2384/3984/5114
f 2413/4012/5141 2404/4013/5142 2384/4014/5114
f 2384/4014/5114 2404/4013/5142 2390/4015/5119
f 2382/1946/5143 2392/1961/5144 2426/4016/5145
f 2408/1975/5146 2399/1974/5125 2369/1945/2301
f 2410/4017/5147 2391/3989/5120 2390/4004/5135
f 2394/4018/5148 2425/1977/2331 2385/1976/2325
f 2398/3996/5128 2407/4019/5149 2386/3991/5122
f 2407/4020/5150 2402/4005/5136 2386/3992/5123
f 2417/4021/5151 2422/4006/5137 2399/4007/5117
f 2375/4002/5132 2405/4000/5131 2412/4022/5152
f 2388/3994/5153 2423/4023/5154 2396/1953/2309
f 2413/4011/5141 2389/3988/5118 2397/3995/5127
f 2406/4010/5140 2400/3993/5124 2403/4003/5133
f 2395/4024/5129 2416/4025/5155 2411/4026/2308
f 2392/1964/2319 2409/1963/2318 2430/1979/2332
f 2396/1953/2309 2427/4027/5156 2387/1954/2303
f 2396/1953/2309 2423/4023/5154 2428/4028/5157
f 2335/4029/5158 2375/4002/5132 2412/4022/5152
f 2423/1966/2321 2432/1965/2320 2431/4030/5159
f 2401/4031/5134 2414/1978/5160 2403/4032/5133
f 2391/3989/5120 2415/4033/5161 2393/3990/5121
f 2393/4034/5121 2419/4035/5162 2398/4036/5128
f 2436/4037/5163 2407/4038/5149 2398/4036/5128
f 2426/4016/5145 2392/1961/5144 2430/4039/5164
f 2402/4009/5165 2408/4040/5166 2369/3968/5167
f 2412/4022/5152 2405/4000/5131 2422/4006/5137
f 2406/4041/5140 2413/4012/5141 2397/4042/5127
f 2424/4043/5168 2406/4041/5140 2403/4032/5133
f 2404/4013/5142 2413/4012/5141 2418/4044/5169
f 2418/4045/5170 2429/4046/5171 2404/1967/5172
f 2429/4046/5173 2410/1968/2323 2404/1967/2322
f 2410/4017/5147 2415/4033/5161 2391/3989/5120
f 2419/4035/5162 2436/4037/5163 2398/4036/5128
f 2442/4047/5174 2420/4048/5175 2411/4026/2308
f 2416/4025/5155 2442/4047/5174 2411/4026/2308
f 2426/4008/5138 2416/4049/5176 2395/1960/2315
f 2409/4050/5130 2387/1954/2303 2421/1982/5177
f 2387/1954/2303 2427/4027/5156 2421/1982/5177
f 2396/1953/2309 2428/4028/5157 2427/4027/5156
f 2335/4029/5178 2412/4022/5152 2432/4051/5179
f 2410/4017/5180 2434/4052/5180 2415/4033/5180
f 2415/4053/5161 2419/4035/5162 2393/4034/5121
f 2411/4026/2308 2425/1977/2331 2394/4018/5148
f 2411/4026/2308 2420/4048/5175 2425/1977/2331
f 2428/4028/5157 2423/4023/5154 2431/4054/5181
f 2414/1978/5160 2424/4043/5168 2403/4032/5133
f 2425/1977/5182 2424/4043/5168 2414/1978/5160
f 2419/4035/5162 2415/4053/5161 2435/4055/5183
f 2449/4056/5184 2417/1973/2328 2408/1975/2330
f 2422/4006/5137 2417/4021/5151 2438/1991/5185
f 2427/4027/5156 2428/4028/5157 2453/4057/5186
f 2412/4022/5152 2422/4006/5137 2443/4058/5187
f 2428/4028/5157 2431/4054/5181 2467/4059/5188
f 2432/4051/5179 2412/4022/5152 2444/4060/5189
f 2467/4059/5188 2431/4054/5181 2444/4060/5189
f 2431/4054/5181 2432/4051/5179 2444/4060/5189
f 2439/4061/5190 2418/4044/5169 2413/4012/5141
f 2406/4041/5140 2439/4061/5190 2413/4012/5141
f 2434/4052/5191 2435/4062/5192 2415/4033/5193
f 2436/4037/5163 2447/4063/5194 2407/4038/5149
f 2426/4008/5138 2442/4064/5195 2416/4049/5176
f 2407/4020/5150 2437/4065/5196 2402/4005/5136
f 2430/4039/5164 2440/4066/5197 2426/4016/5145
f 2449/4067/5198 2408/4040/5166 2402/4009/5165
f 2427/4027/5156 2448/1988/5199 2421/1982/5177
f 2453/4057/5186 2448/1988/5199 2427/4027/5156
f 2445/4068/5200 2439/4061/5190 2406/4041/5140
f 2429/4069/5201 2434/4070/5201 2410/4071/5201
f 2441/4072/5202 2419/4035/5162 2435/4055/5183
f 2481/4073/5203 2437/4065/5196 2407/4020/5150
f 2468/4074/5204 2444/4060/5189 2412/4022/5152
f 2433/4075/5205 2445/4068/5200 2406/4041/5140
f 2424/4043/5168 2433/4075/5205 2406/4041/5140
f 2455/4076/5206 2424/4043/5168 2425/1977/5182
f 2460/4077/5207 2419/4035/5162 2441/4072/5202
f 2425/1977/5182 2420/4048/5208 2455/4076/5206
f 2442/4047/5209 2446/4078/5210 2451/4079/5211
f 2440/4080/5212 2452/4081/5213 2426/4008/5138
f 2426/4008/5138 2452/4081/5213 2442/4064/5195
f 2447/4082/5214 2481/4073/5203 2407/4020/5150
f 2437/4083/5215 2449/4067/5198 2402/4009/5165
f 2428/4028/5157 2467/4059/5188 2453/4057/5186
f 2468/4074/5204 2412/4022/5152 2443/4058/5187
f 2467/4059/5188 2444/4060/5189 2468/4074/5204
f 2439/4084/5216 2429/4046/5171 2418/4045/5170
f 2460/4077/5207 2436/4037/5217 2419/4035/5162
f 2442/4047/5209 2451/4079/5211 2420/4048/5208
f 2440/1983/2334 2421/1982/2333 2458/1987/2338
f 2421/1982/2333 2448/1988/2339 2458/1987/2338
f 2417/4021/2328 2449/4085/5184 2438/1991/2342
f 2477/1990/5218 2422/4006/5137 2438/1991/5185
f 2443/4058/5187 2422/4006/5137 2477/1990/5218
f 2429/4086/5219 2459/4087/5219 2434/4052/5219
f 2450/4088/5220 2445/4068/5200 2433/4075/5205
f 2433/4075/5205 2454/4089/5221 2450/4088/5220
f 2424/4043/5168 2455/4076/5206 2433/4075/5205
f 2451/4079/5211 2455/4076/5206 2420/4048/5208
f 2436/4037/5217 2460/4077/5207 2456/4090/5222
f 2446/4078/5210 2457/4091/5223 2451/4079/5211
f 2442/4064/5195 2452/4081/5213 2446/4092/5224
f 2448/1988/5199 2453/4057/5186 2466/1989/5225
f 2468/4074/5204 2443/4058/5187 2477/1990/5218
f 2434/4052/5191 2459/4087/5226 2435/4062/5192
f 2459/4087/5227 2441/4093/5228 2435/4062/5229
f 2433/4075/5205 2461/4094/5230 2454/4089/5221
f 2433/4075/5205 2462/4095/5231 2461/4094/5230
f 2464/4096/5232 2436/4037/5217 2456/4090/5222
f 2464/4096/5232 2447/4063/5233 2436/4037/5217
f 2481/1992/5234 2449/4085/5198 2437/4097/5215
f 2481/1992/2343 2438/1991/2342 2449/4085/5184
f 2467/4059/5188 2466/1989/5225 2453/4057/5186
f 2480/4098/5235 2459/4087/5235 2429/4086/5235
f 2459/4087/5227 2460/4099/5236 2441/4093/5228
f 2433/4075/5205 2470/4100/5237 2462/4095/5231
f 2455/4076/5206 2470/4100/5237 2433/4075/5205
f 2485/4101/5238 2456/4102/5239 2460/4099/5236
f 2455/4076/5206 2451/4079/5211 2470/4100/5237
f 2451/4079/5211 2473/4103/5240 2470/4100/5237
f 2473/4103/5240 2472/4104/5241 2471/4105/5242
f 2472/4104/5241 2464/4096/5232 2463/4106/5243
f 2463/4106/5243 2464/4096/5232 2456/4090/5222
f 2457/4091/5223 2473/4103/5240 2451/4079/5211
f 2473/4103/5240 2464/4096/5232 2472/4104/5241
f 2473/4103/5240 2465/4107/5244 2464/4096/5232
f 2457/4091/5223 2474/4108/5245 2473/4103/5240
f 2474/4108/5245 2465/4107/5244 2473/4103/5240
f 2446/4092/5224 2475/4109/5246 2457/4110/5247
f 2458/1987/5248 2452/4111/5249 2440/1983/5250
f 2477/1990/2341 2481/1992/2343 2478/4112/5251
f 2466/1989/5225 2467/4059/5188 2479/4113/5252
f 2479/4113/5252 2468/4074/5204 2477/1990/5218
f 2467/4059/5188 2468/4074/5204 2479/4113/5252
f 2483/4114/5253 2480/4115/5254 2439/4084/5255
f 2439/4084/5255 2480/4115/5254 2429/4046/5256
f 2469/1986/2337 2450/1985/2336 2454/1994/2345
f 2463/4116/5257 2456/4102/5239 2485/4101/5238
f 2470/4100/5237 2473/4103/5240 2471/4105/5242
f 2452/4081/5213 2475/4109/5246 2446/4092/5224
f 2464/4117/5258 2476/4118/5259 2447/4082/5214
f 2476/4118/5259 2481/4073/5203 2447/4082/5214
f 2466/1989/2340 2482/4119/5260 2458/1987/2338
f 2466/1989/2340 2479/4113/5261 2482/4119/5260
f 2479/4113/5261 2477/1990/2341 2478/4112/5251
f 2483/4114/5262 2439/4084/5263 2445/4120/2335
f 2484/4121/5264 2472/4122/5265 2463/4116/5257
f 2457/4110/5247 2475/4109/5246 2474/4123/5266
f 2465/4124/5267 2476/4118/5259 2464/4117/5258
f 2482/4119/5268 2475/4125/5269 2452/4111/5270
f 2478/4112/5271 2481/1992/5272 2476/4126/5273
f 2452/4111/5249 2458/1987/5248 2482/4119/5274
f 2482/4119/5260 2479/4113/5261 2478/4112/5251
f 2486/4127/5275 2474/4123/5266 2475/4109/5246
f 2474/4123/5266 2487/4128/5276 2465/4124/5267
f 2487/4128/5276 2476/4118/5259 2465/4124/5267
f 2488/4129/5277 2460/4099/5236 2459/4087/5227
f 2486/4127/5275 2487/4128/5276 2474/4123/5266
f 2482/4119/5268 2486/4130/5278 2475/4125/5269
f 2482/4119/5268 2487/4131/5279 2486/4130/5278
f 2487/4131/5280 2478/4112/5271 2476/4126/5273
f 2482/4119/5260 2478/4112/5251 2487/4131/5281
f 2469/1986/2337 2483/4132/5262 2445/1984/2335
f 2488/4129/5277 2485/4101/5238 2460/4099/5236
f 2463/4116/5257 2492/4133/5282 2484/4121/5264
f 2491/4134/5283 2480/4115/5254 2483/4114/5253
f 2488/4129/5277 2459/4087/5227 2480/4098/5284
f 2491/4135/5285 2483/4132/5262 2469/1986/2337
f 2485/4101/5238 2492/4133/5282 2463/4116/5257
f 2493/4136/5286 2480/4115/5286 2491/4134/5286
f 2488/4129/5277 2494/4137/5287 2485/4101/5238
f 2494/4137/5287 2492/4133/5282 2485/4101/5238
f 2495/4138/5288 2491/4135/5285 2469/1986/2337
f 2493/4139/5289 2488/4129/5277 2480/4098/5284
f 2495/4140/5290 2493/4136/5291 2491/4134/5292
f 2490/2000/2351 2495/4138/5288 2469/1986/2337
f 2496/4141/5293 2488/4129/5277 2493/4139/5289
f 2488/4129/5277 2496/4141/5293 2494/4137/5287
f 2495/4140/5290 2498/4142/5294 2493/4136/5291
f 2490/2000/2351 2498/4143/5295 2495/4138/5288
f 2498/4144/5296 2496/4145/5297 2493/4146/5298
f 2490/2000/2351 2497/2003/5299 2498/4143/5295
f 2497/4147/5300 2496/4145/5297 2498/4144/5296
f 2497/4147/5300 2494/4148/5301 2496/4145/5297
